<?xml version="1.0" encoding="utf-8"?>
<COLLADA xmlns="http://www.collada.org/2005/11/COLLADASchema" version="1.4.1" xmlns:xsi="http://www.w3.org/2001/XMLSchema-instance">
  <asset>
    <contributor>
      <author>Blender User</author>
      <authoring_tool>Blender 4.3.2 commit date:2024-12-16, commit time:21:10, hash:32f5fdce0a0a</authoring_tool>
    </contributor>
    <created>2025-04-29T16:09:25</created>
    <modified>2025-04-29T16:09:25</modified>
    <unit name="centimeter" meter="0.01"/>
    <up_axis>Z_UP</up_axis>
  </asset>
  <library_effects>
    <effect id="Material_005-effect">
      <profile_COMMON>
        <technique sid="common">
          <lambert>
            <emission>
              <color sid="emission">0 0 0 1</color>
            </emission>
            <diffuse>
              <color sid="diffuse">1 1 1 1</color>
            </diffuse>
            <index_of_refraction>
              <float sid="ior">1.45</float>
            </index_of_refraction>
          </lambert>
        </technique>
      </profile_COMMON>
    </effect>
  </library_effects>
  <library_images/>
  <library_materials>
    <material id="Material_005-material" name="Material.005">
      <instance_effect url="#Material_005-effect"/>
    </material>
  </library_materials>
  <library_geometries>
    <geometry id="Cube_004-mesh" name="Cube.004">
      <mesh>
        <source id="Cube_004-mesh-positions">
          <float_array id="Cube_004-mesh-positions-array" count="2682">0.1193947 -0.9782927 0.06574112 0.1098054 -0.9898753 0.03900414 0.1461316 -0.9898753 0.07533043 0.1093361 -0.9444864 0.0757997 0.1012347 -0.8867939 0.08390104 0.08869212 -0.9476917 0.04182738 0.1433084 -0.9476917 0.09644365 0.1851359 -0.950496 0.1034306 0.1392667 -0.8876516 0.1075522 0.1371996 -0.7237221 0.1123077 0.1851359 -0.8885095 0.1154528 0.1851359 -0.7237221 0.1205254 0.231005 -0.8876516 0.1075522 0.2330721 -0.7237221 0.1123077 0.2269633 -0.9476917 0.09644365 0.269037 -0.8867939 0.0839011 0.2727907 -0.7237221 0.08765482 0.2609356 -0.9444864 0.0757997 0.2926881 -0.8876516 0.04586911 0.2974437 -0.7237222 0.0479362 0.2815796 -0.9476917 0.04182738 0.3005887 -0.8885095 0 0.2926881 -0.8876516 -0.04586917 0.2885666 -0.950496 0 0.3056613 -0.7237221 0 0.2974437 -0.7237221 -0.04793626 0.3056613 -0.6769115 0 0.3056613 -0.630101 0 0.2974437 -0.6769116 0.0479362 0.2974437 -0.6769115 -0.04793626 0.2974437 -0.630101 -0.04793626 0.2727907 -0.6769116 -0.08765488 0.2727907 -0.630101 -0.08765488 0.2727907 -0.7237222 -0.08765488 0.2330721 -0.6769116 -0.1123079 0.2330721 -0.630101 -0.1123079 0.2330721 -0.7237222 -0.1123079 0.1851359 -0.6769115 -0.1205255 0.1851359 -0.630101 -0.1205255 0.1851359 -0.7237221 -0.1205255 0.1371996 -0.6769115 -0.1123078 0.1371996 -0.7237221 -0.1123078 0.1371996 -0.630101 -0.1123079 0.09748101 -0.6769115 -0.08765488 0.09748101 -0.630101 -0.08765488 0.09748101 -0.7237221 -0.08765488 0.07282805 -0.6769115 -0.04793626 0.07282805 -0.630101 -0.04793626 0.07282805 -0.7237221 -0.04793626 0.06461042 -0.6769115 0 0.06461042 -0.630101 0 0.06461042 -0.7237221 0 0.07282805 -0.6769115 0.0479362 0.07282805 -0.7237221 0.0479362 0.07282805 -0.630101 0.0479362 0.09748101 -0.6769115 0.08765482 0.09748101 -0.7237221 0.08765482 0.09748101 -0.630101 0.08765482 0.1371996 -0.6769115 0.1123077 0.1371996 -0.630101 0.1123077 0.1851359 -0.6769115 0.1205254 0.1851359 -0.630101 0.1205254 0.2330721 -0.6769115 0.1123077 0.2330721 -0.630101 0.1123077 0.2727907 -0.6769115 0.08765482 0.2727907 -0.630101 0.08765482 0.2727907 -0.4512085 0.08765482 0.2974437 -0.630101 0.0479362 0.2974437 -0.4512085 0.0479362 0.3056613 -0.4512085 0 0.2968493 -0.3460882 0.04767781 0.2723215 -0.32639 0.08718562 0.3050273 -0.326332 0 0.2968493 -0.3263611 -0.04767787 0.2974437 -0.4512085 -0.04793626 0.2723215 -0.32639 -0.08718568 0.2727907 -0.4512085 -0.08765488 0.2328137 -0.3263611 -0.1117134 0.2330721 -0.4512085 -0.1123079 0.1851359 -0.326332 -0.1198914 0.1851359 -0.4512085 -0.1205255 0.137458 -0.3263611 -0.1117134 0.09795022 -0.32639 -0.08718568 0.1371996 -0.4512085 -0.1123078 0.09748101 -0.4512085 -0.08765488 0.07282805 -0.4512085 -0.04793626 0.07342249 -0.3263611 -0.04767787 0.06461042 -0.4512085 0 0.06524449 -0.326332 0 0.07282805 -0.4512085 0.0479362 0.09748101 -0.4512085 0.08765482 0.07342249 -0.3263611 0.04767781 0.09795022 -0.32639 0.08718562 0.137458 -0.3263611 0.1117133 0.1851359 -0.326332 0.1198913 0.1371996 -0.4512085 0.1123077 0.1851359 -0.4512085 0.1205254 0.2330721 -0.4512085 0.1123077 0.2328137 -0.3263611 0.1117133 0.07758361 -0.8876516 0.04586911 0.06968301 -0.8885095 0 0.07758367 -0.8876516 -0.04586917 0.08170515 -0.950496 0 0.08869212 -0.9476917 -0.04182744 0.1049885 -0.9956935 0 0.1413338 -1.023051 0 0.1098054 -0.9898754 -0.0390042 0.1435668 -1.014659 -0.04156905 0.1193947 -0.9782927 -0.06574118 0.1093361 -0.9444864 -0.07579976 0.1461316 -0.9898754 -0.07533055 0.1433084 -0.9476917 -0.09644371 0.1851359 -0.9956935 -0.08014738 0.2241401 -0.9898753 -0.07533055 0.1851359 -1.023051 -0.04380208 0.1851359 -0.950496 -0.1034308 0.2269633 -0.9476917 -0.09644371 0.1851359 -0.8885095 -0.1154528 0.231005 -0.8876516 -0.1075522 0.1392667 -0.8876516 -0.1075522 0.1012347 -0.8867939 -0.08390116 0.269037 -0.8867939 -0.08390116 0.2609356 -0.9444864 -0.07579976 0.2815796 -0.9476917 -0.04182744 0.250877 -0.9782927 -0.06574118 0.2604664 -0.9898754 -0.0390042 0.2652832 -0.9956935 0 0.2267049 -1.014659 -0.04156905 0.2289379 -1.023051 0 0.1851359 -1.032211 0 0.2267049 -1.014659 0.04156899 0.2241401 -0.9898753 0.07533043 0.2604664 -0.9898753 0.03900414 0.1851359 -1.023051 0.04380202 0.1851359 -0.9956935 0.08014732 0.1435668 -1.014659 0.04156899 0.250877 -0.9782927 0.06574112 -0.2976126 0.6309189 0.2976126 -0.3422803 0.7513076 0.3422803 -0.1772239 0.5862514 0.3422801 -0.3422802 0.5862514 0.1772239 -0.3644994 0.5640321 0 -0.4394149 0.7379608 0.1905707 -0.1905705 0.4891169 0.1905705 0 0.4197968 0 -0.2020685 0.4543082 0 0 0.4543082 0.2020685 0.1905706 0.4891169 0.1905705 0 0.4197968 0 0 0.5640321 0.3644994 0.1772239 0.5862514 0.3422801 0 0.7264628 0.4742237 0.1905707 0.7379608 0.4394149 0 0.9285316 0.5154805 -0.1905707 0.7379608 0.4394149 -0.2020688 0.9285316 0.474224 -0.190571 1.119103 0.4394154 -0.3644998 0.9285316 0.3644998 -0.3422806 1.105756 0.3422806 -0.474224 0.9285316 0.2020688 -0.4394153 1.119103 0.1905709 -0.5154805 0.9285316 0 -0.4742237 0.7264628 0 -0.4742243 1.130601 0 -0.474224 0.9285316 -0.2020688 -0.4394149 0.7379608 -0.1905708 -0.3644998 0.9285316 -0.3644998 -0.4394154 1.119103 -0.190571 -0.3422808 1.270812 -0.1772242 -0.3422806 1.105756 -0.3422806 -0.1905709 1.119103 -0.4394154 -0.297613 1.226145 -0.2976131 -0.1772242 1.270812 -0.3422808 -0.1905711 1.367947 -0.1905711 0 1.293032 -0.3645002 0 1.130601 -0.4742243 0 1.402756 -0.2020691 0.1772242 1.270812 -0.3422808 0.1905711 1.367947 -0.1905711 0.190571 1.119103 -0.4394155 0.2976131 1.226145 -0.2976131 0.3422806 1.105756 -0.3422806 0.3422808 1.270812 -0.1772242 0.3645002 1.293032 0 0.4394153 1.119103 -0.190571 0.474224 0.9285316 -0.2020688 0.4742243 1.130601 0 0.5154805 0.9285316 0 0.4394154 1.119103 0.190571 0.3422808 1.270812 0.1772242 0.474224 0.9285316 0.2020688 0.3422806 1.105756 0.3422806 0.3644998 0.9285316 0.3644998 0.190571 1.119103 0.4394153 0.2976131 1.226145 0.2976131 0.1772242 1.270812 0.3422808 0 1.293032 0.3645001 0.1905711 1.367947 0.190571 0 1.402756 0.202069 0.2020691 1.402756 0 0 1.444013 0 -0.202069 1.402756 0 -0.1905711 1.367947 0.190571 -0.3645002 1.293032 0 -0.3422808 1.270812 0.1772242 -0.297613 1.226145 0.297613 -0.1772242 1.270812 0.3422808 0 1.130601 0.4742242 0.2020688 0.9285316 0.474224 0.3422803 0.7513076 0.3422803 0.4394149 0.7379608 0.1905707 0.2976126 0.6309189 0.2976126 0.3422802 0.5862514 0.1772239 0.3644994 0.5640321 0 0.3422802 0.5862514 -0.1772239 0.2020685 0.4543082 0 0.4742237 0.7264628 0 0.4394149 0.7379608 -0.1905708 0.3422803 0.7513076 -0.3422803 0.3644998 0.9285316 -0.3644998 0.1905708 0.7379608 -0.439415 0.2976126 0.6309189 -0.2976126 0.1772239 0.5862514 -0.3422802 0 0.5640321 -0.3644995 0.1905706 0.4891169 -0.1905706 0 0.4543082 -0.2020686 0 0.4197968 0 0 0.4197968 0 0 0.4197968 0 0 0.4197968 0 0 0.4197968 0 0 0.4197968 0 -0.1905706 0.4891169 -0.1905706 -0.3422802 0.5862514 -0.1772239 -0.1772239 0.5862514 -0.3422802 -0.2976126 0.6309189 -0.2976126 -0.1905707 0.7379608 -0.439415 -0.2020688 0.9285316 -0.474224 0 0.7264628 -0.4742237 -0.3422803 0.7513076 -0.3422803 0 0.9285316 -0.5154806 0.2020688 0.9285316 -0.474224 0.1817191 -0.425906 0.1274966 0.2082256 -0.4278532 0.07564365 0.2245407 -0.3544229 0.1575408 0.1078139 -0.4278532 0.1460939 0.1149035 -0.4267613 0.08061784 0.1227575 -0.3543365 0.2019503 0 -0.428833 0.1554356 -0.1078139 -0.4278532 0.1460939 0 -0.4241334 0.08494848 0 -0.3543183 0.2167853 0 -0.2587375 0.2337437 -0.1227575 -0.3543365 0.2019503 -0.2245407 -0.3544229 0.1575408 -0.1325035 -0.2591247 0.2178066 -0.1325035 0.005843818 0.2178066 -0.2422921 -0.259571 0.1699954 -0.2422921 0.005645513 0.1699954 -0.3104367 -0.2591247 0.09296619 -0.3104367 0.005843818 0.09296619 -0.287837 -0.3543365 0.08612829 -0.3331516 -0.2587375 0 -0.3089811 -0.3543183 0 -0.3331516 0.00602281 0 -0.3104367 -0.2591247 -0.09296625 -0.2422921 -0.259571 -0.1699954 -0.3104368 0.005843818 -0.09296625 -0.287837 -0.3543365 -0.08612835 -0.2245407 -0.3544229 -0.1575408 -0.2082256 -0.4278532 -0.07564371 -0.2215402 -0.428833 0 -0.1149035 -0.4267613 -0.0806179 -0.1817191 -0.425906 -0.1274966 -0.1078139 -0.4278532 -0.1460939 0 -0.428833 -0.1554356 -0.1227575 -0.3543365 -0.2019504 -0.1325035 -0.2591247 -0.2178066 0 -0.3543183 -0.2167853 0.1227575 -0.3543365 -0.2019504 0 -0.2587375 -0.2337437 0.1325035 -0.2591247 -0.2178066 0 0.00602281 -0.2337437 0.1325035 0.005843818 -0.2178066 0 0.1999487 -0.2337437 -0.1325035 0.005843818 -0.2178066 -0.2422921 0.005645513 -0.1699954 -0.1325035 0.199952 -0.2178066 -0.1267897 0.455134 -0.2085838 -0.2422921 0.1999595 -0.1699954 -0.2319161 0.4546014 -0.1627156 -0.3104368 0.199952 -0.09296625 -0.3331516 0.1999487 0 -0.2972916 0.455134 -0.08895742 -0.3191301 0.4556674 0 -0.2082256 0.5268433 -0.07564371 -0.2215402 0.5304344 0 -0.1149035 0.5421411 -0.0806179 -0.181719 0.5196939 -0.1274966 -0.1078138 0.5268433 -0.1460939 0 0.5304344 -0.1554356 0 0.4556674 -0.223906 0 0.5473206 -0.08494853 0.1078139 0.5268433 -0.1460939 0.1817191 0.5196939 -0.1274966 0.1267897 0.455134 -0.2085838 0.1149035 0.5421411 -0.0806179 0.1210759 0.5473206 0 0.2082256 0.5268433 -0.07564371 0.2215402 0.5304344 0 0.2972916 0.455134 -0.08895742 0.3191301 0.4556674 0 0.2319161 0.4546014 -0.1627156 0.3104368 0.199952 -0.09296631 0.2422921 0.1999595 -0.1699954 0.3331516 0.1999487 0 0.3104368 0.005843818 -0.09296625 0.2422921 0.005645513 -0.1699954 0.3104367 -0.2591247 -0.09296625 0.3331516 0.00602281 0 0.3331516 -0.2587375 0 0.3104367 0.005843818 0.09296619 0.3104367 -0.2591247 0.09296619 0.3104367 0.199952 0.09296619 0.2422921 0.005645513 0.1699954 0.2422921 0.1999595 0.1699954 0.2422921 -0.259571 0.1699954 0.1325035 0.005843818 0.2178066 0.1325035 -0.2591247 0.2178066 0.1325035 0.199952 0.2178066 0 0.00602281 0.2337437 0 0.1999487 0.2337437 -0.1325035 0.199952 0.2178066 0 0.4556674 0.223906 0 0.5304344 0.1554356 0.1267897 0.455134 0.2085838 -0.1267897 0.455134 0.2085838 -0.2319161 0.4546014 0.1627155 -0.2972916 0.455134 0.08895736 -0.181719 0.5196939 0.1274966 -0.2422921 0.1999595 0.1699954 -0.3104367 0.199952 0.09296619 -0.1078138 0.5268433 0.1460939 -0.2082256 0.5268433 0.07564365 -0.1149035 0.5421411 0.08061784 0 0.5473206 0.08494848 -0.1210759 0.5473206 0 0.1149035 0.5421411 0.08061784 0.2082256 0.5268433 0.07564365 0.1078139 0.5268433 0.1460939 0.1817191 0.5196939 0.1274966 0.2319161 0.4546014 0.1627155 0.2972916 0.455134 0.0889573 0.287837 -0.3543365 0.08612829 0.3089811 -0.3543183 0 0.287837 -0.3543365 -0.08612835 0.2215402 -0.428833 0 0.2082256 -0.4278532 -0.07564371 0.1210759 -0.4241334 0 0.1149035 -0.4267613 -0.0806179 0 -0.4099897 0 0 -0.4241332 -0.08494853 -0.1210759 -0.4241334 0 -0.1149035 -0.4267613 0.08061784 -0.2082256 -0.4278532 0.07564365 -0.181719 -0.425906 0.1274966 0.1078139 -0.4278532 -0.1460939 0.1817191 -0.425906 -0.1274966 0.2245407 -0.3544229 -0.1575408 0.2422921 -0.259571 -0.1699954 0.1325035 0.199952 -0.2178066 0.9663804 0.401804 0.06908881 0.9411564 0.4123748 0.07965958 0.9748197 0.4118816 0.04099041 0.9748196 0.3737057 0.07916647 0.9928774 0.3764011 0.04368585 0.9790587 0.3327152 0.08422863 0.9434918 0.3766726 0.1013548 0.9455351 0.3327152 0.1086975 0.8955991 0.3809201 0.113029 0.8949741 0.4208887 0.0881735 0.8962242 0.3327152 0.1213319 0.8288096 0.3828209 0.117402 0.8287314 0.4243404 0.09162533 0.8288878 0.3327152 0.1259964 0.6422391 0.3830925 0.1180267 0.6422391 0.4248336 0.09211838 0.6422391 0.3327152 0.1266628 0.578433 0.3830924 0.1180267 0.578433 0.4248336 0.09211838 0.578433 0.3327152 0.1266628 0.5007541 0.3830924 0.1180267 0.2850442 0.3828536 0.1175146 0.5007541 0.4248336 0.09211838 0.5007541 0.3327152 0.1266628 0.5007541 0.282338 0.1180267 0.2849106 0.3327152 0.1261301 0.2850442 0.2825769 0.1175146 0.2198613 0.3327152 0.1255973 0.2201642 0.2828158 0.1170025 0.2201642 0.3826148 0.1170025 0.2204672 0.4239885 0.09127324 0.2851778 0.4244111 0.09169584 0.2201642 0.4497176 0.04989957 0.2850442 0.4502297 0.05013841 0.2198613 0.4583125 0 0.2201642 0.4497176 -0.04989945 0.2849106 0.4588452 0 0.5007541 0.459378 0 0.2850442 0.4502297 -0.05013829 0.5007541 0.4507418 -0.05037713 0.2851778 0.4244111 -0.09169572 0.5007541 0.4248336 -0.09211826 0.2204672 0.4239885 -0.09127312 0.2850442 0.3828536 -0.1175145 0.5007541 0.3830924 -0.1180266 0.2849106 0.3327152 -0.1261299 0.2201642 0.3826148 -0.1170024 0.2198613 0.3327152 -0.1255971 0.2201642 0.2828158 -0.1170024 0.2850442 0.2825769 -0.1175144 0.2204672 0.2414419 -0.09127312 0.2851778 0.2410194 -0.09169572 0.2201642 0.2157127 -0.04989945 0.2850442 0.2152006 -0.05013829 0.2198613 0.2071179 0 0.2201642 0.2157127 0.04989957 0.2849107 0.2065852 0 0.5007541 0.2060524 0 0.2850442 0.2152006 0.05013841 0.5007541 0.2146885 0.05037724 0.2851778 0.2410194 0.09169584 0.2204672 0.2414419 0.09127324 0.5007541 0.2405968 0.09211838 0.578433 0.2405968 0.09211838 0.6422391 0.2405968 0.09211838 0.578433 0.282338 0.1180267 0.578433 0.2146885 0.05037724 0.5784331 0.2060524 0 0.6422391 0.2146885 0.05037724 0.8288096 0.2153133 0.05010575 0.6422391 0.2060524 0 0.8288878 0.2067188 0 0.6422391 0.2146885 -0.05037713 0.8288096 0.2153133 -0.05010557 0.6422391 0.2405968 -0.09211826 0.578433 0.2146885 -0.05037713 0.578433 0.2405968 -0.09211826 0.5007541 0.2146885 -0.05037713 0.5007541 0.2405968 -0.09211826 0.5007541 0.282338 -0.1180266 0.5007541 0.3327152 -0.1266626 0.578433 0.282338 -0.1180266 0.6422391 0.2823381 -0.1180266 0.578433 0.3327152 -0.1266626 0.578433 0.3830924 -0.1180266 0.6422391 0.3327152 -0.1266626 0.6422391 0.3830924 -0.1180266 0.8288878 0.3327152 -0.1259962 0.8288096 0.3828209 -0.1174018 0.8962242 0.3327152 -0.1213318 0.8288096 0.2826096 -0.1174018 0.8287315 0.2410899 -0.09162515 0.8955991 0.2845104 -0.1130288 0.8949741 0.2445417 -0.08817338 0.9434918 0.2887579 -0.1013547 0.9411564 0.2530557 -0.07965946 0.9455351 0.3327152 -0.1086974 0.9748196 0.2917249 -0.07916635 0.9663804 0.2636265 -0.06908869 0.9928774 0.2890295 -0.04368573 0.9790587 0.3327152 -0.08422851 0.9748197 0.3737057 -0.07916635 0.9989916 0.3327152 -0.04603242 0.9928774 0.3764011 -0.04368573 1.005666 0.3327152 0 0.9989916 0.2866827 0 0.9989917 0.3787478 0 0.9989916 0.3327152 0.04603254 0.9928774 0.2890295 0.04368585 0.9748196 0.2535488 0.04099041 0.9748197 0.2917249 0.07916647 0.9663804 0.2636265 0.06908881 0.9434918 0.2887579 0.1013548 0.8955991 0.2845104 0.113029 0.9411564 0.2530557 0.07965958 0.8949741 0.2445417 0.0881735 0.9434918 0.2313604 0.04395741 0.9455351 0.2240176 0 0.8955991 0.2196863 0.04820489 0.8962242 0.2113834 0 0.8955991 0.2196863 -0.04820477 0.9434918 0.2313604 -0.04395729 0.9748196 0.2535488 -0.04099029 0.9790587 0.2484866 0 0.8287315 0.2410899 0.09162527 0.8288096 0.2826096 0.117402 0.6422391 0.2823381 0.1180267 0.9790587 0.4169439 0 0.9748196 0.4118816 -0.04099029 0.9455351 0.4414128 0 0.8962242 0.454047 0 0.9434918 0.4340699 -0.04395729 0.9434918 0.4340699 0.04395741 0.8955991 0.4457441 0.04820489 0.8288096 0.4501172 0.05010569 0.6422391 0.450742 0.05037724 0.8288878 0.4587116 0 0.6422391 0.459378 0 0.8288096 0.4501172 -0.05010563 0.8955991 0.4457441 -0.04820477 0.6422391 0.450742 -0.05037713 0.8287314 0.4243406 -0.09162515 0.8949741 0.4208887 -0.08817338 0.6422391 0.4248336 -0.09211826 0.578433 0.4248336 -0.09211826 0.578433 0.450742 -0.05037713 0.578433 0.459378 0 0.578433 0.450742 0.05037724 0.5007541 0.450742 0.05037724 0.9411563 0.4123748 -0.07965946 0.8955991 0.3809201 -0.1130288 0.9434918 0.3766726 -0.1013547 0.9663804 0.401804 -0.06908869 -0.1193947 -0.9782927 0.06574112 -0.1098053 -0.9898753 0.03900414 -0.1461316 -0.9898753 0.07533043 -0.1093361 -0.9444863 0.0757997 -0.1012347 -0.8867938 0.08390104 -0.1433084 -0.9476917 0.09644365 -0.08869212 -0.9476917 0.04182738 -0.07758361 -0.8876516 0.04586911 -0.08170509 -0.950496 0 -0.06968301 -0.8885095 0 -0.08869212 -0.9476917 -0.04182744 -0.1049885 -0.9956935 0 -0.1098053 -0.9898754 -0.0390042 -0.1413338 -1.023051 0 -0.1851358 -1.032211 0 -0.1435667 -1.014659 0.04156899 -0.1435667 -1.014659 -0.04156905 -0.1851358 -1.023051 -0.04380208 -0.1461316 -0.9898754 -0.07533055 -0.1433084 -0.9476917 -0.09644371 -0.1193947 -0.9782927 -0.06574118 -0.1851358 -0.9956935 -0.08014738 -0.2241401 -0.9898753 -0.07533055 -0.1851358 -0.950496 -0.1034308 -0.1851358 -0.8885095 -0.1154528 -0.2269633 -0.9476917 -0.09644371 -0.2609356 -0.9444863 -0.07579976 -0.231005 -0.8876516 -0.1075522 -0.2330721 -0.7237222 -0.1123079 -0.269037 -0.8867938 -0.08390116 -0.2926881 -0.8876516 -0.04586917 -0.2727907 -0.7237222 -0.08765488 -0.2727907 -0.6769116 -0.08765488 -0.2974436 -0.7237221 -0.04793626 -0.3056613 -0.7237221 0 -0.2974436 -0.6769115 -0.04793626 -0.2974436 -0.630101 -0.04793626 -0.3056613 -0.6769115 0 -0.3056613 -0.630101 0 -0.2974436 -0.6769116 0.0479362 -0.2974436 -0.7237222 0.0479362 -0.2974436 -0.630101 0.0479362 -0.2727907 -0.6769115 0.08765482 -0.2727907 -0.7237221 0.08765482 -0.2727907 -0.630101 0.08765482 -0.2330721 -0.6769115 0.1123077 -0.2330721 -0.630101 0.1123077 -0.2330721 -0.7237221 0.1123077 -0.1851358 -0.6769115 0.1205254 -0.1851358 -0.7237221 0.1205254 -0.1851358 -0.630101 0.1205254 -0.1371996 -0.6769115 0.1123077 -0.1371996 -0.7237221 0.1123077 -0.1371996 -0.630101 0.1123077 -0.09748095 -0.6769115 0.08765482 -0.09748095 -0.630101 0.08765482 -0.09748095 -0.7237221 0.08765482 -0.07282805 -0.6769115 0.0479362 -0.07282799 -0.630101 0.0479362 -0.07282805 -0.7237221 0.0479362 -0.06461036 -0.6769115 0 -0.06461036 -0.7237221 0 -0.06461036 -0.630101 0 -0.07282799 -0.6769115 -0.04793626 -0.07282799 -0.7237221 -0.04793626 -0.07282799 -0.630101 -0.04793626 -0.09748095 -0.6769115 -0.08765488 -0.09748095 -0.7237221 -0.08765488 -0.09748095 -0.630101 -0.08765488 -0.1371996 -0.6769115 -0.1123078 -0.1371996 -0.630101 -0.1123079 -0.1371996 -0.7237221 -0.1123078 -0.1851358 -0.6769115 -0.1205255 -0.1851358 -0.7237221 -0.1205255 -0.1851358 -0.630101 -0.1205255 -0.2330721 -0.6769116 -0.1123079 -0.2330721 -0.630101 -0.1123079 -0.2330721 -0.4512085 -0.1123079 -0.2727907 -0.630101 -0.08765488 -0.2727907 -0.4512085 -0.08765488 -0.2974436 -0.4512085 -0.04793626 -0.2723215 -0.32639 -0.08718568 -0.2968493 -0.3263611 -0.04767787 -0.2328137 -0.3263611 -0.1117134 -0.1851358 -0.326332 -0.1198914 -0.1851358 -0.4512085 -0.1205255 -0.137458 -0.3263611 -0.1117134 -0.09795016 -0.32639 -0.08718568 -0.1371996 -0.4512085 -0.1123078 -0.09748095 -0.4512085 -0.08765488 -0.07282799 -0.4512085 -0.04793626 -0.06461036 -0.4512085 0 -0.07342249 -0.3263611 -0.04767787 -0.06524449 -0.326332 0 -0.07342249 -0.3263611 0.04767781 -0.07282805 -0.4512085 0.0479362 -0.09795016 -0.32639 0.08718562 -0.09748095 -0.4512085 0.08765482 -0.1374579 -0.3263611 0.1117133 -0.1851358 -0.326332 0.1198913 -0.1371996 -0.4512085 0.1123077 -0.1851358 -0.4512085 0.1205254 -0.2330721 -0.4512085 0.1123077 -0.2328137 -0.3263611 0.1117133 -0.2727907 -0.4512085 0.08765482 -0.2723215 -0.32639 0.08718562 -0.2974436 -0.4512085 0.0479362 -0.2968493 -0.3460882 0.04767781 -0.3056613 -0.4512085 0 -0.3050272 -0.326332 0 -0.1392667 -0.8876516 -0.1075522 -0.1012347 -0.8867938 -0.08390116 -0.1093361 -0.9444863 -0.07579976 -0.07758361 -0.8876516 -0.04586917 -0.1392667 -0.8876516 0.1075522 -0.1851358 -0.8885095 0.1154528 -0.1851358 -0.950496 0.1034306 -0.231005 -0.8876516 0.1075522 -0.2269633 -0.9476917 0.09644365 -0.269037 -0.8867938 0.0839011 -0.2926881 -0.8876516 0.04586911 -0.2609356 -0.9444863 0.0757997 -0.250877 -0.9782927 0.06574112 -0.2815796 -0.9476917 0.04182738 -0.2885666 -0.950496 0 -0.2604664 -0.9898753 0.03900414 -0.2652832 -0.9956935 0 -0.2267049 -1.014659 0.04156899 -0.2289379 -1.023051 0 -0.1851358 -1.023051 0.04380202 -0.2241401 -0.9898753 0.07533043 -0.1851358 -0.9956935 0.08014732 -0.2267049 -1.014659 -0.04156905 -0.2604664 -0.9898754 -0.0390042 -0.250877 -0.9782927 -0.06574118 -0.2815796 -0.9476917 -0.04182744 -0.3005887 -0.8885095 0 -0.9663801 0.4018039 0.06908881 -0.941156 0.4123747 0.07965958 -0.9748193 0.4118815 0.04099041 -0.9748193 0.3737056 0.07916647 -0.9928771 0.376401 0.04368585 -0.9790584 0.3327151 0.08422863 -0.9434914 0.3766725 0.1013548 -0.9455348 0.3327151 0.1086975 -0.8955987 0.38092 0.113029 -0.8949738 0.4208886 0.0881735 -0.8962238 0.3327151 0.1213319 -0.8288093 0.3828208 0.117402 -0.8287311 0.4243403 0.09162533 -0.8288874 0.3327151 0.1259964 -0.6422387 0.3830924 0.1180267 -0.6422387 0.3327151 0.1266628 -0.5784327 0.3830922 0.1180267 -0.6422387 0.4248335 0.09211838 -0.6422387 0.4507418 0.05037724 -0.5784327 0.4248335 0.09211838 -0.5007537 0.4248335 0.09211838 -0.5784327 0.4507418 0.05037724 -0.5007537 0.4507418 0.05037724 -0.5784327 0.4593778 0 -0.5784327 0.4507418 -0.05037713 -0.6422387 0.4593778 0 -0.5007536 0.4593778 0 -0.5007537 0.4507417 -0.05037713 -0.2849103 0.4588451 0 -0.2850439 0.4502296 -0.05013829 -0.219861 0.4583123 0 -0.2850439 0.4502296 0.05013841 -0.2851774 0.424411 0.09169584 -0.2201639 0.4497175 0.04989957 -0.2204669 0.4239884 0.09127324 -0.2201639 0.3826147 0.1170025 -0.2850439 0.3828535 0.1175146 -0.219861 0.3327151 0.1255973 -0.2849103 0.3327151 0.1261301 -0.2201639 0.2828156 0.1170025 -0.2850439 0.2825767 0.1175146 -0.2204669 0.2414418 0.09127324 -0.2851774 0.2410193 0.09169584 -0.2201639 0.2157126 0.04989957 -0.219861 0.2071178 0 -0.2850439 0.2152005 0.05013841 -0.2849103 0.2065851 0 -0.5007537 0.2146884 0.05037724 -0.5007537 0.2060523 0 -0.5007537 0.2405967 0.09211838 -0.5784327 0.2146884 0.05037724 -0.6422387 0.2146884 0.05037724 -0.5784327 0.2405967 0.09211838 -0.5784327 0.2060523 0 -0.6422387 0.2060523 0 -0.5784327 0.2146884 -0.05037713 -0.5784327 0.2405967 -0.09211826 -0.5007537 0.2146884 -0.05037713 -0.6422387 0.2146884 -0.05037713 -0.6422387 0.2405967 -0.09211826 -0.8288093 0.2153131 -0.05010557 -0.8287312 0.2410898 -0.09162515 -0.8288874 0.2067187 0 -0.8955987 0.2196862 -0.04820477 -0.8949738 0.2445416 -0.08817338 -0.9434914 0.2313603 -0.04395729 -0.8962238 0.2113832 0 -0.9455348 0.2240175 0 -0.8955987 0.2196862 0.04820489 -0.8288093 0.2153131 0.05010575 -0.9434914 0.2313603 0.04395741 -0.8949738 0.2445416 0.0881735 -0.8287312 0.2410898 0.09162527 -0.8955987 0.2845103 0.113029 -0.941156 0.2530556 0.07965958 -0.9434914 0.2887578 0.1013548 -0.9663801 0.2636264 0.06908881 -0.9748193 0.2535487 0.04099041 -0.9748193 0.2917248 0.07916647 -0.9928771 0.2890294 0.04368585 -0.9989913 0.3327151 0.04603254 -0.9989913 0.2866826 0 -0.9790584 0.2484865 0 -1.005665 0.3327151 0 -0.9928771 0.2890294 -0.04368573 -0.9748193 0.2917248 -0.07916635 -0.9748193 0.2535487 -0.04099029 -0.9989913 0.3327151 -0.04603242 -0.9790584 0.3327151 -0.08422851 -0.9928771 0.376401 -0.04368573 -0.9748193 0.3737056 -0.07916635 -0.9748193 0.4118815 -0.04099029 -0.9989913 0.3787477 0 -0.9790584 0.4169437 0 -0.9455348 0.4414126 0 -0.9434914 0.4340698 0.04395741 -0.9434914 0.4340698 -0.04395729 -0.8962238 0.4540469 0 -0.8955987 0.445744 -0.04820477 -0.8955987 0.445744 0.04820489 -0.8288874 0.4587115 0 -0.8288093 0.4501171 0.05010569 -0.8288093 0.4501171 -0.05010563 -0.8287311 0.4243404 -0.09162515 -0.6422387 0.4507418 -0.05037713 -0.6422387 0.4248335 -0.09211826 -0.5784327 0.4248335 -0.09211826 -0.6422387 0.3830922 -0.1180266 -0.8288093 0.3828208 -0.1174018 -0.5784327 0.3830922 -0.1180266 -0.6422387 0.3327151 -0.1266627 -0.8288874 0.3327151 -0.1259963 -0.5784327 0.3327151 -0.1266626 -0.6422387 0.282338 -0.1180266 -0.8288093 0.2826095 -0.1174018 -0.5784327 0.2823379 -0.1180266 -0.5007537 0.2823379 -0.1180266 -0.5007536 0.3327151 -0.1266627 -0.5007537 0.2405967 -0.09211826 -0.2850439 0.2825767 -0.1175144 -0.2201639 0.2828156 -0.1170024 -0.2849103 0.3327151 -0.1261299 -0.2851774 0.2410193 -0.09169572 -0.2204669 0.2414418 -0.09127312 -0.2850439 0.2152005 -0.05013829 -0.2201639 0.2157126 -0.04989945 -0.2850439 0.3828535 -0.1175145 -0.219861 0.3327151 -0.1255972 -0.2201639 0.3826147 -0.1170024 -0.2204669 0.4239884 -0.09127312 -0.2201639 0.4497175 -0.04989945 -0.2851774 0.424411 -0.09169572 -0.5007537 0.4248335 -0.09211826 -0.5007537 0.3830922 -0.1180266 -0.8955987 0.2845103 -0.1130288 -0.9434914 0.2887578 -0.1013547 -0.8962238 0.3327151 -0.1213318 -0.8955987 0.38092 -0.1130288 -0.9455348 0.3327151 -0.1086974 -0.9434914 0.3766725 -0.1013547 -0.941156 0.4123747 -0.07965946 -0.9663801 0.4018039 -0.06908869 -0.8949738 0.4208886 -0.08817338 -0.941156 0.2530556 -0.07965946 -0.9663801 0.2636264 -0.06908869 -0.8288093 0.2826095 0.117402 -0.6422387 0.282338 0.1180267 -0.5784327 0.2823379 0.1180267 -0.6422387 0.2405967 0.09211838 -0.5007537 0.2823379 0.1180267 -0.5784327 0.3327151 0.1266628 -0.5007536 0.3327151 0.1266628 -0.5007537 0.3830922 0.1180267 -0.1325035 -0.1266404 0.2178066 -0.2422921 -0.1269627 0.1699954 -0.3104367 -0.1266404 0.09296619 -0.3331516 -0.1263573 0 -0.3104368 -0.1266404 -0.09296625 0 -0.1263573 -0.2337437 -0.1325035 -0.1266404 -0.2178066 0.3104368 -0.1266404 -0.09296625 0.3331516 -0.1263573 0 0.3104367 -0.1266404 0.09296619 0.2422921 -0.1269627 0.1699954 0.1325035 -0.1266404 0.2178066 0 -0.1263573 0.2337437 0.2422921 -0.1269627 -0.1699954 -0.2422921 -0.1269627 -0.1699954 0.1325035 -0.1266404 -0.2178066 0.2968493 -0.271401 0.04767781 0.2723215 -0.2517028 0.08718562 0.3050273 -0.2516447 0 0.2968493 -0.2516738 -0.04767787 0.2723215 -0.2517028 -0.08718568 0.2328137 -0.2516738 -0.1117134 0.1851359 -0.2516447 -0.1198914 0.137458 -0.2516738 -0.1117134 0.09795022 -0.2517028 -0.08718568 0.07342249 -0.2516738 -0.04767787 0.06524449 -0.2516447 0 0.07342249 -0.2516738 0.04767781 0.09795022 -0.2517028 0.08718562 0.137458 -0.2516738 0.1117133 0.1851359 -0.2516447 0.1198913 0.2328137 -0.2516738 0.1117133 -0.2723215 -0.2517028 -0.08718568 -0.2968493 -0.2516738 -0.04767787 -0.2328137 -0.2516738 -0.1117134 -0.1851358 -0.2516447 -0.1198914 -0.137458 -0.2516738 -0.1117134 -0.09795016 -0.2517028 -0.08718568 -0.07342249 -0.2516738 -0.04767787 -0.06524449 -0.2516447 0 -0.07342249 -0.2516738 0.04767781 -0.09795016 -0.2517028 0.08718562 -0.1374579 -0.2516738 0.1117133 -0.1851358 -0.2516447 0.1198913 -0.2328137 -0.2516738 0.1117133 -0.2723215 -0.2517028 0.08718562 -0.2968493 -0.271401 0.04767781 -0.3050272 -0.2516447 0 0.2971464 -0.3882665 0.04780703 0.3053443 -0.3887702 0 0.2971464 -0.3887848 -0.04780709 0.2725561 -0.3887993 -0.08742028 0.2329429 -0.3887848 -0.1120106 0.1851359 -0.3887702 -0.1202085 0.1373288 -0.3887848 -0.1120106 0.09771561 -0.3887993 -0.08742028 0.07312524 -0.3887848 -0.04780709 0.06492745 -0.3887702 0 0.0731253 -0.3887848 0.04780697 0.09771561 -0.3887993 0.08742022 0.1373288 -0.3887848 0.1120105 0.1851359 -0.3887702 0.1202083 0.2329429 -0.3887848 0.1120105 0.2725561 -0.3887993 0.08742022 -0.2725561 -0.3887993 -0.08742028 -0.2329429 -0.3887848 -0.1120106 -0.1851358 -0.3887702 -0.1202085 -0.1373288 -0.3887848 -0.1120106 -0.09771555 -0.3887993 -0.08742028 -0.07312524 -0.3887848 -0.04780709 -0.06492739 -0.3887702 0 -0.07312524 -0.3887848 0.04780697 -0.09771555 -0.3887993 0.08742022 -0.1373288 -0.3887848 0.1120105 -0.1851358 -0.3887702 0.1202083 -0.2329429 -0.3887848 0.1120105 -0.2725561 -0.3887993 0.08742022 -0.2971464 -0.3882665 0.04780703 -0.3053443 -0.3887702 0 -0.2971464 -0.3887848 -0.04780709</float_array>
          <technique_common>
            <accessor source="#Cube_004-mesh-positions-array" count="894" stride="3">
              <param name="X" type="float"/>
              <param name="Y" type="float"/>
              <param name="Z" type="float"/>
            </accessor>
          </technique_common>
        </source>
        <source id="Cube_004-mesh-normals">
          <float_array id="Cube_004-mesh-normals-array" count="2670">-0.3816331 -0.8418502 0.3816338 -0.6091914 -0.5077114 0.609192 -0.7214545 -0.6099886 0.3277459 -0.8868503 -0.3101744 0.3424741 -0.3424739 -0.3101742 0.8868505 -0.3277456 -0.6099879 0.7214552 -0.6780746 -0.2836006 0.6780749 -0.9281633 -0.1117284 0.3550068 -0.3550068 -0.1117283 0.9281633 -2.65547e-7 -0.1117606 0.9937352 -2.17584e-7 -0.3279504 0.9446949 -1.37276e-7 -0.6482513 0.7614265 2.49007e-6 -0.01551926 0.9998797 -0.3548328 -0.01584577 0.9347954 -0.7026905 -0.1115853 0.7026912 0.3550067 -0.1117284 0.9281632 0.3424741 -0.3101745 0.8868502 0.3548382 -0.01584565 0.9347934 0.7026909 -0.1115852 0.7026908 0.707016 -0.01623183 0.7070113 0.6780749 -0.2836003 0.6780747 0.9347947 -0.01584601 0.3548352 0.9281633 -0.1117281 0.3550069 0.8868502 -0.3101745 0.3424742 0.9998796 -0.01551902 -1.88018e-7 0.9937352 -0.1117604 6.04179e-7 0.9446949 -0.3279508 1.92858e-7 0.9281634 -0.1117283 -0.3550066 0.8868504 -0.3101742 -0.3424742 0.9349648 0 -0.3547406 0.9347934 -0.01584565 -0.3548383 0.934965 0 0.3547402 1 0 0 0.9349642 0 0.3547421 0.934966 0 -0.3547376 0.707107 0 -0.7071067 0.7070116 -0.01623189 -0.7070158 0.7071091 0 -0.7071045 0.3547423 0 -0.9349641 0.3547405 0 -0.9349649 0.3548353 -0.01584601 -0.9347945 -1.68429e-7 0 -1 -1.4945e-7 -0.01551908 -0.9998796 -0.3547374 0 -0.934966 -0.3547401 0 -0.934965 -0.3548379 -0.01584571 -0.9347936 -0.7071067 0 -0.7071068 -0.7070158 -0.01623189 -0.7070115 -0.7071043 0 -0.7071093 -0.9349632 0 -0.3547446 -0.934965 0 -0.35474 -0.9347955 -0.01584577 -0.3548329 -1 0 -4.23488e-6 -1 0 0 -0.9998796 -0.01551932 2.4973e-6 -0.9349667 0 0.3547358 -0.934965 0 0.3547401 -0.9347935 -0.01584571 0.3548381 -0.7071067 0 0.7071069 -0.7070114 -0.01623189 0.7070159 -0.7071107 0 0.707103 -0.3547426 0 0.9349641 -0.354742 0 0.9349642 -2.35075e-6 0 1 0.3547375 0 0.934966 0.3547402 0 0.934965 0.7071067 0 0.7071068 0.7071046 0 0.707109 0.3547598 0.002597987 0.9349539 0.7071042 0.002657055 0.7071044 0.9349536 0.002583622 0.3547607 0.9999968 0.002543687 -8.39753e-6 1 0 1.77037e-6 0.9999856 0.005365252 2.56065e-4 0.9349483 0.003908872 0.3547625 0.9349243 0.006416738 0.3547893 0.7072841 0.00558722 0.7069074 0.9349343 0.002588033 -0.3548118 0.9349343 0.00518608 -0.354783 0.7071045 0.002648115 -0.7071042 0.7070966 0.005304098 -0.7070972 0.3547829 0.00518608 -0.9349344 0 0.005088865 -0.9999871 0.3548126 0.002588033 -0.9349339 -0.3548122 0.002587974 -0.934934 -0.3547828 0.00518608 -0.9349344 -0.7071042 0.002648055 -0.7071044 -0.7070968 0.005304098 -0.707097 -0.3547596 0.002598106 -0.934954 1.78541e-6 0 -1 -0.7071042 0.002657115 -0.7071045 -0.9349548 0.002598047 -0.3547576 -0.9349344 0.00518614 -0.3547827 -0.9999968 0.00254935 2.01934e-6 -0.9999871 0.005088865 2.99568e-7 -0.9349341 0.002588093 -0.3548121 -0.9349533 0.002598047 0.3547614 -0.9349341 0.002588033 0.3548122 -0.9349344 0.00518608 0.3547828 -0.7071027 0.002657115 0.7071059 -0.7071043 0.002648055 0.7071043 -0.7070968 0.005304038 0.7070969 -0.3547828 0.005186021 0.9349344 0 0.005088984 0.9999871 -0.3548123 0.002588033 0.9349341 -0.3547576 0.002597987 0.9349548 2.00249e-6 0.00254929 0.9999968 -1.90151e-6 0 1 0.3548125 0.002588093 0.9349339 0.3547831 0.00518608 0.9349344 0.7073882 0.002314388 0.7068216 -2.0771e-6 0.00254935 -0.9999968 0.3547577 0.002598047 -0.9349547 0.9349542 0.002598047 -0.354759 0.7071045 0.002657055 -0.7071042 -0.9937352 -0.1117606 0 -0.9446949 -0.3279504 0 -0.9281634 -0.1117283 -0.3550064 -0.8868504 -0.3101741 -0.3424743 -0.721454 -0.6099891 -0.327746 -0.7614257 -0.6482523 3.25394e-7 -0.3816335 -0.8418502 -0.3816335 -0.6091917 -0.5077109 -0.6091923 -0.3424742 -0.3101739 -0.8868504 -0.3277459 -0.6099889 -0.7214543 5.21139e-7 -0.6482514 -0.7614265 4.58657e-7 -0.3279502 -0.944695 0.3816342 -0.8418498 -0.3816336 0 -0.9125987 -0.4088566 0.3277465 -0.6099877 -0.7214549 0 -0.1117604 -0.9937352 0.3424741 -0.3101743 -0.8868504 0.3550069 -0.1117283 -0.9281633 -0.3550066 -0.1117283 -0.9281634 -0.7026908 -0.1115852 -0.7026908 -0.6780748 -0.2836006 -0.6780747 0.7026906 -0.1115853 -0.702691 0.6780744 -0.2836005 -0.6780751 0.6091915 -0.5077108 -0.6091926 0.721454 -0.6099892 -0.3277457 0.7614259 -0.6482521 5.18597e-7 0.4088592 -0.9125975 0 0 -1 0 0.3816337 -0.8418501 0.3816339 0 -0.9125987 0.4088566 0.6091916 -0.5077113 0.609192 0.3277458 -0.6099879 0.7214551 -0.4088581 -0.9125981 1.83599e-7 0.7214543 -0.6099889 0.3277457 -0.3550174 -0.3550186 0.8648263 -0.5773497 -0.5773513 0.5773499 -0.3137893 -0.6713933 0.671392 -0.8648262 -0.3550187 0.3550174 -0.6713919 -0.6713935 0.3137894 -0.351176 -0.8679577 0.3511762 -0.3686069 -0.9295855 0 -0.7071059 -0.7071076 0 -0.92362 -0.3833096 0 -0.004532694 0.9999795 0.004532873 0 -0.9295853 0.368607 0 0 0 0.004577219 -0.9412111 0.3377882 0.3511762 -0.8679578 0.3511762 0.3137893 -0.6713933 0.671392 0 -0.7071076 0.707106 0 -0.3833096 0.92362 0.3550174 -0.3550187 0.8648262 0 -1.24656e-6 1 -0.3833082 -1.31377e-6 0.9236205 -0.6713923 -0.3137909 0.6713924 -0.6713929 0.3137885 0.6713929 -0.7071068 -1.10215e-6 0.7071068 -0.355018 0.3550164 0.864827 -0.9236205 -1.1225e-6 0.3833084 -0.8648271 0.3550164 0.3550179 -1 -1.27184e-6 0 -0.8648262 -0.3550187 -0.3550174 -0.864827 0.3550162 -0.3550178 -0.9236205 -1.31881e-6 -0.3833084 -0.6713923 -0.3137909 -0.6713924 -0.6713928 0.3137884 -0.671393 -0.7071068 -1.14222e-6 -0.7071068 -0.9236209 0.3833071 0 -0.671393 0.6713922 -0.3137897 -0.5773508 0.5773497 -0.5773504 -0.3833083 -1.13508e-6 -0.9236205 -0.3550179 0.3550165 -0.864827 -0.3550181 0.8648263 -0.3550179 -0.3137902 0.671392 -0.671393 5.05879e-7 0.9236204 -0.3833087 2.55497e-7 0.7071061 -0.7071075 -1.71143e-7 0.3833073 -0.9236209 0.3137901 0.6713922 -0.6713929 0.355018 0.3550164 -0.864827 0.3550177 0.8648265 -0.3550181 0.5773509 0.5773496 -0.5773504 0.6713929 0.6713923 -0.3137899 0.671393 0.3137883 -0.671393 0.864827 0.3550164 -0.3550179 0.3833086 0.9236204 0 0.7071075 0.7071061 2.25439e-7 0.9236209 0.3833072 0 0.9236205 -1.13508e-6 -0.3833084 0.7071068 -1.11717e-6 -0.7071068 1 -1.26679e-6 0 0.864827 0.3550163 0.3550178 0.9236204 -1.28357e-6 0.3833085 0.671393 0.6713922 0.3137898 0.5773507 0.5773497 0.5773505 0.671393 0.3137884 0.6713929 0.7071069 -1.11717e-6 0.7071067 0.3833082 -1.06964e-6 0.9236206 0.3550177 0.3550164 0.864827 0.355018 0.8648264 0.355018 0 0.9236204 0.3833087 0.3137899 0.6713921 0.671393 1.8121e-7 0.3833072 0.9236209 3.11008e-7 1 0 -0.3550176 0.8648265 0.3550181 -0.3833085 0.9236204 0 -0.6713932 0.671392 0.3137899 -0.5773509 0.5773496 0.5773504 -0.31379 0.6713922 0.671393 0 0.7071061 0.7071075 0.6713922 -0.3137909 0.6713925 0.8648263 -0.3550187 0.3550173 0.5773498 -0.5773513 0.5773499 0.671392 -0.6713933 0.3137893 0.3686071 -0.9295853 0 0.92362 -0.3833095 0 0.707106 -0.7071076 0 0.671392 -0.6713934 -0.3137894 0.3511762 -0.8679578 -0.3511762 0.8648262 -0.3550187 -0.3550174 0.6713924 -0.313791 -0.6713923 0.5773497 -0.5773513 -0.5773499 0.3833084 -1.24834e-6 -0.9236205 0.3550175 -0.3550187 -0.8648262 0.3137894 -0.6713934 -0.671392 0 -0.9295854 -0.3686071 0 -0.7071076 -0.707106 0 -0.3833097 -0.92362 0.1152316 -0.9866324 -0.1152316 -0.3377884 -0.9412109 -0.004577338 -0.3511762 -0.8679578 -0.3511763 -0.671392 -0.6713933 -0.3137893 -0.5773496 -0.5773513 -0.5773499 -0.3137891 -0.6713934 -0.671392 -0.3550175 -0.3550187 -0.8648262 0 -1.2946e-6 -1 0.3742504 -0.9100937 0.1779494 0.5506004 -0.4095759 0.7273836 0.3351671 -0.8418316 0.4230635 -0.02776086 -0.9990022 -0.03498375 0.0838437 -0.8977255 0.4325037 0.2269676 -0.392992 0.8910909 0 -0.9943502 -0.1061497 0 -0.909252 0.4162462 0 -0.407019 0.9134197 -0.0838437 -0.8977255 0.4325037 -0.2269677 -0.3929921 0.8910908 0.02776086 -0.9990022 -0.03498375 0 -0.087224 0.9961888 -0.2631777 -0.09203892 0.9603471 -0.5506003 -0.4095759 0.7273836 -0.588403 -0.1051406 0.8017029 -0.3351671 -0.8418316 0.4230636 -0.5880278 0 0.8088407 -0.2621114 0 0.9650377 0 0 1 -0.2621094 0 0.9650382 -0.7795544 -0.4848327 0.3965254 -0.8815627 -0.117006 0.4573368 -0.886089 0 0.4635151 -0.5880278 0 0.8088408 -0.8860909 0 0.4635117 -1 0 0 -1 0 0 -0.8609026 -0.5087698 0 -0.9926532 -0.1209945 1.65272e-7 -0.8815628 -0.117006 -0.4573364 -0.7795545 -0.4848326 -0.3965254 -0.8860909 0 -0.4635115 -0.886089 0 -0.4635153 -0.5884032 -0.1051406 -0.8017027 -0.5880277 0 -0.8088408 -0.5506001 -0.4095758 -0.7273838 -0.3742502 -0.9100939 -0.1779495 -0.365806 -0.9306911 0 0.06996864 -0.9975492 0 0.02776151 -0.9990022 0.03498351 -0.3351671 -0.8418315 -0.4230638 -0.08384335 -0.8977256 -0.4325033 -0.2269675 -0.3929922 -0.8910909 0 -0.407019 -0.9134197 0 -0.9092526 -0.4162449 0 -0.9943503 0.1061496 -0.2631776 -0.09203904 -0.960347 0 -0.08722412 -0.9961888 0.2269675 -0.3929922 -0.8910909 0.08384317 -0.8977256 -0.4325033 0 0 -1 0.2621094 0 -0.9650382 0.2621113 0 -0.9650377 -0.2621093 0 -0.9650382 0 0 -1 0.262647 0.02040445 -0.9646763 -0.262647 0.02040445 -0.9646763 0 0.01932376 -0.9998133 -0.2621113 0 -0.9650377 -0.5880277 0 -0.8088408 -0.5886921 0.02337193 -0.8080195 -0.5580686 0.3747734 -0.7403408 -0.2396097 0.3624546 -0.9006741 0 0.3707165 -0.9287461 -0.886093 0.02623492 -0.4627646 -0.8054843 0.4257857 -0.4121912 -0.896044 0.4439656 0 -0.4061812 0.8848966 -0.2279802 -0.3472203 0.8139546 -0.4657425 -0.4199457 0.9075494 0 -0.1657299 0.9861713 0 -0.1282174 0.9746342 -0.1834359 -0.1336185 0.8510267 -0.5078384 0 0.9724888 -0.23295 0 0.8562977 -0.5164827 0.1336185 0.8510266 -0.5078384 0.2396097 0.3624547 -0.9006741 0.1282174 0.9746342 -0.1834359 0.3472201 0.8139545 -0.4657427 0.4061813 0.8848966 -0.2279801 0.5580686 0.3747733 -0.7403407 0.1657301 0.9861713 0 0.4199456 0.9075493 0 0.8054844 0.4257856 -0.4121912 0.8960438 0.4439656 0 0.886093 0.02623492 -0.4627647 0.9996281 0.02727198 0 0.5886921 0.02337193 -0.8080195 0.8860909 0 -0.4635117 0.5880277 0 -0.8088408 1 0 1.80663e-7 0.5880278 0 -0.8088408 0.8815628 -0.117006 -0.4573366 0.5884032 -0.1051406 -0.8017027 1 0 2.34367e-7 0.8860892 0 -0.463515 0.8860931 0.02623492 0.4627646 0.886091 0 0.4635116 0.8860891 0 0.463515 0.5880281 0 0.8088405 0.588028 0 0.8088406 0.5886924 0.02337193 0.8080193 0.2621094 0 0.9650382 0.2631777 -0.09203886 0.9603471 0.5884031 -0.1051405 0.8017029 0.2621114 0 0.9650377 0.262647 0.02040445 0.9646763 0 0 1 -0.262647 0.02040445 0.9646763 0 0.01932382 0.9998133 -0.2396098 0.3624546 0.9006741 0.2396096 0.3624545 0.9006742 0 0.3707165 0.9287461 0 0.8562977 0.5164827 -0.1336182 0.8510267 0.5078383 0.1336181 0.8510267 0.5078384 -0.5580686 0.3747733 0.7403407 -0.5886923 0.02337193 0.8080193 -0.8054844 0.4257856 0.4121912 -0.886093 0.02623492 0.4627646 -0.4061813 0.8848965 0.2279803 -0.9996281 0.02727198 0 -0.3472201 0.8139547 0.4657427 -0.1282168 0.9746342 0.1834359 0 0.9724888 0.23295 0.1282168 0.9746342 0.1834359 0.4061812 0.8848966 0.2279802 0.3472199 0.8139547 0.4657427 0.5580687 0.3747733 0.7403407 0.8054845 0.4257857 0.4121912 0.7795545 -0.4848327 0.3965253 0.8609027 -0.5087698 2.27368e-7 0.8815628 -0.117006 0.4573366 0.3658062 -0.9306911 0 0.7795546 -0.4848325 -0.3965253 0.3742503 -0.9100937 -0.1779497 -0.06996858 -0.9975492 0 -0.02776151 -0.9990022 0.03498351 0 -1 -8.35016e-7 -0.3742502 -0.9100939 0.1779496 0.3351671 -0.8418315 -0.4230636 0.5506002 -0.4095758 -0.7273838 0.2631776 -0.09203898 -0.960347 0.6382086 0.5443758 0.5443757 0.4050517 0.8539076 0.3267645 0.3732379 0.6560078 0.6560087 0.4050527 0.3267654 0.8539069 0.9087881 0.2950461 0.295046 0.7267048 0.2798491 0.6273632 0.9513247 0 0.3081909 0.7555856 0 0.6550499 0.4231566 0 0.9060566 0.1599146 0.3523215 0.9221155 0.1603971 0.6979514 0.6979518 0.1592504 0 0.9872382 0.03742587 0.3549569 0.9341332 0.0383988 0.7065852 0.7065854 0.03658354 -1.44966e-7 0.9993306 0.001828908 0.3547533 0.9349582 0.00186932 0.7071068 0.7071043 0.001796007 1.5102e-6 0.9999984 0 0.7071046 0.7071091 -3.27536e-7 0.3547378 0.9349659 0 -1.70115e-6 1 -0.001385629 0.7071053 0.7071069 -0.001327335 0.3547628 0.9349554 -0.001274526 3.65798e-7 0.9999992 -0.005678474 0.3551893 0.9347772 -0.005429327 2.0701e-7 0.9999853 -0.00595206 0.7070947 0.7070939 -0.005678713 -0.3551895 0.9347771 -0.001327395 -0.3547634 0.9349552 -0.008587419 -0.3546748 0.9349504 -0.008189857 0 0.9999665 -0.008586704 0.3546755 0.9349501 -0.009024798 0.7070787 0.7070774 -0.005679011 0.9347775 0.3551885 -0.008587062 0.9349505 0.3546745 -0.005429327 0.9999853 0 -0.008189618 0.9999665 0 -0.008587002 0.9349504 -0.3546745 -0.001274883 0.9999992 -1.07634e-6 -0.005678772 0.9347775 -0.3551886 -0.001327633 0.9349555 -0.3547629 -0.005951762 0.7070947 -0.7070938 -0.009024679 0.7070787 -0.7070773 -0.001327335 0.3547624 -0.9349555 -0.005678474 0.3551888 -0.9347774 -0.008586645 0.3546753 -0.9349501 -0.001274585 0 -0.9999992 -0.005429267 0 -0.9999853 -0.008189558 -5.59951e-7 -0.9999665 -0.008587419 -0.3546749 -0.9349504 -0.005678713 -0.3551892 -0.9347773 -0.009024918 -0.7070779 -0.707078 -0.005678713 -0.9347772 -0.3551894 -0.0085873 -0.9349503 -0.3546748 -0.005429267 -0.9999853 0 -0.008189499 -0.9999665 0 -0.008586943 -0.9349504 0.3546747 -0.001274585 -0.9999992 0 -0.005678653 -0.9347772 0.3551893 -0.001327335 -0.9349551 0.3547638 -0.005951464 -0.707094 0.7070945 -0.009024739 -0.7070779 0.7070781 -0.001385688 -0.7071059 0.7071064 3.25765e-7 -0.3547422 0.9349642 0 -0.7071084 0.7071052 0.001869261 -0.7071034 0.7071077 0.001829087 -0.934959 0.3547514 0 -0.9349651 0.3547397 0 -1 0 0.03839892 -0.7065852 0.7065855 0.001796424 -0.9999984 0 0.03742599 -0.9341334 0.3549565 0.03742593 -0.9341334 -0.3549566 0.001829206 -0.9349595 -0.3547497 0 -0.9349644 -0.3547415 0.03839892 -0.706585 -0.7065855 0.001869261 -0.707105 -0.7071062 0 -0.7071063 -0.7071073 -0.001385748 -0.7071062 -0.7071061 -0.001327395 -0.9349551 -0.3547638 -0.005951404 -0.707094 -0.7070946 -0.001327455 -0.3547634 -0.9349552 0 0 -1 0.001829266 -0.3547491 -0.9349598 2.2491e-7 -0.3547416 -0.9349645 0.001828968 0.3547508 -0.9349591 1.59407e-7 0.3547396 -0.9349651 0.03742587 0.3549562 -0.9341336 0.001796066 1.49216e-7 -0.9999984 0.03742593 -0.3549563 -0.9341335 0.1599147 0.3523214 -0.9221155 0.03658348 0 -0.9993306 0.1599143 -0.3523215 -0.9221155 0.1603974 -0.6979511 -0.697952 0.3732389 -0.6560075 -0.6560084 0.1592502 0 -0.9872383 0.4050529 -0.3267654 -0.8539067 0.6382094 -0.5443745 -0.544376 0.4231566 -1.22451e-7 -0.9060567 0.7267053 -0.2798488 -0.6273629 0.9087883 -0.2950459 -0.2950454 0.726705 -0.6273631 -0.279849 0.9513247 -4.27424e-7 -0.3081905 0.7267048 0.2798493 -0.6273632 0.405052 0.326765 -0.8539074 0.755585 -7.81798e-7 -0.6550506 0.9087882 0.2950466 -0.2950452 1 -4.82189e-7 0 0.9513242 -0.3081919 2.53243e-7 0.9087881 -0.2950461 0.2950458 0.7267053 -0.2798488 0.6273629 0.6382094 -0.5443747 0.5443757 0.7267051 -0.6273632 0.2798487 0.7555854 -0.6550503 5.39693e-7 0.4050524 -0.3267657 0.8539069 0.3732386 -0.6560075 0.6560086 0.1599143 -0.3523217 0.9221155 0.1603977 -0.6979511 0.6979519 0.4050524 -0.8539069 0.3267652 0.1599144 -0.9221155 0.3523216 0.423157 -0.9060564 1.27449e-7 0.1592503 -0.9872383 0 0.03658342 -0.9993306 0 0.1599144 -0.9221155 -0.3523214 0.4050526 -0.8539071 -0.326765 0.03742587 -0.3549568 0.9341332 0.001829385 -0.3547493 0.9349597 0.7267042 0.6273641 -0.2798485 0.9513244 0.3081915 -1.65534e-7 0.7267048 0.6273639 0.2798477 0.4231562 0.9060568 0 0.4050522 0.8539074 -0.3267646 0.1592505 0.9872382 0 0.1599146 0.9221157 0.3523208 0.1599148 0.9221156 -0.352321 0.03742611 0.9341335 0.3549562 0.03658384 0.9993306 0 0.001829326 0.9349598 0.354749 0.001796007 0.9999985 -1.82427e-6 0.03742647 0.9341338 -0.3549555 0.001829087 0.9349585 -0.3547527 0.1603977 0.6979514 -0.6979516 0.03839921 0.7065854 -0.7065852 0.001869082 0.7071048 -0.7071064 0 0.7071065 -0.7071072 -6.42295e-7 0.9349659 -0.3547378 -0.001385688 0.7071059 -0.7071064 -5.02304e-7 1 1.54715e-6 -0.001327514 0.9349556 0.3547625 0 0.9349644 0.3547415 0.3732375 0.6560075 -0.6560091 0.6382077 0.544376 -0.5443764 0.6091923 -0.5077107 0.6091918 0.3816335 -0.8418501 0.3816339 0.7214545 -0.6099886 0.327746 0.8868502 -0.3101742 0.3424744 0.6780751 -0.2835997 0.6780748 0.3424741 -0.3101743 0.8868504 0.3277461 -0.6099877 0.7214552 0.9281633 -0.1117284 0.3550068 0.7026907 -0.1115851 0.702691 0.3550069 -0.1117283 0.9281632 0.9937352 -0.1117606 0 0.9446949 -0.3279504 0 0.8868501 -0.3101742 -0.3424748 0.721454 -0.6099891 -0.3277461 0.761426 -0.648252 5.59271e-7 0.3816338 -0.8418501 -0.3816335 0.4088585 -0.9125978 2.19299e-7 0 -1 0 0 -0.9125988 -0.4088565 -3.66068e-7 -0.6482514 -0.7614266 0.3277457 -0.6099889 -0.7214543 0.6091918 -0.5077105 -0.6091924 0.3424744 -0.3101739 -0.8868504 0.6780748 -0.2836 -0.6780749 -1.87913e-7 -0.3279504 -0.9446951 -0.3816337 -0.8418501 -0.3816337 -0.3277456 -0.609988 -0.7214551 -1.31555e-7 -0.1117604 -0.9937352 0.3550068 -0.1117283 -0.9281632 -0.3424738 -0.3101743 -0.8868504 -0.6091916 -0.5077108 -0.6091924 -0.6780748 -0.2835996 -0.6780751 -0.3550068 -0.1117283 -0.9281632 1.60298e-7 -0.01551908 -0.9998796 -0.7026909 -0.111585 -0.7026908 -0.3548352 -0.01584601 -0.9347946 -0.9281632 -0.1117284 -0.3550067 -0.9347935 -0.01584565 -0.3548381 -0.7070115 -0.01623189 -0.7070158 -0.3547403 0 -0.934965 -0.707107 0 -0.7071067 -0.9998796 -0.01551902 -3.39879e-7 -0.934965 0 -0.3547401 -0.9937352 -0.1117605 3.60559e-7 -1 0 -2.71892e-7 -0.9349659 0 -0.3547378 -0.7071107 0 -0.7071029 -0.934965 0 0.35474 -0.9349651 0 0.3547398 -1 0 -2.38215e-6 -0.7070159 -0.01623189 0.7070114 -0.9347947 -0.01584595 0.3548349 -0.7071067 0 0.707107 -0.3548378 -0.01584571 0.9347937 -0.3547401 0 0.934965 -0.7071046 0 0.7071089 2.36037e-6 0 1 -0.3547394 0 0.9349653 -2.50936e-6 -0.01551926 0.9998796 0.354833 -0.01584577 0.9347954 0.3547401 0 0.934965 -1.88647e-6 0 1 0.7070114 -0.01623195 0.7070159 0.3547427 0 0.9349641 0.7071068 0 0.7071068 0.934965 0 0.3547402 0.7071108 0 0.7071028 0.9347935 -0.01584577 0.3548382 1 0 0 0.9349659 0 0.3547378 0.9998796 -0.01551932 2.46597e-6 0.9347955 -0.01584577 -0.3548328 0.934965 0 -0.35474 1 0 -4.42737e-7 0.7070159 -0.01623189 -0.7070114 0.7071068 0 -0.7071068 0.9349641 0 -0.3547426 0.3548381 -0.01584571 -0.9347935 0.3547402 0 -0.934965 0.7071045 0 -0.7071092 0 0 -1 0.3547396 0 -0.9349651 -0.35474 0 -0.934965 1.85279e-6 0 -1 -0.3547595 0.002598047 -0.934954 -0.7071027 0.002656996 -0.7071059 -0.9349345 0.005185902 -0.3547827 -0.7071042 0.002648055 -0.7071044 -0.7070968 0.005304038 -0.7070969 -0.3547827 0.00518614 -0.9349344 -0.3548123 0.002588093 -0.934934 0 0.005088865 -0.9999871 0 0.002538561 -0.9999968 0.3548123 0.002588093 -0.934934 0.3547829 0.005186021 -0.9349344 0.7071043 0.002648115 -0.7071043 0.7070968 0.005304038 -0.7070969 0.3547576 0.002598047 -0.9349547 -1.75699e-6 0.00254935 -0.9999968 0.9349344 0.00518614 -0.3547827 0.9349341 0.002588093 -0.3548121 0.934954 0.002598047 -0.3547596 0.9999871 0.005088865 2.76709e-7 0.9999968 0.002538502 0 0.934934 0.002587974 0.3548122 0.9349344 0.00518608 0.3547828 0.7071043 0.002648055 0.7071043 0.7070969 0.005304098 0.7070968 0.3547828 0.00518614 0.9349344 0.3548123 0.002588093 0.934934 0 0.005088984 0.9999871 0 0.002538561 0.9999968 0.3547596 0.002597987 0.9349541 1.80754e-6 0.00254929 0.9999968 -0.3548124 0.002588093 0.934934 -0.3547827 0.005186021 0.9349344 -0.7073879 0.002314388 0.7068218 -0.7072839 0.0055871 0.7069076 -0.3547576 0.002597928 0.9349548 -0.9349485 0.003908812 0.3547623 -0.9349243 0.00641638 0.3547895 -0.9349528 0.002583682 0.354763 -0.9999856 0.005365192 2.56573e-4 -0.9999976 0.002225697 3.83024e-4 -0.9349343 0.002587974 -0.3548119 -0.9999968 0.002543687 -4.58747e-6 0.7071026 0.002657115 0.707106 0.9999968 0.00254935 -1.69441e-6 0.7026907 -0.1115852 -0.7026909 0.9281633 -0.1117285 -0.3550068 1.82716e-7 -0.1117606 0.9937352 0 -0.3279504 0.9446949 -0.3424739 -0.3101745 0.8868504 -0.3550066 -0.1117285 0.9281634 -0.7026906 -0.1115852 0.7026911 -0.6780751 -0.2835999 0.6780748 -0.9281631 -0.1117284 0.3550071 -0.8868501 -0.3101744 0.3424746 -0.6091918 -0.5077111 0.609192 -0.7214543 -0.6099891 0.3277456 -0.9446949 -0.3279504 0 -0.7614257 -0.6482523 2.8472e-7 -0.3816334 -0.8418502 0.3816339 -0.4088585 -0.9125978 0 0 -0.6482511 0.7614266 0 -0.9125987 0.4088565 -0.3277457 -0.6099877 0.7214553 -0.721454 -0.6099894 -0.3277456 -0.8868503 -0.3101738 -0.3424746 -0.4050519 0.8539073 0.3267649 -0.6382083 0.5443758 0.5443761 -0.3732385 0.6560079 0.6560081 -0.4050518 0.326765 0.8539073 -0.726704 0.279849 0.6273644 -0.9087878 0.2950459 0.2950472 -0.7267042 0.6273639 0.2798489 -0.9513241 -1.82829e-7 0.3081927 -0.4231568 0 0.9060565 -0.7555855 2.06798e-7 0.6550502 -0.1599145 0.3523213 0.9221156 -0.1592505 -1.48867e-7 0.9872382 -0.03742593 0.3549566 0.9341334 -0.1603974 0.6979516 0.6979515 -0.03658354 0 0.9993306 -0.001828908 0.3547532 0.9349582 -0.03839874 0.7065848 0.7065858 -0.001796066 1.56435e-6 0.9999984 3.69365e-7 0.3547378 0.9349659 0 -1.39797e-6 1 0 0.7071045 0.7071091 -0.001829385 0.9349598 0.3547492 -0.001869261 0.7071068 0.7071044 -1.38992e-7 0.9349645 0.3547415 0.001385629 0.7071053 0.7071069 0.001327335 0.3547628 0.9349554 3.16541e-7 1 1.58686e-6 0.001327574 0.9349555 0.3547625 0.001327395 0.9349554 -0.3547629 0.001274704 0.9999993 -1.11905e-6 8.05771e-7 0.9349659 -0.3547378 -0.001796543 0.9999985 -1.79539e-6 0.005678474 0.9347775 -0.3551885 0.005429387 0.9999853 0 0.005679011 0.9347774 0.3551886 0.008586943 0.9349504 -0.3546748 0.008190035 0.9999665 0 0.008587598 0.9349504 0.3546747 0.005951702 0.7070949 0.7070937 0.009024858 0.7070788 0.7070773 0.005678474 0.3551892 0.9347772 0.008586764 0.3546752 0.9349501 0.005429327 0 0.9999853 0.008189857 0 0.9999665 0.008587181 -0.3546748 0.9349503 0.005678653 -0.3551896 0.934777 0.009024679 -0.707078 0.707078 0.005678772 -0.9347772 0.3551893 0.008587539 -0.9349502 0.354675 0.005429387 -0.9999853 0 0.008189558 -0.9999665 0 0.005951285 -0.7070942 0.7070943 0.001327455 -0.9349551 0.3547638 0.001274704 -0.9999992 0 0 -0.9349651 0.3547397 0 -1 0 0 -0.7071084 0.7071052 -0.001829147 -0.9349589 0.3547514 -0.001796305 -0.9999984 0 -0.001829028 -0.9349595 -0.3547497 0 -0.9349644 -0.3547415 0.001327395 -0.9349551 -0.3547638 0.001385748 -0.7071062 -0.707106 0 -0.7071063 -0.7071073 -0.001869201 -0.7071051 -0.7071061 -0.0383991 -0.7065851 -0.7065855 -0.03742599 -0.9341334 -0.3549564 -0.1603975 -0.6979511 -0.6979519 -0.03658342 -0.9993306 0 -0.1599145 -0.9221155 -0.3523213 -0.3732392 -0.6560077 -0.656008 -0.1592503 -0.9872383 0 -0.4050525 -0.8539066 -0.3267658 -0.4050523 -0.8539066 0.326766 -0.423157 -0.9060564 0 -0.1599145 -0.9221155 0.3523213 -0.03742587 -0.9341334 0.3549565 -0.1603976 -0.6979511 0.6979519 -0.3732393 -0.6560077 0.6560078 -0.03742587 -0.3549565 0.9341334 -0.03839898 -0.7065852 0.7065855 -0.1599144 -0.3523215 0.9221155 -0.6382093 -0.5443751 0.5443755 -0.7267044 -0.6273632 0.2798502 -0.4050523 -0.326766 0.8539067 -0.9087882 -0.2950462 0.2950455 -0.7267046 -0.2798489 0.6273635 -1 -5.03047e-7 0 -0.9513242 -0.308192 0 -0.7555858 -0.6550498 0 -0.7267045 -0.6273632 -0.2798501 -0.908788 -0.295046 -0.2950464 -0.951324 -4.99073e-7 -0.3081926 -0.6382095 -0.544375 -0.5443755 -0.7267046 -0.2798488 -0.6273636 -0.7555857 -8.72588e-7 -0.65505 -0.726704 0.2798493 -0.6273641 -0.9087879 0.2950467 -0.2950463 -0.6382081 0.5443763 -0.5443758 -0.9513245 0.3081914 0 -0.7267041 0.6273641 -0.2798492 -0.7555844 0.6550514 -5.01864e-7 -0.4231556 0.906057 -3.49859e-7 -0.1592503 0.9872383 0 -0.1599149 0.9221157 0.3523207 -0.4050523 0.8539069 -0.3267653 -0.0365836 0.9993306 0 -0.159915 0.9221157 -0.3523209 -0.03742611 0.9341335 0.3549562 -0.03742647 0.9341338 -0.3549555 -0.1603981 0.6979517 -0.6979512 -0.001829087 0.9349583 -0.3547528 -0.0383991 0.7065852 -0.7065854 0 0.7071064 -0.7071073 -0.001829147 0.3547528 -0.9349584 -0.001868963 0.7071046 -0.7071065 -0.001796126 1.70153e-6 -0.9999984 -0.03742587 0.3549562 -0.9341336 -1.33501e-7 0.3547378 -0.9349659 -0.03742593 -0.3549562 -0.9341335 -0.03658348 0 -0.9993306 0 -1.79258e-6 -1 -0.001829266 -0.3547493 -0.9349597 -2.17213e-7 -0.3547416 -0.9349645 0.001327395 -0.3547635 -0.9349552 0.001274585 0 -0.9999993 0.005678653 -0.3551895 -0.9347771 0.005429208 -2.16639e-7 -0.9999853 0.005951464 -0.7070941 -0.7070944 0.00902462 -0.7070779 -0.7070781 0.008587121 -0.3546749 -0.9349504 0.008189499 -1.3516e-7 -0.9999665 0.005678653 -0.9347772 -0.3551895 0.008586943 -0.9349502 -0.3546752 0.005678474 0.355189 -0.9347774 0.008586585 0.3546751 -0.9349503 0.009024441 0.7070788 -0.7070773 0.001327276 0.3547624 -0.9349555 0.005951642 0.707095 -0.7070935 0.00138545 0.707106 -0.7071063 -0.1599143 -0.3523213 -0.9221155 -0.1592504 -1.56189e-7 -0.9872382 -0.4050521 -0.3267655 -0.8539069 -0.4231568 -1.19952e-7 -0.9060565 -0.1599145 0.3523214 -0.9221155 -0.4050516 0.3267654 -0.8539074 -0.3732382 0.6560081 -0.6560081 -0.001829445 -0.3547493 0.9349597 -0.00186938 -0.7071034 0.7071076 -3.36123e-7 -0.3547419 0.9349642 0.001327395 -0.3547633 0.9349552 0.001385748 -0.7071059 0.7071064 0.001274585 3.29699e-7 0.9999992 0.9926532 -0.1209945 0 -0.7071065 0 -0.7071071 0 0.002538561 -0.9999968 -0.3547605 0 -0.9349573 0 0 -1 -0.3547605 0 -0.9349573 -0.7071068 0 -0.7071068 0.9347013 0 0.3554345 0.68249 0 0.730895 0 0 -1 0.9349572 0 -0.3547605 1 0 0 0.9999976 0.002225518 3.82839e-4 0.7071067 0 -0.7071068 -0.9349572 0 -0.3547607 -0.7071068 0 0.7071068 -0.9349572 0 0.3547605 0.3547605 0 -0.9349573 -0.9347014 0 0.3554342 -0.9997093 0 -0.02411401 0.9349572 0 -0.354761 0.9997093 0 -0.02411413 -0.9999968 0.002538502 0 -1 0 0 0.3547606 0 0.9349572 0.9349573 0 0.3547605 0 0.002538561 0.9999968 0 0 1 -0.6824899 0 0.7308951 0.7071066 0 -0.7071071 0.7071068 0 0.7071068 -0.3547606 0 0.9349572 -0.3547605 0 0.9349573 -0.9349572 0 -0.3547605 0.3547605 0 0.9349572 0 0 1 -0.9349543 0.002597987 -0.354759 -0.7071041 0.002657115 0.7071045 0.9349541 0.002598047 0.3547595 0.7071042 0.002657175 -0.7071044 -0.7071074 0.7071062 -2.55497e-7 0.7555842 0.6550515 -7.13706e-7</float_array>
          <technique_common>
            <accessor source="#Cube_004-mesh-normals-array" count="890" stride="3">
              <param name="X" type="float"/>
              <param name="Y" type="float"/>
              <param name="Z" type="float"/>
            </accessor>
          </technique_common>
        </source>
        <source id="Cube_004-mesh-map-0">
          <float_array id="Cube_004-mesh-map-0-array" count="10176">0.5215253 0.7248518 0.5213566 0.7253618 0.5212897 0.7251994 0.5213566 0.7253618 0.5211423 0.725791 0.5212897 0.7251994 0.5215235 0.725791 0.5213566 0.7253618 0.5215432 0.7251994 0.5212864 0.725836 0.5210648 0.7266331 0.5211423 0.725791 0.5214953 0.7266331 0.5212864 0.725836 0.5215235 0.725791 0.5218155 0.7266211 0.5215235 0.725791 0.5218155 0.7257517 0.5218155 0.7257517 0.5215432 0.7251994 0.5218155 0.7251178 0.5218155 0.7289323 0.5214953 0.7266331 0.5218155 0.7266211 0.5214809 0.7289323 0.5212298 0.7266452 0.5214953 0.7266331 0.5221357 0.7266331 0.5218155 0.7289323 0.5218155 0.7266211 0.5221075 0.725791 0.5218155 0.7266211 0.5218155 0.7257517 0.5221501 0.7289323 0.5224012 0.7266452 0.5224274 0.7289323 0.5223446 0.725836 0.5221357 0.7266331 0.5221075 0.725791 0.5225995 0.7289323 0.5224012 0.7266452 0.5225663 0.7266331 0.5225663 0.7266331 0.5223446 0.725836 0.5224888 0.725791 0.5226568 0.7289323 0.5225663 0.7266331 0.5226214 0.7266211 0.5226214 0.7266211 0.5224888 0.725791 0.5225375 0.7257517 0.5225663 0.7266331 0.5226568 0.7289323 0.5226214 0.7266211 0.5224888 0.725791 0.5226214 0.7266211 0.5225375 0.7257517 0.5225995 0.7295888 0.5226568 0.7289323 0.5225995 0.7289323 0.5226568 0.7289323 0.5225995 0.7295888 0.5225995 0.7289323 0.5226568 0.7295888 0.5225995 0.7302454 0.5225995 0.7295888 0.5225995 0.7302454 0.5226568 0.7295888 0.5225995 0.7295888 0.5224274 0.7295888 0.5225995 0.7289323 0.5224274 0.7289323 0.5224274 0.7302454 0.5225995 0.7295888 0.5224274 0.7295888 0.5221501 0.7302454 0.5224274 0.7295888 0.5221501 0.7295888 0.5221501 0.7295888 0.5224274 0.7289323 0.5221501 0.7289323 0.5218155 0.7295888 0.5221501 0.7302454 0.5221501 0.7295888 0.5218155 0.7289323 0.5221501 0.7295888 0.5221501 0.7289323 0.5214809 0.7302454 0.5218155 0.7295888 0.5214809 0.7295888 0.5214809 0.7295888 0.5218155 0.7289323 0.5214809 0.7289323 0.5212036 0.7295888 0.5214809 0.7289323 0.5212036 0.7289323 0.5212036 0.7302454 0.5214809 0.7295888 0.5212036 0.7295888 0.5210316 0.7302454 0.5212036 0.7295888 0.5210316 0.7295888 0.5210316 0.7295888 0.5212036 0.7289323 0.5210316 0.7289323 0.5209742 0.7302454 0.5210316 0.7295888 0.5209742 0.7295888 0.5209742 0.7295888 0.5210316 0.7289323 0.5209742 0.7289323 0.5210316 0.7302454 0.5209742 0.7295888 0.5210316 0.7295888 0.5210316 0.7295888 0.5209742 0.7289323 0.5210316 0.7289323 0.5212036 0.7295888 0.5210316 0.7289323 0.5212036 0.7289323 0.5212036 0.7302454 0.5210316 0.7295888 0.5212036 0.7295888 0.5214809 0.7295888 0.5212036 0.7289323 0.5214809 0.7289323 0.5214809 0.7302454 0.5212036 0.7295888 0.5214809 0.7295888 0.5218155 0.7295888 0.5214809 0.7302454 0.5214809 0.7295888 0.5218155 0.7295888 0.5214809 0.7289323 0.5218155 0.7289323 0.5221501 0.7302454 0.5218155 0.7295888 0.5221501 0.7295888 0.5221501 0.7295888 0.5218155 0.7289323 0.5221501 0.7289323 0.5224274 0.7295888 0.5221501 0.7289323 0.5224274 0.7289323 0.5224274 0.7302454 0.5221501 0.7295888 0.5224274 0.7295888 0.5225995 0.7302454 0.5224274 0.7295888 0.5225995 0.7295888 0.5225995 0.7295888 0.5224274 0.7289323 0.5225995 0.7289323 0.5221501 0.7327544 0.5224274 0.7302454 0.5224274 0.7327544 0.5225995 0.7327544 0.5224274 0.7302454 0.5225995 0.7302454 0.5226568 0.7327544 0.5225995 0.7302454 0.5226568 0.7302454 0.5226547 0.7336301 0.5225953 0.7345054 0.5225974 0.7336299 0.5225953 0.7345054 0.5224258 0.7336297 0.5225974 0.7336299 0.5225953 0.7345054 0.5226547 0.7336301 0.5225974 0.7336299 0.5224241 0.734505 0.5225974 0.7336299 0.5224258 0.7336297 0.5221492 0.7336299 0.5224241 0.734505 0.5224258 0.7336297 0.5218155 0.7336301 0.5221483 0.7345054 0.5221492 0.7336299 0.5214827 0.7345054 0.5218155 0.7336301 0.5214818 0.7336299 0.5212069 0.734505 0.5214818 0.7336299 0.5212053 0.7336297 0.5214809 0.7327544 0.5218155 0.7302454 0.5214809 0.7302454 0.5214809 0.7327544 0.5212036 0.7302454 0.5212036 0.7327544 0.5210316 0.7327544 0.5212036 0.7302454 0.5210316 0.7302454 0.5210337 0.7336299 0.5212069 0.734505 0.5212053 0.7336297 0.5209742 0.7327544 0.5210316 0.7302454 0.5209742 0.7302454 0.5209764 0.7336301 0.5210357 0.7345054 0.5210337 0.7336299 0.5210316 0.7327544 0.5209742 0.7302454 0.5210316 0.7302454 0.5210357 0.7345054 0.5209764 0.7336301 0.5210337 0.7336299 0.5212036 0.7327544 0.5210316 0.7302454 0.5212036 0.7302454 0.5212069 0.734505 0.5210337 0.7336299 0.5212053 0.7336297 0.5214818 0.7336299 0.5212069 0.734505 0.5212053 0.7336297 0.5218155 0.7336301 0.5214827 0.7345054 0.5214818 0.7336299 0.5214809 0.7327544 0.5212036 0.7302454 0.5214809 0.7302454 0.5218155 0.7327544 0.5214809 0.7302454 0.5218155 0.7302454 0.5221483 0.7345054 0.5218155 0.7336301 0.5221492 0.7336299 0.5221501 0.7327544 0.5218155 0.7302454 0.5221501 0.7302454 0.5224241 0.734505 0.5221492 0.7336299 0.5224258 0.7336297 0.5218155 0.7327544 0.5221501 0.7302454 0.5218155 0.7302454 0.5221501 0.7327544 0.5224274 0.7302454 0.5221501 0.7302454 0.5225995 0.7327544 0.5224274 0.7302454 0.5224274 0.7327544 0.5225995 0.7327544 0.5226568 0.7302454 0.5225995 0.7302454 0.5212298 0.7266452 0.5210316 0.7289323 0.5210648 0.7266331 0.5210648 0.7266331 0.5209742 0.7289323 0.5210096 0.7266211 0.5211423 0.725791 0.5210096 0.7266211 0.5210935 0.7257517 0.5209742 0.7289323 0.5210648 0.7266331 0.5210096 0.7266211 0.5210096 0.7266211 0.5211423 0.725791 0.5210935 0.7257517 0.5210935 0.7257517 0.5212897 0.7251994 0.521256 0.7251178 0.5212897 0.7251994 0.5210935 0.7257517 0.521256 0.7251178 0.5215253 0.7248518 0.521256 0.7251178 0.5212897 0.7251994 0.521256 0.7251178 0.5215253 0.7248518 0.5212897 0.7251994 0.5213566 0.7253618 0.5215253 0.7248518 0.5212897 0.7251994 0.5211423 0.725791 0.5213566 0.7253618 0.5212897 0.7251994 0.5213566 0.7253618 0.5215235 0.725791 0.5215432 0.7251994 0.5218155 0.7251178 0.5215253 0.7248518 0.5215432 0.7251994 0.5215432 0.7251994 0.5218155 0.7257517 0.5218155 0.7251178 0.5218155 0.7251178 0.5221057 0.7248518 0.5218155 0.7247341 0.5218155 0.7257517 0.5220878 0.7251994 0.5218155 0.7251178 0.5218155 0.7266211 0.5221075 0.725791 0.5218155 0.7257517 0.5215235 0.725791 0.5218155 0.7266211 0.5218155 0.7257517 0.5218155 0.7289323 0.5221357 0.7266331 0.5218155 0.7266211 0.5214953 0.7266331 0.5218155 0.7289323 0.5218155 0.7266211 0.5214809 0.7289323 0.5212298 0.7266452 0.5212036 0.7289323 0.5212864 0.725836 0.5214953 0.7266331 0.5215235 0.725791 0.5210316 0.7289323 0.5212298 0.7266452 0.5210648 0.7266331 0.5210648 0.7266331 0.5212864 0.725836 0.5211423 0.725791 0.5221501 0.7289323 0.5224012 0.7266452 0.5221357 0.7266331 0.5221357 0.7266331 0.5223446 0.725836 0.5221075 0.725791 0.5225995 0.7289323 0.5224012 0.7266452 0.5224274 0.7289323 0.5223446 0.725836 0.5225663 0.7266331 0.5224888 0.725791 0.5221075 0.725791 0.5222744 0.7253618 0.5220878 0.7251994 0.5222744 0.7253618 0.5224888 0.725791 0.5223413 0.7251994 0.5222744 0.7253618 0.5221057 0.7248518 0.5220878 0.7251994 0.5221057 0.7248518 0.522375 0.7251178 0.5221213 0.7247341 0.5223413 0.7251994 0.5225375 0.7257517 0.522375 0.7251178 0.5221057 0.7248518 0.5218155 0.7246056 0.5218155 0.7247341 0.5218155 0.7246056 0.5221057 0.7248518 0.5218155 0.7247341 0.522375 0.7251178 0.5221057 0.7248518 0.5221213 0.7247341 0.5221057 0.7248518 0.5222744 0.7253618 0.5220878 0.7251994 0.5221057 0.7248518 0.5218155 0.7251178 0.5218155 0.7247341 0.5215253 0.7248518 0.5218155 0.7251178 0.5215432 0.7251994 0.5218155 0.7246056 0.5215253 0.7248518 0.5215097 0.7247341 0.5220878 0.7251994 0.5218155 0.7257517 0.5218155 0.7251178 0.5224888 0.725791 0.5222744 0.7253618 0.5223413 0.7251994 0.5225375 0.7257517 0.5223413 0.7251994 0.522375 0.7251178 0.5222744 0.7253618 0.5221075 0.725791 0.5220878 0.7251994 0.5215253 0.7248518 0.5218155 0.7246056 0.5215097 0.7247341 0.5191929 0.7511156 0.5184457 0.7490178 0.519286 0.7481425 0.5184457 0.7490178 0.5174558 0.7511156 0.5181339 0.7481425 0.5191929 0.7462389 0.5184457 0.7490178 0.5181339 0.7481425 0.5191127 0.7455567 0.5181339 0.7481425 0.5179788 0.747707 0.5181339 0.7481425 0.5172128 0.7508903 0.5179788 0.747707 0.5191127 0.7455567 0.5205232 0.7448804 0.5191929 0.7462389 0.5205232 0.7455567 0.5205232 0.7448804 0.5205232 0.7448804 0.5205232 0.7455567 0.519286 0.7481425 0.5191929 0.7462389 0.5205232 0.7455567 0.5205232 0.7448804 0.5218535 0.7462389 0.5205232 0.7455567 0.5217603 0.7481425 0.5205232 0.747707 0.5205232 0.7508903 0.519286 0.7481425 0.5205232 0.747707 0.5217603 0.7481425 0.5205232 0.7508903 0.5205232 0.747707 0.5218535 0.7511156 0.5205232 0.7548503 0.5205232 0.7508903 0.5205232 0.7548503 0.5191929 0.7511156 0.5205232 0.7508903 0.5191127 0.7548503 0.5181339 0.7513772 0.5191929 0.7511156 0.5191127 0.7548503 0.5181339 0.7583236 0.5179788 0.7548503 0.5205232 0.7548503 0.5191929 0.758585 0.5191127 0.7548503 0.5181339 0.7513772 0.5172128 0.7548503 0.5174558 0.7511156 0.5181339 0.7583236 0.5172128 0.7548503 0.5179788 0.7548503 0.5174558 0.758585 0.5169248 0.7548503 0.5172128 0.7548503 0.5174558 0.7511156 0.5169248 0.7548503 0.5172128 0.7508903 0.5169248 0.7548503 0.5174558 0.7511156 0.5172128 0.7508903 0.5169248 0.7548503 0.5174558 0.758585 0.5172128 0.7548503 0.5172128 0.7548503 0.5181339 0.7513772 0.5174558 0.7511156 0.5172128 0.7548503 0.5181339 0.7583236 0.5179788 0.7548503 0.5172128 0.7588104 0.5181339 0.7615582 0.5174558 0.758585 0.5174558 0.758585 0.5184457 0.7606828 0.5181339 0.7583236 0.5181339 0.7583236 0.5191127 0.7548503 0.5179788 0.7548503 0.5184457 0.7606828 0.5191929 0.758585 0.5181339 0.7583236 0.5184457 0.7606828 0.5191929 0.7634618 0.519286 0.7615582 0.519286 0.7615582 0.5205232 0.764144 0.5205232 0.7619937 0.519286 0.7615582 0.5205232 0.7588104 0.5191929 0.758585 0.5205232 0.7588104 0.5217603 0.7615582 0.5218535 0.758585 0.5217603 0.7615582 0.5205232 0.764144 0.5218535 0.7634618 0.5226007 0.7606828 0.5218535 0.7634618 0.5229125 0.7615582 0.5218535 0.758585 0.5226007 0.7606828 0.5229125 0.7583236 0.5226007 0.7606828 0.5235905 0.758585 0.5229125 0.7583236 0.5229125 0.7615582 0.5219337 0.764144 0.5230675 0.7619937 0.5229125 0.7615582 0.5238335 0.7588104 0.5235905 0.758585 0.5229125 0.7583236 0.5238335 0.7548503 0.5230675 0.7548503 0.5235905 0.758585 0.5241215 0.7548503 0.5238335 0.7548503 0.5241215 0.7548503 0.5235905 0.758585 0.5238335 0.7548503 0.5238335 0.7588104 0.5229125 0.7615582 0.5235905 0.758585 0.5235905 0.758585 0.5226007 0.7606828 0.5229125 0.7583236 0.5238335 0.7548503 0.5229125 0.7583236 0.5230675 0.7548503 0.5229125 0.7583236 0.5219337 0.7548503 0.5230675 0.7548503 0.5226007 0.7606828 0.5218535 0.758585 0.5229125 0.7583236 0.5218535 0.7634618 0.5226007 0.7606828 0.5229125 0.7615582 0.5205232 0.764144 0.5217603 0.7615582 0.5218535 0.7634618 0.5217603 0.7615582 0.5205232 0.7588104 0.5218535 0.758585 0.5205232 0.7649526 0.5218535 0.7634618 0.5219337 0.764144 0.5219337 0.764144 0.5229125 0.7615582 0.5230675 0.7619937 0.5218535 0.7634618 0.5205232 0.7649526 0.5219337 0.764144 0.5205232 0.7649526 0.5191929 0.7634618 0.5205232 0.764144 0.5191929 0.7634618 0.5205232 0.7649526 0.5205232 0.764144 0.5191127 0.764144 0.5181339 0.7615582 0.5191929 0.7634618 0.5181339 0.7615582 0.5191127 0.764144 0.5191929 0.7634618 0.5181339 0.7615582 0.5172128 0.7588104 0.5174558 0.758585 0.5184457 0.7606828 0.5174558 0.758585 0.5181339 0.7583236 0.5191929 0.7634618 0.5184457 0.7606828 0.519286 0.7615582 0.5191929 0.758585 0.5184457 0.7606828 0.5181339 0.7583236 0.5205232 0.7588104 0.519286 0.7615582 0.5191929 0.758585 0.5205232 0.764144 0.519286 0.7615582 0.5205232 0.7619937 0.5218535 0.758585 0.5205232 0.7548503 0.5219337 0.7548503 0.5229125 0.7513772 0.5219337 0.7548503 0.5218535 0.7511156 0.5238335 0.7548503 0.5229125 0.7513772 0.5235905 0.7511156 0.5235905 0.7511156 0.5226007 0.7490178 0.5229125 0.7481425 0.5226007 0.7490178 0.5218535 0.7511156 0.5217603 0.7481425 0.5218535 0.7462389 0.5226007 0.7490178 0.5217603 0.7481425 0.5219337 0.7455567 0.5229125 0.7481425 0.5218535 0.7462389 0.5238335 0.7508903 0.5229125 0.7481425 0.5230675 0.747707 0.5229125 0.7481425 0.5219337 0.7455567 0.5218535 0.7462389 0.5229125 0.7481425 0.5238335 0.7508903 0.5230675 0.747707 0.5235905 0.7511156 0.5241215 0.7548503 0.5238335 0.7508903 0.5241215 0.7548503 0.5235905 0.7511156 0.5238335 0.7508903 0.5229125 0.7513772 0.5238335 0.7548503 0.5235905 0.7511156 0.5226007 0.7490178 0.5235905 0.7511156 0.5229125 0.7481425 0.5219337 0.7548503 0.5229125 0.7513772 0.5218535 0.7511156 0.5218535 0.7511156 0.5226007 0.7490178 0.5217603 0.7481425 0.5226007 0.7490178 0.5218535 0.7462389 0.5217603 0.7481425 0.5217603 0.7481425 0.5205232 0.7455567 0.5205232 0.747707 0.5205232 0.7508903 0.5217603 0.7481425 0.5205232 0.747707 0.5205232 0.7455567 0.5205232 0.7448804 0.5205232 0.7448804 0.5219337 0.7455567 0.5205232 0.7448804 0.5218535 0.7462389 0.5219337 0.7455567 0.5205232 0.7448804 0.5205232 0.7448804 0.5205232 0.7455567 0.5205232 0.7448804 0.5191929 0.7462389 0.5191127 0.7455567 0.5205232 0.7448804 0.5205232 0.7448804 0.5181339 0.7481425 0.5191127 0.7455567 0.5179788 0.747707 0.5184457 0.7490178 0.5191929 0.7462389 0.5181339 0.7481425 0.519286 0.7481425 0.5205232 0.7455567 0.5191929 0.7462389 0.5184457 0.7490178 0.5191929 0.7511156 0.519286 0.7481425 0.519286 0.7481425 0.5205232 0.7508903 0.5205232 0.747707 0.5181339 0.7513772 0.5191127 0.7548503 0.5191929 0.7511156 0.5191929 0.7511156 0.5205232 0.7548503 0.5205232 0.7508903 0.5174558 0.7511156 0.5184457 0.7490178 0.5181339 0.7481425 0.5205232 0.7548503 0.5218535 0.7511156 0.5205232 0.7508903 0.5191929 0.758585 0.5205232 0.7548503 0.5191127 0.7548503 0.5205232 0.7548503 0.5218535 0.758585 0.5219337 0.7548503 0.5219337 0.7548503 0.5229125 0.7583236 0.5230675 0.7548503 0.5172128 0.7508903 0.5181339 0.7481425 0.5179788 0.747707 0.5219767 0.7333328 0.5220906 0.7343711 0.5217916 0.7333604 0.5213252 0.7333482 0.5217916 0.7333604 0.5212758 0.7333328 0.5213801 0.7343723 0.5217916 0.7333604 0.5220906 0.7343711 0.5205232 0.7333854 0.5212758 0.7333328 0.5205232 0.7333189 0.5212758 0.7333328 0.5205232 0.7343726 0.5205232 0.7333189 0.5197706 0.7333328 0.5205232 0.7343726 0.5196663 0.7343723 0.5205232 0.7333854 0.5197706 0.7333328 0.5197211 0.7333482 0.5196663 0.7343723 0.5205232 0.736003 0.5195983 0.7359975 0.5213801 0.7343723 0.5205232 0.736003 0.5205232 0.7343726 0.5189558 0.7343711 0.5195983 0.7359975 0.5188319 0.7359912 0.5192547 0.7333604 0.5196663 0.7343723 0.5189558 0.7343711 0.5188319 0.7378062 0.5195983 0.7359975 0.5195983 0.7378107 0.5205232 0.7378147 0.5195983 0.739624 0.5195983 0.7378107 0.518514 0.7343723 0.5188319 0.7359912 0.5183562 0.7359975 0.5183562 0.7378107 0.5188319 0.7396212 0.5183562 0.739624 0.5181976 0.7378147 0.5183562 0.739624 0.5181976 0.7396265 0.5183663 0.7343726 0.5183562 0.7359975 0.5181976 0.736003 0.5183663 0.7343726 0.5183562 0.7359975 0.518514 0.7343723 0.5181976 0.7378147 0.5183562 0.739624 0.5183562 0.7378107 0.5188319 0.7359912 0.518514 0.7343723 0.5183562 0.7359975 0.5188319 0.7378062 0.5183562 0.7359975 0.5183562 0.7378107 0.5189558 0.7343711 0.5190697 0.7333328 0.518514 0.7343723 0.5189767 0.7333189 0.518514 0.7343723 0.5190697 0.7333328 0.5196781 0.7333854 0.5190697 0.7333328 0.5197211 0.7333482 0.5197211 0.7333482 0.5192547 0.7333604 0.5197706 0.7333328 0.5192547 0.7333604 0.5196663 0.7343723 0.5197706 0.7333328 0.5197706 0.7333328 0.5205232 0.7343726 0.5205232 0.7333189 0.5205232 0.7333854 0.5197706 0.7333328 0.5205232 0.7333189 0.5189558 0.7343711 0.5195983 0.7359975 0.5196663 0.7343723 0.5196663 0.7343723 0.5205232 0.736003 0.5205232 0.7343726 0.5205232 0.736003 0.5213801 0.7343723 0.5205232 0.7343726 0.5205232 0.7343726 0.5212758 0.7333328 0.5205232 0.7333189 0.5205232 0.7378147 0.5214481 0.739624 0.5214481 0.7378107 0.5205232 0.7378147 0.5195983 0.739624 0.5205232 0.7396265 0.5205232 0.7396265 0.5214481 0.7434591 0.5214481 0.739624 0.5205232 0.7396265 0.5195983 0.7434591 0.5205232 0.7434591 0.5195983 0.7378107 0.5188319 0.7396212 0.5195983 0.739624 0.5195983 0.739624 0.5188319 0.7434592 0.5195983 0.7434591 0.5195983 0.7434591 0.5189043 0.7458104 0.5196381 0.745818 0.5205232 0.7434591 0.5196381 0.745818 0.5205232 0.7458255 0.5188319 0.7434592 0.5183562 0.739624 0.5183562 0.7434591 0.5188319 0.7434592 0.5184479 0.745818 0.5189043 0.7458104 0.5181976 0.7396265 0.5183562 0.7434591 0.5183562 0.739624 0.5183562 0.7434591 0.5182955 0.7458255 0.5184479 0.745818 0.5189043 0.7458104 0.5190697 0.7468319 0.5192547 0.7467308 0.5184479 0.745818 0.5189767 0.7468826 0.5190697 0.7468319 0.5190697 0.7468319 0.5196781 0.7471215 0.5197211 0.7470481 0.5192547 0.7467308 0.5197211 0.7470481 0.5197706 0.7468319 0.5196381 0.745818 0.5192547 0.7467308 0.5197706 0.7468319 0.5197706 0.7468319 0.5205232 0.7471215 0.5205232 0.7468826 0.5205232 0.7458255 0.5197706 0.7468319 0.5205232 0.7468826 0.5205232 0.7458255 0.5212758 0.7468319 0.5214082 0.745818 0.5212758 0.7468319 0.5205232 0.7471215 0.5213252 0.7470481 0.5217916 0.7467308 0.5213252 0.7470481 0.5219767 0.7468319 0.5214082 0.745818 0.5217916 0.7467308 0.5221421 0.7458104 0.5219767 0.7468319 0.5213683 0.7471215 0.5220696 0.7468826 0.5219767 0.7468319 0.5221421 0.7458104 0.5217916 0.7467308 0.5225984 0.745818 0.5220696 0.7468826 0.5227509 0.7458255 0.5226901 0.7434591 0.5227509 0.7458255 0.5228487 0.7434591 0.5225984 0.745818 0.5222145 0.7434592 0.5221421 0.7458104 0.5222145 0.7434592 0.5226901 0.739624 0.5222145 0.7396212 0.5226901 0.7434591 0.5228487 0.7396265 0.5226901 0.739624 0.5222145 0.7378062 0.5226901 0.7359975 0.5222145 0.7359912 0.5226901 0.739624 0.5228487 0.7378147 0.5226901 0.7378107 0.5228487 0.7396265 0.5226901 0.7434591 0.5226901 0.739624 0.5228487 0.7378147 0.5226901 0.739624 0.5226901 0.7378107 0.5226901 0.7378107 0.5222145 0.7396212 0.5222145 0.7378062 0.5226901 0.739624 0.5222145 0.7434592 0.5222145 0.7396212 0.5222145 0.7434592 0.5214481 0.739624 0.5222145 0.7396212 0.5222145 0.7378062 0.5214481 0.7359975 0.5222145 0.7359912 0.5214481 0.739624 0.5205232 0.7378147 0.5214481 0.7378107 0.5214481 0.7434591 0.5205232 0.7396265 0.5214481 0.739624 0.5205232 0.7396265 0.5195983 0.7434591 0.5195983 0.739624 0.5205232 0.7434591 0.5196381 0.745818 0.5195983 0.7434591 0.5214082 0.745818 0.5205232 0.7434591 0.5214481 0.7434591 0.5205232 0.7458255 0.5205232 0.7468826 0.5197706 0.7468319 0.5205232 0.7458255 0.5214082 0.745818 0.5212758 0.7468319 0.5189043 0.7458104 0.5195983 0.7434591 0.5196381 0.745818 0.5188319 0.7434592 0.5184479 0.745818 0.5183562 0.7434591 0.5189043 0.7458104 0.5190697 0.7468319 0.5184479 0.745818 0.5188319 0.7434592 0.5195983 0.739624 0.5195983 0.7434591 0.5183562 0.739624 0.5188319 0.7434592 0.5183562 0.7434591 0.5181976 0.7396265 0.5183562 0.7434591 0.5181976 0.7434591 0.5183562 0.7434591 0.5182955 0.7458255 0.5181976 0.7434591 0.5192547 0.7467308 0.5197211 0.7470481 0.5190697 0.7468319 0.5184479 0.745818 0.5189767 0.7468826 0.5182955 0.7458255 0.5190697 0.7468319 0.5196781 0.7471215 0.5189767 0.7468826 0.5197706 0.7468319 0.5205232 0.7471215 0.5197211 0.7470481 0.5205232 0.7471215 0.5212758 0.7468319 0.5213252 0.7470481 0.5213683 0.7471215 0.5219767 0.7468319 0.5220696 0.7468826 0.5213252 0.7470481 0.5217916 0.7467308 0.5219767 0.7468319 0.5219767 0.7468319 0.5221421 0.7458104 0.5225984 0.745818 0.5221421 0.7458104 0.5214481 0.7434591 0.5222145 0.7434592 0.5225984 0.745818 0.5222145 0.7434592 0.5226901 0.7434591 0.5220696 0.7468826 0.5225984 0.745818 0.5227509 0.7458255 0.5227509 0.7458255 0.5226901 0.7434591 0.5228487 0.7434591 0.5214481 0.7359975 0.5220906 0.7343711 0.5222145 0.7359912 0.5225324 0.7343723 0.5222145 0.7359912 0.5220906 0.7343711 0.5226801 0.7343726 0.5226901 0.7359975 0.5225324 0.7343723 0.5220696 0.7333189 0.5225324 0.7343723 0.5219767 0.7333328 0.5226901 0.7359975 0.5226801 0.7343726 0.5225324 0.7343723 0.5225324 0.7343723 0.5220696 0.7333189 0.5219767 0.7333328 0.5213683 0.7333854 0.5219767 0.7333328 0.5213252 0.7333482 0.5219767 0.7333328 0.5213683 0.7333854 0.5213252 0.7333482 0.5213252 0.7333482 0.5205232 0.7335854 0.5205232 0.7333854 0.5205232 0.7335854 0.5213252 0.7333482 0.5205232 0.7333854 0.5205232 0.7335854 0.5197211 0.7333482 0.5205232 0.7333854 0.5205232 0.7335854 0.5197211 0.7333482 0.5196781 0.7333854 0.5196781 0.7333854 0.5190697 0.7333328 0.5189767 0.7333189 0.5197211 0.7333482 0.5192547 0.7333604 0.5190697 0.7333328 0.5189767 0.7333189 0.518514 0.7343723 0.5183663 0.7343726 0.5190697 0.7333328 0.5189558 0.7343711 0.518514 0.7343723 0.5212758 0.7333328 0.5205232 0.7333854 0.5205232 0.7333189 0.5217916 0.7333604 0.5213252 0.7333482 0.5212758 0.7333328 0.5213801 0.7343723 0.5217916 0.7333604 0.5212758 0.7333328 0.5220906 0.7343711 0.5219767 0.7333328 0.5217916 0.7333604 0.5222145 0.7359912 0.5225324 0.7343723 0.5220906 0.7343711 0.5214481 0.7359975 0.5220906 0.7343711 0.5213801 0.7343723 0.5214481 0.7378107 0.5222145 0.7396212 0.5222145 0.7378062 0.5214481 0.739624 0.5222145 0.7434592 0.5222145 0.7396212 0.5214481 0.7434591 0.5221421 0.7458104 0.5222145 0.7434592 0.5205232 0.7434591 0.5214082 0.745818 0.5214481 0.7434591 0.527135 0.7447884 0.5269958 0.7454207 0.5269817 0.7449955 0.5269958 0.7442958 0.527135 0.7447884 0.5269817 0.7449955 0.5272961 0.7442905 0.527135 0.7447884 0.5271863 0.7442377 0.5273333 0.7434344 0.5271863 0.7442377 0.527212 0.7434344 0.5270082 0.7434344 0.5271863 0.7442377 0.5269958 0.7442958 0.5267047 0.7443791 0.5269817 0.7449955 0.5267009 0.7451624 0.5267084 0.7434344 0.5269958 0.7442958 0.5267047 0.7443791 0.5262987 0.7444163 0.5267009 0.7451624 0.5262982 0.74523 0.5262991 0.7434344 0.5267047 0.7443791 0.5262987 0.7444163 0.5248387 0.7444217 0.5262982 0.74523 0.5248387 0.7452397 0.5248387 0.7434344 0.5262987 0.7444163 0.5248387 0.7444217 0.5248387 0.7444217 0.5244831 0.7452397 0.5244831 0.7444217 0.5248387 0.7434344 0.5244831 0.7444217 0.5244831 0.7434344 0.5244831 0.7444217 0.5240503 0.7452397 0.5240503 0.7444217 0.5244831 0.7434344 0.5240503 0.7444217 0.5240503 0.7434344 0.5240503 0.7434344 0.5229928 0.744417 0.522992 0.7434344 0.5240503 0.7444217 0.5229936 0.7452314 0.5229928 0.744417 0.5229928 0.7424518 0.5240503 0.7434344 0.522992 0.7434344 0.5240503 0.7424471 0.5244831 0.7434344 0.5240503 0.7434344 0.5225984 0.7424565 0.522992 0.7434344 0.5225965 0.7434344 0.522992 0.7434344 0.5225984 0.7444123 0.5225965 0.7434344 0.5229928 0.744417 0.5226002 0.7452231 0.5225984 0.7444123 0.5226002 0.7452231 0.5229928 0.7457374 0.5225984 0.7457274 0.5225984 0.7457274 0.522992 0.7459062 0.5225965 0.7458958 0.522992 0.7459062 0.5225984 0.7457274 0.5225965 0.7458958 0.5229928 0.7457374 0.5240503 0.7459167 0.522992 0.7459062 0.5240503 0.7459167 0.5229928 0.7457374 0.522992 0.7459062 0.5240503 0.7457475 0.5229936 0.7452314 0.5229928 0.7457374 0.5229928 0.7457374 0.5226002 0.7452231 0.5225984 0.7457274 0.5229936 0.7452314 0.5240503 0.7444217 0.5229928 0.744417 0.5226002 0.7452231 0.5229928 0.744417 0.5225984 0.7444123 0.5229928 0.744417 0.5240503 0.7434344 0.522992 0.7434344 0.5225984 0.7444123 0.522992 0.7434344 0.5225965 0.7434344 0.522992 0.7434344 0.5225984 0.7424565 0.5225965 0.7434344 0.5229928 0.7424518 0.5226002 0.7416457 0.5225984 0.7424565 0.5226002 0.7416457 0.5229928 0.7411314 0.5225984 0.7411414 0.5225984 0.7411414 0.522992 0.7409626 0.5225965 0.740973 0.522992 0.7409626 0.5225984 0.7411414 0.5225965 0.740973 0.5229928 0.7411314 0.5240503 0.7409521 0.522992 0.7409626 0.5240503 0.7409521 0.5229928 0.7411314 0.522992 0.7409626 0.5240503 0.7411214 0.5229936 0.7416374 0.5229928 0.7411314 0.5229928 0.7411314 0.5226002 0.7416457 0.5225984 0.7411414 0.5226002 0.7416457 0.5229928 0.7424518 0.5225984 0.7424565 0.5229936 0.7416374 0.5240503 0.7424471 0.5229928 0.7424518 0.5240503 0.7416291 0.5244831 0.7424471 0.5240503 0.7424471 0.5240503 0.7411214 0.5244831 0.7416291 0.5240503 0.7416291 0.5248387 0.7416291 0.5244831 0.7424471 0.5244831 0.7416291 0.5248387 0.7411214 0.5244831 0.7416291 0.5244831 0.7411214 0.5240503 0.7409521 0.5244831 0.7411214 0.5240503 0.7411214 0.5244831 0.7409521 0.5248387 0.7411214 0.5244831 0.7411214 0.5248387 0.7411214 0.5262982 0.7416388 0.5248387 0.7416291 0.5248387 0.7409521 0.5262987 0.7411336 0.5248387 0.7411214 0.5262987 0.7411336 0.5248387 0.7409521 0.5248387 0.7411214 0.5248387 0.7411214 0.5244831 0.7409521 0.5244831 0.7411214 0.5262982 0.7416388 0.5248387 0.7411214 0.5248387 0.7416291 0.5248387 0.7416291 0.5244831 0.7411214 0.5244831 0.7416291 0.5240503 0.7416291 0.5244831 0.7411214 0.5240503 0.7411214 0.5244831 0.7411214 0.5240503 0.7409521 0.5240503 0.7411214 0.5229936 0.7416374 0.5240503 0.7411214 0.5229928 0.7411314 0.5240503 0.7424471 0.5229936 0.7416374 0.5229928 0.7424518 0.5240503 0.7424471 0.5244831 0.7416291 0.5240503 0.7416291 0.5240503 0.7434344 0.5229928 0.7424518 0.522992 0.7434344 0.5244831 0.7434344 0.5240503 0.7424471 0.5240503 0.7434344 0.5244831 0.7434344 0.5248387 0.7424471 0.5244831 0.7424471 0.5244831 0.7424471 0.5248387 0.7416291 0.5244831 0.7416291 0.5240503 0.7444217 0.5244831 0.7434344 0.5240503 0.7434344 0.5248387 0.7444217 0.5244831 0.7434344 0.5244831 0.7444217 0.5262987 0.7444163 0.5248387 0.7434344 0.5248387 0.7444217 0.5248387 0.7434344 0.5262987 0.7424525 0.5248387 0.7424471 0.5267047 0.7443791 0.5262991 0.7434344 0.5262987 0.7444163 0.5262991 0.7434344 0.5267047 0.7424897 0.5262987 0.7424525 0.5262987 0.7424525 0.5267009 0.7417064 0.5262982 0.7416388 0.5248387 0.7424471 0.5262982 0.7416388 0.5248387 0.7416291 0.5267047 0.7424897 0.5269817 0.7418733 0.5267009 0.7417064 0.5267084 0.7434344 0.5269958 0.742573 0.5267047 0.7424897 0.5269958 0.742573 0.527135 0.7420805 0.5269817 0.7418733 0.5270082 0.7434344 0.5271863 0.7426311 0.5269958 0.742573 0.527135 0.7420805 0.5272961 0.7425783 0.5271863 0.7418829 0.5271863 0.7426311 0.5273333 0.7434344 0.5272961 0.7425783 0.5271863 0.7442377 0.5270082 0.7434344 0.5269958 0.7442958 0.5271863 0.7442377 0.5273333 0.7434344 0.527212 0.7434344 0.5272961 0.7442905 0.5273738 0.7434344 0.5273333 0.7434344 0.5272961 0.7425783 0.5273738 0.7434344 0.5273333 0.7425323 0.5273738 0.7434344 0.5272961 0.7425783 0.5273333 0.7425323 0.5273738 0.7434344 0.5272961 0.7442905 0.5273333 0.7434344 0.5273333 0.7434344 0.5271863 0.7426311 0.5272961 0.7425783 0.5272961 0.7425783 0.527135 0.7420805 0.5271863 0.7418829 0.5273333 0.7425323 0.5271863 0.7418829 0.527212 0.7417837 0.527135 0.7420805 0.5269958 0.742573 0.5269817 0.7418733 0.5271863 0.7426311 0.5270082 0.7434344 0.5269958 0.742573 0.5269958 0.742573 0.5267084 0.7434344 0.5267047 0.7424897 0.5269817 0.7418733 0.5267047 0.7424897 0.5267009 0.7417064 0.5269958 0.7414481 0.527135 0.7420805 0.5269817 0.7418733 0.5267047 0.7412194 0.5269817 0.7418733 0.5267009 0.7417064 0.5270082 0.7413042 0.5271863 0.7418829 0.5269958 0.7414481 0.5267084 0.7410566 0.5269958 0.7414481 0.5267047 0.7412194 0.5262991 0.7409652 0.5267047 0.7412194 0.5262987 0.7411336 0.5262987 0.7411336 0.5267009 0.7417064 0.5262982 0.7416388 0.5267047 0.7412194 0.5262991 0.7409652 0.5262987 0.7411336 0.5269958 0.7414481 0.5267084 0.7410566 0.5267047 0.7412194 0.5267009 0.7417064 0.5262987 0.7411336 0.5262982 0.7416388 0.5269817 0.7418733 0.5267047 0.7412194 0.5267009 0.7417064 0.5271863 0.7418829 0.5270082 0.7413042 0.5269958 0.7414481 0.527135 0.7420805 0.5269958 0.7414481 0.5269817 0.7418733 0.5271863 0.7418829 0.5273333 0.7425323 0.527212 0.7417837 0.5267009 0.7417064 0.5262987 0.7424525 0.5262982 0.7416388 0.5262982 0.7416388 0.5248387 0.7424471 0.5248387 0.7416291 0.5262987 0.7424525 0.5248387 0.7434344 0.5248387 0.7424471 0.5267047 0.7424897 0.5262991 0.7434344 0.5262987 0.7424525 0.5248387 0.7424471 0.5244831 0.7434344 0.5244831 0.7424471 0.5271863 0.7449858 0.5273333 0.7443365 0.5272961 0.7442905 0.5273333 0.7443365 0.5271863 0.7449858 0.5272961 0.7442905 0.5271863 0.7449858 0.5270082 0.7455646 0.5269958 0.7454207 0.5270082 0.7455646 0.5271863 0.7449858 0.5269958 0.7454207 0.5269958 0.7454207 0.5267084 0.7458122 0.5267047 0.7456495 0.5267084 0.7458122 0.5269958 0.7454207 0.5267047 0.7456495 0.5269817 0.7449955 0.5267047 0.7456495 0.5267009 0.7451624 0.5267009 0.7451624 0.5262987 0.7457352 0.5262982 0.74523 0.5267047 0.7456495 0.5262991 0.7459036 0.5262987 0.7457352 0.5262982 0.74523 0.5248387 0.7457475 0.5248387 0.7452397 0.5262987 0.7457352 0.5248387 0.7459167 0.5248387 0.7457475 0.5248387 0.7459167 0.5262987 0.7457352 0.5248387 0.7457475 0.5262991 0.7459036 0.5267047 0.7456495 0.5262987 0.7457352 0.5262987 0.7457352 0.5267009 0.7451624 0.5262982 0.74523 0.5248387 0.7457475 0.5262982 0.74523 0.5248387 0.7452397 0.5267009 0.7451624 0.5262987 0.7444163 0.5262982 0.74523 0.5262982 0.74523 0.5248387 0.7444217 0.5248387 0.7452397 0.5244831 0.7452397 0.5248387 0.7444217 0.5244831 0.7444217 0.5248387 0.7457475 0.5244831 0.7452397 0.5244831 0.7457475 0.5240503 0.7452397 0.5244831 0.7444217 0.5240503 0.7444217 0.5240503 0.7457475 0.5244831 0.7452397 0.5240503 0.7452397 0.5244831 0.7459167 0.5240503 0.7457475 0.5240503 0.7459167 0.5248387 0.7459167 0.5244831 0.7457475 0.5244831 0.7459167 0.5240503 0.7457475 0.5244831 0.7459167 0.5240503 0.7459167 0.5248387 0.7457475 0.5244831 0.7459167 0.5244831 0.7457475 0.5240503 0.7452397 0.5244831 0.7457475 0.5240503 0.7457475 0.5248387 0.7452397 0.5244831 0.7457475 0.5244831 0.7452397 0.5229936 0.7452314 0.5240503 0.7457475 0.5229928 0.7457374 0.5267047 0.7456495 0.5269817 0.7449955 0.5267009 0.7451624 0.5269817 0.7449955 0.5267047 0.7443791 0.5267009 0.7451624 0.5269958 0.7442958 0.5267084 0.7434344 0.5267047 0.7443791 0.527135 0.7447884 0.5269958 0.7442958 0.5269817 0.7449955 0.5269958 0.7454207 0.527135 0.7447884 0.5269817 0.7449955 0.527135 0.7447884 0.5272961 0.7442905 0.5271863 0.7442377 0.5196897 0.7253618 0.519521 0.7248518 0.5197567 0.7251994 0.5196897 0.7253618 0.5199041 0.725791 0.5197599 0.725836 0.5196897 0.7253618 0.5195228 0.725791 0.5195031 0.7251994 0.5197599 0.725836 0.5199816 0.7266331 0.5198165 0.7266452 0.5197599 0.725836 0.519551 0.7266331 0.5195228 0.725791 0.5199041 0.725791 0.5200368 0.7266211 0.5199816 0.7266331 0.5197567 0.7251994 0.5199528 0.7257517 0.5199041 0.725791 0.5199041 0.725791 0.5200368 0.7266211 0.5199528 0.7257517 0.5197567 0.7251994 0.5199528 0.7257517 0.5197903 0.7251178 0.5197903 0.7251178 0.519521 0.7248518 0.5197567 0.7251994 0.5197903 0.7251178 0.519521 0.7248518 0.5195366 0.7247341 0.519521 0.7248518 0.5192308 0.7246056 0.5192308 0.7247341 0.519521 0.7248518 0.5192308 0.7246056 0.5195366 0.7247341 0.519521 0.7248518 0.5192308 0.7251178 0.5195031 0.7251994 0.5196897 0.7253618 0.519521 0.7248518 0.5195031 0.7251994 0.5196897 0.7253618 0.5195228 0.725791 0.5197599 0.725836 0.5195031 0.7251994 0.5192308 0.7257517 0.5195228 0.725791 0.5192308 0.7251178 0.5189406 0.7248518 0.5189586 0.7251994 0.5189586 0.7251994 0.5192308 0.7257517 0.5192308 0.7251178 0.5195228 0.725791 0.5192308 0.7266211 0.519551 0.7266331 0.5189388 0.725791 0.5192308 0.7266211 0.5192308 0.7257517 0.518772 0.7253618 0.5189388 0.725791 0.5189586 0.7251994 0.5187017 0.725836 0.5189107 0.7266331 0.5189388 0.725791 0.5189107 0.7266331 0.5192308 0.7289323 0.5192308 0.7266211 0.5186452 0.7266452 0.5188962 0.7289323 0.5189107 0.7266331 0.5187017 0.725836 0.5184801 0.7266331 0.5186452 0.7266452 0.5184469 0.7289323 0.5186452 0.7266452 0.5184801 0.7266331 0.518619 0.7289323 0.5188962 0.7295888 0.5188962 0.7289323 0.5184469 0.7289323 0.518619 0.7295888 0.518619 0.7289323 0.5183895 0.7289323 0.5184469 0.7295888 0.5184469 0.7289323 0.5183895 0.7289323 0.5184801 0.7266331 0.5184249 0.7266211 0.5183895 0.7295888 0.5184469 0.7302454 0.5184469 0.7295888 0.5184469 0.7295888 0.518619 0.7302454 0.518619 0.7295888 0.5183895 0.7289323 0.5184469 0.7295888 0.5183895 0.7295888 0.5183895 0.7295888 0.5184469 0.7302454 0.5183895 0.7302454 0.518619 0.7289323 0.5184469 0.7295888 0.5184469 0.7289323 0.518619 0.7295888 0.5184469 0.7302454 0.5184469 0.7295888 0.5188962 0.7289323 0.518619 0.7295888 0.518619 0.7289323 0.5188962 0.7295888 0.518619 0.7302454 0.518619 0.7295888 0.5192308 0.7295888 0.5188962 0.7302454 0.5188962 0.7295888 0.5192308 0.7289323 0.5188962 0.7295888 0.5188962 0.7289323 0.5195654 0.7289323 0.5192308 0.7295888 0.5192308 0.7289323 0.5192308 0.7295888 0.5195654 0.7302454 0.5192308 0.7302454 0.5198428 0.7289323 0.5195654 0.7295888 0.5195654 0.7289323 0.5198428 0.7295888 0.5195654 0.7302454 0.5195654 0.7295888 0.5200148 0.7295888 0.5198428 0.7302454 0.5198428 0.7295888 0.5200148 0.7289323 0.5198428 0.7295888 0.5198428 0.7289323 0.5200722 0.7295888 0.5200148 0.7302454 0.5200148 0.7295888 0.5200722 0.7289323 0.5200148 0.7295888 0.5200148 0.7289323 0.5200148 0.7289323 0.5200722 0.7295888 0.5200722 0.7289323 0.5200148 0.7295888 0.5200722 0.7302454 0.5200722 0.7295888 0.5198428 0.7289323 0.5200148 0.7295888 0.5200148 0.7289323 0.5198428 0.7295888 0.5200148 0.7302454 0.5200148 0.7295888 0.5195654 0.7289323 0.5198428 0.7295888 0.5198428 0.7289323 0.5195654 0.7295888 0.5198428 0.7302454 0.5198428 0.7295888 0.5192308 0.7295888 0.5195654 0.7302454 0.5195654 0.7295888 0.5192308 0.7289323 0.5195654 0.7295888 0.5195654 0.7289323 0.5192308 0.7289323 0.5188962 0.7295888 0.5192308 0.7295888 0.5192308 0.7295888 0.5188962 0.7302454 0.5192308 0.7302454 0.518619 0.7295888 0.5188962 0.7302454 0.5188962 0.7295888 0.5188962 0.7327544 0.5192308 0.7302454 0.5188962 0.7302454 0.518619 0.7302454 0.5188962 0.7327544 0.5188962 0.7302454 0.5184469 0.7302454 0.518619 0.7327544 0.518619 0.7302454 0.518449 0.7336299 0.5186222 0.734505 0.5186206 0.7336297 0.5188971 0.7336299 0.5186222 0.734505 0.518898 0.7345054 0.5192308 0.7336301 0.518898 0.7345054 0.5192308 0.7345058 0.5192308 0.7336301 0.5195636 0.7345054 0.5195645 0.7336299 0.5195645 0.7336299 0.5198394 0.734505 0.5198411 0.7336297 0.5195654 0.7327544 0.5198428 0.7302454 0.5195654 0.7302454 0.5192308 0.7327544 0.5195654 0.7302454 0.5192308 0.7302454 0.5200127 0.7336299 0.5198394 0.734505 0.5200107 0.7345054 0.5198428 0.7302454 0.5200148 0.7327544 0.5200148 0.7302454 0.52007 0.7336301 0.5200107 0.7345054 0.5200678 0.7345058 0.5200148 0.7327544 0.5200722 0.7302454 0.5200148 0.7302454 0.52007 0.7336301 0.5200107 0.7345054 0.5200127 0.7336299 0.5200127 0.7336299 0.5198394 0.734505 0.5198411 0.7336297 0.5195645 0.7336299 0.5198394 0.734505 0.5195636 0.7345054 0.5192308 0.7336301 0.5195636 0.7345054 0.5192308 0.7345058 0.5198428 0.7302454 0.5195654 0.7327544 0.5195654 0.7302454 0.5195654 0.7327544 0.5192308 0.7302454 0.5195654 0.7302454 0.5192308 0.7327544 0.5188962 0.7302454 0.5192308 0.7302454 0.5192308 0.7336301 0.518898 0.7345054 0.5188971 0.7336299 0.5188971 0.7336299 0.5186222 0.734505 0.5186206 0.7336297 0.5188962 0.7327544 0.518619 0.7302454 0.5188962 0.7302454 0.5186206 0.7336297 0.518451 0.7345054 0.518449 0.7336299 0.518619 0.7302454 0.5184469 0.7327544 0.5184469 0.7302454 0.5183917 0.7336301 0.518451 0.7345054 0.5183939 0.7345058 0.5184469 0.7327544 0.5183895 0.7302454 0.5184469 0.7302454 0.5183917 0.7336301 0.518451 0.7345054 0.518449 0.7336299 0.5183895 0.7327544 0.5184469 0.7302454 0.5183895 0.7302454 0.5200148 0.7302454 0.5198428 0.7327544 0.5198428 0.7302454 0.5200722 0.7327544 0.5200148 0.7302454 0.5200722 0.7302454 0.5192308 0.7289323 0.519551 0.7266331 0.5192308 0.7266211 0.5195654 0.7289323 0.5198165 0.7266452 0.519551 0.7266331 0.5197599 0.725836 0.519551 0.7266331 0.5198165 0.7266452 0.5197599 0.725836 0.5199816 0.7266331 0.5199041 0.725791 0.5198165 0.7266452 0.5200148 0.7289323 0.5199816 0.7266331 0.5199816 0.7266331 0.5200722 0.7289323 0.5200368 0.7266211 0.5196897 0.7253618 0.5199041 0.725791 0.5197567 0.7251994 0.5200722 0.7289323 0.5199816 0.7266331 0.5200368 0.7266211 0.5200148 0.7289323 0.5198165 0.7266452 0.5199816 0.7266331 0.5198165 0.7266452 0.5195654 0.7289323 0.519551 0.7266331 0.519551 0.7266331 0.5192308 0.7289323 0.5192308 0.7266211 0.5195228 0.725791 0.5192308 0.7266211 0.5192308 0.7257517 0.5189388 0.725791 0.5192308 0.7266211 0.5189107 0.7266331 0.5192308 0.7289323 0.5189107 0.7266331 0.5192308 0.7266211 0.5188962 0.7289323 0.5186452 0.7266452 0.5189107 0.7266331 0.5187017 0.725836 0.5189107 0.7266331 0.5186452 0.7266452 0.5187017 0.725836 0.5184801 0.7266331 0.5185576 0.725791 0.5186452 0.7266452 0.5184469 0.7289323 0.5184801 0.7266331 0.518772 0.7253618 0.5189388 0.725791 0.5187017 0.725836 0.518772 0.7253618 0.5185576 0.725791 0.518705 0.7251994 0.5185576 0.725791 0.5184249 0.7266211 0.5185089 0.7257517 0.518705 0.7251994 0.5185089 0.7257517 0.5186713 0.7251178 0.5189406 0.7248518 0.5186713 0.7251178 0.5189251 0.7247341 0.5189406 0.7248518 0.518772 0.7253618 0.518705 0.7251994 0.5192308 0.7246056 0.5189406 0.7248518 0.5189251 0.7247341 0.5192308 0.7251178 0.5189406 0.7248518 0.5192308 0.7247341 0.5189586 0.7251994 0.5192308 0.7257517 0.5189388 0.725791 0.519521 0.7248518 0.5192308 0.7251178 0.5192308 0.7247341 0.5195031 0.7251994 0.5192308 0.7257517 0.5192308 0.7251178 0.5189406 0.7248518 0.5186713 0.7251178 0.518705 0.7251994 0.5192308 0.7246056 0.5189406 0.7248518 0.5192308 0.7247341 0.5189406 0.7248518 0.518772 0.7253618 0.5189586 0.7251994 0.518705 0.7251994 0.5185089 0.7257517 0.5185576 0.725791 0.518772 0.7253618 0.5185576 0.725791 0.5187017 0.725836 0.5185576 0.725791 0.5184249 0.7266211 0.5184801 0.7266331 0.5184801 0.7266331 0.5183895 0.7289323 0.5184249 0.7266211 0.5140505 0.7454207 0.5139113 0.7447884 0.5140647 0.7449955 0.5140505 0.7442958 0.5139113 0.7447884 0.5138601 0.7442377 0.5137503 0.7442905 0.5139113 0.7447884 0.5138601 0.7449858 0.5137131 0.7434344 0.5138601 0.7442377 0.5137503 0.7442905 0.5140381 0.7434344 0.5138601 0.7442377 0.5138343 0.7434344 0.5143417 0.7443791 0.5140647 0.7449955 0.5140505 0.7442958 0.5143378 0.7434344 0.5140505 0.7442958 0.5140381 0.7434344 0.5147477 0.7444163 0.5143455 0.7451624 0.5143417 0.7443791 0.5147473 0.7434344 0.5143417 0.7443791 0.5143378 0.7434344 0.5162077 0.7444217 0.5147482 0.74523 0.5147477 0.7444163 0.5162077 0.7434344 0.5147477 0.7444163 0.5147473 0.7434344 0.5165632 0.7444217 0.5162077 0.7434344 0.5165632 0.7434344 0.5165632 0.7452397 0.5162077 0.7444217 0.5165632 0.7444217 0.5162077 0.7457475 0.5147482 0.74523 0.5162077 0.7452397 0.5165632 0.7457475 0.5162077 0.7452397 0.5165632 0.7452397 0.5169961 0.7452397 0.5165632 0.7444217 0.5169961 0.7444217 0.5169961 0.7452397 0.5165632 0.7457475 0.5165632 0.7452397 0.5165632 0.7459167 0.5162077 0.7457475 0.5165632 0.7457475 0.5169961 0.7457475 0.5165632 0.7459167 0.5165632 0.7457475 0.5169961 0.7457475 0.5165632 0.7459167 0.5169961 0.7459167 0.5165632 0.7457475 0.5162077 0.7459167 0.5165632 0.7459167 0.5180535 0.7457374 0.5169961 0.7459167 0.5180543 0.7459062 0.5169961 0.7459167 0.5180535 0.7457374 0.5180543 0.7459062 0.518448 0.7457274 0.5180543 0.7459062 0.5184498 0.7458958 0.5180543 0.7459062 0.518448 0.7457274 0.5184498 0.7458958 0.5169961 0.7457475 0.5180527 0.7452314 0.5180535 0.7457374 0.5180535 0.7457374 0.5184462 0.7452231 0.518448 0.7457274 0.5184462 0.7452231 0.5180535 0.744417 0.518448 0.7444123 0.518448 0.7444123 0.5180543 0.7434344 0.5184498 0.7434344 0.5180543 0.7434344 0.518448 0.7424565 0.5184498 0.7434344 0.5180535 0.7424518 0.5184462 0.7416457 0.518448 0.7424565 0.5184462 0.7416457 0.5180535 0.7411314 0.518448 0.7411414 0.518448 0.7411414 0.5180543 0.7409626 0.5184498 0.740973 0.5180527 0.7416374 0.5169961 0.7411214 0.5180535 0.7411314 0.5180535 0.7411314 0.5169961 0.7409521 0.5180543 0.7409626 0.5169961 0.7409521 0.5165632 0.7411214 0.5165632 0.7409521 0.5169961 0.7411214 0.5165632 0.7416291 0.5165632 0.7411214 0.5165632 0.7409521 0.5162077 0.7411214 0.5162077 0.7409521 0.5165632 0.7416291 0.5162077 0.7411214 0.5165632 0.7411214 0.5165632 0.7409521 0.5162077 0.7411214 0.5165632 0.7411214 0.5169961 0.7409521 0.5165632 0.7411214 0.5169961 0.7411214 0.5169961 0.7416291 0.5165632 0.7411214 0.5165632 0.7416291 0.5165632 0.7411214 0.5162077 0.7416291 0.5165632 0.7416291 0.5162077 0.7411214 0.5147482 0.7416388 0.5162077 0.7416291 0.5162077 0.7409521 0.5147477 0.7411336 0.5162077 0.7411214 0.5147477 0.7411336 0.5143455 0.7417064 0.5147482 0.7416388 0.5147473 0.7409652 0.5143417 0.7412194 0.5147477 0.7411336 0.5143417 0.7412194 0.5140647 0.7418733 0.5143455 0.7417064 0.5143378 0.7410566 0.5140505 0.7414481 0.5143417 0.7412194 0.5143378 0.7410566 0.5140505 0.7414481 0.5140381 0.7413042 0.5147473 0.7409652 0.5143417 0.7412194 0.5143378 0.7410566 0.5147477 0.7411336 0.5143455 0.7417064 0.5143417 0.7412194 0.5143417 0.7412194 0.5140647 0.7418733 0.5140505 0.7414481 0.5147477 0.7424525 0.5143455 0.7417064 0.5147482 0.7416388 0.5143417 0.7424897 0.5140647 0.7418733 0.5143455 0.7417064 0.5140505 0.7414481 0.5139113 0.7420805 0.5138601 0.7418829 0.5140505 0.742573 0.5139113 0.7420805 0.5140647 0.7418733 0.5139113 0.7420805 0.5137503 0.7425783 0.5138601 0.7418829 0.5140381 0.7434344 0.5138601 0.7426311 0.5140505 0.742573 0.5138601 0.7426311 0.5137131 0.7434344 0.5137503 0.7425783 0.5137503 0.7425783 0.5136725 0.7434344 0.5137131 0.7425323 0.5138601 0.7418829 0.5137131 0.7425323 0.5138343 0.7417837 0.5138601 0.7418829 0.5137131 0.7425323 0.5137503 0.7425783 0.5137503 0.7425783 0.5136725 0.7434344 0.5137131 0.7434344 0.5139113 0.7420805 0.5137503 0.7425783 0.5138601 0.7426311 0.5138601 0.7426311 0.5137131 0.7434344 0.5138343 0.7434344 0.5137131 0.7434344 0.5138601 0.7442377 0.5138343 0.7434344 0.5136725 0.7434344 0.5137503 0.7442905 0.5137131 0.7434344 0.5137503 0.7442905 0.5139113 0.7447884 0.5138601 0.7442377 0.5137131 0.7443365 0.5138601 0.7449858 0.5137503 0.7442905 0.5136725 0.7434344 0.5137503 0.7442905 0.5137131 0.7443365 0.5137131 0.7443365 0.5138601 0.7449858 0.5138343 0.7450851 0.5140381 0.7455646 0.5138601 0.7449858 0.5140505 0.7454207 0.5140381 0.7455646 0.5138601 0.7449858 0.5138343 0.7450851 0.5143378 0.7458122 0.5140505 0.7454207 0.5143417 0.7456495 0.5143378 0.7458122 0.5140505 0.7454207 0.5140381 0.7455646 0.5147473 0.7459036 0.5143417 0.7456495 0.5143378 0.7458122 0.5147473 0.7459036 0.5143417 0.7456495 0.5147477 0.7457352 0.5162077 0.7459167 0.5147477 0.7457352 0.5162077 0.7457475 0.5162077 0.7459167 0.5147477 0.7457352 0.5147473 0.7459036 0.5147477 0.7457352 0.5143455 0.7451624 0.5143417 0.7456495 0.5162077 0.7457475 0.5147482 0.74523 0.5147477 0.7457352 0.5165632 0.7452397 0.5162077 0.7457475 0.5165632 0.7457475 0.5165632 0.7452397 0.5162077 0.7444217 0.5162077 0.7452397 0.5162077 0.7444217 0.5147482 0.74523 0.5162077 0.7452397 0.5162077 0.7434344 0.5147477 0.7444163 0.5162077 0.7444217 0.5165632 0.7444217 0.5162077 0.7434344 0.5162077 0.7444217 0.5162077 0.7434344 0.5147477 0.7424525 0.5147473 0.7434344 0.5165632 0.7434344 0.5162077 0.7424471 0.5162077 0.7434344 0.5162077 0.7424471 0.5147482 0.7416388 0.5147477 0.7424525 0.5165632 0.7424471 0.5162077 0.7416291 0.5162077 0.7424471 0.5169961 0.7424471 0.5165632 0.7434344 0.5169961 0.7434344 0.5169961 0.7424471 0.5165632 0.7416291 0.5165632 0.7424471 0.5180535 0.7424518 0.5169961 0.7434344 0.5180543 0.7434344 0.5180527 0.7416374 0.5169961 0.7424471 0.5180535 0.7424518 0.5184462 0.7416457 0.5180535 0.7424518 0.518448 0.7424565 0.518448 0.7424565 0.5180543 0.7434344 0.5184498 0.7434344 0.5180535 0.7411314 0.5184462 0.7416457 0.518448 0.7411414 0.5169961 0.7411214 0.5180527 0.7416374 0.5180535 0.7411314 0.5169961 0.7409521 0.5180535 0.7411314 0.5180543 0.7409626 0.5180543 0.7409626 0.518448 0.7411414 0.5184498 0.740973 0.5169961 0.7434344 0.5180535 0.744417 0.5180543 0.7434344 0.5180543 0.7434344 0.518448 0.7444123 0.5184498 0.7434344 0.5180535 0.744417 0.5184462 0.7452231 0.518448 0.7444123 0.5184462 0.7452231 0.5180535 0.7457374 0.518448 0.7457274 0.5169961 0.7444217 0.5180527 0.7452314 0.5180535 0.744417 0.5180527 0.7452314 0.5169961 0.7457475 0.5180535 0.7457374 0.5169961 0.7452397 0.5165632 0.7444217 0.5165632 0.7452397 0.5169961 0.7457475 0.5165632 0.7452397 0.5165632 0.7457475 0.5169961 0.7444217 0.5165632 0.7434344 0.5165632 0.7444217 0.5147477 0.7424525 0.5143455 0.7417064 0.5143417 0.7424897 0.5147473 0.7434344 0.5143417 0.7424897 0.5143378 0.7434344 0.5143417 0.7424897 0.5140647 0.7418733 0.5140505 0.742573 0.5143378 0.7434344 0.5140505 0.742573 0.5140381 0.7434344 0.5147473 0.7434344 0.5143417 0.7443791 0.5147477 0.7444163 0.5143378 0.7434344 0.5140505 0.7442958 0.5143417 0.7443791 0.5140381 0.7434344 0.5138601 0.7442377 0.5140505 0.7442958 0.5140381 0.7434344 0.5138601 0.7426311 0.5138343 0.7434344 0.5143417 0.7443791 0.5140647 0.7449955 0.5143455 0.7451624 0.5140505 0.7442958 0.5139113 0.7447884 0.5140647 0.7449955 0.5140505 0.7454207 0.5139113 0.7447884 0.5138601 0.7449858 0.5143417 0.7456495 0.5140647 0.7449955 0.5140505 0.7454207 0.5147477 0.7444163 0.5143455 0.7451624 0.5147482 0.74523 0.5140505 0.742573 0.5139113 0.7420805 0.5138601 0.7426311 0.5140505 0.7414481 0.5139113 0.7420805 0.5140647 0.7418733 0.5147477 0.7457352 0.5143455 0.7451624 0.5147482 0.74523 0.5143417 0.7456495 0.5140647 0.7449955 0.5143455 0.7451624 0.5140381 0.7413042 0.5138601 0.7418829 0.5140505 0.7414481 0.5140381 0.7413042 0.5138601 0.7418829 0.5138343 0.7417837 0.5143378 0.7434344 0.5140505 0.742573 0.5143417 0.7424897 0.5147473 0.7434344 0.5143417 0.7424897 0.5147477 0.7424525 0.5162077 0.7434344 0.5147477 0.7424525 0.5162077 0.7424471 0.5162077 0.7424471 0.5147482 0.7416388 0.5162077 0.7416291 0.5165632 0.7434344 0.5162077 0.7424471 0.5165632 0.7424471 0.5165632 0.7424471 0.5162077 0.7416291 0.5165632 0.7416291 0.5162077 0.7411214 0.5147482 0.7416388 0.5147477 0.7411336 0.5169961 0.7424471 0.5165632 0.7434344 0.5165632 0.7424471 0.5169961 0.7416291 0.5165632 0.7424471 0.5165632 0.7416291 0.5169961 0.7444217 0.5165632 0.7434344 0.5169961 0.7434344 0.5180535 0.744417 0.5169961 0.7434344 0.5180543 0.7434344 0.5169961 0.7434344 0.5180535 0.7424518 0.5180543 0.7434344 0.5180527 0.7452314 0.5169961 0.7444217 0.5180535 0.744417 0.5169961 0.7424471 0.5180527 0.7416374 0.5180535 0.7424518 0.5162077 0.7409521 0.5147477 0.7411336 0.5147473 0.7409652 0.5214481 0.7359975 0.5222145 0.7378062 0.5222145 0.7359912 0.5214481 0.7378107 0.5205232 0.736003 0.5214481 0.7359975 0.5222145 0.7396212 0.5214481 0.7378107 0.5222145 0.7378062 0.5226901 0.7359975 0.5222145 0.7378062 0.5222145 0.7359912 0.5228487 0.736003 0.5226901 0.7378107 0.5226901 0.7359975 0.5226901 0.7378107 0.5228487 0.736003 0.5226901 0.7359975 0.5222145 0.7396212 0.5226901 0.7378107 0.5222145 0.7378062 0.5195983 0.7359975 0.5188319 0.7378062 0.5195983 0.7378107 0.5205232 0.736003 0.5195983 0.7378107 0.5205232 0.7378147 0.5205232 0.736003 0.5214481 0.7378107 0.5214481 0.7359975 0.5188319 0.7396212 0.5183562 0.7378107 0.5183562 0.739624 0.5181976 0.736003 0.5183562 0.7378107 0.5183562 0.7359975 0.5181976 0.736003 0.5183562 0.7378107 0.5181976 0.7378147 0.5183562 0.7359975 0.5188319 0.7378062 0.5183562 0.7378107 0.5205232 0.736003 0.5195983 0.7378107 0.5195983 0.7359975 0.5188319 0.7396212 0.5195983 0.7378107 0.5195983 0.739624 0.518451 0.7345054 0.5186222 0.734505 0.5186222 0.734505 0.5218155 0.7345058 0.5214827 0.7345054 0.5218155 0.7345058 0.518898 0.7345054 0.5186222 0.734505 0.518898 0.7345054 0.5214827 0.7345054 0.5212069 0.734505 0.5214827 0.7345054 0.5224241 0.734505 0.5225953 0.7345054 0.5224241 0.734505 0.5192308 0.7345058 0.518898 0.7345054 0.5192308 0.7345058 0.5200678 0.7345058 0.5200107 0.7345054 0.5200678 0.7345058 0.5226525 0.7345058 0.5225953 0.7345054 0.5225953 0.7345054 0.5200107 0.7345054 0.5198394 0.734505 0.5200107 0.7345054 0.5183939 0.7345058 0.518451 0.7345054 0.518451 0.7345054 0.5210357 0.7345054 0.5212069 0.734505 0.5210357 0.7345054 0.5192308 0.7345058 0.5195636 0.7345054 0.5195636 0.7345054 0.5183939 0.7345058 0.518451 0.7345054 0.5183939 0.7345058 0.5226525 0.7345058 0.5225953 0.7345054 0.5226525 0.7345058 0.5209786 0.7345058 0.5210357 0.7345054 0.5209786 0.7345058 0.5195636 0.7345054 0.5198394 0.734505 0.5198394 0.734505 0.5221483 0.7345054 0.5224241 0.734505 0.5221483 0.7345054 0.5200678 0.7345058 0.5200107 0.7345054 0.5200107 0.7345054 0.5186222 0.734505 0.518451 0.7345054 0.518451 0.7345054 0.5214827 0.7345054 0.5212069 0.734505 0.5212069 0.734505 0.5218155 0.7345058 0.5221483 0.7345054 0.5218155 0.7345058 0.518898 0.7345054 0.5186222 0.734505 0.5186222 0.734505 0.5225953 0.7345054 0.5224241 0.734505 0.5225953 0.7345054 0.5200107 0.7345054 0.5198394 0.734505 0.5198394 0.734505 0.5192308 0.7345058 0.518898 0.7345054 0.518898 0.7345054 0.5218155 0.7345058 0.5214827 0.7345054 0.5214827 0.7345054 0.5209786 0.7345058 0.5210357 0.7345054 0.5210357 0.7345054 0.5221483 0.7345054 0.5224241 0.734505 0.5224241 0.734505 0.5210357 0.7345054 0.5212069 0.734505 0.5212069 0.734505 0.5195636 0.7345054 0.5198394 0.734505 0.5195636 0.7345054 0.5192308 0.7345058 0.5195636 0.7345054 0.5192308 0.7345058 0.5218155 0.7345058 0.5221483 0.7345054 0.5221483 0.7345054 0.5224258 0.7336297 0.5221501 0.7327544 0.5224274 0.7327544 0.5221492 0.7336299 0.5218155 0.7327544 0.5221501 0.7327544 0.5218155 0.7327544 0.5214818 0.7336299 0.5214809 0.7327544 0.5214809 0.7327544 0.5212053 0.7336297 0.5212036 0.7327544 0.5212053 0.7336297 0.5210316 0.7327544 0.5212036 0.7327544 0.5210337 0.7336299 0.5209742 0.7327544 0.5210316 0.7327544 0.5209742 0.7327544 0.5210337 0.7336299 0.5210316 0.7327544 0.5210316 0.7327544 0.5212053 0.7336297 0.5212036 0.7327544 0.5212053 0.7336297 0.5214809 0.7327544 0.5212036 0.7327544 0.5214818 0.7336299 0.5218155 0.7327544 0.5214809 0.7327544 0.5218155 0.7327544 0.5221492 0.7336299 0.5221501 0.7327544 0.5221501 0.7327544 0.5224258 0.7336297 0.5224274 0.7327544 0.5224258 0.7336297 0.5225995 0.7327544 0.5224274 0.7327544 0.5225974 0.7336299 0.5226568 0.7327544 0.5225995 0.7327544 0.5225995 0.7327544 0.5224258 0.7336297 0.5224274 0.7327544 0.5226547 0.7336301 0.5225995 0.7327544 0.5226568 0.7327544 0.5183895 0.7327544 0.518449 0.7336299 0.5184469 0.7327544 0.5184469 0.7327544 0.5183917 0.7336301 0.5183895 0.7327544 0.5184469 0.7327544 0.5186206 0.7336297 0.518449 0.7336299 0.5188962 0.7327544 0.5186206 0.7336297 0.518619 0.7327544 0.5192308 0.7327544 0.5188971 0.7336299 0.5188962 0.7327544 0.5192308 0.7327544 0.5195645 0.7336299 0.5192308 0.7336301 0.5195654 0.7327544 0.5198411 0.7336297 0.5195645 0.7336299 0.5200148 0.7327544 0.5198411 0.7336297 0.5198428 0.7327544 0.5200722 0.7327544 0.5200127 0.7336299 0.5200148 0.7327544 0.5200722 0.7327544 0.5200127 0.7336299 0.52007 0.7336301 0.5200148 0.7327544 0.5198411 0.7336297 0.5200127 0.7336299 0.5195654 0.7327544 0.5198411 0.7336297 0.5198428 0.7327544 0.5192308 0.7327544 0.5195645 0.7336299 0.5195654 0.7327544 0.5192308 0.7327544 0.5188971 0.7336299 0.5192308 0.7336301 0.5188962 0.7327544 0.5186206 0.7336297 0.5188971 0.7336299 0.5184469 0.7327544 0.5186206 0.7336297 0.518619 0.7327544 0.5215253 0.7248518 0.5215432 0.7251994 0.5213566 0.7253618 0.5213566 0.7253618 0.5212864 0.725836 0.5211423 0.725791 0.5215235 0.725791 0.5212864 0.725836 0.5213566 0.7253618 0.5212864 0.725836 0.5212298 0.7266452 0.5210648 0.7266331 0.5214953 0.7266331 0.5212298 0.7266452 0.5212864 0.725836 0.5218155 0.7266211 0.5214953 0.7266331 0.5215235 0.725791 0.5218155 0.7257517 0.5215235 0.725791 0.5215432 0.7251994 0.5218155 0.7289323 0.5214809 0.7289323 0.5214953 0.7266331 0.5214809 0.7289323 0.5212036 0.7289323 0.5212298 0.7266452 0.5221357 0.7266331 0.5221501 0.7289323 0.5218155 0.7289323 0.5221075 0.725791 0.5221357 0.7266331 0.5218155 0.7266211 0.5221501 0.7289323 0.5221357 0.7266331 0.5224012 0.7266452 0.5223446 0.725836 0.5224012 0.7266452 0.5221357 0.7266331 0.5225995 0.7289323 0.5224274 0.7289323 0.5224012 0.7266452 0.5225663 0.7266331 0.5224012 0.7266452 0.5223446 0.725836 0.5226568 0.7289323 0.5225995 0.7289323 0.5225663 0.7266331 0.5226214 0.7266211 0.5225663 0.7266331 0.5224888 0.725791 0.5225663 0.7266331 0.5225995 0.7289323 0.5226568 0.7289323 0.5224888 0.725791 0.5225663 0.7266331 0.5226214 0.7266211 0.5225995 0.7295888 0.5226568 0.7295888 0.5226568 0.7289323 0.5226568 0.7289323 0.5226568 0.7295888 0.5225995 0.7295888 0.5226568 0.7295888 0.5226568 0.7302454 0.5225995 0.7302454 0.5225995 0.7302454 0.5226568 0.7302454 0.5226568 0.7295888 0.5224274 0.7295888 0.5225995 0.7295888 0.5225995 0.7289323 0.5224274 0.7302454 0.5225995 0.7302454 0.5225995 0.7295888 0.5221501 0.7302454 0.5224274 0.7302454 0.5224274 0.7295888 0.5221501 0.7295888 0.5224274 0.7295888 0.5224274 0.7289323 0.5218155 0.7295888 0.5218155 0.7302454 0.5221501 0.7302454 0.5218155 0.7289323 0.5218155 0.7295888 0.5221501 0.7295888 0.5214809 0.7302454 0.5218155 0.7302454 0.5218155 0.7295888 0.5214809 0.7295888 0.5218155 0.7295888 0.5218155 0.7289323 0.5212036 0.7295888 0.5214809 0.7295888 0.5214809 0.7289323 0.5212036 0.7302454 0.5214809 0.7302454 0.5214809 0.7295888 0.5210316 0.7302454 0.5212036 0.7302454 0.5212036 0.7295888 0.5210316 0.7295888 0.5212036 0.7295888 0.5212036 0.7289323 0.5209742 0.7302454 0.5210316 0.7302454 0.5210316 0.7295888 0.5209742 0.7295888 0.5210316 0.7295888 0.5210316 0.7289323 0.5210316 0.7302454 0.5209742 0.7302454 0.5209742 0.7295888 0.5210316 0.7295888 0.5209742 0.7295888 0.5209742 0.7289323 0.5212036 0.7295888 0.5210316 0.7295888 0.5210316 0.7289323 0.5212036 0.7302454 0.5210316 0.7302454 0.5210316 0.7295888 0.5214809 0.7295888 0.5212036 0.7295888 0.5212036 0.7289323 0.5214809 0.7302454 0.5212036 0.7302454 0.5212036 0.7295888 0.5218155 0.7295888 0.5218155 0.7302454 0.5214809 0.7302454 0.5218155 0.7295888 0.5214809 0.7295888 0.5214809 0.7289323 0.5221501 0.7302454 0.5218155 0.7302454 0.5218155 0.7295888 0.5221501 0.7295888 0.5218155 0.7295888 0.5218155 0.7289323 0.5224274 0.7295888 0.5221501 0.7295888 0.5221501 0.7289323 0.5224274 0.7302454 0.5221501 0.7302454 0.5221501 0.7295888 0.5225995 0.7302454 0.5224274 0.7302454 0.5224274 0.7295888 0.5225995 0.7295888 0.5224274 0.7295888 0.5224274 0.7289323 0.5221501 0.7327544 0.5221501 0.7302454 0.5224274 0.7302454 0.5225995 0.7327544 0.5224274 0.7327544 0.5224274 0.7302454 0.5226568 0.7327544 0.5225995 0.7327544 0.5225995 0.7302454 0.5226547 0.7336301 0.5226525 0.7345058 0.5225953 0.7345054 0.5225953 0.7345054 0.5224241 0.734505 0.5224258 0.7336297 0.5225953 0.7345054 0.5226525 0.7345058 0.5226547 0.7336301 0.5224241 0.734505 0.5225953 0.7345054 0.5225974 0.7336299 0.5221492 0.7336299 0.5221483 0.7345054 0.5224241 0.734505 0.5218155 0.7336301 0.5218155 0.7345058 0.5221483 0.7345054 0.5214827 0.7345054 0.5218155 0.7345058 0.5218155 0.7336301 0.5212069 0.734505 0.5214827 0.7345054 0.5214818 0.7336299 0.5214809 0.7327544 0.5218155 0.7327544 0.5218155 0.7302454 0.5214809 0.7327544 0.5214809 0.7302454 0.5212036 0.7302454 0.5210316 0.7327544 0.5212036 0.7327544 0.5212036 0.7302454 0.5210337 0.7336299 0.5210357 0.7345054 0.5212069 0.734505 0.5209742 0.7327544 0.5210316 0.7327544 0.5210316 0.7302454 0.5209764 0.7336301 0.5209786 0.7345058 0.5210357 0.7345054 0.5210316 0.7327544 0.5209742 0.7327544 0.5209742 0.7302454 0.5210357 0.7345054 0.5209786 0.7345058 0.5209764 0.7336301 0.5212036 0.7327544 0.5210316 0.7327544 0.5210316 0.7302454 0.5212069 0.734505 0.5210357 0.7345054 0.5210337 0.7336299 0.5214818 0.7336299 0.5214827 0.7345054 0.5212069 0.734505 0.5218155 0.7336301 0.5218155 0.7345058 0.5214827 0.7345054 0.5214809 0.7327544 0.5212036 0.7327544 0.5212036 0.7302454 0.5218155 0.7327544 0.5214809 0.7327544 0.5214809 0.7302454 0.5221483 0.7345054 0.5218155 0.7345058 0.5218155 0.7336301 0.5221501 0.7327544 0.5218155 0.7327544 0.5218155 0.7302454 0.5224241 0.734505 0.5221483 0.7345054 0.5221492 0.7336299 0.5218155 0.7327544 0.5221501 0.7327544 0.5221501 0.7302454 0.5221501 0.7327544 0.5224274 0.7327544 0.5224274 0.7302454 0.5225995 0.7327544 0.5225995 0.7302454 0.5224274 0.7302454 0.5225995 0.7327544 0.5226568 0.7327544 0.5226568 0.7302454 0.5212298 0.7266452 0.5212036 0.7289323 0.5210316 0.7289323 0.5210648 0.7266331 0.5210316 0.7289323 0.5209742 0.7289323 0.5211423 0.725791 0.5210648 0.7266331 0.5210096 0.7266211 0.5209742 0.7289323 0.5210316 0.7289323 0.5210648 0.7266331 0.5210096 0.7266211 0.5210648 0.7266331 0.5211423 0.725791 0.5210935 0.7257517 0.5211423 0.725791 0.5212897 0.7251994 0.5212897 0.7251994 0.5211423 0.725791 0.5210935 0.7257517 0.5215253 0.7248518 0.5215097 0.7247341 0.521256 0.7251178 0.521256 0.7251178 0.5215097 0.7247341 0.5215253 0.7248518 0.5213566 0.7253618 0.5215432 0.7251994 0.5215253 0.7248518 0.5211423 0.725791 0.5212864 0.725836 0.5213566 0.7253618 0.5213566 0.7253618 0.5212864 0.725836 0.5215235 0.725791 0.5218155 0.7251178 0.5218155 0.7247341 0.5215253 0.7248518 0.5215432 0.7251994 0.5215235 0.725791 0.5218155 0.7257517 0.5218155 0.7251178 0.5220878 0.7251994 0.5221057 0.7248518 0.5218155 0.7257517 0.5221075 0.725791 0.5220878 0.7251994 0.5218155 0.7266211 0.5221357 0.7266331 0.5221075 0.725791 0.5215235 0.725791 0.5214953 0.7266331 0.5218155 0.7266211 0.5218155 0.7289323 0.5221501 0.7289323 0.5221357 0.7266331 0.5214953 0.7266331 0.5214809 0.7289323 0.5218155 0.7289323 0.5214809 0.7289323 0.5214953 0.7266331 0.5212298 0.7266452 0.5212864 0.725836 0.5212298 0.7266452 0.5214953 0.7266331 0.5210316 0.7289323 0.5212036 0.7289323 0.5212298 0.7266452 0.5210648 0.7266331 0.5212298 0.7266452 0.5212864 0.725836 0.5221501 0.7289323 0.5224274 0.7289323 0.5224012 0.7266452 0.5221357 0.7266331 0.5224012 0.7266452 0.5223446 0.725836 0.5225995 0.7289323 0.5225663 0.7266331 0.5224012 0.7266452 0.5223446 0.725836 0.5224012 0.7266452 0.5225663 0.7266331 0.5221075 0.725791 0.5223446 0.725836 0.5222744 0.7253618 0.5222744 0.7253618 0.5223446 0.725836 0.5224888 0.725791 0.5222744 0.7253618 0.5223413 0.7251994 0.5221057 0.7248518 0.5221057 0.7248518 0.5223413 0.7251994 0.522375 0.7251178 0.5223413 0.7251994 0.5224888 0.725791 0.5225375 0.7257517 0.5221057 0.7248518 0.5221213 0.7247341 0.5218155 0.7246056 0.5218155 0.7246056 0.5221213 0.7247341 0.5221057 0.7248518 0.522375 0.7251178 0.5223413 0.7251994 0.5221057 0.7248518 0.5221057 0.7248518 0.5223413 0.7251994 0.5222744 0.7253618 0.5221057 0.7248518 0.5220878 0.7251994 0.5218155 0.7251178 0.5215253 0.7248518 0.5218155 0.7247341 0.5218155 0.7251178 0.5218155 0.7246056 0.5218155 0.7247341 0.5215253 0.7248518 0.5220878 0.7251994 0.5221075 0.725791 0.5218155 0.7257517 0.5224888 0.725791 0.5223446 0.725836 0.5222744 0.7253618 0.5225375 0.7257517 0.5224888 0.725791 0.5223413 0.7251994 0.5222744 0.7253618 0.5223446 0.725836 0.5221075 0.725791 0.5215253 0.7248518 0.5218155 0.7247341 0.5218155 0.7246056 0.5191929 0.7511156 0.5181339 0.7513772 0.5184457 0.7490178 0.5184457 0.7490178 0.5181339 0.7513772 0.5174558 0.7511156 0.5191929 0.7462389 0.519286 0.7481425 0.5184457 0.7490178 0.5191127 0.7455567 0.5191929 0.7462389 0.5181339 0.7481425 0.5181339 0.7481425 0.5174558 0.7511156 0.5172128 0.7508903 0.5191127 0.7455567 0.5205232 0.7448804 0.5205232 0.7448804 0.5205232 0.7455567 0.5191929 0.7462389 0.5205232 0.7448804 0.5205232 0.7455567 0.5205232 0.747707 0.519286 0.7481425 0.5205232 0.7455567 0.5205232 0.7448804 0.5205232 0.7448804 0.5205232 0.7455567 0.5218535 0.7462389 0.5217603 0.7481425 0.5205232 0.7508903 0.5191929 0.7511156 0.519286 0.7481425 0.5217603 0.7481425 0.5218535 0.7511156 0.5205232 0.7508903 0.5218535 0.7511156 0.5219337 0.7548503 0.5205232 0.7548503 0.5205232 0.7548503 0.5191127 0.7548503 0.5191929 0.7511156 0.5191127 0.7548503 0.5179788 0.7548503 0.5181339 0.7513772 0.5191127 0.7548503 0.5191929 0.758585 0.5181339 0.7583236 0.5205232 0.7548503 0.5205232 0.7588104 0.5191929 0.758585 0.5181339 0.7513772 0.5179788 0.7548503 0.5172128 0.7548503 0.5181339 0.7583236 0.5174558 0.758585 0.5172128 0.7548503 0.5174558 0.758585 0.5172128 0.7588104 0.5169248 0.7548503 0.5174558 0.7511156 0.5172128 0.7548503 0.5169248 0.7548503 0.5169248 0.7548503 0.5172128 0.7548503 0.5174558 0.7511156 0.5169248 0.7548503 0.5172128 0.7588104 0.5174558 0.758585 0.5172128 0.7548503 0.5179788 0.7548503 0.5181339 0.7513772 0.5172128 0.7548503 0.5174558 0.758585 0.5181339 0.7583236 0.5172128 0.7588104 0.5179788 0.7619937 0.5181339 0.7615582 0.5174558 0.758585 0.5181339 0.7615582 0.5184457 0.7606828 0.5181339 0.7583236 0.5191929 0.758585 0.5191127 0.7548503 0.5184457 0.7606828 0.519286 0.7615582 0.5191929 0.758585 0.5184457 0.7606828 0.5181339 0.7615582 0.5191929 0.7634618 0.519286 0.7615582 0.5191929 0.7634618 0.5205232 0.764144 0.519286 0.7615582 0.5205232 0.7619937 0.5205232 0.7588104 0.5205232 0.7588104 0.5205232 0.7619937 0.5217603 0.7615582 0.5217603 0.7615582 0.5205232 0.7619937 0.5205232 0.764144 0.5226007 0.7606828 0.5217603 0.7615582 0.5218535 0.7634618 0.5218535 0.758585 0.5217603 0.7615582 0.5226007 0.7606828 0.5226007 0.7606828 0.5229125 0.7615582 0.5235905 0.758585 0.5229125 0.7615582 0.5218535 0.7634618 0.5219337 0.764144 0.5229125 0.7615582 0.5230675 0.7619937 0.5238335 0.7588104 0.5229125 0.7583236 0.5235905 0.758585 0.5238335 0.7548503 0.5235905 0.758585 0.5238335 0.7588104 0.5241215 0.7548503 0.5241215 0.7548503 0.5238335 0.7588104 0.5235905 0.758585 0.5238335 0.7588104 0.5230675 0.7619937 0.5229125 0.7615582 0.5235905 0.758585 0.5229125 0.7615582 0.5226007 0.7606828 0.5238335 0.7548503 0.5235905 0.758585 0.5229125 0.7583236 0.5229125 0.7583236 0.5218535 0.758585 0.5219337 0.7548503 0.5226007 0.7606828 0.5217603 0.7615582 0.5218535 0.758585 0.5218535 0.7634618 0.5217603 0.7615582 0.5226007 0.7606828 0.5205232 0.764144 0.5205232 0.7619937 0.5217603 0.7615582 0.5217603 0.7615582 0.5205232 0.7619937 0.5205232 0.7588104 0.5205232 0.7649526 0.5205232 0.764144 0.5218535 0.7634618 0.5219337 0.764144 0.5218535 0.7634618 0.5229125 0.7615582 0.5218535 0.7634618 0.5205232 0.764144 0.5205232 0.7649526 0.5205232 0.7649526 0.5191127 0.764144 0.5191929 0.7634618 0.5191929 0.7634618 0.5191127 0.764144 0.5205232 0.7649526 0.5191127 0.764144 0.5179788 0.7619937 0.5181339 0.7615582 0.5181339 0.7615582 0.5179788 0.7619937 0.5191127 0.764144 0.5181339 0.7615582 0.5179788 0.7619937 0.5172128 0.7588104 0.5184457 0.7606828 0.5181339 0.7615582 0.5174558 0.758585 0.5191929 0.7634618 0.5181339 0.7615582 0.5184457 0.7606828 0.5191929 0.758585 0.519286 0.7615582 0.5184457 0.7606828 0.5205232 0.7588104 0.5205232 0.7619937 0.519286 0.7615582 0.5205232 0.764144 0.5191929 0.7634618 0.519286 0.7615582 0.5218535 0.758585 0.5205232 0.7588104 0.5205232 0.7548503 0.5229125 0.7513772 0.5230675 0.7548503 0.5219337 0.7548503 0.5238335 0.7548503 0.5230675 0.7548503 0.5229125 0.7513772 0.5235905 0.7511156 0.5229125 0.7513772 0.5226007 0.7490178 0.5226007 0.7490178 0.5229125 0.7513772 0.5218535 0.7511156 0.5218535 0.7462389 0.5229125 0.7481425 0.5226007 0.7490178 0.5219337 0.7455567 0.5230675 0.747707 0.5229125 0.7481425 0.5238335 0.7508903 0.5235905 0.7511156 0.5229125 0.7481425 0.5229125 0.7481425 0.5230675 0.747707 0.5219337 0.7455567 0.5229125 0.7481425 0.5235905 0.7511156 0.5238335 0.7508903 0.5235905 0.7511156 0.5238335 0.7548503 0.5241215 0.7548503 0.5241215 0.7548503 0.5238335 0.7548503 0.5235905 0.7511156 0.5229125 0.7513772 0.5230675 0.7548503 0.5238335 0.7548503 0.5226007 0.7490178 0.5229125 0.7513772 0.5235905 0.7511156 0.5219337 0.7548503 0.5230675 0.7548503 0.5229125 0.7513772 0.5218535 0.7511156 0.5229125 0.7513772 0.5226007 0.7490178 0.5226007 0.7490178 0.5229125 0.7481425 0.5218535 0.7462389 0.5217603 0.7481425 0.5218535 0.7462389 0.5205232 0.7455567 0.5205232 0.7508903 0.5218535 0.7511156 0.5217603 0.7481425 0.5205232 0.7455567 0.5218535 0.7462389 0.5205232 0.7448804 0.5219337 0.7455567 0.5205232 0.7448804 0.5205232 0.7448804 0.5219337 0.7455567 0.5218535 0.7462389 0.5205232 0.7448804 0.5205232 0.7455567 0.5205232 0.7448804 0.5205232 0.7448804 0.5191127 0.7455567 0.5191929 0.7462389 0.5205232 0.7448804 0.5181339 0.7481425 0.5191929 0.7462389 0.5191127 0.7455567 0.5184457 0.7490178 0.519286 0.7481425 0.5191929 0.7462389 0.519286 0.7481425 0.5205232 0.747707 0.5205232 0.7455567 0.5184457 0.7490178 0.5181339 0.7513772 0.5191929 0.7511156 0.519286 0.7481425 0.5191929 0.7511156 0.5205232 0.7508903 0.5181339 0.7513772 0.5179788 0.7548503 0.5191127 0.7548503 0.5191929 0.7511156 0.5191127 0.7548503 0.5205232 0.7548503 0.5174558 0.7511156 0.5181339 0.7513772 0.5184457 0.7490178 0.5205232 0.7548503 0.5219337 0.7548503 0.5218535 0.7511156 0.5191929 0.758585 0.5205232 0.7588104 0.5205232 0.7548503 0.5205232 0.7548503 0.5205232 0.7588104 0.5218535 0.758585 0.5219337 0.7548503 0.5218535 0.758585 0.5229125 0.7583236 0.5172128 0.7508903 0.5174558 0.7511156 0.5181339 0.7481425 0.5219767 0.7333328 0.5225324 0.7343723 0.5220906 0.7343711 0.5213252 0.7333482 0.5219767 0.7333328 0.5217916 0.7333604 0.5213801 0.7343723 0.5212758 0.7333328 0.5217916 0.7333604 0.5205232 0.7333854 0.5213252 0.7333482 0.5212758 0.7333328 0.5212758 0.7333328 0.5213801 0.7343723 0.5205232 0.7343726 0.5197706 0.7333328 0.5205232 0.7333189 0.5205232 0.7343726 0.5205232 0.7333854 0.5205232 0.7333189 0.5197706 0.7333328 0.5196663 0.7343723 0.5205232 0.7343726 0.5205232 0.736003 0.5213801 0.7343723 0.5214481 0.7359975 0.5205232 0.736003 0.5189558 0.7343711 0.5196663 0.7343723 0.5195983 0.7359975 0.5192547 0.7333604 0.5197706 0.7333328 0.5196663 0.7343723 0.5188319 0.7378062 0.5188319 0.7359912 0.5195983 0.7359975 0.5205232 0.7378147 0.5205232 0.7396265 0.5195983 0.739624 0.518514 0.7343723 0.5189558 0.7343711 0.5188319 0.7359912 0.5183562 0.7378107 0.5188319 0.7378062 0.5188319 0.7396212 0.5181976 0.7378147 0.5183562 0.7378107 0.5183562 0.739624 0.5183663 0.7343726 0.518514 0.7343723 0.5183562 0.7359975 0.5183663 0.7343726 0.5181976 0.736003 0.5183562 0.7359975 0.5181976 0.7378147 0.5181976 0.7396265 0.5183562 0.739624 0.5188319 0.7359912 0.5189558 0.7343711 0.518514 0.7343723 0.5188319 0.7378062 0.5188319 0.7359912 0.5183562 0.7359975 0.5189558 0.7343711 0.5192547 0.7333604 0.5190697 0.7333328 0.5189767 0.7333189 0.5183663 0.7343726 0.518514 0.7343723 0.5196781 0.7333854 0.5189767 0.7333189 0.5190697 0.7333328 0.5197211 0.7333482 0.5190697 0.7333328 0.5192547 0.7333604 0.5192547 0.7333604 0.5189558 0.7343711 0.5196663 0.7343723 0.5197706 0.7333328 0.5196663 0.7343723 0.5205232 0.7343726 0.5205232 0.7333854 0.5197211 0.7333482 0.5197706 0.7333328 0.5189558 0.7343711 0.5188319 0.7359912 0.5195983 0.7359975 0.5196663 0.7343723 0.5195983 0.7359975 0.5205232 0.736003 0.5205232 0.736003 0.5214481 0.7359975 0.5213801 0.7343723 0.5205232 0.7343726 0.5213801 0.7343723 0.5212758 0.7333328 0.5205232 0.7378147 0.5205232 0.7396265 0.5214481 0.739624 0.5205232 0.7378147 0.5195983 0.7378107 0.5195983 0.739624 0.5205232 0.7396265 0.5205232 0.7434591 0.5214481 0.7434591 0.5205232 0.7396265 0.5195983 0.739624 0.5195983 0.7434591 0.5195983 0.7378107 0.5188319 0.7378062 0.5188319 0.7396212 0.5195983 0.739624 0.5188319 0.7396212 0.5188319 0.7434592 0.5195983 0.7434591 0.5188319 0.7434592 0.5189043 0.7458104 0.5205232 0.7434591 0.5195983 0.7434591 0.5196381 0.745818 0.5188319 0.7434592 0.5188319 0.7396212 0.5183562 0.739624 0.5188319 0.7434592 0.5183562 0.7434591 0.5184479 0.745818 0.5181976 0.7396265 0.5181976 0.7434591 0.5183562 0.7434591 0.5183562 0.7434591 0.5181976 0.7434591 0.5182955 0.7458255 0.5189043 0.7458104 0.5184479 0.745818 0.5190697 0.7468319 0.5184479 0.745818 0.5182955 0.7458255 0.5189767 0.7468826 0.5190697 0.7468319 0.5189767 0.7468826 0.5196781 0.7471215 0.5192547 0.7467308 0.5190697 0.7468319 0.5197211 0.7470481 0.5196381 0.745818 0.5189043 0.7458104 0.5192547 0.7467308 0.5197706 0.7468319 0.5197211 0.7470481 0.5205232 0.7471215 0.5205232 0.7458255 0.5196381 0.745818 0.5197706 0.7468319 0.5205232 0.7458255 0.5205232 0.7468826 0.5212758 0.7468319 0.5212758 0.7468319 0.5205232 0.7468826 0.5205232 0.7471215 0.5217916 0.7467308 0.5212758 0.7468319 0.5213252 0.7470481 0.5214082 0.745818 0.5212758 0.7468319 0.5217916 0.7467308 0.5219767 0.7468319 0.5213252 0.7470481 0.5213683 0.7471215 0.5219767 0.7468319 0.5225984 0.745818 0.5221421 0.7458104 0.5225984 0.745818 0.5219767 0.7468319 0.5220696 0.7468826 0.5226901 0.7434591 0.5225984 0.745818 0.5227509 0.7458255 0.5225984 0.745818 0.5226901 0.7434591 0.5222145 0.7434592 0.5222145 0.7434592 0.5226901 0.7434591 0.5226901 0.739624 0.5226901 0.7434591 0.5228487 0.7434591 0.5228487 0.7396265 0.5222145 0.7378062 0.5226901 0.7378107 0.5226901 0.7359975 0.5226901 0.739624 0.5228487 0.7396265 0.5228487 0.7378147 0.5228487 0.7396265 0.5228487 0.7434591 0.5226901 0.7434591 0.5228487 0.7378147 0.5228487 0.7396265 0.5226901 0.739624 0.5226901 0.7378107 0.5226901 0.739624 0.5222145 0.7396212 0.5226901 0.739624 0.5226901 0.7434591 0.5222145 0.7434592 0.5222145 0.7434592 0.5214481 0.7434591 0.5214481 0.739624 0.5222145 0.7378062 0.5214481 0.7378107 0.5214481 0.7359975 0.5214481 0.739624 0.5205232 0.7396265 0.5205232 0.7378147 0.5214481 0.7434591 0.5205232 0.7434591 0.5205232 0.7396265 0.5205232 0.7396265 0.5205232 0.7434591 0.5195983 0.7434591 0.5205232 0.7434591 0.5205232 0.7458255 0.5196381 0.745818 0.5214082 0.745818 0.5205232 0.7458255 0.5205232 0.7434591 0.5197706 0.7468319 0.5192547 0.7467308 0.5196381 0.745818 0.5192547 0.7467308 0.5189043 0.7458104 0.5196381 0.745818 0.5196381 0.745818 0.5205232 0.7458255 0.5197706 0.7468319 0.5221421 0.7458104 0.5217916 0.7467308 0.5214082 0.745818 0.5217916 0.7467308 0.5212758 0.7468319 0.5214082 0.745818 0.5212758 0.7468319 0.5205232 0.7468826 0.5205232 0.7458255 0.5189043 0.7458104 0.5188319 0.7434592 0.5195983 0.7434591 0.5188319 0.7434592 0.5189043 0.7458104 0.5184479 0.745818 0.5189043 0.7458104 0.5192547 0.7467308 0.5190697 0.7468319 0.5188319 0.7434592 0.5188319 0.7396212 0.5195983 0.739624 0.5183562 0.739624 0.5188319 0.7396212 0.5188319 0.7434592 0.5181976 0.7396265 0.5183562 0.739624 0.5183562 0.7434591 0.5183562 0.7434591 0.5184479 0.745818 0.5182955 0.7458255 0.5192547 0.7467308 0.5197706 0.7468319 0.5197211 0.7470481 0.5184479 0.745818 0.5190697 0.7468319 0.5189767 0.7468826 0.5190697 0.7468319 0.5197211 0.7470481 0.5196781 0.7471215 0.5197706 0.7468319 0.5205232 0.7468826 0.5205232 0.7471215 0.5205232 0.7471215 0.5205232 0.7468826 0.5212758 0.7468319 0.5213683 0.7471215 0.5213252 0.7470481 0.5219767 0.7468319 0.5213252 0.7470481 0.5212758 0.7468319 0.5217916 0.7467308 0.5219767 0.7468319 0.5217916 0.7467308 0.5221421 0.7458104 0.5221421 0.7458104 0.5214082 0.745818 0.5214481 0.7434591 0.5225984 0.745818 0.5221421 0.7458104 0.5222145 0.7434592 0.5220696 0.7468826 0.5219767 0.7468319 0.5225984 0.745818 0.5227509 0.7458255 0.5225984 0.745818 0.5226901 0.7434591 0.5214481 0.7359975 0.5213801 0.7343723 0.5220906 0.7343711 0.5225324 0.7343723 0.5226901 0.7359975 0.5222145 0.7359912 0.5226801 0.7343726 0.5228487 0.736003 0.5226901 0.7359975 0.5220696 0.7333189 0.5226801 0.7343726 0.5225324 0.7343723 0.5226901 0.7359975 0.5228487 0.736003 0.5226801 0.7343726 0.5225324 0.7343723 0.5226801 0.7343726 0.5220696 0.7333189 0.5213683 0.7333854 0.5220696 0.7333189 0.5219767 0.7333328 0.5219767 0.7333328 0.5220696 0.7333189 0.5213683 0.7333854 0.5213252 0.7333482 0.5213683 0.7333854 0.5205232 0.7335854 0.5205232 0.7335854 0.5213683 0.7333854 0.5213252 0.7333482 0.5205232 0.7335854 0.5196781 0.7333854 0.5197211 0.7333482 0.5205232 0.7335854 0.5205232 0.7333854 0.5197211 0.7333482 0.5196781 0.7333854 0.5197211 0.7333482 0.5190697 0.7333328 0.5197211 0.7333482 0.5197706 0.7333328 0.5192547 0.7333604 0.5189767 0.7333189 0.5190697 0.7333328 0.518514 0.7343723 0.5190697 0.7333328 0.5192547 0.7333604 0.5189558 0.7343711 0.5212758 0.7333328 0.5213252 0.7333482 0.5205232 0.7333854 0.5217916 0.7333604 0.5219767 0.7333328 0.5213252 0.7333482 0.5213801 0.7343723 0.5220906 0.7343711 0.5217916 0.7333604 0.5220906 0.7343711 0.5225324 0.7343723 0.5219767 0.7333328 0.5222145 0.7359912 0.5226901 0.7359975 0.5225324 0.7343723 0.5214481 0.7359975 0.5222145 0.7359912 0.5220906 0.7343711 0.5214481 0.7378107 0.5214481 0.739624 0.5222145 0.7396212 0.5214481 0.739624 0.5214481 0.7434591 0.5222145 0.7434592 0.5214481 0.7434591 0.5214082 0.745818 0.5221421 0.7458104 0.5205232 0.7434591 0.5205232 0.7458255 0.5214082 0.745818 0.527135 0.7447884 0.5271863 0.7449858 0.5269958 0.7454207 0.5269958 0.7442958 0.5271863 0.7442377 0.527135 0.7447884 0.5272961 0.7442905 0.5271863 0.7449858 0.527135 0.7447884 0.5273333 0.7434344 0.5272961 0.7442905 0.5271863 0.7442377 0.5270082 0.7434344 0.527212 0.7434344 0.5271863 0.7442377 0.5267047 0.7443791 0.5269958 0.7442958 0.5269817 0.7449955 0.5267084 0.7434344 0.5270082 0.7434344 0.5269958 0.7442958 0.5262987 0.7444163 0.5267047 0.7443791 0.5267009 0.7451624 0.5262991 0.7434344 0.5267084 0.7434344 0.5267047 0.7443791 0.5248387 0.7444217 0.5262987 0.7444163 0.5262982 0.74523 0.5248387 0.7434344 0.5262991 0.7434344 0.5262987 0.7444163 0.5248387 0.7444217 0.5248387 0.7452397 0.5244831 0.7452397 0.5248387 0.7434344 0.5248387 0.7444217 0.5244831 0.7444217 0.5244831 0.7444217 0.5244831 0.7452397 0.5240503 0.7452397 0.5244831 0.7434344 0.5244831 0.7444217 0.5240503 0.7444217 0.5240503 0.7434344 0.5240503 0.7444217 0.5229928 0.744417 0.5240503 0.7444217 0.5240503 0.7452397 0.5229936 0.7452314 0.5229928 0.7424518 0.5240503 0.7424471 0.5240503 0.7434344 0.5240503 0.7424471 0.5244831 0.7424471 0.5244831 0.7434344 0.5225984 0.7424565 0.5229928 0.7424518 0.522992 0.7434344 0.522992 0.7434344 0.5229928 0.744417 0.5225984 0.7444123 0.5229928 0.744417 0.5229936 0.7452314 0.5226002 0.7452231 0.5226002 0.7452231 0.5229936 0.7452314 0.5229928 0.7457374 0.5225984 0.7457274 0.5229928 0.7457374 0.522992 0.7459062 0.522992 0.7459062 0.5229928 0.7457374 0.5225984 0.7457274 0.5229928 0.7457374 0.5240503 0.7457475 0.5240503 0.7459167 0.5240503 0.7459167 0.5240503 0.7457475 0.5229928 0.7457374 0.5240503 0.7457475 0.5240503 0.7452397 0.5229936 0.7452314 0.5229928 0.7457374 0.5229936 0.7452314 0.5226002 0.7452231 0.5229936 0.7452314 0.5240503 0.7452397 0.5240503 0.7444217 0.5226002 0.7452231 0.5229936 0.7452314 0.5229928 0.744417 0.5229928 0.744417 0.5240503 0.7444217 0.5240503 0.7434344 0.5225984 0.7444123 0.5229928 0.744417 0.522992 0.7434344 0.522992 0.7434344 0.5229928 0.7424518 0.5225984 0.7424565 0.5229928 0.7424518 0.5229936 0.7416374 0.5226002 0.7416457 0.5226002 0.7416457 0.5229936 0.7416374 0.5229928 0.7411314 0.5225984 0.7411414 0.5229928 0.7411314 0.522992 0.7409626 0.522992 0.7409626 0.5229928 0.7411314 0.5225984 0.7411414 0.5229928 0.7411314 0.5240503 0.7411214 0.5240503 0.7409521 0.5240503 0.7409521 0.5240503 0.7411214 0.5229928 0.7411314 0.5240503 0.7411214 0.5240503 0.7416291 0.5229936 0.7416374 0.5229928 0.7411314 0.5229936 0.7416374 0.5226002 0.7416457 0.5226002 0.7416457 0.5229936 0.7416374 0.5229928 0.7424518 0.5229936 0.7416374 0.5240503 0.7416291 0.5240503 0.7424471 0.5240503 0.7416291 0.5244831 0.7416291 0.5244831 0.7424471 0.5240503 0.7411214 0.5244831 0.7411214 0.5244831 0.7416291 0.5248387 0.7416291 0.5248387 0.7424471 0.5244831 0.7424471 0.5248387 0.7411214 0.5248387 0.7416291 0.5244831 0.7416291 0.5240503 0.7409521 0.5244831 0.7409521 0.5244831 0.7411214 0.5244831 0.7409521 0.5248387 0.7409521 0.5248387 0.7411214 0.5248387 0.7411214 0.5262987 0.7411336 0.5262982 0.7416388 0.5248387 0.7409521 0.5262991 0.7409652 0.5262987 0.7411336 0.5262987 0.7411336 0.5262991 0.7409652 0.5248387 0.7409521 0.5248387 0.7411214 0.5248387 0.7409521 0.5244831 0.7409521 0.5262982 0.7416388 0.5262987 0.7411336 0.5248387 0.7411214 0.5248387 0.7416291 0.5248387 0.7411214 0.5244831 0.7411214 0.5240503 0.7416291 0.5244831 0.7416291 0.5244831 0.7411214 0.5244831 0.7411214 0.5244831 0.7409521 0.5240503 0.7409521 0.5229936 0.7416374 0.5240503 0.7416291 0.5240503 0.7411214 0.5240503 0.7424471 0.5240503 0.7416291 0.5229936 0.7416374 0.5240503 0.7424471 0.5244831 0.7424471 0.5244831 0.7416291 0.5240503 0.7434344 0.5240503 0.7424471 0.5229928 0.7424518 0.5244831 0.7434344 0.5244831 0.7424471 0.5240503 0.7424471 0.5244831 0.7434344 0.5248387 0.7434344 0.5248387 0.7424471 0.5244831 0.7424471 0.5248387 0.7424471 0.5248387 0.7416291 0.5240503 0.7444217 0.5244831 0.7444217 0.5244831 0.7434344 0.5248387 0.7444217 0.5248387 0.7434344 0.5244831 0.7434344 0.5262987 0.7444163 0.5262991 0.7434344 0.5248387 0.7434344 0.5248387 0.7434344 0.5262991 0.7434344 0.5262987 0.7424525 0.5267047 0.7443791 0.5267084 0.7434344 0.5262991 0.7434344 0.5262991 0.7434344 0.5267084 0.7434344 0.5267047 0.7424897 0.5262987 0.7424525 0.5267047 0.7424897 0.5267009 0.7417064 0.5248387 0.7424471 0.5262987 0.7424525 0.5262982 0.7416388 0.5267047 0.7424897 0.5269958 0.742573 0.5269817 0.7418733 0.5267084 0.7434344 0.5270082 0.7434344 0.5269958 0.742573 0.5269958 0.742573 0.5271863 0.7426311 0.527135 0.7420805 0.5270082 0.7434344 0.527212 0.7434344 0.5271863 0.7426311 0.527135 0.7420805 0.5271863 0.7426311 0.5272961 0.7425783 0.5271863 0.7426311 0.527212 0.7434344 0.5273333 0.7434344 0.5271863 0.7442377 0.527212 0.7434344 0.5270082 0.7434344 0.5271863 0.7442377 0.5272961 0.7442905 0.5273333 0.7434344 0.5272961 0.7442905 0.5273333 0.7443365 0.5273738 0.7434344 0.5272961 0.7425783 0.5273333 0.7434344 0.5273738 0.7434344 0.5273738 0.7434344 0.5273333 0.7434344 0.5272961 0.7425783 0.5273738 0.7434344 0.5273333 0.7443365 0.5272961 0.7442905 0.5273333 0.7434344 0.527212 0.7434344 0.5271863 0.7426311 0.5272961 0.7425783 0.5271863 0.7426311 0.527135 0.7420805 0.5273333 0.7425323 0.5272961 0.7425783 0.5271863 0.7418829 0.527135 0.7420805 0.5271863 0.7426311 0.5269958 0.742573 0.5271863 0.7426311 0.527212 0.7434344 0.5270082 0.7434344 0.5269958 0.742573 0.5270082 0.7434344 0.5267084 0.7434344 0.5269817 0.7418733 0.5269958 0.742573 0.5267047 0.7424897 0.5269958 0.7414481 0.5271863 0.7418829 0.527135 0.7420805 0.5267047 0.7412194 0.5269958 0.7414481 0.5269817 0.7418733 0.5270082 0.7413042 0.527212 0.7417837 0.5271863 0.7418829 0.5267084 0.7410566 0.5270082 0.7413042 0.5269958 0.7414481 0.5262991 0.7409652 0.5267084 0.7410566 0.5267047 0.7412194 0.5262987 0.7411336 0.5267047 0.7412194 0.5267009 0.7417064 0.5267047 0.7412194 0.5267084 0.7410566 0.5262991 0.7409652 0.5269958 0.7414481 0.5270082 0.7413042 0.5267084 0.7410566 0.5267009 0.7417064 0.5267047 0.7412194 0.5262987 0.7411336 0.5269817 0.7418733 0.5269958 0.7414481 0.5267047 0.7412194 0.5271863 0.7418829 0.527212 0.7417837 0.5270082 0.7413042 0.527135 0.7420805 0.5271863 0.7418829 0.5269958 0.7414481 0.5271863 0.7418829 0.5272961 0.7425783 0.5273333 0.7425323 0.5267009 0.7417064 0.5267047 0.7424897 0.5262987 0.7424525 0.5262982 0.7416388 0.5262987 0.7424525 0.5248387 0.7424471 0.5262987 0.7424525 0.5262991 0.7434344 0.5248387 0.7434344 0.5267047 0.7424897 0.5267084 0.7434344 0.5262991 0.7434344 0.5248387 0.7424471 0.5248387 0.7434344 0.5244831 0.7434344 0.5271863 0.7449858 0.527212 0.7450851 0.5273333 0.7443365 0.5273333 0.7443365 0.527212 0.7450851 0.5271863 0.7449858 0.5271863 0.7449858 0.527212 0.7450851 0.5270082 0.7455646 0.5270082 0.7455646 0.527212 0.7450851 0.5271863 0.7449858 0.5269958 0.7454207 0.5270082 0.7455646 0.5267084 0.7458122 0.5267084 0.7458122 0.5270082 0.7455646 0.5269958 0.7454207 0.5269817 0.7449955 0.5269958 0.7454207 0.5267047 0.7456495 0.5267009 0.7451624 0.5267047 0.7456495 0.5262987 0.7457352 0.5267047 0.7456495 0.5267084 0.7458122 0.5262991 0.7459036 0.5262982 0.74523 0.5262987 0.7457352 0.5248387 0.7457475 0.5262987 0.7457352 0.5262991 0.7459036 0.5248387 0.7459167 0.5248387 0.7459167 0.5262991 0.7459036 0.5262987 0.7457352 0.5262991 0.7459036 0.5267084 0.7458122 0.5267047 0.7456495 0.5262987 0.7457352 0.5267047 0.7456495 0.5267009 0.7451624 0.5248387 0.7457475 0.5262987 0.7457352 0.5262982 0.74523 0.5267009 0.7451624 0.5267047 0.7443791 0.5262987 0.7444163 0.5262982 0.74523 0.5262987 0.7444163 0.5248387 0.7444217 0.5244831 0.7452397 0.5248387 0.7452397 0.5248387 0.7444217 0.5248387 0.7457475 0.5248387 0.7452397 0.5244831 0.7452397 0.5240503 0.7452397 0.5244831 0.7452397 0.5244831 0.7444217 0.5240503 0.7457475 0.5244831 0.7457475 0.5244831 0.7452397 0.5244831 0.7459167 0.5244831 0.7457475 0.5240503 0.7457475 0.5248387 0.7459167 0.5248387 0.7457475 0.5244831 0.7457475 0.5240503 0.7457475 0.5244831 0.7457475 0.5244831 0.7459167 0.5248387 0.7457475 0.5248387 0.7459167 0.5244831 0.7459167 0.5240503 0.7452397 0.5244831 0.7452397 0.5244831 0.7457475 0.5248387 0.7452397 0.5248387 0.7457475 0.5244831 0.7457475 0.5229936 0.7452314 0.5240503 0.7452397 0.5240503 0.7457475 0.5267047 0.7456495 0.5269958 0.7454207 0.5269817 0.7449955 0.5269817 0.7449955 0.5269958 0.7442958 0.5267047 0.7443791 0.5269958 0.7442958 0.5270082 0.7434344 0.5267084 0.7434344 0.527135 0.7447884 0.5271863 0.7442377 0.5269958 0.7442958 0.5269958 0.7454207 0.5271863 0.7449858 0.527135 0.7447884 0.527135 0.7447884 0.5271863 0.7449858 0.5272961 0.7442905 0.5196897 0.7253618 0.5195031 0.7251994 0.519521 0.7248518 0.5196897 0.7253618 0.5197567 0.7251994 0.5199041 0.725791 0.5196897 0.7253618 0.5197599 0.725836 0.5195228 0.725791 0.5197599 0.725836 0.5199041 0.725791 0.5199816 0.7266331 0.5197599 0.725836 0.5198165 0.7266452 0.519551 0.7266331 0.5199041 0.725791 0.5199528 0.7257517 0.5200368 0.7266211 0.5197567 0.7251994 0.5197903 0.7251178 0.5199528 0.7257517 0.5199041 0.725791 0.5199816 0.7266331 0.5200368 0.7266211 0.5197567 0.7251994 0.5199041 0.725791 0.5199528 0.7257517 0.5197903 0.7251178 0.5195366 0.7247341 0.519521 0.7248518 0.5197903 0.7251178 0.5197567 0.7251994 0.519521 0.7248518 0.519521 0.7248518 0.5195366 0.7247341 0.5192308 0.7246056 0.519521 0.7248518 0.5192308 0.7247341 0.5192308 0.7246056 0.519521 0.7248518 0.5192308 0.7247341 0.5192308 0.7251178 0.5196897 0.7253618 0.5197567 0.7251994 0.519521 0.7248518 0.5196897 0.7253618 0.5195031 0.7251994 0.5195228 0.725791 0.5195031 0.7251994 0.5192308 0.7251178 0.5192308 0.7257517 0.5192308 0.7251178 0.5192308 0.7247341 0.5189406 0.7248518 0.5189586 0.7251994 0.5189388 0.725791 0.5192308 0.7257517 0.5195228 0.725791 0.5192308 0.7257517 0.5192308 0.7266211 0.5189388 0.725791 0.5189107 0.7266331 0.5192308 0.7266211 0.518772 0.7253618 0.5187017 0.725836 0.5189388 0.725791 0.5187017 0.725836 0.5186452 0.7266452 0.5189107 0.7266331 0.5189107 0.7266331 0.5188962 0.7289323 0.5192308 0.7289323 0.5186452 0.7266452 0.518619 0.7289323 0.5188962 0.7289323 0.5187017 0.725836 0.5185576 0.725791 0.5184801 0.7266331 0.5184469 0.7289323 0.518619 0.7289323 0.5186452 0.7266452 0.518619 0.7289323 0.518619 0.7295888 0.5188962 0.7295888 0.5184469 0.7289323 0.5184469 0.7295888 0.518619 0.7295888 0.5183895 0.7289323 0.5183895 0.7295888 0.5184469 0.7295888 0.5183895 0.7289323 0.5184469 0.7289323 0.5184801 0.7266331 0.5183895 0.7295888 0.5183895 0.7302454 0.5184469 0.7302454 0.5184469 0.7295888 0.5184469 0.7302454 0.518619 0.7302454 0.5183895 0.7289323 0.5184469 0.7289323 0.5184469 0.7295888 0.5183895 0.7295888 0.5184469 0.7295888 0.5184469 0.7302454 0.518619 0.7289323 0.518619 0.7295888 0.5184469 0.7295888 0.518619 0.7295888 0.518619 0.7302454 0.5184469 0.7302454 0.5188962 0.7289323 0.5188962 0.7295888 0.518619 0.7295888 0.5188962 0.7295888 0.5188962 0.7302454 0.518619 0.7302454 0.5192308 0.7295888 0.5192308 0.7302454 0.5188962 0.7302454 0.5192308 0.7289323 0.5192308 0.7295888 0.5188962 0.7295888 0.5195654 0.7289323 0.5195654 0.7295888 0.5192308 0.7295888 0.5192308 0.7295888 0.5195654 0.7295888 0.5195654 0.7302454 0.5198428 0.7289323 0.5198428 0.7295888 0.5195654 0.7295888 0.5198428 0.7295888 0.5198428 0.7302454 0.5195654 0.7302454 0.5200148 0.7295888 0.5200148 0.7302454 0.5198428 0.7302454 0.5200148 0.7289323 0.5200148 0.7295888 0.5198428 0.7295888 0.5200722 0.7295888 0.5200722 0.7302454 0.5200148 0.7302454 0.5200722 0.7289323 0.5200722 0.7295888 0.5200148 0.7295888 0.5200148 0.7289323 0.5200148 0.7295888 0.5200722 0.7295888 0.5200148 0.7295888 0.5200148 0.7302454 0.5200722 0.7302454 0.5198428 0.7289323 0.5198428 0.7295888 0.5200148 0.7295888 0.5198428 0.7295888 0.5198428 0.7302454 0.5200148 0.7302454 0.5195654 0.7289323 0.5195654 0.7295888 0.5198428 0.7295888 0.5195654 0.7295888 0.5195654 0.7302454 0.5198428 0.7302454 0.5192308 0.7295888 0.5192308 0.7302454 0.5195654 0.7302454 0.5192308 0.7289323 0.5192308 0.7295888 0.5195654 0.7295888 0.5192308 0.7289323 0.5188962 0.7289323 0.5188962 0.7295888 0.5192308 0.7295888 0.5188962 0.7295888 0.5188962 0.7302454 0.518619 0.7295888 0.518619 0.7302454 0.5188962 0.7302454 0.5188962 0.7327544 0.5192308 0.7327544 0.5192308 0.7302454 0.518619 0.7302454 0.518619 0.7327544 0.5188962 0.7327544 0.5184469 0.7302454 0.5184469 0.7327544 0.518619 0.7327544 0.518449 0.7336299 0.518451 0.7345054 0.5186222 0.734505 0.5188971 0.7336299 0.5186206 0.7336297 0.5186222 0.734505 0.5192308 0.7336301 0.5188971 0.7336299 0.518898 0.7345054 0.5192308 0.7336301 0.5192308 0.7345058 0.5195636 0.7345054 0.5195645 0.7336299 0.5195636 0.7345054 0.5198394 0.734505 0.5195654 0.7327544 0.5198428 0.7327544 0.5198428 0.7302454 0.5192308 0.7327544 0.5195654 0.7327544 0.5195654 0.7302454 0.5200127 0.7336299 0.5198411 0.7336297 0.5198394 0.734505 0.5198428 0.7302454 0.5198428 0.7327544 0.5200148 0.7327544 0.52007 0.7336301 0.5200127 0.7336299 0.5200107 0.7345054 0.5200148 0.7327544 0.5200722 0.7327544 0.5200722 0.7302454 0.52007 0.7336301 0.5200678 0.7345058 0.5200107 0.7345054 0.5200127 0.7336299 0.5200107 0.7345054 0.5198394 0.734505 0.5195645 0.7336299 0.5198411 0.7336297 0.5198394 0.734505 0.5192308 0.7336301 0.5195645 0.7336299 0.5195636 0.7345054 0.5198428 0.7302454 0.5198428 0.7327544 0.5195654 0.7327544 0.5195654 0.7327544 0.5192308 0.7327544 0.5192308 0.7302454 0.5192308 0.7327544 0.5188962 0.7327544 0.5188962 0.7302454 0.5192308 0.7336301 0.5192308 0.7345058 0.518898 0.7345054 0.5188971 0.7336299 0.518898 0.7345054 0.5186222 0.734505 0.5188962 0.7327544 0.518619 0.7327544 0.518619 0.7302454 0.5186206 0.7336297 0.5186222 0.734505 0.518451 0.7345054 0.518619 0.7302454 0.518619 0.7327544 0.5184469 0.7327544 0.5183917 0.7336301 0.518449 0.7336299 0.518451 0.7345054 0.5184469 0.7327544 0.5183895 0.7327544 0.5183895 0.7302454 0.5183917 0.7336301 0.5183939 0.7345058 0.518451 0.7345054 0.5183895 0.7327544 0.5184469 0.7327544 0.5184469 0.7302454 0.5200148 0.7302454 0.5200148 0.7327544 0.5198428 0.7327544 0.5200722 0.7327544 0.5200148 0.7327544 0.5200148 0.7302454 0.5192308 0.7289323 0.5195654 0.7289323 0.519551 0.7266331 0.5195654 0.7289323 0.5198428 0.7289323 0.5198165 0.7266452 0.5197599 0.725836 0.5195228 0.725791 0.519551 0.7266331 0.5197599 0.725836 0.5198165 0.7266452 0.5199816 0.7266331 0.5198165 0.7266452 0.5198428 0.7289323 0.5200148 0.7289323 0.5199816 0.7266331 0.5200148 0.7289323 0.5200722 0.7289323 0.5196897 0.7253618 0.5197599 0.725836 0.5199041 0.725791 0.5200722 0.7289323 0.5200148 0.7289323 0.5199816 0.7266331 0.5200148 0.7289323 0.5198428 0.7289323 0.5198165 0.7266452 0.5198165 0.7266452 0.5198428 0.7289323 0.5195654 0.7289323 0.519551 0.7266331 0.5195654 0.7289323 0.5192308 0.7289323 0.5195228 0.725791 0.519551 0.7266331 0.5192308 0.7266211 0.5189388 0.725791 0.5192308 0.7257517 0.5192308 0.7266211 0.5192308 0.7289323 0.5188962 0.7289323 0.5189107 0.7266331 0.5188962 0.7289323 0.518619 0.7289323 0.5186452 0.7266452 0.5187017 0.725836 0.5189388 0.725791 0.5189107 0.7266331 0.5187017 0.725836 0.5186452 0.7266452 0.5184801 0.7266331 0.5186452 0.7266452 0.518619 0.7289323 0.5184469 0.7289323 0.518772 0.7253618 0.5189586 0.7251994 0.5189388 0.725791 0.518772 0.7253618 0.5187017 0.725836 0.5185576 0.725791 0.5185576 0.725791 0.5184801 0.7266331 0.5184249 0.7266211 0.518705 0.7251994 0.5185576 0.725791 0.5185089 0.7257517 0.5189406 0.7248518 0.518705 0.7251994 0.5186713 0.7251178 0.5189406 0.7248518 0.5189586 0.7251994 0.518772 0.7253618 0.5192308 0.7246056 0.5192308 0.7247341 0.5189406 0.7248518 0.5192308 0.7251178 0.5189586 0.7251994 0.5189406 0.7248518 0.5189586 0.7251994 0.5192308 0.7251178 0.5192308 0.7257517 0.519521 0.7248518 0.5195031 0.7251994 0.5192308 0.7251178 0.5195031 0.7251994 0.5195228 0.725791 0.5192308 0.7257517 0.5189406 0.7248518 0.5189251 0.7247341 0.5186713 0.7251178 0.5192308 0.7246056 0.5189251 0.7247341 0.5189406 0.7248518 0.5189406 0.7248518 0.518705 0.7251994 0.518772 0.7253618 0.518705 0.7251994 0.5186713 0.7251178 0.5185089 0.7257517 0.518772 0.7253618 0.518705 0.7251994 0.5185576 0.725791 0.5185576 0.725791 0.5185089 0.7257517 0.5184249 0.7266211 0.5184801 0.7266331 0.5184469 0.7289323 0.5183895 0.7289323 0.5140505 0.7454207 0.5138601 0.7449858 0.5139113 0.7447884 0.5140505 0.7442958 0.5140647 0.7449955 0.5139113 0.7447884 0.5137503 0.7442905 0.5138601 0.7442377 0.5139113 0.7447884 0.5137131 0.7434344 0.5138343 0.7434344 0.5138601 0.7442377 0.5140381 0.7434344 0.5140505 0.7442958 0.5138601 0.7442377 0.5143417 0.7443791 0.5143455 0.7451624 0.5140647 0.7449955 0.5143378 0.7434344 0.5143417 0.7443791 0.5140505 0.7442958 0.5147477 0.7444163 0.5147482 0.74523 0.5143455 0.7451624 0.5147473 0.7434344 0.5147477 0.7444163 0.5143417 0.7443791 0.5162077 0.7444217 0.5162077 0.7452397 0.5147482 0.74523 0.5162077 0.7434344 0.5162077 0.7444217 0.5147477 0.7444163 0.5165632 0.7444217 0.5162077 0.7444217 0.5162077 0.7434344 0.5165632 0.7452397 0.5162077 0.7452397 0.5162077 0.7444217 0.5162077 0.7457475 0.5147477 0.7457352 0.5147482 0.74523 0.5165632 0.7457475 0.5162077 0.7457475 0.5162077 0.7452397 0.5169961 0.7452397 0.5165632 0.7452397 0.5165632 0.7444217 0.5169961 0.7452397 0.5169961 0.7457475 0.5165632 0.7457475 0.5165632 0.7459167 0.5162077 0.7459167 0.5162077 0.7457475 0.5169961 0.7457475 0.5169961 0.7459167 0.5165632 0.7459167 0.5169961 0.7457475 0.5165632 0.7457475 0.5165632 0.7459167 0.5165632 0.7457475 0.5162077 0.7457475 0.5162077 0.7459167 0.5180535 0.7457374 0.5169961 0.7457475 0.5169961 0.7459167 0.5169961 0.7459167 0.5169961 0.7457475 0.5180535 0.7457374 0.518448 0.7457274 0.5180535 0.7457374 0.5180543 0.7459062 0.5180543 0.7459062 0.5180535 0.7457374 0.518448 0.7457274 0.5169961 0.7457475 0.5169961 0.7452397 0.5180527 0.7452314 0.5180535 0.7457374 0.5180527 0.7452314 0.5184462 0.7452231 0.5184462 0.7452231 0.5180527 0.7452314 0.5180535 0.744417 0.518448 0.7444123 0.5180535 0.744417 0.5180543 0.7434344 0.5180543 0.7434344 0.5180535 0.7424518 0.518448 0.7424565 0.5180535 0.7424518 0.5180527 0.7416374 0.5184462 0.7416457 0.5184462 0.7416457 0.5180527 0.7416374 0.5180535 0.7411314 0.518448 0.7411414 0.5180535 0.7411314 0.5180543 0.7409626 0.5180527 0.7416374 0.5169961 0.7416291 0.5169961 0.7411214 0.5180535 0.7411314 0.5169961 0.7411214 0.5169961 0.7409521 0.5169961 0.7409521 0.5169961 0.7411214 0.5165632 0.7411214 0.5169961 0.7411214 0.5169961 0.7416291 0.5165632 0.7416291 0.5165632 0.7409521 0.5165632 0.7411214 0.5162077 0.7411214 0.5165632 0.7416291 0.5162077 0.7416291 0.5162077 0.7411214 0.5165632 0.7409521 0.5162077 0.7409521 0.5162077 0.7411214 0.5169961 0.7409521 0.5165632 0.7409521 0.5165632 0.7411214 0.5169961 0.7416291 0.5169961 0.7411214 0.5165632 0.7411214 0.5165632 0.7411214 0.5162077 0.7411214 0.5162077 0.7416291 0.5162077 0.7411214 0.5147477 0.7411336 0.5147482 0.7416388 0.5162077 0.7409521 0.5147473 0.7409652 0.5147477 0.7411336 0.5147477 0.7411336 0.5143417 0.7412194 0.5143455 0.7417064 0.5147473 0.7409652 0.5143378 0.7410566 0.5143417 0.7412194 0.5143417 0.7412194 0.5140505 0.7414481 0.5140647 0.7418733 0.5143378 0.7410566 0.5140381 0.7413042 0.5140505 0.7414481 0.5143378 0.7410566 0.5143417 0.7412194 0.5140505 0.7414481 0.5147473 0.7409652 0.5147477 0.7411336 0.5143417 0.7412194 0.5147477 0.7411336 0.5147482 0.7416388 0.5143455 0.7417064 0.5143417 0.7412194 0.5143455 0.7417064 0.5140647 0.7418733 0.5147477 0.7424525 0.5143417 0.7424897 0.5143455 0.7417064 0.5143417 0.7424897 0.5140505 0.742573 0.5140647 0.7418733 0.5140505 0.7414481 0.5140647 0.7418733 0.5139113 0.7420805 0.5140505 0.742573 0.5138601 0.7426311 0.5139113 0.7420805 0.5139113 0.7420805 0.5138601 0.7426311 0.5137503 0.7425783 0.5140381 0.7434344 0.5138343 0.7434344 0.5138601 0.7426311 0.5138601 0.7426311 0.5138343 0.7434344 0.5137131 0.7434344 0.5137503 0.7425783 0.5137131 0.7434344 0.5136725 0.7434344 0.5138601 0.7418829 0.5137503 0.7425783 0.5137131 0.7425323 0.5138601 0.7418829 0.5138343 0.7417837 0.5137131 0.7425323 0.5137503 0.7425783 0.5137131 0.7425323 0.5136725 0.7434344 0.5139113 0.7420805 0.5138601 0.7418829 0.5137503 0.7425783 0.5138601 0.7426311 0.5137503 0.7425783 0.5137131 0.7434344 0.5137131 0.7434344 0.5137503 0.7442905 0.5138601 0.7442377 0.5136725 0.7434344 0.5137131 0.7443365 0.5137503 0.7442905 0.5137503 0.7442905 0.5138601 0.7449858 0.5139113 0.7447884 0.5137131 0.7443365 0.5138343 0.7450851 0.5138601 0.7449858 0.5136725 0.7434344 0.5137131 0.7434344 0.5137503 0.7442905 0.5137131 0.7443365 0.5137503 0.7442905 0.5138601 0.7449858 0.5140381 0.7455646 0.5138343 0.7450851 0.5138601 0.7449858 0.5140381 0.7455646 0.5140505 0.7454207 0.5138601 0.7449858 0.5143378 0.7458122 0.5140381 0.7455646 0.5140505 0.7454207 0.5143378 0.7458122 0.5143417 0.7456495 0.5140505 0.7454207 0.5147473 0.7459036 0.5147477 0.7457352 0.5143417 0.7456495 0.5147473 0.7459036 0.5143378 0.7458122 0.5143417 0.7456495 0.5162077 0.7459167 0.5147473 0.7459036 0.5147477 0.7457352 0.5162077 0.7459167 0.5162077 0.7457475 0.5147477 0.7457352 0.5147477 0.7457352 0.5147482 0.74523 0.5143455 0.7451624 0.5162077 0.7457475 0.5162077 0.7452397 0.5147482 0.74523 0.5165632 0.7452397 0.5162077 0.7452397 0.5162077 0.7457475 0.5165632 0.7452397 0.5165632 0.7444217 0.5162077 0.7444217 0.5162077 0.7444217 0.5147477 0.7444163 0.5147482 0.74523 0.5162077 0.7434344 0.5147473 0.7434344 0.5147477 0.7444163 0.5165632 0.7444217 0.5165632 0.7434344 0.5162077 0.7434344 0.5162077 0.7434344 0.5162077 0.7424471 0.5147477 0.7424525 0.5165632 0.7434344 0.5165632 0.7424471 0.5162077 0.7424471 0.5162077 0.7424471 0.5162077 0.7416291 0.5147482 0.7416388 0.5165632 0.7424471 0.5165632 0.7416291 0.5162077 0.7416291 0.5169961 0.7424471 0.5165632 0.7424471 0.5165632 0.7434344 0.5169961 0.7424471 0.5169961 0.7416291 0.5165632 0.7416291 0.5180535 0.7424518 0.5169961 0.7424471 0.5169961 0.7434344 0.5180527 0.7416374 0.5169961 0.7416291 0.5169961 0.7424471 0.5184462 0.7416457 0.5180527 0.7416374 0.5180535 0.7424518 0.518448 0.7424565 0.5180535 0.7424518 0.5180543 0.7434344 0.5180535 0.7411314 0.5180527 0.7416374 0.5184462 0.7416457 0.5169961 0.7411214 0.5169961 0.7416291 0.5180527 0.7416374 0.5169961 0.7409521 0.5169961 0.7411214 0.5180535 0.7411314 0.5180543 0.7409626 0.5180535 0.7411314 0.518448 0.7411414 0.5169961 0.7434344 0.5169961 0.7444217 0.5180535 0.744417 0.5180543 0.7434344 0.5180535 0.744417 0.518448 0.7444123 0.5180535 0.744417 0.5180527 0.7452314 0.5184462 0.7452231 0.5184462 0.7452231 0.5180527 0.7452314 0.5180535 0.7457374 0.5169961 0.7444217 0.5169961 0.7452397 0.5180527 0.7452314 0.5180527 0.7452314 0.5169961 0.7452397 0.5169961 0.7457475 0.5169961 0.7452397 0.5169961 0.7444217 0.5165632 0.7444217 0.5169961 0.7457475 0.5169961 0.7452397 0.5165632 0.7452397 0.5169961 0.7444217 0.5169961 0.7434344 0.5165632 0.7434344 0.5147477 0.7424525 0.5147482 0.7416388 0.5143455 0.7417064 0.5147473 0.7434344 0.5147477 0.7424525 0.5143417 0.7424897 0.5143417 0.7424897 0.5143455 0.7417064 0.5140647 0.7418733 0.5143378 0.7434344 0.5143417 0.7424897 0.5140505 0.742573 0.5147473 0.7434344 0.5143378 0.7434344 0.5143417 0.7443791 0.5143378 0.7434344 0.5140381 0.7434344 0.5140505 0.7442958 0.5140381 0.7434344 0.5138343 0.7434344 0.5138601 0.7442377 0.5140381 0.7434344 0.5140505 0.742573 0.5138601 0.7426311 0.5143417 0.7443791 0.5140505 0.7442958 0.5140647 0.7449955 0.5140505 0.7442958 0.5138601 0.7442377 0.5139113 0.7447884 0.5140505 0.7454207 0.5140647 0.7449955 0.5139113 0.7447884 0.5143417 0.7456495 0.5143455 0.7451624 0.5140647 0.7449955 0.5147477 0.7444163 0.5143417 0.7443791 0.5143455 0.7451624 0.5140505 0.742573 0.5140647 0.7418733 0.5139113 0.7420805 0.5140505 0.7414481 0.5138601 0.7418829 0.5139113 0.7420805 0.5147477 0.7457352 0.5143417 0.7456495 0.5143455 0.7451624 0.5143417 0.7456495 0.5140505 0.7454207 0.5140647 0.7449955 0.5140381 0.7413042 0.5138343 0.7417837 0.5138601 0.7418829 0.5140381 0.7413042 0.5140505 0.7414481 0.5138601 0.7418829 0.5143378 0.7434344 0.5140381 0.7434344 0.5140505 0.742573 0.5147473 0.7434344 0.5143378 0.7434344 0.5143417 0.7424897 0.5162077 0.7434344 0.5147473 0.7434344 0.5147477 0.7424525 0.5162077 0.7424471 0.5147477 0.7424525 0.5147482 0.7416388 0.5165632 0.7434344 0.5162077 0.7434344 0.5162077 0.7424471 0.5165632 0.7424471 0.5162077 0.7424471 0.5162077 0.7416291 0.5162077 0.7411214 0.5162077 0.7416291 0.5147482 0.7416388 0.5169961 0.7424471 0.5169961 0.7434344 0.5165632 0.7434344 0.5169961 0.7416291 0.5169961 0.7424471 0.5165632 0.7424471 0.5169961 0.7444217 0.5165632 0.7444217 0.5165632 0.7434344 0.5180535 0.744417 0.5169961 0.7444217 0.5169961 0.7434344 0.5169961 0.7434344 0.5169961 0.7424471 0.5180535 0.7424518 0.5180527 0.7452314 0.5169961 0.7452397 0.5169961 0.7444217 0.5169961 0.7424471 0.5169961 0.7416291 0.5180527 0.7416374 0.5162077 0.7409521 0.5162077 0.7411214 0.5147477 0.7411336 0.5214481 0.7359975 0.5214481 0.7378107 0.5222145 0.7378062 0.5214481 0.7378107 0.5205232 0.7378147 0.5205232 0.736003 0.5222145 0.7396212 0.5214481 0.739624 0.5214481 0.7378107 0.5226901 0.7359975 0.5226901 0.7378107 0.5222145 0.7378062 0.5228487 0.736003 0.5228487 0.7378147 0.5226901 0.7378107 0.5226901 0.7378107 0.5228487 0.7378147 0.5228487 0.736003 0.5222145 0.7396212 0.5226901 0.739624 0.5226901 0.7378107 0.5195983 0.7359975 0.5188319 0.7359912 0.5188319 0.7378062 0.5205232 0.736003 0.5195983 0.7359975 0.5195983 0.7378107 0.5205232 0.736003 0.5205232 0.7378147 0.5214481 0.7378107 0.5188319 0.7396212 0.5188319 0.7378062 0.5183562 0.7378107 0.5181976 0.736003 0.5181976 0.7378147 0.5183562 0.7378107 0.5181976 0.736003 0.5183562 0.7359975 0.5183562 0.7378107 0.5183562 0.7359975 0.5188319 0.7359912 0.5188319 0.7378062 0.5205232 0.736003 0.5205232 0.7378147 0.5195983 0.7378107 0.5188319 0.7396212 0.5188319 0.7378062 0.5195983 0.7378107 0.518451 0.7345054 0.518451 0.7345054 0.5186222 0.734505 0.5218155 0.7345058 0.5214827 0.7345054 0.5214827 0.7345054 0.518898 0.7345054 0.5186222 0.734505 0.5186222 0.734505 0.5214827 0.7345054 0.5212069 0.734505 0.5212069 0.734505 0.5224241 0.734505 0.5225953 0.7345054 0.5225953 0.7345054 0.5192308 0.7345058 0.518898 0.7345054 0.518898 0.7345054 0.5200678 0.7345058 0.5200107 0.7345054 0.5200107 0.7345054 0.5226525 0.7345058 0.5226525 0.7345058 0.5225953 0.7345054 0.5200107 0.7345054 0.5198394 0.734505 0.5198394 0.734505 0.5183939 0.7345058 0.5183939 0.7345058 0.518451 0.7345054 0.5210357 0.7345054 0.5212069 0.734505 0.5212069 0.734505 0.5192308 0.7345058 0.5192308 0.7345058 0.5195636 0.7345054 0.5183939 0.7345058 0.518451 0.7345054 0.518451 0.7345054 0.5226525 0.7345058 0.5225953 0.7345054 0.5225953 0.7345054 0.5209786 0.7345058 0.5210357 0.7345054 0.5210357 0.7345054 0.5195636 0.7345054 0.5195636 0.7345054 0.5198394 0.734505 0.5221483 0.7345054 0.5224241 0.734505 0.5224241 0.734505 0.5200678 0.7345058 0.5200678 0.7345058 0.5200107 0.7345054 0.5186222 0.734505 0.5186222 0.734505 0.518451 0.7345054 0.5214827 0.7345054 0.5214827 0.7345054 0.5212069 0.734505 0.5218155 0.7345058 0.5221483 0.7345054 0.5221483 0.7345054 0.518898 0.7345054 0.518898 0.7345054 0.5186222 0.734505 0.5225953 0.7345054 0.5224241 0.734505 0.5224241 0.734505 0.5200107 0.7345054 0.5200107 0.7345054 0.5198394 0.734505 0.5192308 0.7345058 0.5192308 0.7345058 0.518898 0.7345054 0.5218155 0.7345058 0.5218155 0.7345058 0.5214827 0.7345054 0.5209786 0.7345058 0.5209786 0.7345058 0.5210357 0.7345054 0.5221483 0.7345054 0.5221483 0.7345054 0.5224241 0.734505 0.5210357 0.7345054 0.5210357 0.7345054 0.5212069 0.734505 0.5195636 0.7345054 0.5198394 0.734505 0.5198394 0.734505 0.5192308 0.7345058 0.5195636 0.7345054 0.5195636 0.7345054 0.5218155 0.7345058 0.5218155 0.7345058 0.5221483 0.7345054 0.5224258 0.7336297 0.5221492 0.7336299 0.5221501 0.7327544 0.5221492 0.7336299 0.5218155 0.7336301 0.5218155 0.7327544 0.5218155 0.7327544 0.5218155 0.7336301 0.5214818 0.7336299 0.5214809 0.7327544 0.5214818 0.7336299 0.5212053 0.7336297 0.5212053 0.7336297 0.5210337 0.7336299 0.5210316 0.7327544 0.5210337 0.7336299 0.5209764 0.7336301 0.5209742 0.7327544 0.5209742 0.7327544 0.5209764 0.7336301 0.5210337 0.7336299 0.5210316 0.7327544 0.5210337 0.7336299 0.5212053 0.7336297 0.5212053 0.7336297 0.5214818 0.7336299 0.5214809 0.7327544 0.5214818 0.7336299 0.5218155 0.7336301 0.5218155 0.7327544 0.5218155 0.7327544 0.5218155 0.7336301 0.5221492 0.7336299 0.5221501 0.7327544 0.5221492 0.7336299 0.5224258 0.7336297 0.5224258 0.7336297 0.5225974 0.7336299 0.5225995 0.7327544 0.5225974 0.7336299 0.5226547 0.7336301 0.5226568 0.7327544 0.5225995 0.7327544 0.5225974 0.7336299 0.5224258 0.7336297 0.5226547 0.7336301 0.5225974 0.7336299 0.5225995 0.7327544 0.5183895 0.7327544 0.5183917 0.7336301 0.518449 0.7336299 0.5184469 0.7327544 0.518449 0.7336299 0.5183917 0.7336301 0.5184469 0.7327544 0.518619 0.7327544 0.5186206 0.7336297 0.5188962 0.7327544 0.5188971 0.7336299 0.5186206 0.7336297 0.5192308 0.7327544 0.5192308 0.7336301 0.5188971 0.7336299 0.5192308 0.7327544 0.5195654 0.7327544 0.5195645 0.7336299 0.5195654 0.7327544 0.5198428 0.7327544 0.5198411 0.7336297 0.5200148 0.7327544 0.5200127 0.7336299 0.5198411 0.7336297 0.5200722 0.7327544 0.52007 0.7336301 0.5200127 0.7336299 0.5200722 0.7327544 0.5200148 0.7327544 0.5200127 0.7336299 0.5200148 0.7327544 0.5198428 0.7327544 0.5198411 0.7336297 0.5195654 0.7327544 0.5195645 0.7336299 0.5198411 0.7336297 0.5192308 0.7327544 0.5192308 0.7336301 0.5195645 0.7336299 0.5192308 0.7327544 0.5188962 0.7327544 0.5188971 0.7336299 0.5188962 0.7327544 0.518619 0.7327544 0.5186206 0.7336297 0.5184469 0.7327544 0.518449 0.7336299 0.5186206 0.7336297</float_array>
          <technique_common>
            <accessor source="#Cube_004-mesh-map-0-array" count="5088" stride="2">
              <param name="S" type="float"/>
              <param name="T" type="float"/>
            </accessor>
          </technique_common>
        </source>
        <source id="Cube_004-mesh-colors-Col" name="Col">
          <float_array id="Cube_004-mesh-colors-Col-array" count="20352">1 1 1 1 1 1 1 1 1 1 1 1 1 1 1 1 1 1 1 1 1 1 1 1 1 1 1 1 1 1 1 1 1 1 1 1 1 1 1 1 1 1 1 1 1 1 1 1 1 1 1 1 1 1 1 1 1 1 1 1 1 1 1 1 1 1 1 1 1 1 1 1 1 1 1 1 1 1 1 1 1 1 1 1 1 1 1 1 1 1 1 1 1 1 1 1 1 1 1 1 1 1 1 1 1 1 1 1 1 1 1 1 1 1 1 1 1 1 1 1 1 1 1 1 1 1 1 1 1 1 1 1 1 1 1 1 1 1 1 1 1 1 1 1 1 1 1 1 1 1 1 1 1 1 1 1 1 1 1 1 1 1 1 1 1 1 1 1 1 1 1 1 1 1 1 1 1 1 1 1 1 1 1 1 1 1 1 1 1 1 1 1 1 1 1 1 1 1 1 1 1 1 1 1 1 1 1 1 1 1 1 1 1 1 1 1 1 1 1 1 1 1 1 1 1 1 1 1 1 1 1 1 1 1 1 1 1 1 1 1 1 1 1 1 1 1 1 1 1 1 1 1 1 1 1 1 1 1 1 1 1 1 1 1 1 1 1 1 1 1 1 1 1 1 1 1 1 1 1 1 1 1 1 1 1 1 1 1 1 1 1 1 1 1 1 1 1 1 1 1 1 1 1 1 1 1 1 1 1 1 1 1 1 1 1 1 1 1 1 1 1 1 1 1 1 1 1 1 1 1 1 1 1 1 1 1 1 1 1 1 1 1 1 1 1 1 1 1 1 1 1 1 1 1 1 1 1 1 1 1 1 1 1 1 1 1 1 1 1 1 1 1 1 1 1 1 1 1 1 1 1 1 1 1 1 1 1 1 1 1 1 1 1 1 1 1 1 1 1 1 1 1 1 1 1 1 1 1 1 1 1 1 1 1 1 1 1 1 1 1 1 1 1 1 1 1 1 1 1 1 1 1 1 1 1 1 1 1 1 1 1 1 1 1 1 1 1 1 1 1 1 1 1 1 1 1 1 1 1 1 1 1 1 1 1 1 1 1 1 1 1 1 1 1 1 1 1 1 1 1 1 1 1 1 1 1 1 1 1 1 1 1 1 1 1 1 1 1 1 1 1 1 1 1 1 1 1 1 1 1 1 1 1 1 1 1 1 1 1 1 1 1 1 1 1 1 1 1 1 1 1 1 1 1 1 1 1 1 1 1 1 1 1 1 1 1 1 1 1 1 1 1 1 1 1 1 1 1 1 1 1 1 1 1 1 1 1 1 1 1 1 1 1 1 1 1 1 1 1 1 1 1 1 1 1 1 1 1 1 1 1 1 1 1 1 1 1 1 1 1 1 1 1 1 1 1 1 1 1 1 1 1 1 1 1 1 1 1 1 1 1 1 1 1 1 1 1 1 1 1 1 1 1 1 1 1 1 1 1 1 1 1 1 1 1 1 1 1 1 1 1 1 1 1 1 1 1 1 1 1 1 1 1 1 1 1 1 1 1 1 1 1 1 1 1 1 1 1 1 1 1 1 1 1 1 1 1 1 1 1 1 1 1 1 1 1 1 1 1 1 1 1 1 1 1 1 1 1 1 1 1 1 1 1 1 1 1 1 1 1 1 1 1 1 1 1 1 1 1 1 1 1 1 1 1 1 1 1 1 1 1 1 1 1 1 1 1 1 1 1 1 1 1 1 1 1 1 1 1 1 1 1 1 1 1 1 1 1 1 1 1 1 1 1 1 1 1 1 1 1 1 1 1 1 1 1 1 1 1 1 1 1 1 1 1 1 1 1 1 1 1 1 1 1 1 1 1 1 1 1 1 1 1 1 1 1 1 1 1 1 1 1 1 1 1 1 1 1 1 1 1 1 1 1 1 1 1 1 1 1 1 1 1 1 1 1 1 1 1 1 1 1 1 1 1 1 1 1 1 1 1 1 1 1 1 1 1 1 1 1 1 1 1 1 1 1 1 1 1 1 1 1 1 1 1 1 1 1 1 1 1 1 1 1 1 1 1 1 1 1 1 1 1 1 1 1 1 1 1 1 1 1 1 1 1 1 1 1 1 1 1 1 1 1 1 1 1 1 1 1 1 1 1 1 1 1 1 1 1 1 1 1 1 1 1 1 1 1 1 1 1 1 1 1 1 1 1 1 1 1 1 1 1 1 1 1 1 1 1 1 1 1 1 1 1 1 1 1 1 1 1 1 1 1 1 1 1 1 1 1 1 1 1 1 1 1 1 1 1 1 1 1 1 1 1 1 1 1 1 1 1 1 1 1 1 1 1 1 1 1 1 1 1 1 1 1 1 1 1 1 1 1 1 1 1 1 1 1 1 1 1 1 1 1 1 1 1 1 1 1 1 1 1 1 1 1 1 1 1 1 1 1 1 1 1 1 1 1 1 1 1 1 1 1 1 1 1 1 1 1 1 1 1 1 1 1 1 1 1 1 1 1 1 1 1 1 1 1 1 1 1 1 1 1 1 1 1 1 1 1 1 1 1 1 1 1 1 1 1 1 1 1 1 1 1 1 1 1 1 1 1 1 1 1 1 1 1 1 1 1 1 1 1 1 1 1 1 1 1 1 1 1 1 1 1 1 1 1 1 1 1 1 1 1 1 1 1 1 1 1 1 1 1 1 1 1 1 1 1 1 1 1 1 1 1 1 1 1 1 1 1 1 1 1 1 1 1 1 1 1 1 1 1 1 1 1 1 1 1 1 1 1 1 1 1 1 1 1 1 1 1 1 1 1 1 1 1 1 1 1 1 1 1 1 1 1 1 1 1 1 1 1 1 1 1 1 1 1 1 1 1 1 1 1 1 1 1 1 1 1 1 1 1 1 1 1 1 1 1 1 1 1 1 1 1 1 1 1 1 1 1 1 1 1 1 1 1 1 1 1 1 1 1 1 1 1 1 1 1 1 1 1 1 1 1 1 1 1 1 1 1 1 1 1 1 1 1 1 1 1 1 1 1 1 1 1 1 1 1 1 1 1 1 1 1 1 1 1 1 1 1 1 1 1 1 1 1 1 1 1 1 1 1 1 1 1 1 1 1 1 1 1 1 1 1 1 1 1 1 1 1 1 1 1 1 1 1 1 1 1 1 1 1 1 1 1 1 1 1 1 1 1 1 1 1 1 1 1 1 1 1 1 1 1 1 1 1 1 1 1 1 1 1 1 1 1 1 1 1 1 1 1 1 1 1 1 1 1 1 1 1 1 1 1 1 1 1 1 1 1 1 1 1 1 1 1 1 1 1 1 1 1 1 1 1 1 1 1 1 1 1 1 1 1 1 1 1 1 1 1 1 1 1 1 1 1 1 1 1 1 1 1 1 1 1 1 1 1 1 1 1 1 1 1 1 1 1 1 1 1 1 1 1 1 1 1 1 1 1 1 1 1 1 1 1 1 1 1 1 1 1 1 1 1 1 1 1 1 1 1 1 1 1 1 1 1 1 1 1 1 1 1 1 1 1 1 1 1 1 1 1 1 1 1 1 1 1 1 1 1 1 1 1 1 1 1 1 1 1 1 1 1 1 1 1 1 1 1 1 1 1 1 1 1 1 1 1 1 1 1 1 1 1 1 1 1 1 1 1 1 1 1 1 1 1 1 1 1 1 1 1 1 1 1 1 1 1 1 1 1 1 1 1 1 1 1 1 1 1 1 1 1 1 1 1 1 1 1 1 1 1 1 1 1 1 1 1 1 1 1 1 1 1 1 1 1 1 1 1 1 1 1 1 1 1 1 1 1 1 1 1 1 1 1 1 1 1 1 1 1 1 1 1 1 1 1 1 1 1 1 1 1 1 1 1 1 1 1 1 1 1 1 1 1 1 1 1 1 1 1 1 1 1 1 1 1 1 1 1 1 1 1 1 1 1 1 1 1 1 1 1 1 1 1 1 1 1 1 1 1 1 1 1 1 1 1 1 1 1 1 1 1 1 1 1 1 1 1 1 1 1 1 1 1 1 1 1 1 1 1 1 1 1 1 1 1 1 1 1 1 1 1 1 1 1 1 1 1 1 1 1 1 1 1 1 1 1 1 1 1 1 1 1 1 1 1 1 1 1 1 1 1 1 1 1 1 1 1 1 1 1 1 1 1 1 1 1 1 1 1 1 1 1 1 1 1 1 1 1 1 1 1 1 1 1 1 1 1 1 1 1 1 1 1 1 1 1 1 1 1 1 1 1 1 1 1 1 1 1 1 1 1 1 1 1 1 1 1 1 1 1 1 1 1 1 1 1 1 1 1 1 1 1 1 1 1 1 1 1 1 1 1 1 1 1 1 1 1 1 1 1 1 1 1 1 1 1 1 1 1 1 1 1 1 1 1 1 1 1 1 1 1 1 1 1 1 1 1 1 1 1 1 1 1 1 1 1 1 1 1 1 1 1 1 1 1 1 1 1 1 1 1 1 1 1 1 1 1 1 1 1 1 1 1 1 1 1 1 1 1 1 1 1 1 1 1 1 1 1 1 1 1 1 1 1 1 1 1 1 1 1 1 1 1 1 1 1 1 1 1 1 1 1 1 1 1 1 1 1 1 1 1 1 1 1 1 1 1 1 1 1 1 1 1 1 1 1 1 1 1 1 1 1 1 1 1 1 1 1 1 1 1 1 1 1 1 1 1 1 1 1 1 1 1 1 1 1 1 1 1 1 1 1 1 1 1 1 1 1 1 1 1 1 1 1 1 1 1 1 1 1 1 1 1 1 1 1 1 1 1 1 1 1 1 1 1 1 1 1 1 1 1 1 1 1 1 1 1 1 1 1 1 1 1 1 1 1 1 1 1 1 1 1 1 1 1 1 1 1 1 1 1 1 1 1 1 1 1 1 1 1 1 1 1 1 1 1 1 1 1 1 1 1 1 1 1 1 1 1 1 1 1 1 1 1 1 1 1 1 1 1 1 1 1 1 1 1 1 1 1 1 1 1 1 1 1 1 1 1 1 1 1 1 1 1 1 1 1 1 1 1 1 1 1 1 1 1 1 1 1 1 1 1 1 1 1 1 1 1 1 1 1 1 1 1 1 1 1 1 1 1 1 1 1 1 1 1 1 1 1 1 1 1 1 1 1 1 1 1 1 1 1 1 1 1 1 1 1 1 1 1 1 1 1 1 1 1 1 1 1 1 1 1 1 1 1 1 1 1 1 1 1 1 1 1 1 1 1 1 1 1 1 1 1 1 1 1 1 1 1 1 1 1 1 1 1 1 1 1 1 1 1 1 1 1 1 1 1 1 1 1 1 1 1 1 1 1 1 1 1 1 1 1 1 1 1 1 1 1 1 1 1 1 1 1 1 1 1 1 1 1 1 1 1 1 1 1 1 1 1 1 1 1 1 1 1 1 1 1 1 1 1 1 1 1 1 1 1 1 1 1 1 1 1 1 1 1 1 1 1 1 1 1 1 1 1 1 1 1 1 1 1 1 1 1 1 1 1 1 1 1 1 1 1 1 1 1 1 1 1 1 1 1 1 1 1 1 1 1 1 1 1 1 1 1 1 1 1 1 1 1 1 1 1 1 1 1 1 1 1 1 1 1 1 1 1 1 1 1 1 1 1 1 1 1 1 1 1 1 1 1 1 1 1 1 1 1 1 1 1 1 1 1 1 1 1 1 1 1 1 1 1 1 1 1 1 1 1 1 1 1 1 1 1 1 1 1 1 1 1 1 1 1 1 1 1 1 1 1 1 1 1 1 1 1 1 1 1 1 1 1 1 1 1 1 1 1 1 1 1 1 1 1 1 1 1 1 1 1 1 1 1 1 1 1 1 1 1 1 1 1 1 1 1 1 1 1 1 1 1 1 1 1 1 1 1 1 1 1 1 1 1 1 1 1 1 1 1 1 1 1 1 1 1 1 1 1 1 1 1 1 1 1 1 1 1 1 1 1 1 1 1 1 1 1 1 1 1 1 1 1 1 1 1 1 1 1 1 1 1 1 1 1 1 1 1 1 1 1 1 1 1 1 1 1 1 1 1 1 1 1 1 1 1 1 1 1 1 1 1 1 1 1 1 1 1 1 1 1 1 1 1 1 1 1 1 1 1 1 1 1 1 1 1 1 1 1 1 1 1 1 1 1 1 1 1 1 1 1 1 1 1 1 1 1 1 1 1 1 1 1 1 1 1 1 1 1 1 1 1 1 1 1 1 1 1 1 1 1 1 1 1 1 1 1 1 1 1 1 1 1 1 1 1 1 1 1 1 1 1 1 1 1 1 1 1 1 1 1 1 1 1 1 1 1 1 1 1 1 1 1 1 1 1 1 1 1 1 1 1 1 1 1 1 1 1 1 1 1 1 1 1 1 1 1 1 1 1 1 1 1 1 1 1 1 1 1 1 1 1 1 1 1 1 1 1 1 1 1 1 1 1 1 1 1 1 1 1 1 1 1 1 1 1 1 1 1 1 1 1 1 1 1 1 1 1 1 1 1 1 1 1 1 1 1 1 1 1 1 1 1 1 1 1 1 1 1 1 1 1 1 1 1 1 1 1 1 1 1 1 1 1 1 1 1 1 1 1 1 1 1 1 1 1 1 1 1 1 1 1 1 1 1 1 1 1 1 1 1 1 1 1 1 1 1 1 1 1 1 1 1 1 1 1 1 1 1 1 1 1 1 1 1 1 1 1 1 1 1 1 1 1 1 1 1 1 1 1 1 1 1 1 1 1 1 1 1 1 1 1 1 1 1 1 1 1 1 1 1 1 1 1 1 1 1 1 1 1 1 1 1 1 1 1 1 1 1 1 1 1 1 1 1 1 1 1 1 1 1 1 1 1 1 1 1 1 1 1 1 1 1 1 1 1 1 1 1 1 1 1 1 1 1 1 1 1 1 1 1 1 1 1 1 1 1 1 1 1 1 1 1 1 1 1 1 1 1 1 1 1 1 1 1 1 1 1 1 1 1 1 1 1 1 1 1 1 1 1 1 1 1 1 1 1 1 1 1 1 1 1 1 1 1 1 1 1 1 1 1 1 1 1 1 1 1 1 1 1 1 1 1 1 1 1 1 1 1 1 1 1 1 1 1 1 1 1 1 1 1 1 1 1 1 1 1 1 1 1 1 1 1 1 1 1 1 1 1 1 1 1 1 1 1 1 1 1 1 1 1 1 1 1 1 1 1 1 1 1 1 1 1 1 1 1 1 1 1 1 1 1 1 1 1 1 1 1 1 1 1 1 1 1 1 1 1 1 1 1 1 1 1 1 1 1 1 1 1 1 1 1 1 1 1 1 1 1 1 1 1 1 1 1 1 1 1 1 1 1 1 1 1 1 1 1 1 1 1 1 1 1 1 1 1 1 1 1 1 1 1 1 1 1 1 1 1 1 1 1 1 1 1 1 1 1 1 1 1 1 1 1 1 1 1 1 1 1 1 1 1 1 1 1 1 1 1 1 1 1 1 1 1 1 1 1 1 1 1 1 1 1 1 1 1 1 1 1 1 1 1 1 1 1 1 1 1 1 1 1 1 1 1 1 1 1 1 1 1 1 1 1 1 1 1 1 1 1 1 1 1 1 1 1 1 1 1 1 1 1 1 1 1 1 1 1 1 1 1 1 1 1 1 1 1 1 1 1 1 1 1 1 1 1 1 1 1 1 1 1 1 1 1 1 1 1 1 1 1 1 1 1 1 1 1 1 1 1 1 1 1 1 1 1 1 1 1 1 1 1 1 1 1 1 1 1 1 1 1 1 1 1 1 1 1 1 1 1 1 1 1 1 1 1 1 1 1 1 1 1 1 1 1 1 1 1 1 1 1 1 1 1 1 1 1 1 1 1 1 1 1 1 1 1 1 1 1 1 1 1 1 1 1 1 1 1 1 1 1 1 1 1 1 1 1 1 1 1 1 1 1 1 1 1 1 1 1 1 1 1 1 1 1 1 1 1 1 1 1 1 1 1 1 1 1 1 1 1 1 1 1 1 1 1 1 1 1 1 1 1 1 1 1 1 1 1 1 1 1 1 1 1 1 1 1 1 1 1 1 1 1 1 1 1 1 1 1 1 1 1 1 1 1 1 1 1 1 1 1 1 1 1 1 1 1 1 1 1 1 1 1 1 1 1 1 1 1 1 1 1 1 1 1 1 1 1 1 1 1 1 1 1 1 1 1 1 1 1 1 1 1 1 1 1 1 1 1 1 1 1 1 1 1 1 1 1 1 1 1 1 1 1 1 1 1 1 1 1 1 1 1 1 1 1 1 1 1 1 1 1 1 1 1 1 1 1 1 1 1 1 1 1 1 1 1 1 1 1 1 1 1 1 1 1 1 1 1 1 1 1 1 1 1 1 1 1 1 1 1 1 1 1 1 1 1 1 1 1 1 1 1 1 1 1 1 1 1 1 1 1 1 1 1 1 1 1 1 1 1 1 1 1 1 1 1 1 1 1 1 1 1 1 1 1 1 1 1 1 1 1 1 1 1 1 1 1 1 1 1 1 1 1 1 1 1 1 1 1 1 1 1 1 1 1 1 1 1 1 1 1 1 1 1 1 1 1 1 1 1 1 1 1 1 1 1 1 1 1 1 1 1 1 1 1 1 1 1 1 1 1 1 1 1 1 1 1 1 1 1 1 1 1 1 1 1 1 1 1 1 1 1 1 1 1 1 1 1 1 1 1 1 1 1 1 1 1 1 1 1 1 1 1 1 1 1 1 1 1 1 1 1 1 1 1 1 1 1 1 1 1 1 1 1 1 1 1 1 1 1 1 1 1 1 1 1 1 1 1 1 1 1 1 1 1 1 1 1 1 1 1 1 1 1 1 1 1 1 1 1 1 1 1 1 1 1 1 1 1 1 1 1 1 1 1 1 1 1 1 1 1 1 1 1 1 1 1 1 1 1 1 1 1 1 1 1 1 1 1 1 1 1 1 1 1 1 1 1 1 1 1 1 1 1 1 1 1 1 1 1 1 1 1 1 1 1 1 1 1 1 1 1 1 1 1 1 1 1 1 1 1 1 1 1 1 1 1 1 1 1 1 1 1 1 1 1 1 1 1 1 1 1 1 1 1 1 1 1 1 1 1 1 1 1 1 1 1 1 1 1 1 1 1 1 1 1 1 1 1 1 1 1 1 1 1 1 1 1 1 1 1 1 1 1 1 1 1 1 1 1 1 1 1 1 1 1 1 1 1 1 1 1 1 1 1 1 1 1 1 1 1 1 1 1 1 1 1 1 1 1 1 1 1 1 1 1 1 1 1 1 1 1 1 1 1 1 1 1 1 1 1 1 1 1 1 1 1 1 1 1 1 1 1 1 1 1 1 1 1 1 1 1 1 1 1 1 1 1 1 1 1 1 1 1 1 1 1 1 1 1 1 1 1 1 1 1 1 1 1 1 1 1 1 1 1 1 1 1 1 1 1 1 1 1 1 1 1 1 1 1 1 1 1 1 1 1 1 1 1 1 1 1 1 1 1 1 1 1 1 1 1 1 1 1 1 1 1 1 1 1 1 1 1 1 1 1 1 1 1 1 1 1 1 1 1 1 1 1 1 1 1 1 1 1 1 1 1 1 1 1 1 1 1 1 1 1 1 1 1 1 1 1 1 1 1 1 1 1 1 1 1 1 1 1 1 1 1 1 1 1 1 1 1 1 1 1 1 1 1 1 1 1 1 1 1 1 1 1 1 1 1 1 1 1 1 1 1 1 1 1 1 1 1 1 1 1 1 1 1 1 1 1 1 1 1 1 1 1 1 1 1 1 1 1 1 1 1 1 1 1 1 1 1 1 1 1 1 1 1 1 1 1 1 1 1 1 1 1 1 1 1 1 1 1 1 1 1 1 1 1 1 1 1 1 1 1 1 1 1 1 1 1 1 1 1 1 1 1 1 1 1 1 1 1 1 1 1 1 1 1 1 1 1 1 1 1 1 1 1 1 1 1 1 1 1 1 1 1 1 1 1 1 1 1 1 1 1 1 1 1 1 1 1 1 1 1 1 1 1 1 1 1 1 1 1 1 1 1 1 1 1 1 1 1 1 1 1 1 1 1 1 1 1 1 1 1 1 1 1 1 1 1 1 1 1 1 1 1 1 1 1 1 1 1 1 1 1 1 1 1 1 1 1 1 1 1 1 1 1 1 1 1 1 1 1 1 1 1 1 1 1 1 1 1 1 1 1 1 1 1 1 1 1 1 1 1 1 1 1 1 1 1 1 1 1 1 1 1 1 1 1 1 1 1 1 1 1 1 1 1 1 1 1 1 1 1 1 1 1 1 1 1 1 1 1 1 1 1 1 1 1 1 1 1 1 1 1 1 1 1 1 1 1 1 1 1 1 1 1 1 1 1 1 1 1 1 1 1 1 1 1 1 1 1 1 1 1 1 1 1 1 1 1 1 1 1 1 1 1 1 1 1 1 1 1 1 1 1 1 1 1 1 1 1 1 1 1 1 1 1 1 1 1 1 1 1 1 1 1 1 1 1 1 1 1 1 1 1 1 1 1 1 1 1 1 1 1 1 1 1 1 1 1 1 1 1 1 1 1 1 1 1 1 1 1 1 1 1 1 1 1 1 1 1 1 1 1 1 1 1 1 1 1 1 1 1 1 1 1 1 1 1 1 1 1 1 1 1 1 1 1 1 1 1 1 1 1 1 1 1 1 1 1 1 1 1 1 1 1 1 1 1 1 1 1 1 1 1 1 1 1 1 1 1 1 1 1 1 1 1 1 1 1 1 1 1 1 1 1 1 1 1 1 1 1 1 1 1 1 1 1 1 1 1 1 1 1 1 1 1 1 1 1 1 1 1 1 1 1 1 1 1 1 1 1 1 1 1 1 1 1 1 1 1 1 1 1 1 1 1 1 1 1 1 1 1 1 1 1 1 1 1 1 1 1 1 1 1 1 1 1 1 1 1 1 1 1 1 1 1 1 1 1 1 1 1 1 1 1 1 1 1 1 1 1 1 1 1 1 1 1 1 1 1 1 1 1 1 1 1 1 1 1 1 1 1 1 1 1 1 1 1 1 1 1 1 1 1 1 1 1 1 1 1 1 1 1 1 1 1 1 1 1 1 1 1 1 1 1 1 1 1 1 1 1 1 1 1 1 1 1 1 1 1 1 1 1 1 1 1 1 1 1 1 1 1 1 1 1 1 1 1 1 1 1 1 1 1 1 1 1 1 1 1 1 1 1 1 1 1 1 1 1 1 1 1 1 1 1 1 1 1 1 1 1 1 1 1 1 1 1 1 1 1 1 1 1 1 1 1 1 1 1 1 1 1 1 1 1 1 1 1 1 1 1 1 1 1 1 1 1 1 1 1 1 1 1 1 1 1 1 1 1 1 1 1 1 1 1 1 1 1 1 1 1 1 1 1 1 1 1 1 1 1 1 1 1 1 1 1 1 1 1 1 1 1 1 1 1 1 1 1 1 1 1 1 1 1 1 1 1 1 1 1 1 1 1 1 1 1 1 1 1 1 1 1 1 1 1 1 1 1 1 1 1 1 1 1 1 1 1 1 1 1 1 1 1 1 1 1 1 1 1 1 1 1 1 1 1 1 1 1 1 1 1 1 1 1 1 1 1 1 1 1 1 1 1 1 1 1 1 1 1 1 1 1 1 1 1 1 1 1 1 1 1 1 1 1 1 1 1 1 1 1 1 1 1 1 1 1 1 1 1 1 1 1 1 1 1 1 1 1 1 1 1 1 1 1 1 1 1 1 1 1 1 1 1 1 1 1 1 1 1 1 1 1 1 1 1 1 1 1 1 1 1 1 1 1 1 1 1 1 1 1 1 1 1 1 1 1 1 1 1 1 1 1 1 1 1 1 1 1 1 1 1 1 1 1 1 1 1 1 1 1 1 1 1 1 1 1 1 1 1 1 1 1 1 1 1 1 1 1 1 1 1 1 1 1 1 1 1 1 1 1 1 1 1 1 1 1 1 1 1 1 1 1 1 1 1 1 1 1 1 1 1 1 1 1 1 1 1 1 1 1 1 1 1 1 1 1 1 1 1 1 1 1 1 1 1 1 1 1 1 1 1 1 1 1 1 1 1 1 1 1 1 1 1 1 1 1 1 1 1 1 1 1 1 1 1 1 1 1 1 1 1 1 1 1 1 1 1 1 1 1 1 1 1 1 1 1 1 1 1 1 1 1 1 1 1 1 1 1 1 1 1 1 1 1 1 1 1 1 1 1 1 1 1 1 1 1 1 1 1 1 1 1 1 1 1 1 1 1 1 1 1 1 1 1 1 1 1 1 1 1 1 1 1 1 1 1 1 1 1 1 1 1 1 1 1 1 1 1 1 1 1 1 1 1 1 1 1 1 1 1 1 1 1 1 1 1 1 1 1 1 1 1 1 1 1 1 1 1 1 1 1 1 1 1 1 1 1 1 1 1 1 1 1 1 1 1 1 1 1 1 1 1 1 1 1 1 1 1 1 1 1 1 1 1 1 1 1 1 1 1 1 1 1 1 1 1 1 1 1 1 1 1 1 1 1 1 1 1 1 1 1 1 1 1 1 1 1 1 1 1 1 1 1 1 1 1 1 1 1 1 1 1 1 1 1 1 1 1 1 1 1 1 1 1 1 1 1 1 1 1 1 1 1 1 1 1 1 1 1 1 1 1 1 1 1 1 1 1 1 1 1 1 1 1 1 1 1 1 1 1 1 1 1 1 1 1 1 1 1 1 1 1 1 1 1 1 1 1 1 1 1 1 1 1 1 1 1 1 1 1 1 1 1 1 1 1 1 1 1 1 1 1 1 1 1 1 1 1 1 1 1 1 1 1 1 1 1 1 1 1 1 1 1 1 1 1 1 1 1 1 1 1 1 1 1 1 1 1 1 1 1 1 1 1 1 1 1 1 1 1 1 1 1 1 1 1 1 1 1 1 1 1 1 1 1 1 1 1 1 1 1 1 1 1 1 1 1 1 1 1 1 1 1 1 1 1 1 1 1 1 1 1 1 1 1 1 1 1 1 1 1 1 1 1 1 1 1 1 1 1 1 1 1 1 1 1 1 1 1 1 1 1 1 1 1 1 1 1 1 1 1 1 1 1 1 1 1 1 1 1 1 1 1 1 1 1 1 1 1 1 1 1 1 1 1 1 1 1 1 1 1 1 1 1 1 1 1 1 1 1 1 1 1 1 1 1 1 1 1 1 1 1 1 1 1 1 1 1 1 1 1 1 1 1 1 1 1 1 1 1 1 1 1 1 1 1 1 1 1 1 1 1 1 1 1 1 1 1 1 1 1 1 1 1 1 1 1 1 1 1 1 1 1 1 1 1 1 1 1 1 1 1 1 1 1 1 1 1 1 1 1 1 1 1 1 1 1 1 1 1 1 1 1 1 1 1 1 1 1 1 1 1 1 1 1 1 1 1 1 1 1 1 1 1 1 1 1 1 1 1 1 1 1 1 1 1 1 1 1 1 1 1 1 1 1 1 1 1 1 1 1 1 1 1 1 1 1 1 1 1 1 1 1 1 1 1 1 1 1 1 1 1 1 1 1 1 1 1 1 1 1 1 1 1 1 1 1 1 1 1 1 1 1 1 1 1 1 1 1 1 1 1 1 1 1 1 1 1 1 1 1 1 1 1 1 1 1 1 1 1 1 1 1 1 1 1 1 1 1 1 1 1 1 1 1 1 1 1 1 1 1 1 1 1 1 1 1 1 1 1 1 1 1 1 1 1 1 1 1 1 1 1 1 1 1 1 1 1 1 1 1 1 1 1 1 1 1 1 1 1 1 1 1 1 1 1 1 1 1 1 1 1 1 1 1 1 1 1 1 1 1 1 1 1 1 1 1 1 1 1 1 1 1 1 1 1 1 1 1 1 1 1 1 1 1 1 1 1 1 1 1 1 1 1 1 1 1 1 1 1 1 1 1 1 1 1 1 1 1 1 1 1 1 1 1 1 1 1 1 1 1 1 1 1 1 1 1 1 1 1 1 1 1 1 1 1 1 1 1 1 1 1 1 1 1 1 1 1 1 1 1 1 1 1 1 1 1 1 1 1 1 1 1 1 1 1 1 1 1 1 1 1 1 1 1 1 1 1 1 1 1 1 1 1 1 1 1 1 1 1 1 1 1 1 1 1 1 1 1 1 1 1 1 1 1 1 1 1 1 1 1 1 1 1 1 1 1 1 1 1 1 1 1 1 1 1 1 1 1 1 1 1 1 1 1 1 1 1 1 1 1 1 1 1 1 1 1 1 1 1 1 1 1 1 1 1 1 1 1 1 1 1 1 1 1 1 1 1 1 1 1 1 1 1 1 1 1 1 1 1 1 1 1 1 1 1 1 1 1 1 1 1 1 1 1 1 1 1 1 1 1 1 1 1 1 1 1 1 1 1 1 1 1 1 1 1 1 1 1 1 1 1 1 1 1 1 1 1 1 1 1 1 1 1 1 1 1 1 1 1 1 1 1 1 1 1 1 1 1 1 1 1 1 1 1 1 1 1 1 1 1 1 1 1 1 1 1 1 1 1 1 1 1 1 1 1 1 1 1 1 1 1 1 1 1 1 1 1 1 1 1 1 1 1 1 1 1 1 1 1 1 1 1 1 1 1 1 1 1 1 1 1 1 1 1 1 1 1 1 1 1 1 1 1 1 1 1 1 1 1 1 1 1 1 1 1 1 1 1 1 1 1 1 1 1 1 1 1 1 1 1 1 1 1 1 1 1 1 1 1 1 1 1 1 1 1 1 1 1 1 1 1 1 1 1 1 1 1 1 1 1 1 1 1 1 1 1 1 1 1 1 1 1 1 1 1 1 1 1 1 1 1 1 1 1 1 1 1 1 1 1 1 1 1 1 1 1 1 1 1 1 1 1 1 1 1 1 1 1 1 1 1 1 1 1 1 1 1 1 1 1 1 1 1 1 1 1 1 1 1 1 1 1 1 1 1 1 1 1 1 1 1 1 1 1 1 1 1 1 1 1 1 1 1 1 1 1 1 1 1 1 1 1 1 1 1 1 1 1 1 1 1 1 1 1 1 1 1 1 1 1 1 1 1 1 1 1 1 1 1 1 1 1 1 1 1 1 1 1 1 1 1 1 1 1 1 1 1 1 1 1 1 1 1 1 1 1 1 1 1 1 1 1 1 1 1 1 1 1 1 1 1 1 1 1 1 1 1 1 1 1 1 1 1 1 1 1 1 1 1 1 1 1 1 1 1 1 1 1 1 1 1 1 1 1 1 1 1 1 1 1 1 1 1 1 1 1 1 1 1 1 1 1 1 1 1 1 1 1 1 1 1 1 1 1 1 1 1 1 1 1 1 1 1 1 1 1 1 1 1 1 1 1 1 1 1 1 1 1 1 1 1 1 1 1 1 1 1 1 1 1 1 1 1 1 1 1 1 1 1 1 1 1 1 1 1 1 1 1 1 1 1 1 1 1 1 1 1 1 1 1 1 1 1 1 1 1 1 1 1 1 1 1 1 1 1 1 1 1 1 1 1 1 1 1 1 1 1 1 1 1 1 1 1 1 1 1 1 1 1 1 1 1 1 1 1 1 1 1 1 1 1 1 1 1 1 1 1 1 1 1 1 1 1 1 1 1 1 1 1 1 1 1 1 1 1 1 1 1 1 1 1 1 1 1 1 1 1 1 1 1 1 1 1 1 1 1 1 1 1 1 1 1 1 1 1 1 1 1 1 1 1 1 1 1 1 1 1 1 1 1 1 1 1 1 1 1 1 1 1 1 1 1 1 1 1 1 1 1 1 1 1 1 1 1 1 1 1 1 1 1 1 1 1 1 1 1 1 1 1 1 1 1 1 1 1 1 1 1 1 1 1 1 1 1 1 1 1 1 1 1 1 1 1 1 1 1 1 1 1 1 1 1 1 1 1 1 1 1 1 1 1 1 1 1 1 1 1 1 1 1 1 1 1 1 1 1 1 1 1 1 1 1 1 1 1 1 1 1 1 1 1 1 1 1 1 1 1 1 1 1 1 1 1 1 1 1 1 1 1 1 1 1 1 1 1 1 1 1 1 1 1 1 1 1 1 1 1 1 1 1 1 1 1 1 1 1 1 1 1 1 1 1 1 1 1 1 1 1 1 1 1 1 1 1 1 1 1 1 1 1 1 1 1 1 1 1 1 1 1 1 1 1 1 1 1 1 1 1 1 1 1 1 1 1 1 1 1 1 1 1 1 1 1 1 1 1 1 1 1 1 1 1 1 1 1 1 1 1 1 1 1 1 1 1 1 1 1 1 1 1 1 1 1 1 1 1 1 1 1 1 1 1 1 1 1 1 1 1 1 1 1 1 1 1 1 1 1 1 1 1 1 1 1 1 1 1 1 1 1 1 1 1 1 1 1 1 1 1 1 1 1 1 1 1 1 1 1 1 1 1 1 1 1 1 1 1 1 1 1 1 1 1 1 1 1 1 1 1 1 1 1 1 1 1 1 1 1 1 1 1 1 1 1 1 1 1 1 1 1 1 1 1 1 1 1 1 1 1 1 1 1 1 1 1 1 1 1 1 1 1 1 1 1 1 1 1 1 1 1 1 1 1 1 1 1 1 1 1 1 1 1 1 1 1 1 1 1 1 1 1 1 1 1 1 1 1 1 1 1 1 1 1 1 1 1 1 1 1 1 1 1 1 1 1 1 1 1 1 1 1 1 1 1 1 1 1 1 1 1 1 1 1 1 1 1 1 1 1 1 1 1 1 1 1 1 1 1 1 1 1 1 1 1 1 1 1 1 1 1 1 1 1 1 1 1 1 1 1 1 1 1 1 1 1 1 1 1 1 1 1 1 1 1 1 1 1 1 1 1 1 1 1 1 1 1 1 1 1 1 1 1 1 1 1 1 1 1 1 1 1 1 1 1 1 1 1 1 1 1 1 1 1 1 1 1 1 1 1 1 1 1 1 1 1 1 1 1 1 1 1 1 1 1 1 1 1 1 1 1 1 1 1 1 1 1 1 1 1 1 1 1 1 1 1 1 1 1 1 1 1 1 1 1 1 1 1 1 1 1 1 1 1 1 1 1 1 1 1 1 1 1 1 1 1 1 1 1 1 1 1 1 1 1 1 1 1 1 1 1 1 1 1 1 1 1 1 1 1 1 1 1 1 1 1 1 1 1 1 1 1 1 1 1 1 1 1 1 1 1 1 1 1 1 1 1 1 1 1 1 1 1 1 1 1 1 1 1 1 1 1 1 1 1 1 1 1 1 1 1 1 1 1 1 1 1 1 1 1 1 1 1 1 1 1 1 1 1 1 1 1 1 1 1 1 1 1 1 1 1 1 1 1 1 1 1 1 1 1 1 1 1 1 1 1 1 1 1 1 1 1 1 1 1 1 1 1 1 1 1 1 1 1 1 1 1 1 1 1 1 1 1 1 1 1 1 1 1 1 1 1 1 1 1 1 1 1 1 1 1 1 1 1 1 1 1 1 1 1 1 1 1 1 1 1 1 1 1 1 1 1 1 1 1 1 1 1 1 1 1 1 1 1 1 1 1 1 1 1 1 1 1 1 1 1 1 1 1 1 1 1 1 1 1 1 1 1 1 1 1 1 1 1 1 1 1 1 1 1 1 1 1 1 1 1 1 1 1 1 1 1 1 1 1 1 1 1 1 1 1 1 1 1 1 1 1 1 1 1 1 1 1 1 1 1 1 1 1 1 1 1 1 1 1 1 1 1 1 1 1 1 1 1 1 1 1 1 1 1 1 1 1 1 1 1 1 1 1 1 1 1 1 1 1 1 1 1 1 1 1 1 1 1 1 1 1 1 1 1 1 1 1 1 1 1 1 1 1 1 1 1 1 1 1 1 1 1 1 1 1 1 1 1 1 1 1 1 1 1 1 1 1 1 1 1 1 1 1 1 1 1 1 1 1 1 1 1 1 1 1 1 1 1 1 1 1 1 1 1 1 1 1 1 1 1 1 1 1 1 1 1 1 1 1 1 1 1 1 1 1 1 1 1 1 1 1 1 1 1 1 1 1 1 1 1 1 1 1 1 1 1 1 1 1 1 1 1 1 1 1 1 1 1 1 1 1 1 1 1 1 1 1 1 1 1 1 1 1 1 1 1 1 1 1 1 1 1 1 1 1 1 1 1 1 1 1 1 1 1 1 1 1 1 1 1 1 1 1 1 1 1 1 1 1 1 1 1 1 1 1 1 1 1 1 1 1 1 1 1 1 1 1 1 1 1 1 1 1 1 1 1 1 1 1 1 1 1 1 1 1 1 1 1 1 1 1 1 1 1 1 1 1 1 1 1 1 1 1 1 1 1 1 1 1 1 1 1 1 1 1 1 1 1 1 1 1 1 1 1 1 1 1 1 1 1 1 1 1 1 1 1 1 1 1 1 1 1 1 1 1 1 1 1 1 1 1 1 1 1 1 1 1 1 1 1 1 1 1 1 1 1 1 1 1 1 1 1 1 1 1 1 1 1 1 1 1 1 1 1 1 1 1 1 1 1 1 1 1 1 1 1 1 1 1 1 1 1 1 1 1 1 1 1 1 1 1 1 1 1 1 1 1 1 1 1 1 1 1 1 1 1 1 1 1 1 1 1 1 1 1 1 1 1 1 1 1 1 1 1 1 1 1 1 1 1 1 1 1 1 1 1 1 1 1 1 1 1 1 1 1 1 1 1 1 1 1 1 1 1 1 1 1 1 1 1 1 1 1 1 1 1 1 1 1 1 1 1 1 1 1 1 1 1 1 1 1 1 1 1 1 1 1 1 1 1 1 1 1 1 1 1 1 1 1 1 1 1 1 1 1 1 1 1 1 1 1 1 1 1 1 1 1 1 1 1 1 1 1 1 1 1 1 1 1 1 1 1 1 1 1 1 1 1 1 1 1 1 1 1 1 1 1 1 1 1 1 1 1 1 1 1 1 1 1 1 1 1 1 1 1 1 1 1 1 1 1 1 1 1 1 1 1 1 1 1 1 1 1 1 1 1 1 1 1 1 1 1 1 1 1 1 1 1 1 1 1 1 1 1 1 1 1 1 1 1 1 1 1 1 1 1 1 1 1 1 1 1 1 1 1 1 1 1 1 1 1 1 1 1 1 1 1 1 1 1 1 1 1 1 1 1 1 1 1 1 1 1 1 1 1 1 1 1 1 1 1 1 1 1 1 1 1 1 1 1 1 1 1 1 1 1 1 1 1 1 1 1 1 1 1 1 1 1 1 1 1 1 1 1 1 1 1 1 1 1 1 1 1 1 1 1 1 1 1 1 1 1 1 1 1 1 1 1 1 1 1 1 1 1 1 1 1 1 1 1 1 1 1 1 1 1 1 1 1 1 1 1 1 1 1 1 1 1 1 1 1 1 1 1 1 1 1 1 1 1 1 1 1 1 1 1 1 1 1 1 1 1 1 1 1 1 1 1 1 1 1 1 1 1 1 1 1 1 1 1 1 1 1 1 1 1 1 1 1 1 1 1 1 1 1 1 1 1 1 1 1 1 1 1 1 1 1 1 1 1 1 1 1 1 1 1 1 1 1 1 1 1 1 1 1 1 1 1 1 1 1 1 1 1 1 1 1 1 1 1 1 1 1 1 1 1 1 1 1 1 1 1 1 1 1 1 1 1 1 1 1 1 1 1 1 1 1 1 1 1 1 1 1 1 1 1 1 1 1 1 1 1 1 1 1 1 1 1 1 1 1 1 1 1 1 1 1 1 1 1 1 1 1 1 1 1 1 1 1 1 1 1 1 1 1 1 1 1 1 1 1 1 1 1 1 1 1 1 1 1 1 1 1 1 1 1 1 1 1 1 1 1 1 1 1 1 1 1 1 1 1 1 1 1 1 1 1 1 1 1 1 1 1 1 1 1 1 1 1 1 1 1 1 1 1 1 1 1 1 1 1 1 1 1 1 1 1 1 1 1 1 1 1 1 1 1 1 1 1 1 1 1 1 1 1 1 1 1 1 1 1 1 1 1 1 1 1 1 1 1 1 1 1 1 1 1 1 1 1 1 1 1 1 1 1 1 1 1 1 1 1 1 1 1 1 1 1 1 1 1 1 1 1 1 1 1 1 1 1 1 1 1 1 1 1 1 1 1 1 1 1 1 1 1 1 1 1 1 1 1 1 1 1 1 1 1 1 1 1 1 1 1 1 1 1 1 1 1 1 1 1 1 1 1 1 1 1 1 1 1 1 1 1 1 1 1 1 1 1 1 1 1 1 1 1 1 1 1 1 1 1 1 1 1 1 1 1 1 1 1 1 1 1 1 1 1 1 1 1 1 1 1 1 1 1 1 1 1 1 1 1 1 1 1 1 1 1 1 1 1 1 1 1 1 1 1 1 1 1 1 1 1 1 1 1 1 1 1 1 1 1 1 1 1 1 1 1 1 1 1 1 1 1 1 1 1 1 1 1 1 1 1 1 1 1 1 1 1 1 1 1 1 1 1 1 1 1 1 1 1 1 1 1 1 1 1 1 1 1 1 1 1 1 1 1 1 1 1 1 1 1 1 1 1 1 1 1 1 1 1 1 1 1 1 1 1 1 1 1 1 1 1 1 1 1 1 1 1 1 1 1 1 1 1 1 1 1 1 1 1 1 1 1 1 1 1 1 1 1 1 1 1 1 1 1 1 1 1 1 1 1 1 1 1 1 1 1 1 1 1 1 1 1 1 1 1 1 1 1 1 1 1 1 1 1 1 1 1 1 1 1 1 1 1 1 1 1 1 1 1 1 1 1 1 1 1 1 1 1 1 1 1 1 1 1 1 1 1 1 1 1 1 1 1 1 1 1 1 1 1 1 1 1 1 1 1 1 1 1 1 1 1 1 1 1 1 1 1 1 1 1 1 1 1 1 1 1 1 1 1 1 1 1 1 1 1 1 1 1 1 1 1 1 1 1 1 1 1 1 1 1 1 1 1 1 1 1 1 1 1 1 1 1 1 1 1 1 1 1 1 1 1 1 1 1 1 1 1 1 1 1 1 1 1 1 1 1 1 1 1 1 1 1 1 1 1 1 1 1 1 1 1 1 1 1 1 1 1 1 1 1 1 1 1 1 1 1 1 1 1 1 1 1 1 1 1 1 1 1 1 1 1 1 1 1 1 1 1 1 1 1 1 1 1 1 1 1 1 1 1 1 1 1 1 1 1 1 1 1 1 1 1 1 1 1 1 1 1 1 1 1 1 1 1 1 1 1 1 1 1 1 1 1 1 1 1 1 1 1 1 1 1 1 1 1 1 1 1 1 1 1 1 1 1 1 1 1 1 1 1 1 1 1 1 1 1 1 1 1 1 1 1 1 1 1 1 1 1 1 1 1 1 1 1 1 1 1 1 1 1 1 1 1 1 1 1 1 1 1 1 1 1 1 1 1 1 1 1 1 1 1 1 1 1 1 1 1 1 1 1 1 1 1 1 1 1 1 1 1 1 1 1 1 1 1 1 1 1 1 1 1 1 1 1 1 1 1 1 1 1 1 1 1 1 1 1 1 1 1 1 1 1 1 1 1 1 1 1 1 1 1 1 1 1 1 1 1 1 1 1 1 1 1 1 1 1 1 1 1 1 1 1 1 1 1 1 1 1 1 1 1 1 1 1 1 1 1 1 1 1 1 1 1 1 1 1 1 1 1 1 1 1 1 1 1 1 1 1 1 1 1 1 1 1 1 1 1 1 1 1 1 1 1 1 1 1 1 1 1 1 1 1 1 1 1 1 1 1 1 1 1 1 1 1 1 1 1 1 1 1 1 1 1 1 1 1 1 1 1 1 1 1 1 1 1 1 1 1 1 1 1 1 1 1 1 1 1 1 1 1 1 1 1 1 1 1 1 1 1 1 1 1 1 1 1 1 1 1 1 1 1 1 1 1 1 1 1 1 1 1 1 1 1 1 1 1 1 1 1 1 1 1 1 1 1 1 1 1 1 1 1 1 1 1 1 1 1 1 1 1 1 1 1 1 1 1 1 1 1 1 1 1 1 1 1 1 1 1 1 1 1 1 1 1 1 1 1 1 1 1 1 1 1 1 1 1 1 1 1 1 1 1 1 1 1 1 1 1 1 1 1 1 1 1 1 1 1 1 1 1 1 1 1 1 1 1 1 1 1 1 1 1 1 1 1 1 1 1 1 1 1 1 1 1 1 1 1 1 1 1 1 1 1 1 1 1 1 1 1 1 1 1 1 1 1 1 1 1 1 1 1 1 1 1 1 1 1 1 1 1 1 1 1 1 1 1 1 1 1 1 1 1 1 1 1 1 1 1 1 1 1 1 1 1 1 1 1 1 1 1 1 1 1 1 1 1 1 1 1 1 1 1 1 1 1 1 1 1 1 1 1 1 1 1 1 1 1 1 1 1 1 1 1 1 1 1 1 1 1 1 1 1 1 1 1 1 1 1 1 1 1 1 1 1 1 1 1 1 1 1 1 1 1 1 1 1 1 1 1 1 1 1 1 1 1 1 1 1 1 1 1 1 1 1 1 1 1 1 1 1 1 1 1 1 1 1 1 1 1 1 1 1 1 1 1 1 1 1 1 1 1 1 1 1 1 1 1 1 1 1 1 1 1 1 1 1 1 1 1 1 1 1 1 1 1 1 1 1 1 1 1 1 1 1 1 1 1 1 1 1 1 1 1 1 1 1 1 1 1 1 1 1 1 1 1 1 1 1 1 1 1 1 1 1 1 1 1 1 1 1 1 1 1 1 1 1 1 1 1 1 1 1 1 1 1 1 1 1 1 1 1 1 1 1 1 1 1 1 1 1 1 1 1 1 1 1 1 1 1 1 1 1 1 1 1 1 1 1 1 1 1 1 1 1 1 1 1 1 1 1 1 1 1 1 1 1 1 1 1 1 1 1 1 1 1 1 1 1 1 1 1 1 1 1 1 1 1 1 1 1 1 1 1 1 1 1 1 1 1 1 1 1 1 1 1 1 1 1 1 1 1 1 1 1 1 1 1 1 1 1 1 1 1 1 1 1 1 1 1 1 1 1 1 1 1 1 1 1 1 1 1 1 1 1 1 1 1 1 1 1 1 1 1 1 1 1 1 1 1 1 1 1 1 1 1 1 1 1 1 1 1 1 1 1 1 1 1 1 1 1 1 1 1 1 1 1 1 1 1 1 1 1 1 1 1 1 1 1 1 1 1 1 1 1 1 1 1 1 1 1 1 1 1 1 1 1 1 1 1 1 1 1 1 1 1 1 1 1 1 1 1 1 1 1 1 1 1 1 1 1 1 1 1 1 1 1 1 1 1 1 1 1 1 1 1 1 1 1 1 1 1 1 1 1 1 1 1 1 1 1 1 1 1 1 1 1 1 1 1 1 1 1 1 1 1 1 1 1 1 1 1 1 1 1 1 1 1 1 1 1 1 1 1 1 1 1 1 1 1 1 1 1 1 1 1 1 1 1 1 1 1 1 1 1 1 1 1 1 1 1 1 1 1 1 1 1 1 1 1 1 1 1 1 1 1 1 1 1 1 1 1 1 1 1 1 1 1 1 1 1 1 1 1 1 1 1 1 1 1 1 1 1 1 1 1 1 1 1 1 1 1 1 1 1 1 1 1 1 1 1 1 1 1 1 1 1 1 1 1 1 1 1 1 1 1 1 1 1 1 1 1 1 1 1 1 1 1 1 1 1 1 1 1 1 1 1 1 1 1 1 1 1 1 1 1 1 1 1 1 1 1 1 1 1 1 1 1 1 1 1 1 1 1 1 1 1 1 1 1 1 1 1 1 1 1 1 1 1 1 1 1 1 1 1 1 1 1 1 1 1 1 1 1 1 1 1 1 1 1 1 1 1 1 1 1 1 1 1 1 1 1 1 1 1 1 1 1 1 1 1 1 1 1 1 1 1 1 1 1 1 1 1 1 1 1 1 1 1 1 1 1 1 1 1 1 1 1 1 1 1 1 1 1 1 1 1 1 1 1 1 1 1 1 1 1 1 1 1 1 1 1 1 1 1 1 1 1 1 1 1 1 1 1 1 1 1 1 1 1 1 1 1 1 1 1 1 1 1 1 1 1 1 1 1 1 1 1 1 1 1 1 1 1 1 1 1 1 1 1 1 1 1 1 1 1 1 1 1 1 1 1 1 1 1 1 1 1 1 1 1 1 1 1 1 1 1 1 1 1 1 1 1 1 1 1 1 1 1 1 1 1 1 1 1 1 1 1 1 1 1 1 1 1 1 1 1 1 1 1 1 1 1 1 1 1 1 1 1 1 1 1 1 1 1 1 1 1 1 1 1 1 1 1 1 1 1 1 1 1 1 1 1 1 1 1 1 1 1 1 1 1 1 1 1 1 1 1 1 1 1 1 1 1 1 1 1 1 1 1 1 1 1 1 1 1 1 1 1 1 1 1 1 1 1 1 1 1 1 1 1 1 1 1 1 1 1 1 1 1 1 1 1 1 1 1 1 1 1 1 1 1 1 1 1 1 1 1 1 1 1 1 1 1 1 1 1 1 1 1 1 1 1 1 1 1 1 1 1 1 1 1 1 1 1 1 1 1 1 1 1 1 1 1 1 1 1 1 1 1 1 1 1 1 1 1 1 1 1 1 1 1 1 1 1 1 1 1 1 1 1 1 1 1 1 1 1 1 1 1 1 1 1 1 1 1 1 1 1 1 1 1 1 1 1 1 1 1 1 1 1 1 1 1 1 1 1 1 1 1 1 1 1 1 1 1 1 1 1 1 1 1 1 1 1 1 1 1 1 1 1 1 1 1 1 1 1 1 1 1 1 1 1 1 1 1 1 1 1 1 1 1 1 1 1 1 1 1 1 1 1 1 1 1 1 1 1 1 1 1 1 1 1 1 1 1 1 1 1 1 1 1 1 1 1 1 1 1 1 1 1 1 1 1 1 1 1 1 1 1 1 1 1 1 1 1 1 1 1 1 1 1 1 1 1 1 1 1 1 1 1 1 1 1 1 1 1 1 1 1 1 1 1 1 1 1 1 1 1 1 1 1 1 1 1 1 1 1 1 1 1 1 1 1 1 1 1 1 1 1 1 1 1 1 1 1 1 1 1 1 1 1 1 1 1 1 1 1 1 1 1 1 1 1 1 1 1 1 1 1 1 1 1 1 1 1 1 1 1 1 1 1 1 1 1 1 1 1 1 1 1 1 1 1 1 1 1 1 1 1 1 1 1 1 1 1 1 1 1 1 1 1 1 1 1 1 1 1 1 1 1 1 1 1 1 1 1 1 1 1 1 1 1 1 1 1 1 1 1 1 1 1 1 1 1 1 1 1 1 1 1 1 1 1 1 1 1 1 1 1 1 1 1 1 1 1 1 1 1 1 1 1 1 1 1 1 1 1 1 1 1 1 1 1 1 1 1 1 1 1 1 1 1 1 1 1 1 1 1 1 1 1 1 1 1 1 1 1 1 1 1 1 1 1 1 1 1 1 1 1 1 1 1 1 1 1 1 1 1 1 1 1 1 1 1 1 1 1 1 1 1 1 1 1 1 1 1 1 1 1 1 1 1 1 1 1 1 1 1 1 1 1 1 1 1 1 1 1 1 1 1 1 1 1 1 1 1 1 1 1 1 1 1 1 1 1 1 1 1 1 1 1 1 1 1 1 1 1 1 1 1 1 1 1 1 1 1 1 1 1 1 1 1 1 1 1 1 1 1 1 1 1 1 1 1 1 1 1 1 1 1 1 1 1 1 1 1 1 1 1 1 1 1 1 1 1 1 1 1 1 1 1 1 1 1 1 1 1 1 1 1 1 1 1 1 1 1 1 1 1 1 1 1 1 1 1 1 1 1 1 1 1 1 1 1 1 1 1 1 1 1 1 1 1 1 1 1 1 1 1 1 1 1 1 1 1 1 1 1 1 1 1 1 1 1 1 1 1 1 1 1 1 1 1 1 1 1 1 1 1 1 1 1 1 1 1 1 1 1 1 1 1 1 1 1 1 1 1 1 1 1 1 1 1 1 1 1 1 1 1 1 1 1 1 1 1 1 1 1 1 1 1 1 1 1 1 1 1 1 1 1 1 1 1 1 1 1 1 1 1 1 1 1 1 1 1 1 1 1 1 1 1 1 1 1 1 1 1 1 1 1 1 1 1 1 1 1 1 1 1 1 1 1 1 1 1 1 1 1 1 1 1 1 1 1 1 1 1 1 1 1 1 1 1 1 1 1 1 1 1 1 1 1 1 1 1 1 1 1 1 1 1 1 1 1 1 1 1 1 1 1 1 1 1 1 1 1 1 1 1 1 1 1 1 1 1 1 1 1 1 1 1 1 1 1 1 1 1 1 1 1 1 1 1 1 1 1 1 1 1 1 1 1 1 1 1 1 1 1 1 1 1 1 1 1 1 1 1 1 1 1 1 1 1 1 1 1 1 1 1 1 1 1 1 1 1 1 1 1 1 1 1 1 1 1 1 1 1 1 1 1 1 1 1 1 1 1 1 1 1 1 1 1 1 1 1 1 1 1 1 1 1 1 1 1 1 1 1 1 1 1 1 1 1 1 1 1 1 1 1 1 1 1 1 1 1 1 1 1 1 1 1 1 1 1 1 1 1 1 1 1 1 1 1 1 1 1 1 1 1 1 1 1 1 1 1 1 1 1 1 1 1 1 1 1 1 1 1 1 1 1 1 1 1 1 1 1 1 1 1 1 1 1 1 1 1 1 1 1 1 1 1 1 1 1 1 1 1 1 1 1 1 1 1 1 1 1 1 1 1 1 1 1 1 1 1 1 1 1 1 1 1 1 1 1 1 1 1 1 1 1 1 1 1 1 1 1 1 1 1 1 1 1 1 1 1 1 1 1 1 1 1 1 1 1 1 1 1 1 1 1 1 1 1 1 1 1 1 1 1 1 1 1 1 1 1 1 1 1 1 1 1 1 1 1 1 1 1 1 1 1 1 1 1 1 1 1 1 1 1 1 1 1 1 1 1 1 1 1 1 1 1 1 1 1 1 1 1 1 1 1 1 1 1 1 1 1 1 1 1 1 1 1 1 1 1 1 1 1 1 1 1 1 1 1 1 1 1 1 1 1 1 1 1 1 1 1 1 1 1 1 1 1 1 1 1 1 1 1 1 1 1 1 1 1 1 1 1 1 1 1 1 1 1 1 1 1 1 1 1 1 1 1 1 1 1 1 1 1 1 1 1 1 1 1 1 1 1 1 1 1 1 1 1 1 1 1 1 1 1 1 1 1 1 1 1 1 1 1 1 1 1 1 1 1 1 1 1 1 1 1 1 1 1 1 1 1 1 1 1 1 1 1 1 1 1 1 1 1 1 1 1 1 1 1 1 1 1 1 1 1 1 1 1 1 1 1 1 1 1 1 1 1 1 1 1 1 1 1 1 1 1 1 1 1 1 1 1 1 1 1 1 1 1 1 1 1 1 1 1 1 1 1 1 1 1 1 1 1 1 1 1 1 1 1 1 1 1 1 1 1 1 1 1 1 1 1 1 1 1 1 1 1 1 1 1 1 1 1 1 1 1 1 1 1 1 1 1 1 1 1 1 1 1 1 1 1 1 1 1 1 1 1 1 1 1 1 1 1 1 1 1 1 1 1 1 1 1 1 1 1 1 1 1 1 1 1 1 1 1 1 1 1 1 1 1 1 1 1 1 1 1 1 1 1 1 1 1 1 1 1 1 1 1 1 1 1 1 1 1 1 1 1 1 1 1 1 1 1 1 1 1 1 1 1 1 1 1 1 1 1 1 1 1 1 1 1 1 1 1 1 1 1 1 1 1 1 1 1 1 1 1 1 1 1 1 1 1 1 1 1 1 1 1 1 1 1 1 1 1 1 1 1 1 1 1 1 1 1 1 1 1 1 1 1 1 1 1 1 1 1 1 1 1 1 1 1 1 1 1 1 1 1 1 1 1 1 1 1 1 1 1 1 1 1 1 1 1 1 1 1 1 1 1 1 1 1 1 1 1 1 1 1 1 1 1 1 1 1 1 1 1 1 1 1 1 1 1 1 1 1 1 1 1 1 1 1 1 1 1 1 1 1 1 1 1 1 1 1 1 1 1 1 1 1 1 1 1 1 1 1 1 1 1 1 1 1 1 1 1 1 1 1 1 1 1 1 1 1 1 1 1 1 1 1 1 1 1 1 1 1 1 1 1 1 1 1 1 1 1 1 1 1 1 1 1 1 1 1 1 1 1 1 1 1 1 1 1 1 1 1 1 1 1 1 1 1 1 1 1 1 1 1 1 1 1 1 1 1 1 1 1 1 1 1 1 1 1 1 1 1 1 1 1 1 1 1 1 1 1 1 1 1 1 1 1 1 1 1 1 1 1 1 1 1 1 1 1 1 1 1 1 1 1 1 1 1 1 1 1 1 1 1 1 1 1 1 1 1 1 1 1 1 1 1 1 1 1 1 1 1 1 1 1 1 1 1 1 1 1 1 1 1 1 1 1 1 1 1 1 1 1 1 1 1 1 1 1 1 1 1 1 1 1 1 1 1 1 1 1 1 1 1 1 1 1 1 1 1 1 1 1 1 1 1 1 1 1 1 1 1 1 1 1 1 1 1 1 1 1 1 1 1 1 1 1 1 1 1 1 1 1 1 1 1 1 1 1 1 1 1 1 1 1 1 1 1 1 1 1 1 1 1 1 1 1 1 1 1 1 1 1 1 1 1 1 1 1 1 1 1 1 1 1 1 1 1 1 1 1 1 1 1 1 1 1 1 1 1 1 1 1 1 1 1 1 1 1 1 1 1 1 1 1 1 1 1 1 1 1 1 1 1 1 1 1 1 1 1 1 1 1 1 1 1 1 1 1 1 1 1 1 1 1 1 1 1 1 1 1 1 1 1 1 1 1 1 1 1 1 1 1 1 1 1 1 1 1 1 1 1 1 1 1 1 1 1 1 1 1 1 1 1 1 1 1 1 1 1 1 1 1 1 1 1 1 1 1 1 1 1 1 1 1 1 1 1 1 1 1 1 1 1 1 1 1 1 1 1 1 1 1 1 1 1 1 1 1 1 1 1 1 1 1 1 1 1 1 1 1 1 1 1 1 1 1 1 1 1 1 1 1 1 1 1 1 1 1 1 1 1 1 1 1 1 1 1 1 1 1 1 1 1 1 1 1 1 1 1 1 1 1 1 1 1 1 1 1 1 1 1 1 1 1 1 1 1 1 1 1 1 1 1 1 1 1 1 1 1 1 1 1 1 1 1 1 1 1 1 1 1 1 1 1 1 1 1 1 1 1 1 1 1 1 1 1 1 1 1 1 1 1 1 1 1 1 1 1 1 1 1 1 1 1 1 1 1 1 1 1 1 1 1 1 1 1 1 1 1 1 1 1 1 1 1 1 1 1 1 1 1 1 1 1 1 1 1 1 1 1 1 1 1 1 1 1 1 1 1 1 1 1 1 1 1 1 1 1 1 1 1 1 1 1 1 1 1 1 1 1 1 1 1 1 1 1 1 1 1 1 1 1 1 1 1 1 1 1 1 1 1 1 1 1 1 1 1 1 1 1 1 1 1 1 1 1 1 1 1 1 1 1 1 1 1 1 1 1 1 1 1 1 1 1 1 1 1 1 1 1 1 1 1 1 1 1 1 1 1 1 1 1 1 1 1 1 1 1 1 1 1 1 1 1 1 1 1 1 1 1 1 1 1 1 1 1 1 1 1 1 1 1 1 1 1 1 1 1 1 1 1 1 1 1 1 1 1 1 1 1 1 1 1 1 1 1 1 1 1 1 1 1 1 1 1 1 1 1 1 1 1 1 1 1 1 1 1 1 1 1 1 1 1 1 1 1 1 1 1 1 1 1 1 1 1 1 1 1 1 1 1 1 1 1 1 1 1 1 1 1 1 1 1 1 1 1 1 1 1 1 1 1 1 1 1 1 1 1 1 1 1 1 1 1 1 1 1 1 1 1 1 1 1 1 1 1 1 1 1 1 1 1 1 1 1 1 1 1 1 1 1 1 1 1 1 1 1 1 1 1 1 1 1 1 1 1 1 1 1 1 1 1 1 1 1 1 1 1 1 1 1 1 1 1 1 1 1 1 1 1 1 1 1 1 1 1 1 1 1 1 1 1 1 1 1 1 1 1 1 1 1 1 1 1 1 1 1 1 1 1 1 1 1 1 1 1 1 1 1 1 1 1 1 1 1 1 1 1 1 1 1 1 1 1 1 1 1 1 1 1 1 1 1 1 1 1 1 1 1 1 1 1 1 1 1 1 1 1 1 1 1 1 1 1 1 1 1 1 1 1 1 1 1 1 1 1 1 1 1 1 1 1 1 1 1 1 1 1 1 1 1 1 1 1 1 1 1 1 1 1 1 1 1 1 1 1 1 1 1 1 1 1 1 1 1 1 1 1 1 1 1 1 1 1 1 1 1 1 1 1 1 1 1 1 1 1 1 1 1 1 1 1 1 1 1 1 1 1 1 1 1 1 1 1 1 1 1 1 1 1 1 1 1 1 1 1 1 1 1 1 1 1 1 1 1 1 1 1 1 1 1 1 1 1 1 1 1 1 1 1 1 1 1 1 1 1 1 1 1 1 1 1 1 1 1 1 1 1 1 1 1 1 1 1 1 1 1 1 1 1 1 1 1 1 1 1 1 1 1 1 1 1 1 1 1 1 1 1 1 1 1 1 1 1 1 1 1 1 1 1 1 1 1 1 1 1 1 1 1 1 1 1 1 1 1 1 1 1 1 1 1 1 1 1 1 1 1 1 1 1 1 1 1 1 1 1 1 1 1 1 1 1 1 1 1 1 1 1 1 1 1 1 1 1 1 1 1 1 1 1 1 1 1 1 1 1 1 1 1 1 1 1 1 1 1 1 1 1 1 1 1 1 1 1 1 1 1 1 1 1 1 1 1 1 1 1 1 1 1 1 1 1 1 1 1 1 1 1 1 1 1 1 1 1 1 1 1 1 1 1 1 1 1 1 1 1 1 1 1 1 1 1 1 1 1 1 1 1 1 1 1 1 1 1 1 1 1 1 1 1 1 1 1 1 1 1 1 1 1 1 1 1 1 1 1 1 1 1 1 1 1 1 1 1 1 1 1 1 1 1 1 1 1 1 1 1 1 1 1 1 1 1 1 1 1 1 1 1 1 1 1 1 1 1 1 1 1 1 1 1 1 1 1 1 1 1 1 1 1 1 1 1 1 1 1 1 1 1 1 1 1 1 1 1 1 1 1 1 1 1 1 1 1 1 1 1 1 1 1 1 1 1 1 1 1 1 1 1 1 1 1 1 1 1 1 1 1 1 1 1 1 1 1 1 1 1 1 1 1 1 1 1 1 1 1 1 1 1 1 1 1 1 1 1 1 1 1 1 1 1 1 1 1 1 1 1 1 1 1 1 1 1 1 1 1 1 1 1 1 1 1 1 1 1 1 1 1 1 1 1 1 1 1 1 1 1 1 1 1 1 1 1 1 1 1 1 1 1 1 1 1 1 1 1 1 1 1 1 1 1 1 1 1 1 1 1 1 1 1 1 1 1 1 1 1 1 1 1 1 1 1 1 1 1 1 1 1 1 1 1 1 1 1 1 1 1 1 1 1 1 1 1 1 1 1 1 1 1 1 1 1 1 1 1 1 1 1 1 1 1 1 1 1 1 1 1 1 1 1 1 1 1 1 1 1 1 1 1 1 1 1 1 1 1 1 1 1 1 1 1 1 1 1 1 1 1 1 1 1 1 1 1 1 1 1 1 1 1 1 1 1 1 1 1 1 1 1 1 1 1 1 1 1 1 1 1 1 1 1 1 1 1 1 1 1 1 1 1 1 1 1 1 1 1 1 1 1 1 1 1 1 1 1 1 1 1 1 1 1 1 1 1 1 1 1 1 1 1 1 1 1 1 1 1 1 1 1 1 1 1 1 1 1 1 1 1 1 1 1 1 1 1 1 1 1 1 1 1 1 1 1 1 1 1 1 1 1 1 1 1 1 1 1 1 1 1 1 1 1 1 1 1 1 1 1 1 1 1 1 1 1 1 1 1 1 1 1 1 1 1 1 1 1 1 1 1 1 1 1 1 1 1 1 1 1 1 1 1 1 1 1 1 1 1 1 1 1 1 1 1 1 1 1 1 1 1 1 1 1 1 1 1 1 1 1 1 1 1 1 1 1 1 1 1 1 1 1 1 1 1 1 1 1 1 1 1 1 1 1 1 1 1 1 1 1 1 1 1 1 1 1 1 1 1 1 1 1 1 1 1 1 1 1 1 1 1 1 1 1 1 1 1 1 1 1 1 1 1 1 1 1 1 1 1 1 1 1 1 1 1 1 1 1 1 1 1 1 1 1 1 1 1 1 1 1 1 1 1 1 1 1 1 1 1 1 1 1 1 1 1 1 1 1 1 1 1 1 1 1 1 1 1 1 1 1 1 1 1 1 1 1 1 1 1 1 1 1 1 1 1 1 1 1 1 1 1 1 1 1 1 1 1 1 1 1 1 1 1 1 1 1 1 1 1 1 1 1 1 1 1 1 1 1 1 1 1 1 1 1 1 1 1 1 1 1 1 1 1 1 1 1 1 1 1 1 1 1 1 1 1 1 1 1 1 1 1 1 1 1 1 1 1 1 1 1 1 1 1 1 1 1 1 1 1 1 1 1 1 1 1 1 1 1 1 1 1 1 1 1 1 1 1 1 1 1 1 1 1 1 1 1 1 1 1 1 1 1 1 1 1 1 1 1 1 1 1 1 1 1 1 1 1 1 1 1 1 1 1 1 1 1 1 1 1 1 1 1 1 1 1 1 1 1 1 1 1 1 1 1 1 1 1 1 1 1 1 1 1 1 1 1 1 1 1 1 1 1 1 1 1 1 1 1 1 1 1 1 1 1 1 1 1 1 1 1 1 1 1 1 1 1 1 1 1 1 1 1 1 1 1 1 1 1 1 1 1 1 1 1 1 1 1 1 1 1 1 1 1 1 1 1 1 1 1 1 1 1 1 1 1 1 1 1 1 1 1 1 1 1 1 1 1 1 1 1 1 1 1 1 1 1 1 1 1 1 1 1 1 1 1 1 1 1 1 1 1 1 1 1 1 1 1 1 1 1 1 1 1 1 1 1 1 1 1 1 1 1 1 1 1 1 1 1 1 1 1 1 1 1 1 1 1 1 1 1 1 1 1 1 1 1 1 1 1 1 1 1 1 1 1 1 1 1 1 1 1 1 1 1 1 1 1 1 1 1 1 1 1 1 1 1 1 1 1 1 1 1 1 1 1 1 1 1 1 1 1 1 1 1 1 1 1 1 1 1 1 1 1 1 1 1 1 1 1 1 1 1 1 1 1 1 1 1 1 1 1 1 1 1 1 1 1 1 1 1 1 1 1 1 1 1 1 1 1 1 1 1 1 1 1 1 1 1 1 1 1 1 1 1 1 1 1 1 1 1 1 1 1 1 1 1 1 1 1 1 1 1 1 1 1 1 1 1 1 1 1 1 1 1 1 1 1 1 1 1 1 1 1 1 1 1 1 1 1 1 1 1 1 1 1 1 1 1 1 1 1 1 1 1 1 1 1 1 1 1 1 1 1 1 1 1 1 1 1 1 1 1 1 1 1 1 1 1 1 1 1 1 1 1 1 1 1 1 1 1 1 1 1 1 1 1 1 1 1 1 1 1 1 1 1 1 1 1 1 1 1 1 1 1 1 1 1 1 1 1 1 1 1 1 1 1 1 1 1 1 1 1 1 1 1 1 1 1 1 1 1 1 1 1 1 1 1 1 1 1 1 1 1 1 1 1 1 1 1 1 1 1 1 1 1 1 1 1 1 1 1 1 1 1 1 1 1 1 1 1 1 1 1 1 1 1 1 1 1 1 1 1 1 1 1 1 1 1 1 1 1 1 1 1 1 1 1 1 1 1 1 1 1 1 1 1 1 1 1 1 1 1 1 1 1 1 1 1 1 1 1 1 1 1 1 1 1 1 1 1 1 1 1 1 1 1 1 1 1 1 1 1 1 1 1 1 1 1 1 1 1 1 1 1 1 1 1 1 1 1 1 1 1 1 1 1 1 1 1 1 1 1 1 1 1 1 1 1 1 1 1 1 1 1 1 1 1 1 1 1 1 1 1 1 1 1 1 1 1 1 1 1 1 1 1 1 1 1 1 1 1 1 1 1 1 1 1 1 1 1 1 1 1 1 1 1 1 1 1 1 1 1 1 1 1 1 1 1 1 1 1 1 1 1 1 1 1 1 1 1 1 1 1 1 1 1 1 1 1 1 1 1 1 1 1 1 1 1 1 1 1 1 1 1 1 1 1 1 1 1 1 1 1 1 1 1 1 1 1 1 1 1 1 1 1 1 1 1 1 1 1 1 1 1 1 1 1 1 1 1 1 1 1 1 1 1 1 1 1 1 1 1 1 1 1 1 1 1 1 1 1 1 1 1 1 1 1 1 1 1 1 1 1 1 1 1 1 1 1 1 1 1 1 1 1 1 1 1 1 1 1 1 1 1 1 1 1 1 1 1 1 1 1 1 1 1 1 1 1 1 1 1 1 1 1 1 1 1 1 1 1 1 1 1 1 1 1 1 1 1 1 1 1 1 1 1 1 1 1 1 1 1 1 1 1 1 1 1 1 1 1 1 1 1 1 1 1 1 1 1 1 1 1 1 1 1 1 1 1 1 1 1 1 1 1 1 1 1 1 1 1 1 1 1 1 1 1 1 1 1 1 1 1 1 1 1 1 1 1 1 1 1 1 1 1 1 1 1 1 1 1 1 1 1 1 1 1 1 1 1 1 1 1 1 1 1 1 1 1 1 1 1 1 1 1 1 1 1 1 1 1 1 1 1 1 1 1 1 1 1 1 1 1 1 1 1 1 1 1 1 1 1 1 1 1 1 1 1 1 1 1 1 1 1 1 1 1 1 1 1 1 1 1 1 1 1 1 1 1 1 1 1 1 1 1 1 1 1 1 1 1 1 1 1 1 1 1 1 1 1 1 1 1 1 1 1 1 1 1 1 1 1 1 1 1 1 1 1 1 1 1 1 1 1 1 1 1 1 1 1 1 1 1 1 1 1 1 1 1 1 1 1 1 1 1 1 1 1 1 1 1 1 1 1 1 1 1 1 1 1 1 1 1 1 1 1 1 1 1 1 1 1 1 1 1 1 1 1 1 1 1 1 1 1 1 1 1 1 1 1 1 1 1 1 1 1 1 1 1 1 1 1 1 1 1 1 1 1 1 1 1 1 1 1 1 1 1 1 1 1 1 1 1 1 1 1 1 1 1 1 1 1 1 1 1 1 1 1 1 1 1 1 1 1 1 1 1 1 1 1 1 1 1 1 1 1 1 1 1 1 1 1 1 1 1 1 1 1 1 1 1 1 1 1 1 1 1 1 1 1 1 1 1 1 1 1 1 1 1 1 1 1 1 1 1 1 1 1 1 1 1 1 1 1 1 1 1 1 1 1 1 1 1 1 1 1 1 1 1 1 1 1 1 1 1 1 1 1 1 1 1 1 1 1 1 1 1 1 1 1 1 1 1 1 1 1 1 1 1 1 1 1 1 1 1 1 1 1 1 1 1 1 1 1 1 1 1 1 1 1 1 1 1 1 1 1 1 1 1 1 1 1 1 1 1 1 1 1 1 1 1 1 1 1 1 1 1 1 1 1 1 1 1 1 1 1 1 1 1 1 1 1 1 1 1 1 1 1 1 1 1 1 1 1 1 1 1 1 1 1 1 1 1 1 1 1 1 1 1 1 1 1 1 1 1 1 1 1 1 1 1 1 1 1 1 1 1 1 1 1 1 1 1 1 1 1 1 1 1 1 1 1 1 1 1 1 1 1 1 1 1 1 1 1 1 1 1 1 1 1 1 1 1 1 1 1 1 1 1 1 1 1 1 1 1 1 1 1 1 1 1 1 1 1 1 1 1 1 1 1 1 1 1 1 1 1 1 1 1 1 1 1 1 1 1 1 1 1 1 1 1 1 1 1 1 1 1 1 1 1 1 1 1 1 1 1 1 1 1 1 1 1 1 1 1 1 1 1 1 1 1 1 1 1 1 1 1 1 1 1 1 1 1 1 1 1 1 1 1 1 1 1 1 1 1 1 1 1 1 1 1 1 1 1 1 1 1 1 1 1 1 1 1 1 1 1 1 1 1 1 1 1 1 1 1 1 1 1 1 1 1 1 1 1 1 1 1 1 1 1 1 1 1 1 1 1 1 1 1 1 1 1 1 1 1 1 1 1 1 1 1 1 1 1 1 1 1 1 1 1 1 1 1 1 1 1 1 1 1 1 1 1 1 1 1 1 1 1 1 1 1 1 1 1 1 1 1 1 1 1 1 1 1 1 1 1 1 1 1 1 1 1 1 1 1 1 1 1 1 1 1 1 1 1 1 1 1 1 1 1 1 1 1 1 1 1 1 1 1 1 1 1 1 1 1 1 1 1 1 1 1 1 1 1 1 1 1 1 1 1 1 1 1 1 1 1 1 1 1 1 1 1 1 1 1 1 1 1 1 1 1 1 1 1 1 1 1 1 1 1 1 1 1 1 1 1 1 1 1 1 1 1 1 1 1 1 1 1 1 1 1 1 1 1 1 1 1 1 1 1 1 1 1 1 1 1 1 1 1 1 1 1 1 1 1 1 1 1 1 1 1 1 1 1 1 1 1 1 1 1 1 1 1 1 1 1 1 1 1 1 1 1 1 1 1 1 1 1 1 1 1 1 1 1 1 1 1 1 1 1 1 1 1 1 1 1 1 1 1 1 1 1 1 1 1 1 1 1 1 1 1 1 1 1 1 1 1 1 1 1 1 1 1 1 1 1 1 1 1 1 1 1 1 1 1 1 1 1 1 1 1 1 1 1 1 1 1 1 1 1 1 1 1 1 1 1 1 1 1 1 1 1 1 1 1 1 1 1 1 1 1 1 1 1 1 1 1 1 1 1 1 1 1 1 1 1 1 1 1 1 1 1 1 1 1 1 1 1 1 1 1 1 1 1 1 1 1 1 1 1 1 1 1 1 1 1 1 1 1 1 1 1 1 1 1 1 1 1 1 1 1 1 1 1 1 1 1 1 1 1 1 1 1 1 1 1 1 1 1 1 1 1 1 1 1 1 1 1 1 1 1 1 1 1 1 1 1 1 1 1 1 1 1 1 1 1 1 1 1 1 1 1 1 1 1 1 1 1 1 1 1 1 1 1 1 1 1 1 1 1 1 1 1 1 1 1 1 1 1 1 1 1 1 1 1 1 1 1 1 1 1 1 1 1 1 1 1 1 1 1 1 1 1 1 1 1 1 1 1 1 1 1 1 1 1 1 1 1 1 1 1 1 1 1 1 1 1 1 1 1 1 1 1 1 1 1 1 1 1 1 1 1 1 1 1 1 1 1 1 1 1 1 1 1 1 1 1 1 1 1 1 1 1 1 1 1 1 1 1 1 1 1 1 1 1 1 1 1 1 1 1 1 1 1 1 1 1 1 1 1 1 1 1 1 1 1 1 1 1 1 1 1 1 1 1 1 1 1 1 1 1 1 1 1 1 1 1 1 1 1 1 1 1 1 1 1 1 1 1 1 1 1 1 1 1 1 1 1 1 1 1 1 1 1 1 1 1 1 1 1 1 1 1 1 1 1 1 1 1 1 1 1 1 1 1 1 1 1 1 1 1 1 1 1 1 1 1 1 1 1 1 1 1 1 1 1 1 1 1 1 1 1 1 1 1 1 1 1 1 1 1 1 1 1 1 1 1 1 1 1 1 1 1 1 1 1 1 1 1 1 1 1 1 1 1 1 1 1 1 1 1 1 1 1 1 1 1 1 1 1 1 1 1 1 1 1 1 1 1 1 1 1 1 1 1 1 1 1 1 1 1 1 1 1 1 1 1 1 1 1 1 1 1 1 1 1 1 1 1 1 1 1 1 1 1 1 1 1 1 1 1 1 1 1 1 1 1 1 1 1 1 1 1 1 1 1 1 1 1 1 1 1 1 1 1 1 1 1 1 1 1 1 1 1 1 1 1 1 1 1 1 1 1 1 1 1 1 1 1 1 1 1 1 1 1 1 1 1 1 1 1 1 1 1 1 1 1 1 1 1 1 1 1 1 1 1 1 1 1 1 1 1 1 1 1 1 1 1 1 1 1 1 1 1 1 1 1 1 1 1 1 1 1 1 1 1 1 1 1 1 1 1 1 1 1 1 1 1 1 1 1 1 1 1 1 1 1 1 1 1 1 1 1 1 1 1 1 1 1 1 1 1 1 1 1 1 1 1 1 1 1 1 1 1 1 1 1 1 1 1 1 1 1 1 1 1 1 1 1 1 1 1 1 1 1 1 1 1 1 1 1 1 1 1 1 1 1 1 1 1 1 1 1 1 1 1 1 1 1 1 1 1 1 1 1 1 1 1 1 1 1 1 1 1 1 1 1 1 1 1 1 1 1 1 1 1 1 1 1 1 1 1 1 1 1 1 1 1 1 1 1 1 1 1 1 1 1 1 1 1 1 1 1 1 1 1 1 1 1 1 1 1 1 1 1 1 1 1 1 1 1 1 1 1 1 1 1 1 1 1 1 1 1 1 1 1 1 1 1 1 1 1 1 1 1 1 1 1 1 1 1 1 1 1 1 1 1 1 1 1 1 1 1 1 1 1 1 1 1 1 1 1 1 1 1 1 1 1 1 1 1 1 1 1 1 1 1 1 1 1 1 1 1 1 1 1 1 1 1 1 1 1 1 1 1 1 1 1 1 1 1 1 1 1 1 1 1 1 1 1 1 1 1 1 1 1 1 1 1 1 1 1 1 1 1 1 1 1 1 1 1 1 1 1 1 1 1 1 1 1 1 1 1 1 1 1 1 1 1 1 1 1 1 1 1 1 1 1 1 1 1 1 1 1 1 1 1 1 1 1 1 1 1 1 1 1 1 1 1 1 1 1 1 1 1 1 1 1 1 1 1 1 1 1 1 1 1 1 1 1 1 1 1 1 1 1 1 1 1 1 1 1 1 1 1 1 1 1 1 1 1 1 1 1 1 1 1 1 1 1 1 1 1 1 1 1 1 1 1 1 1 1 1 1 1 1 1 1 1 1 1 1 1 1 1 1 1 1 1 1 1 1 1 1 1 1 1 1 1 1 1 1 1 1 1 1 1 1 1 1 1 1 1 1 1 1 1 1 1 1 1 1 1 1 1 1 1 1 1 1 1 1 1 1 1 1 1 1 1 1 1 1 1 1 1 1 1 1 1 1 1 1 1 1 1 1 1 1 1 1 1 1 1 1 1 1 1 1 1 1 1 1 1 1 1 1 1 1 1 1 1 1 1 1 1 1 1 1 1 1 1 1 1 1 1 1 1 1 1 1 1 1 1 1 1 1 1 1 1 1 1 1 1 1 1 1 1 1 1 1 1 1 1 1 1 1 1 1 1 1 1 1 1 1 1 1 1 1 1 1 1 1 1 1 1 1 1 1 1 1 1 1 1 1 1 1 1 1 1 1 1 1 1 1 1 1 1 1 1 1 1 1 1 1 1 1 1 1 1 1 1 1 1 1 1 1 1 1 1 1 1 1 1 1 1 1 1 1 1 1 1 1 1 1 1 1 1 1 1 1 1 1 1 1 1 1 1 1 1 1 1 1 1 1 1 1 1 1 1 1 1 1 1 1 1 1 1 1 1 1 1 1 1 1 1 1 1 1 1 1 1 1 1 1 1 1 1 1 1 1 1 1 1 1 1 1 1 1 1 1 1 1 1 1 1 1 1 1 1 1 1 1 1 1 1 1 1 1 1 1 1 1 1 1 1 1 1 1 1 1 1 1 1 1 1 1 1 1 1 1 1 1 1 1 1 1 1 1 1 1 1 1 1 1 1 1 1 1 1 1 1 1 1 1 1 1 1 1 1 1 1 1 1 1 1 1 1 1 1 1 1 1 1 1 1 1 1 1 1 1 1 1 1 1 1 1 1 1 1 1 1 1 1 1 1 1 1 1 1 1 1 1 1 1 1 1 1 1 1 1 1 1 1 1 1 1 1 1 1 1 1 1 1 1 1 1 1 1 1 1 1 1 1 1 1 1 1 1 1 1 1 1 1 1 1 1 1 1 1 1 1 1 1 1 1 1 1 1 1 1 1 1 1 1 1 1 1 1 1 1 1 1 1 1 1 1 1 1 1 1 1 1 1 1 1 1 1 1 1 1 1 1 1 1 1 1 1 1 1 1 1 1 1 1 1 1 1 1 1 1 1 1 1 1 1 1 1 1 1 1 1 1 1 1 1 1 1 1 1 1 1 1 1 1 1 1 1 1 1 1 1 1 1 1 1 1 1 1 1 1 1 1 1 1 1 1 1 1 1 1 1 1 1 1 1 1 1 1 1 1 1 1 1 1 1 1 1 1 1 1 1 1 1 1 1 1 1 1 1 1 1 1 1 1 1 1 1 1 1 1 1 1 1 1 1 1 1 1 1 1 1 1 1 1 1 1 1 1 1 1 1 1 1 1 1 1 1 1 1 1 1 1 1 1 1 1 1 1 1 1 1 1 1 1 1 1 1 1 1 1 1 1 1 1 1 1 1 1 1 1 1 1 1 1 1 1 1 1 1 1 1 1 1 1 1 1 1 1 1 1 1 1 1 1 1 1 1 1 1 1 1 1 1 1 1 1 1 1 1 1 1 1 1 1 1 1 1 1 1 1 1 1 1 1 1 1 1 1 1 1 1 1 1 1 1 1 1 1 1 1 1 1 1 1 1 1 1 1 1 1 1 1 1 1 1 1 1 1 1 1 1 1 1 1 1 1 1 1 1 1 1 1 1 1 1 1 1 1 1 1 1 1 1 1 1 1 1 1 1 1 1 1 1 1 1 1 1 1 1 1 1 1 1 1 1 1 1 1 1 1 1 1 1 1 1 1 1 1 1 1 1 1 1 1 1 1 1 1 1 1 1 1 1 1 1 1 1 1 1 1 1 1 1 1 1 1 1 1 1 1 1 1 1 1 1 1 1 1 1 1 1 1 1 1 1 1 1 1 1 1 1 1 1 1 1 1 1 1 1 1 1 1 1 1 1 1 1 1 1 1 1 1 1 1 1 1 1 1 1 1 1 1 1 1 1 1 1 1 1 1 1 1 1 1 1 1 1 1 1 1 1 1 1 1 1 1 1 1 1 1 1 1 1 1 1 1 1 1 1 1 1 1 1 1 1 1 1 1 1 1 1 1 1 1 1 1 1 1 1 1 1 1 1 1 1 1 1 1 1 1 1 1 1 1 1 1 1 1 1 1 1 1 1 1 1 1 1 1 1 1 1 1 1 1 1 1 1 1 1 1 1 1 1 1 1 1 1 1 1 1 1 1 1 1 1 1 1 1 1 1 1 1 1 1 1 1 1 1 1 1 1 1 1 1 1 1 1 1 1 1 1 1 1 1 1 1 1 1 1 1 1 1 1 1 1 1 1 1 1 1 1 1 1 1 1 1 1 1 1 1 1 1 1 1 1 1 1 1 1 1 1 1 1 1 1 1 1 1 1 1 1 1 1 1 1 1 1 1 1 1 1 1 1 1 1 1 1 1 1 1 1 1 1 1 1 1 1 1 1 1 1 1 1 1 1 1 1 1 1 1 1 1 1 1 1 1 1 1 1 1 1 1 1 1 1 1 1 1 1 1 1 1 1 1 1 1 1 1 1 1 1 1 1 1 1 1 1 1 1 1 1 1 1 1 1 1 1 1 1 1 1 1 1 1 1 1 1 1 1 1 1 1 1 1 1 1 1 1 1 1 1 1 1 1 1 1 1 1 1 1 1 1 1 1 1 1 1 1 1 1 1 1 1 1 1 1 1 1 1 1 1 1 1 1 1 1 1 1 1 1 1 1 1 1 1 1 1 1 1 1 1 1 1 1 1 1 1 1 1 1 1 1 1 1 1 1 1 1 1 1 1 1 1 1 1 1 1 1 1 1 1 1 1 1 1 1 1 1 1 1 1 1 1 1 1 1 1 1 1 1 1 1 1 1 1 1 1 1 1 1 1 1 1 1 1 1 1 1 1 1 1 1 1 1 1 1 1 1 1 1 1 1 1 1 1 1 1 1 1 1 1 1 1 1 1 1 1 1 1 1 1 1 1 1 1 1 1 1 1 1 1 1 1 1 1 1 1 1 1 1 1 1 1 1 1 1 1 1 1 1 1 1 1 1 1 1 1 1 1 1 1 1 1 1 1 1 1 1 1 1 1 1 1 1 1 1 1 1 1 1 1 1 1 1 1 1 1 1 1 1 1 1 1 1 1 1 1 1 1 1 1 1 1 1 1 1 1 1 1 1 1 1 1 1 1 1 1 1 1 1 1 1 1 1 1 1 1 1 1 1 1 1 1 1 1 1 1 1 1 1 1 1 1 1 1 1 1 1 1 1 1 1 1 1 1 1 1 1 1 1 1 1 1 1 1 1 1 1 1 1 1 1 1 1 1 1 1 1 1 1 1 1 1 1 1 1 1 1 1 1 1 1 1 1 1 1 1 1 1 1 1 1 1 1 1 1 1 1 1 1 1 1 1 1 1 1 1 1 1 1 1 1 1 1 1 1 1 1 1 1 1 1 1 1 1 1 1 1 1 1 1 1 1 1 1 1 1 1 1 1 1 1 1 1 1 1 1 1 1 1 1 1 1 1 1 1 1 1 1 1 1 1 1 1 1 1 1 1 1 1 1 1 1 1 1 1 1 1 1 1 1 1 1 1 1 1 1 1 1 1 1 1 1 1 1 1 1 1 1 1 1 1 1 1 1 1 1 1 1 1 1 1 1 1 1 1 1 1 1 1 1 1 1 1 1 1 1 1 1 1 1 1 1 1 1 1 1 1 1 1 1 1 1 1 1 1 1 1 1 1 1 1 1 1 1 1 1 1 1 1 1 1 1 1 1 1 1 1 1 1 1 1 1 1 1 1 1 1 1 1 1 1 1 1 1 1 1 1 1 1 1 1 1 1 1 1 1 1 1 1 1 1 1 1 1 1 1 1 1 1 1 1 1 1 1 1 1 1 1 1 1 1 1 1 1 1 1 1 1 1 1 1 1 1 1 1 1 1 1 1 1 1 1 1 1 1 1 1 1 1 1 1 1 1 1 1 1 1 1 1 1 1 1 1 1 1 1 1 1 1 1 1 1 1 1 1 1 1 1 1 1 1 1 1 1 1 1 1 1 1 1 1 1 1 1 1 1 1 1 1 1 1 1 1 1 1 1 1 1 1 1 1 1 1 1 1 1 1 1 1 1 1 1 1 1 1 1 1 1 1 1 1 1 1 1 1 1 1 1 1 1 1 1 1 1 1 1 1 1 1 1 1 1 1 1 1 1 1 1 1 1 1 1 1 1 1 1 1 1 1 1 1 1 1 1 1 1 1 1 1 1 1 1 1 1 1 1 1 1 1 1 1 1 1 1 1 1 1 1 1 1 1 1 1 1 1 1 1 1 1 1 1 1 1 1 1 1 1 1 1 1 1 1 1 1 1 1 1 1 1 1 1 1 1 1 1 1 1 1 1 1 1 1 1 1 1 1 1 1 1 1 1 1 1 1 1 1 1 1 1 1 1 1 1 1 1 1 1 1 1 1 1 1 1 1 1 1 1 1 1 1 1 1 1 1 1 1 1 1 1 1 1 1 1 1 1 1 1 1 1 1 1 1 1 1 1 1 1 1 1 1 1 1 1 1 1 1 1 1 1 1 1 1 1 1 1 1 1 1 1 1 1 1 1 1 1 1 1 1 1 1 1 1 1 1 1 1 1 1 1 1 1 1 1 1 1 1 1 1 1 1 1 1 1 1 1 1 1 1 1 1 1 1 1 1 1 1 1 1 1 1 1 1 1 1 1 1 1 1 1 1 1 1 1 1 1 1 1 1 1 1 1 1 1 1 1 1 1 1 1 1 1 1 1 1 1 1 1 1 1 1 1 1 1 1 1 1 1 1 1 1 1 1 1 1 1 1 1 1 1 1 1 1 1 1 1 1 1 1 1 1 1 1 1 1 1 1 1 1 1 1 1 1 1 1 1 1 1 1 1 1 1 1 1 1 1 1 1 1 1 1 1 1 1 1 1 1 1 1 1 1 1 1 1 1 1 1 1 1 1 1 1 1 1 1 1 1 1 1 1 1 1 1 1 1 1 1 1 1 1 1 1 1 1 1 1 1 1 1 1 1 1 1 1 1 1 1 1 1 1 1 1 1 1 1 1 1 1 1 1 1 1 1 1 1 1 1 1 1 1 1 1 1 1 1 1 1 1 1 1 1 1 1 1 1 1 1 1 1 1 1 1 1 1 1 1 1 1 1 1 1 1 1 1 1 1 1 1 1 1 1 1 1 1 1 1 1 1 1 1 1 1 1 1 1 1 1 1 1 1 1 1 1 1 1 1 1 1 1 1 1 1 1 1 1 1 1 1 1 1 1 1 1 1 1 1 1 1 1 1 1 1 1 1 1 1 1 1 1 1 1 1 1 1 1 1 1 1 1 1 1 1 1 1 1 1 1 1 1 1 1 1 1 1 1 1 1 1 1 1 1 1 1 1 1 1 1 1 1 1 1 1 1 1 1 1 1 1 1 1 1 1 1 1 1 1 1 1 1 1 1 1 1 1 1 1 1 1 1 1 1 1 1 1 1 1 1 1 1 1 1 1 1 1 1 1 1 1 1 1 1 1 1 1 1 1 1 1 1 1 1 1 1 1 1 1 1 1 1 1 1 1 1 1 1 1 1 1 1 1 1 1 1 1 1 1 1 1 1 1 1 1 1 1 1 1 1 1 1 1 1 1 1 1 1 1 1 1 1 1 1 1 1 1 1 1 1 1 1 1 1 1 1 1 1 1 1 1 1 1 1 1 1 1 1 1 1 1 1 1 1 1 1 1 1 1 1 1 1 1 1 1 1 1 1 1 1 1 1 1 1 1 1 1 1 1 1 1 1 1 1 1 1 1 1 1 1 1 1 1 1 1 1 1 1 1 1 1 1 1 1 1 1 1 1 1 1 1 1 1 1 1 1 1 1 1 1 1 1 1 1 1 1 1 1 1 1 1 1 1 1 1 1 1 1 1 1 1 1 1 1 1 1 1 1 1 1 1 1 1 1 1 1 1 1 1 1 1 1 1 1 1 1 1 1 1 1 1 1 1 1 1 1 1 1 1 1 1 1 1 1 1 1 1 1 1 1 1 1 1 1 1 1 1 1 1 1 1 1 1 1 1 1 1 1 1 1 1 1 1 1 1 1 1 1 1 1 1 1 1 1 1 1 1 1 1 1 1 1 1 1 1 1 1 1 1 1 1 1 1 1 1 1 1 1 1 1 1 1 1 1 1 1 1 1 1 1 1 1 1 1 1 1 1 1 1 1 1 1 1 1 1 1 1 1 1 1 1 1 1 1 1 1 1 1 1 1 1 1 1 1 1 1 1 1 1 1 1 1 1 1 1 1 1 1 1 1 1 1 1 1 1 1 1 1 1 1 1 1 1 1 1 1 1 1 1 1 1 1 1 1 1 1 1 1 1 1 1 1 1 1 1 1 1 1 1 1 1 1 1 1 1 1 1 1 1 1 1 1 1 1 1 1 1 1 1 1 1 1 1 1 1 1 1 1 1 1 1 1 1 1 1 1 1 1 1 1 1 1 1 1 1 1 1 1 1 1 1 1 1 1 1 1 1 1 1 1 1 1 1 1 1 1 1 1 1 1 1 1 1 1 1 1 1 1 1 1 1 1 1 1 1 1 1 1 1 1 1 1 1 1 1 1 1 1 1 1 1 1 1 1 1 1 1 1 1 1 1 1 1 1 1 1 1 1 1 1 1 1 1 1 1 1 1 1 1 1 1 1 1 1 1 1 1 1 1 1 1 1 1 1 1 1 1 1 1 1 1 1 1 1 1 1 1 1 1 1 1 1 1 1 1 1 1 1 1 1 1 1 1 1 1 1 1 1 1 1 1 1 1 1 1 1 1 1 1 1 1 1 1 1 1 1 1 1 1 1 1 1 1 1 1 1 1 1 1 1 1 1 1 1 1</float_array>
          <technique_common>
            <accessor source="#Cube_004-mesh-colors-Col-array" count="5088" stride="4">
              <param name="R" type="float"/>
              <param name="G" type="float"/>
              <param name="B" type="float"/>
              <param name="A" type="float"/>
            </accessor>
          </technique_common>
        </source>
        <vertices id="Cube_004-mesh-vertices">
          <input semantic="POSITION" source="#Cube_004-mesh-positions"/>
        </vertices>
        <triangles material="Material_005-material" count="1696">
          <input semantic="VERTEX" source="#Cube_004-mesh-vertices" offset="0"/>
          <input semantic="NORMAL" source="#Cube_004-mesh-normals" offset="1"/>
          <input semantic="TEXCOORD" source="#Cube_004-mesh-map-0" offset="2" set="0"/>
          <input semantic="COLOR" source="#Cube_004-mesh-colors-Col" offset="3" set="0"/>
          <p>135 0 0 0 0 1 1 1 1 2 2 2 0 1 3 3 5 3 4 4 1 2 5 5 6 4 6 6 0 1 7 7 2 5 8 8 3 6 9 9 99 7 10 10 5 3 11 11 8 8 12 12 3 6 13 13 6 4 14 14 10 9 15 15 6 4 16 16 7 10 17 17 7 10 18 18 2 5 19 19 134 11 20 20 11 12 21 21 8 8 22 22 10 9 23 23 9 13 24 24 4 14 25 25 8 8 26 26 12 15 27 27 11 12 28 28 10 9 29 29 14 16 30 30 10 9 31 31 7 10 32 32 13 17 33 33 15 18 34 34 16 19 35 35 17 20 36 36 12 15 37 37 14 16 38 38 19 21 39 39 15 18 40 40 18 22 41 41 18 22 42 42 17 20 43 43 20 23 44 44 24 24 45 45 18 22 46 46 21 25 47 47 21 25 48 48 20 23 49 49 23 26 50 50 22 27 51 51 24 24 52 52 21 25 53 53 123 28 54 54 21 25 55 55 23 26 56 56 29 29 57 57 24 24 58 58 25 30 59 59 24 24 60 60 28 31 61 61 19 21 62 62 26 32 63 63 67 33 64 64 28 31 65 65 30 34 66 66 26 32 67 67 29 29 68 68 31 35 69 69 25 30 70 70 33 36 71 71 32 37 72 72 29 29 73 73 31 35 74 74 35 38 75 75 31 35 76 76 34 39 77 77 34 39 78 78 33 36 79 79 36 40 80 80 37 41 81 81 35 38 82 82 34 39 83 83 39 42 84 84 34 39 85 85 36 40 86 86 42 43 87 87 37 41 88 88 40 44 89 89 40 44 90 90 39 42 91 91 41 45 92 92 43 46 93 93 41 45 94 94 45 47 95 95 44 48 96 96 40 44 97 97 43 46 98 98 47 49 99 99 43 46 100 100 46 50 101 101 46 50 102 102 45 47 103 103 48 51 104 104 50 52 105 105 46 50 106 106 49 53 107 107 49 53 108 108 48 51 109 109 51 54 110 110 54 55 111 111 49 53 112 112 52 56 113 113 52 56 114 114 51 54 115 115 53 57 116 116 55 58 117 117 53 57 118 118 56 59 119 119 57 60 120 120 52 56 121 121 55 58 122 122 58 61 123 123 56 59 124 124 9 13 125 125 59 62 126 126 55 58 127 127 58 61 128 128 60 63 129 129 59 62 130 130 58 61 131 131 60 63 132 132 9 13 133 133 11 12 134 134 63 64 135 135 60 63 136 136 62 65 137 137 62 65 138 138 11 12 139 139 13 17 140 140 64 66 141 141 13 17 142 142 16 19 143 143 65 67 144 144 62 65 145 145 64 66 146 146 67 33 147 147 64 66 148 148 28 31 149 149 28 31 150 150 16 19 151 151 19 21 152 152 97 68 153 153 65 67 154 154 66 69 155 155 68 70 156 156 65 67 157 157 67 33 158 158 69 71 159 159 67 33 160 160 27 72 161 161 863 73 162 162 70 74 163 163 862 75 164 164 70 74 165 165 877 76 166 166 862 75 167 167 73 77 168 168 863 73 169 169 864 78 170 170 75 79 171 171 864 78 172 172 865 80 173 173 866 81 174 174 75 79 175 175 865 80 176 176 867 82 177 177 77 83 178 178 866 81 179 179 81 84 180 180 867 82 181 181 868 85 182 182 82 86 183 183 868 85 184 184 869 87 185 185 83 88 186 186 38 89 187 187 42 43 188 188 83 88 189 189 44 48 190 190 84 90 191 191 85 91 192 192 44 48 193 193 47 49 194 194 870 92 195 195 82 86 196 196 869 87 197 197 87 93 198 198 47 49 199 199 50 52 200 200 871 94 201 201 86 95 202 202 870 92 203 203 89 96 204 204 50 52 205 205 54 55 206 206 91 97 207 207 871 94 208 208 872 98 209 209 90 99 210 210 54 55 211 211 57 60 212 212 92 100 213 213 872 98 214 214 873 101 215 215 874 102 216 216 92 100 217 217 873 101 218 218 875 103 219 219 93 104 220 220 874 102 221 221 95 105 222 222 57 60 223 223 59 62 224 224 96 106 225 225 59 62 226 226 61 107 227 227 98 108 228 228 875 103 229 229 876 109 230 230 97 68 231 231 61 107 232 232 63 64 233 233 71 110 234 234 876 109 235 235 877 76 236 236 80 111 237 237 35 38 238 238 38 89 239 239 78 112 240 240 32 37 241 241 35 38 242 242 74 113 243 243 32 37 244 244 76 114 245 245 74 113 246 246 27 72 247 247 30 34 248 248 4 14 249 249 53 57 250 250 99 7 251 251 99 7 252 252 51 54 253 253 100 115 254 254 5 3 255 255 100 115 256 256 102 116 257 257 51 54 258 258 101 117 259 259 100 115 260 260 100 115 261 261 103 118 262 262 102 116 263 263 102 116 264 264 106 119 265 265 104 120 266 266 1 2 267 267 102 116 268 268 104 120 269 269 107 121 270 270 104 120 271 271 106 119 272 272 104 120 273 273 135 0 274 274 1 2 275 275 108 122 276 276 107 121 277 277 106 119 278 278 103 118 279 279 108 122 280 280 106 119 281 281 108 122 282 282 111 123 283 283 110 124 284 284 112 125 285 285 107 121 286 286 110 124 287 287 110 124 288 288 115 126 289 289 112 125 290 290 112 125 291 291 127 127 292 292 114 128 293 293 115 126 294 294 113 129 295 295 112 125 296 296 117 130 297 297 116 131 298 298 115 126 299 299 111 123 300 300 117 130 301 301 115 126 302 302 39 42 303 303 118 132 304 304 117 130 305 305 119 133 306 306 39 42 307 307 117 130 308 308 41 45 309 309 120 134 310 310 45 47 311 311 109 135 312 312 119 133 313 313 111 123 314 314 48 51 315 315 120 134 316 316 101 117 317 317 101 117 318 318 109 135 319 319 103 118 320 320 36 40 321 321 121 136 322 322 118 132 323 323 118 132 324 324 122 137 325 325 116 131 326 326 25 30 327 327 121 136 328 328 33 36 329 329 122 137 330 330 22 27 331 331 123 28 332 332 116 131 333 333 124 138 334 334 113 129 335 335 124 138 336 336 123 28 337 337 125 139 338 338 124 138 339 339 127 127 340 340 113 129 341 341 127 127 342 342 126 140 343 343 128 141 344 344 125 139 345 345 23 26 346 346 126 140 347 347 127 127 348 348 129 142 349 349 114 128 350 350 129 142 351 351 130 143 352 352 133 144 353 353 126 140 354 354 130 143 355 355 128 141 356 356 130 143 357 357 136 145 358 358 131 146 359 359 130 143 360 360 134 11 361 361 133 144 362 362 135 0 363 363 134 11 364 364 2 5 365 365 129 142 366 366 135 0 367 367 105 147 368 368 131 146 369 369 7 10 370 370 134 11 371 371 20 23 372 372 136 145 373 373 132 148 374 374 23 26 375 375 132 148 376 376 126 140 377 377 136 145 378 378 14 16 379 379 131 146 380 380 107 121 381 381 129 142 382 382 105 147 383 383 154 149 384 384 137 150 385 385 139 151 386 386 137 150 387 387 142 152 388 388 140 153 389 389 143 154 390 390 137 150 391 391 140 153 392 392 145 155 393 393 140 153 394 394 141 156 395 395 140 153 396 396 162 157 397 397 141 156 398 398 145 155 399 399 144 158 400 400 143 154 401 401 146 159 402 402 144 158 403 403 148 160 404 404 146 159 405 405 139 151 406 406 143 154 407 407 146 159 408 408 229 161 409 409 147 162 410 410 146 159 411 411 150 163 412 412 149 164 413 413 151 165 414 414 139 151 415 415 149 164 416 416 150 163 417 417 151 165 418 418 149 164 419 419 152 166 420 420 153 167 421 421 151 165 422 422 153 167 423 423 154 149 424 424 151 165 425 425 155 168 426 426 138 169 427 427 154 149 428 428 155 168 429 429 158 170 430 430 157 171 431 431 153 167 432 432 156 172 433 433 155 168 434 434 138 169 435 435 159 173 436 436 142 152 437 437 158 170 438 438 159 173 439 439 157 171 440 440 160 174 441 441 161 175 442 442 159 173 443 443 142 152 444 444 161 175 445 445 162 157 446 446 161 175 447 447 165 176 448 448 162 157 449 449 161 175 450 450 167 177 451 451 164 178 452 452 164 178 453 453 239 179 454 454 165 176 455 455 164 178 456 456 169 180 457 457 166 181 458 458 163 182 459 459 168 183 460 460 167 177 461 461 167 177 462 462 171 184 463 463 169 180 464 464 169 180 465 465 237 185 466 466 166 181 467 467 171 184 468 468 170 186 469 469 169 180 470 470 171 184 471 471 173 187 472 472 172 188 473 473 172 188 474 474 176 189 475 475 174 190 476 476 172 188 477 477 175 191 478 478 170 186 479 479 175 191 480 480 177 192 481 481 179 193 482 482 177 192 483 483 176 189 484 484 178 194 485 485 180 195 486 486 178 194 487 487 182 196 488 488 179 193 489 489 180 195 490 490 181 197 491 491 180 195 492 492 184 198 493 493 181 197 494 494 182 196 495 495 199 199 496 496 183 200 497 497 182 196 498 498 186 201 499 499 184 198 500 500 181 197 501 501 185 202 502 502 219 203 503 503 184 198 504 504 187 204 505 505 185 202 506 506 187 204 507 507 188 205 508 508 190 206 509 509 186 201 510 510 189 207 511 511 188 205 512 512 188 205 513 513 194 208 514 514 191 209 515 515 190 206 516 516 191 209 517 517 192 210 518 518 191 209 519 519 208 211 520 520 192 210 521 521 194 208 522 522 193 212 523 523 191 209 524 524 197 213 525 525 194 208 526 526 189 207 527 527 198 214 528 528 195 215 529 529 197 213 530 530 195 215 531 531 207 216 532 532 193 212 533 533 200 217 534 534 197 213 535 535 199 199 536 536 199 199 537 537 189 207 538 538 183 200 539 539 178 194 540 540 200 217 541 541 199 199 542 542 200 217 543 543 202 218 544 544 198 214 545 545 173 187 546 546 200 217 547 547 176 189 548 548 201 219 549 549 204 220 550 550 202 218 551 551 168 183 552 552 201 219 553 553 173 187 554 554 204 220 555 555 163 182 556 556 160 174 557 557 205 221 558 558 160 174 559 559 158 170 560 560 202 218 561 561 205 221 562 562 206 222 563 563 156 172 564 564 205 221 565 565 158 170 566 566 207 216 567 567 206 222 568 568 156 172 569 569 198 214 570 570 206 222 571 571 196 223 572 572 193 212 573 573 153 167 574 574 208 211 575 575 209 224 576 576 208 211 577 577 152 166 578 578 190 206 579 579 209 224 580 580 210 225 581 581 210 225 582 582 211 226 583 583 212 227 584 584 211 226 585 585 152 166 586 586 150 163 587 587 147 162 588 588 211 226 589 589 150 163 590 590 215 228 591 591 212 227 592 592 147 162 593 593 216 229 594 594 212 227 595 595 213 230 596 596 214 231 597 597 215 228 598 598 224 232 599 599 214 231 600 600 216 229 601 601 213 230 602 602 217 233 603 603 187 204 604 604 216 229 605 605 187 204 606 606 210 225 607 607 216 229 608 608 218 234 609 609 185 202 610 610 217 233 611 611 221 235 612 612 217 233 613 613 214 231 614 614 241 236 615 615 218 234 616 616 220 237 617 617 220 237 618 618 221 235 619 619 222 238 620 620 221 235 621 621 224 232 622 622 222 238 623 623 222 238 624 624 225 239 625 625 223 240 626 626 238 241 627 627 222 238 628 628 223 240 629 629 225 239 630 630 226 242 631 631 227 160 632 632 215 228 633 633 226 242 634 634 224 232 635 635 215 228 636 636 229 161 637 637 228 160 638 638 225 239 639 639 230 243 640 640 232 244 641 641 145 155 642 642 230 243 643 643 231 160 644 644 233 245 645 645 145 155 646 646 141 156 647 647 235 246 648 648 232 244 649 649 233 245 650 650 234 247 651 651 225 239 652 652 232 244 653 653 235 246 654 654 236 248 655 655 234 247 656 656 234 247 657 657 238 241 658 658 223 240 659 659 239 179 660 660 237 185 661 661 236 248 662 662 236 248 663 663 240 249 664 664 238 241 665 665 165 176 666 666 235 246 667 667 233 245 668 668 240 249 669 669 220 237 670 670 238 241 671 671 170 186 672 672 240 249 673 673 237 185 674 674 240 249 675 675 179 193 676 676 241 236 677 677 241 236 678 678 181 197 679 679 219 203 680 680 162 157 681 681 233 245 682 682 141 156 683 683 243 250 684 684 244 251 685 685 242 252 686 686 246 253 687 687 242 252 688 688 245 254 689 689 247 255 690 690 242 252 691 691 244 251 692 692 250 256 693 693 245 254 694 694 248 257 695 695 245 254 696 696 251 258 697 697 248 257 698 698 249 259 699 699 251 258 700 700 253 260 701 701 250 256 702 702 249 259 703 703 363 261 704 704 253 260 705 705 252 262 706 706 255 263 707 707 247 255 708 708 252 262 709 709 251 258 710 710 254 264 711 711 255 263 712 712 257 265 713 713 365 266 714 714 253 260 715 715 254 264 716 716 815 267 717 717 255 263 718 718 814 268 719 719 826 269 720 720 256 270 721 721 814 268 722 722 261 271 723 723 257 265 724 724 259 272 725 725 816 273 726 726 258 274 727 727 260 275 728 728 817 276 729 729 260 275 730 730 264 277 731 731 263 278 732 732 259 272 733 733 262 279 734 734 263 278 735 735 265 280 736 736 268 281 737 737 817 276 738 738 267 282 739 739 818 283 740 740 266 284 741 741 268 281 742 742 265 280 743 743 828 285 744 744 265 280 745 745 818 283 746 746 269 286 747 747 270 287 748 748 268 281 749 749 271 288 750 750 268 281 751 751 270 287 752 752 362 289 753 753 270 287 754 754 272 290 755 755 272 290 756 756 273 291 757 757 274 292 758 758 273 291 759 759 276 293 760 760 274 292 761 761 274 292 762 762 278 294 763 763 275 295 764 764 361 296 765 765 274 292 766 766 275 295 767 767 269 286 768 768 277 297 769 769 276 293 770 770 276 293 771 771 280 298 772 772 278 294 773 773 280 298 774 774 279 299 775 775 278 294 776 776 278 294 777 777 366 300 778 778 275 295 779 779 819 301 780 780 283 302 781 781 829 303 782 782 819 301 783 783 285 304 784 784 282 305 785 785 282 305 786 786 370 306 787 787 283 302 788 788 282 305 789 789 287 307 790 790 284 308 791 791 820 309 792 792 286 310 793 793 285 304 794 794 285 304 795 795 289 311 796 796 287 307 797 797 287 307 798 798 290 312 799 799 288 313 800 800 284 308 801 801 288 313 802 802 301 314 803 803 289 311 804 804 267 282 805 805 291 315 806 806 289 311 807 807 293 316 808 808 290 312 809 809 264 277 810 810 291 315 811 811 267 282 812 812 291 315 813 813 294 317 814 814 293 316 815 815 290 312 816 816 295 318 817 817 298 319 818 818 293 316 819 819 296 320 820 820 295 318 821 821 295 318 822 822 346 321 823 823 297 322 824 824 298 319 825 825 297 322 826 826 299 323 827 827 288 313 828 828 298 319 829 829 299 323 830 830 299 323 831 831 302 324 832 832 300 325 833 833 301 314 834 834 299 323 835 835 300 325 836 836 301 314 837 837 303 326 838 838 305 327 839 839 303 326 840 840 302 324 841 841 306 328 842 842 304 329 843 843 306 328 844 844 308 330 845 845 305 327 846 846 304 329 847 847 312 331 848 848 308 330 849 849 307 332 850 850 309 333 851 851 308 330 852 852 312 331 853 853 304 329 854 854 310 334 855 855 309 333 856 856 311 335 857 857 313 336 858 858 311 335 859 859 315 337 860 860 310 334 861 861 314 338 862 862 312 331 863 863 314 338 864 864 316 339 865 865 317 340 866 866 313 336 867 867 319 341 868 868 316 339 869 869 827 342 870 870 318 343 871 871 369 344 872 872 316 339 873 873 822 345 874 874 821 346 875 875 319 341 876 876 323 347 877 877 321 348 878 878 822 345 879 879 321 348 880 880 823 349 881 881 823 349 882 882 324 350 883 883 824 351 884 884 321 348 885 885 325 352 886 886 324 350 887 887 325 352 888 888 327 353 889 889 324 350 890 890 824 351 891 891 328 354 892 892 326 355 893 893 327 353 894 894 826 269 895 895 825 356 896 896 329 357 897 897 330 358 898 898 327 353 899 899 330 358 900 900 332 359 901 901 256 270 902 902 331 360 903 903 336 361 904 904 332 359 905 905 335 362 906 906 331 360 907 907 329 357 908 908 333 363 909 909 334 364 910 910 342 365 911 911 333 363 912 912 335 362 913 913 349 366 914 914 337 367 915 915 332 359 916 916 336 361 917 917 340 368 918 918 338 369 919 919 341 370 920 920 337 367 921 921 343 371 922 922 338 369 923 923 340 368 924 924 256 270 925 925 332 359 926 926 260 275 927 927 340 368 928 928 341 370 929 929 264 277 930 930 341 370 931 931 292 372 932 932 341 370 933 933 294 317 934 934 292 372 935 935 339 373 936 936 344 374 937 937 343 371 938 938 338 369 939 939 296 320 940 940 294 317 941 941 343 371 942 942 346 321 943 943 296 320 944 944 342 365 945 945 345 375 946 946 344 374 947 947 345 375 948 948 349 366 949 949 347 376 950 950 307 332 951 951 348 377 952 952 309 333 953 953 347 376 954 954 350 378 955 955 348 377 956 956 348 377 957 957 351 379 958 958 352 380 959 959 351 379 960 960 329 357 961 961 325 352 962 962 352 380 963 963 325 352 964 964 323 347 965 965 309 333 966 966 352 380 967 967 311 335 968 968 311 335 969 969 323 347 970 970 315 337 971 971 328 354 972 972 244 251 973 973 326 355 974 974 353 381 975 975 326 355 976 976 244 251 977 977 354 382 978 978 322 383 979 979 353 381 980 980 356 384 981 981 353 381 982 982 243 250 983 983 318 343 984 984 354 382 985 985 355 385 986 986 355 385 987 987 356 384 988 988 357 386 989 989 358 387 990 990 243 250 991 991 246 253 992 992 357 386 993 993 358 387 994 994 359 388 995 995 359 388 996 996 360 389 997 997 361 296 998 998 360 389 999 999 246 253 1000 1000 250 256 1001 1001 360 389 1002 1002 272 290 1003 1003 361 296 1004 1004 360 389 1005 1005 363 261 1006 1006 362 289 1007 1007 362 289 1008 1008 364 390 1009 1009 271 288 1010 1010 363 261 1011 1011 365 266 1012 1012 364 390 1013 1013 271 288 1014 1014 261 271 1015 1015 263 278 1016 1016 364 390 1017 1017 254 264 1018 1018 261 271 1019 1019 366 300 1020 1020 361 296 1021 1021 275 295 1022 1022 367 391 1023 1023 359 388 1024 1024 366 300 1025 1025 279 299 1026 1026 367 391 1027 1027 366 300 1028 1028 368 392 1029 1029 357 386 1030 1030 367 391 1031 1031 369 344 1032 1032 355 385 1033 1033 368 392 1034 1034 281 393 1035 1035 368 392 1036 1036 279 299 1037 1037 829 303 1038 1038 317 340 1039 1039 827 342 1040 1040 283 302 1041 1041 314 338 1042 1042 317 340 1043 1043 370 306 1044 1044 312 331 1045 1045 314 338 1046 1046 284 308 1047 1047 305 327 1048 1048 370 306 1049 1049 371 394 1050 1050 503 395 1051 1051 372 396 1052 1052 377 397 1053 1053 371 394 1054 1054 372 396 1055 1055 375 398 1056 1056 371 394 1057 1057 374 399 1058 1058 478 400 1059 1059 374 399 1060 1060 376 401 1061 1061 378 402 1062 1062 374 399 1063 1063 377 397 1064 1064 379 403 1065 1065 372 396 1066 1066 380 404 1067 1067 381 405 1068 1068 377 397 1069 1069 379 403 1070 1070 382 406 1071 1071 380 404 1072 1072 383 407 1073 1073 384 408 1074 1074 379 403 1075 1075 382 406 1076 1076 385 409 1077 1077 383 407 1078 1078 386 410 1079 1079 387 411 1080 1080 382 406 1081 1081 385 409 1082 1082 385 409 1083 1083 389 412 1084 1084 388 413 1085 1085 387 411 1086 1086 388 413 1087 1087 390 414 1088 1088 388 413 1089 1089 393 415 1090 1090 391 416 1091 1091 390 414 1092 1092 391 416 1093 1093 394 417 1094 1094 394 417 1095 1095 392 418 1096 1096 396 419 1097 1097 391 416 1098 1098 402 420 1099 1099 392 418 1100 1100 397 421 1101 1101 394 417 1102 1102 396 419 1103 1103 395 422 1104 1104 390 414 1105 1105 394 417 1106 1106 399 423 1107 1107 396 419 1108 1108 398 424 1109 1109 396 419 1110 1110 400 425 1111 1111 398 424 1112 1112 392 418 1113 1113 401 426 1114 1114 400 425 1115 1115 401 426 1116 1116 404 427 1117 1117 403 428 1118 1118 403 428 1119 1119 407 429 1120 1120 405 430 1121 1121 407 429 1122 1122 406 431 1123 1123 405 430 1124 1124 404 427 1125 1125 408 432 1126 1126 407 429 1127 1127 408 432 1128 1128 409 433 1129 1129 407 429 1130 1130 410 434 1131 1131 411 435 1132 1132 409 433 1133 1133 409 433 1134 1134 413 436 1135 1135 406 431 1136 1136 411 435 1137 1137 415 437 1138 1138 414 438 1139 1139 413 436 1140 1140 414 438 1141 1141 417 439 1142 1142 414 438 1143 1143 451 440 1144 1144 416 441 1145 1145 417 439 1146 1146 416 441 1147 1147 418 442 1148 1148 416 441 1149 1149 419 443 1150 1150 418 442 1151 1151 420 444 1152 1152 421 445 1153 1153 419 443 1154 1154 421 445 1155 1155 424 446 1156 1156 423 447 1157 1157 423 447 1158 1158 427 448 1159 1159 425 449 1160 1160 427 448 1161 1161 426 450 1162 1162 425 449 1163 1163 424 446 1164 1164 428 451 1165 1165 427 448 1166 1166 428 451 1167 1167 429 452 1168 1168 427 448 1169 1169 430 453 1170 1170 431 454 1171 1171 429 452 1172 1172 429 452 1173 1173 432 455 1174 1174 426 450 1175 1175 432 455 1176 1176 397 421 1177 1177 399 423 1178 1178 431 454 1179 1179 395 422 1180 1180 397 421 1181 1181 433 456 1182 1182 436 457 1183 1183 395 422 1184 1184 430 453 1185 1185 434 458 1186 1186 433 456 1187 1187 435 459 1188 1188 436 457 1189 1189 434 458 1190 1190 439 460 1191 1191 434 458 1192 1192 437 461 1193 1193 428 451 1194 1194 437 461 1195 1195 430 453 1196 1196 438 462 1197 1197 439 460 1198 1198 437 461 1199 1199 439 460 1200 1200 495 463 1201 1201 435 459 1202 1202 441 464 1203 1203 440 465 1204 1204 439 460 1205 1205 444 466 1206 1206 441 464 1207 1207 443 467 1208 1208 443 467 1209 1209 438 462 1210 1210 446 468 1211 1211 462 469 1212 1212 443 467 1213 1213 445 470 1214 1214 445 470 1215 1215 446 468 1216 1216 447 471 1217 1217 449 472 1218 1218 446 468 1219 1219 448 473 1220 1220 446 468 1221 1221 428 451 1222 1222 448 473 1223 1223 422 474 1224 1224 448 473 1225 1225 424 446 1226 1226 450 475 1227 1227 422 474 1228 1228 420 444 1229 1229 450 475 1230 1230 447 471 1231 1231 449 472 1232 1232 451 440 1233 1233 420 444 1234 1234 416 441 1235 1235 454 476 1236 1236 450 475 1237 1237 451 440 1238 1238 454 476 1239 1239 453 477 1240 1240 452 478 1241 1241 452 478 1242 1242 445 470 1243 1243 447 471 1244 1244 415 437 1245 1245 454 476 1246 1246 451 440 1247 1247 457 479 1248 1248 454 476 1249 1249 455 480 1250 1250 459 481 1251 1251 456 482 1252 1252 457 479 1253 1253 456 482 1254 1254 461 483 1255 1255 453 477 1256 1256 521 484 1257 1257 458 485 1258 1258 459 481 1259 1259 458 485 1260 1260 463 486 1261 1261 461 483 1262 1262 461 483 1263 1263 464 487 1264 1264 462 469 1265 1265 453 477 1266 1266 462 469 1267 1267 445 470 1268 1268 463 486 1269 1269 466 488 1270 1270 464 487 1271 1271 460 489 1272 1272 465 490 1273 1273 463 486 1274 1274 465 490 1275 1275 469 491 1276 1276 466 488 1277 1277 467 492 1278 1278 468 493 1279 1279 465 490 1280 1280 469 491 1281 1281 470 494 1282 1282 493 495 1283 1283 468 493 1284 1284 473 496 1285 1285 470 494 1286 1286 472 497 1287 1287 467 492 1288 1288 522 498 1289 1289 472 497 1290 1290 473 496 1291 1291 471 499 1292 1292 474 500 1293 1293 475 501 1294 1294 473 496 1295 1295 470 494 1296 1296 475 501 1297 1297 476 502 1298 1298 475 501 1299 1299 479 503 1300 1300 476 502 1301 1301 475 501 1302 1302 375 398 1303 1303 478 400 1304 1304 478 400 1305 1305 481 504 1306 1306 479 503 1307 1307 479 503 1308 1308 482 505 1309 1309 480 506 1310 1310 476 502 1311 1311 480 506 1312 1312 494 507 1313 1313 482 505 1314 1314 483 508 1315 1315 485 509 1316 1316 481 504 1317 1317 378 402 1318 1318 483 508 1319 1319 483 508 1320 1320 381 405 1321 1321 484 510 1322 1322 485 509 1323 1323 484 510 1324 1324 486 511 1325 1325 487 512 1326 1326 482 505 1327 1327 485 509 1328 1328 489 513 1329 1329 485 509 1330 1330 486 511 1331 1331 488 514 1332 1332 480 506 1333 1333 487 512 1334 1334 490 515 1335 1335 487 512 1336 1336 489 513 1337 1337 442 516 1338 1338 489 513 1339 1339 440 465 1340 1340 440 465 1341 1341 486 511 1342 1342 495 463 1343 1343 491 517 1344 1344 442 516 1345 1345 444 466 1346 1346 492 518 1347 1347 490 515 1348 1348 491 517 1349 1349 464 487 1350 1350 444 466 1351 1351 462 469 1352 1352 466 488 1353 1353 491 517 1354 1354 464 487 1355 1355 493 495 1356 1356 488 514 1357 1357 492 518 1358 1358 469 491 1359 1359 492 518 1360 1360 466 488 1361 1361 493 495 1362 1362 476 502 1363 1363 494 507 1364 1364 486 511 1365 1365 496 519 1366 1366 495 463 1367 1367 495 463 1368 1368 497 520 1369 1369 435 459 1370 1370 496 519 1371 1371 387 411 1372 1372 497 520 1373 1373 484 510 1374 1374 384 408 1375 1375 496 519 1376 1376 497 520 1377 1377 390 414 1378 1378 436 457 1379 1379 499 521 1380 1380 477 522 1381 1381 474 500 1382 1382 477 522 1383 1383 373 523 1384 1384 375 398 1385 1385 373 523 1386 1386 500 524 1387 1387 503 395 1388 1388 500 524 1389 1389 499 521 1390 1390 502 525 1391 1391 503 395 1392 1392 501 526 1393 1393 504 527 1394 1394 501 526 1395 1395 502 525 1396 1396 510 528 1397 1397 372 396 1398 1398 504 527 1399 1399 380 404 1400 1400 380 404 1401 1401 505 529 1402 1402 383 407 1403 1403 504 527 1404 1404 507 530 1405 1405 505 529 1406 1406 383 407 1407 1407 506 531 1408 1408 386 410 1409 1409 505 529 1410 1410 508 532 1411 1411 506 531 1412 1412 508 532 1413 1413 509 533 1414 1414 511 534 1415 1415 507 530 1416 1416 510 528 1417 1417 509 533 1418 1418 509 533 1419 1419 513 535 1420 1420 512 536 1421 1421 511 534 1422 1422 512 536 1423 1423 514 537 1424 1424 513 535 1425 1425 459 481 1426 1426 512 536 1427 1427 512 536 1428 1428 457 479 1429 1429 514 537 1430 1430 515 538 1431 1431 457 479 1432 1432 455 480 1433 1433 511 534 1434 1434 515 538 1435 1435 516 539 1436 1436 412 540 1437 1437 455 480 1438 1438 415 437 1439 1439 410 434 1440 1440 515 538 1441 1441 412 540 1442 1442 517 541 1443 1443 410 434 1444 1444 408 432 1445 1445 508 532 1446 1446 516 539 1447 1447 517 541 1448 1448 519 542 1449 1449 517 541 1450 1450 408 432 1451 1451 506 531 1452 1452 517 541 1453 1453 518 543 1454 1454 393 415 1455 1455 518 543 1456 1456 519 542 1457 1457 386 410 1458 1458 518 543 1459 1459 389 412 1460 1460 402 420 1461 1461 519 542 1462 1462 404 427 1463 1463 510 528 1464 1464 520 544 1465 1465 513 535 1466 1466 520 544 1467 1467 521 484 1468 1468 513 535 1469 1469 522 498 1470 1470 460 489 1471 1471 521 484 1472 1472 523 545 1473 1473 522 498 1474 1474 520 544 1475 1475 502 525 1476 1476 523 545 1477 1477 520 544 1478 1478 523 545 1479 1479 474 500 1480 1480 472 497 1481 1481 524 546 1482 1482 539 547 1483 1483 525 548 1484 1484 524 546 1485 1485 530 549 1486 1486 527 550 1487 1487 524 546 1488 1488 529 551 1489 1489 526 552 1490 1490 527 550 1491 1491 531 553 1492 1492 528 554 1493 1493 527 550 1494 1494 638 555 1495 1495 529 551 1496 1496 530 549 1497 1497 533 556 1498 1498 531 553 1499 1499 525 548 1500 1500 532 557 1501 1501 530 549 1502 1502 534 558 1503 1503 533 556 1504 1504 532 557 1505 1505 536 559 1506 1506 532 557 1507 1507 535 560 1508 1508 535 560 1509 1509 540 561 1510 1510 536 559 1511 1511 535 560 1512 1512 539 547 1513 1513 537 562 1514 1514 540 561 1515 1515 538 563 1516 1516 541 564 1517 1517 539 547 1518 1518 538 563 1519 1519 537 562 1520 1520 540 561 1521 1521 545 565 1522 1522 542 566 1523 1523 544 567 1524 1524 540 561 1525 1525 542 566 1526 1526 544 567 1527 1527 543 568 1528 1528 636 569 1529 1529 542 566 1530 1530 547 570 1531 1531 543 568 1532 1532 545 565 1533 1533 656 571 1534 1534 546 572 1535 1535 546 572 1536 1536 547 570 1537 1537 545 565 1538 1538 543 568 1539 1539 548 573 1540 1540 634 574 1541 1541 549 575 1542 1542 548 573 1543 1543 547 570 1544 1544 658 576 1545 1545 549 575 1546 1546 546 572 1547 1547 550 577 1548 1548 551 578 1549 1549 549 575 1550 1550 551 578 1551 1551 597 579 1552 1552 548 573 1553 1553 553 580 1554 1554 552 581 1555 1555 551 578 1556 1556 550 577 1557 1557 554 582 1558 1558 553 580 1559 1559 557 583 1560 1560 553 580 1561 1561 554 582 1562 1562 555 584 1563 1563 599 585 1564 1564 552 581 1565 1565 557 583 1566 1566 556 586 1567 1567 555 584 1568 1568 558 587 1569 1569 559 588 1570 1570 557 583 1571 1571 558 587 1572 1572 554 582 1573 1573 660 589 1574 1574 561 590 1575 1575 560 591 1576 1576 559 588 1577 1577 559 588 1578 1578 602 592 1579 1579 556 586 1580 1580 558 587 1581 1581 563 593 1582 1582 561 590 1583 1583 561 590 1584 1584 565 594 1585 1585 562 595 1586 1586 567 596 1587 1587 563 593 1588 1588 564 597 1589 1589 566 598 1590 1590 565 594 1591 1591 563 593 1592 1592 571 599 1593 1593 566 598 1594 1594 567 596 1595 1595 569 600 1596 1596 568 601 1597 1597 566 598 1598 1598 572 602 1599 1599 570 603 1600 1600 569 600 1601 1601 573 604 1602 1602 569 600 1603 1603 571 599 1604 1604 576 605 1605 1605 572 602 1606 1606 573 604 1607 1607 572 602 1608 1608 577 606 1609 1609 574 607 1610 1610 580 608 1611 1611 575 609 1612 1612 576 605 1613 1613 578 610 1614 1614 577 606 1615 1615 575 609 1616 1616 581 611 1617 1617 579 612 1618 1618 578 610 1619 1619 583 613 1620 1620 578 610 1621 1621 580 608 1622 1622 584 614 1623 1623 582 615 1624 1624 581 611 1625 1625 585 616 1626 1626 581 611 1627 1627 583 613 1628 1628 588 617 1629 1629 584 614 1630 1630 585 616 1631 1631 587 618 1632 1632 586 619 1633 1633 584 614 1634 1634 591 620 1635 1635 587 618 1636 1636 588 617 1637 1637 590 621 1638 1638 589 622 1639 1639 587 618 1640 1640 595 623 1641 1641 590 621 1642 1642 591 620 1643 1643 593 624 1644 1644 592 625 1645 1645 590 621 1646 1646 596 626 1647 1647 594 627 1648 1648 593 624 1649 1649 597 579 1650 1650 593 624 1651 1651 595 623 1652 1652 597 579 1653 1653 599 585 1654 1654 596 626 1655 1655 596 626 1656 1656 600 628 1657 1657 598 629 1658 1658 556 586 1659 1659 600 628 1660 1660 599 585 1661 1661 601 630 1662 1662 598 629 1663 1663 600 628 1664 1664 602 592 1665 1665 601 630 1666 1666 600 628 1667 1667 560 591 1668 1668 603 631 1669 1669 602 592 1670 1670 893 632 1671 1671 605 633 1672 1672 878 634 1673 1673 879 635 1674 1674 605 633 1675 1675 607 636 1676 1676 880 637 1677 1677 607 636 1678 1678 608 638 1679 1679 880 637 1680 1680 610 639 1681 1681 881 640 1682 1682 881 640 1683 1683 611 641 1684 1684 882 642 1685 1685 612 643 1686 1686 592 625 1687 1687 594 627 1688 1688 609 644 1689 1689 594 627 1690 1690 598 629 1691 1691 883 645 1692 1692 611 641 1693 1693 616 646 1694 1694 592 625 1695 1695 614 647 1696 1696 589 622 1697 1697 884 648 1698 1698 616 646 1699 1699 617 649 1700 1700 614 647 1701 1701 586 619 1702 1702 589 622 1703 1703 884 648 1704 1704 618 650 1705 1705 885 651 1706 1706 885 651 1707 1707 620 652 1708 1708 886 653 1709 1709 887 654 1710 1710 620 652 1711 1711 622 655 1712 1712 888 656 1713 1713 622 655 1714 1714 623 657 1715 1715 579 612 1716 1716 624 658 1717 1717 577 606 1718 1718 624 658 1719 1719 574 607 1720 1720 577 606 1721 1721 625 659 1722 1722 570 603 1723 1723 574 607 1724 1724 888 656 1725 1725 627 660 1726 1726 889 661 1727 1727 889 661 1728 1728 629 662 1729 1729 890 663 1730 1730 626 664 1731 1731 568 601 1732 1732 570 603 1733 1733 890 663 1734 1734 631 665 1735 1735 891 666 1736 1736 568 601 1737 1737 630 667 1738 1738 565 594 1739 1739 892 668 1740 1740 631 665 1741 1741 633 669 1742 1742 630 667 1743 1743 562 595 1744 1744 565 594 1745 1745 892 668 1746 1746 606 670 1747 1747 893 632 1748 1748 632 671 1749 1749 560 591 1750 1750 562 595 1751 1751 582 615 1752 1752 621 672 1753 1753 579 612 1754 1754 615 673 1755 1755 582 615 1756 1756 586 619 1757 1757 597 579 1758 1758 634 574 1759 1759 548 573 1760 1760 595 623 1761 1761 635 674 1762 1762 634 574 1763 1763 636 569 1764 1764 634 574 1765 1765 635 674 1766 1766 636 569 1767 1767 637 675 1768 1768 534 558 1769 1769 635 674 1770 1770 588 617 1771 1771 637 675 1772 1772 637 675 1773 1773 585 616 1774 1774 533 556 1775 1775 544 567 1776 1776 534 558 1777 1777 536 559 1778 1778 585 616 1779 1779 531 553 1780 1780 533 556 1781 1781 583 613 1782 1782 528 554 1783 1783 531 553 1784 1784 528 554 1785 1785 576 605 1786 1786 638 555 1787 1787 638 555 1788 1788 573 604 1789 1789 639 676 1790 1790 529 551 1791 1791 639 676 1792 1792 640 677 1793 1793 642 678 1794 1794 639 676 1795 1795 641 679 1796 1796 573 604 1797 1797 641 679 1798 1798 639 676 1799 1799 571 599 1800 1800 643 680 1801 1801 641 679 1802 1802 645 681 1803 1803 641 679 1804 1804 643 680 1805 1805 645 681 1806 1806 644 682 1807 1807 647 683 1808 1808 643 680 1809 1809 564 597 1810 1810 644 682 1811 1811 646 684 1812 1812 642 678 1813 1813 645 681 1814 1814 646 684 1815 1815 647 683 1816 1816 649 685 1817 1817 647 683 1818 1818 660 589 1819 1819 648 686 1820 1820 649 685 1821 1821 648 686 1822 1822 650 687 1823 1823 651 688 1824 1824 650 687 1825 1825 652 689 1826 1826 651 688 1827 1827 646 684 1828 1828 649 685 1829 1829 538 563 1830 1830 651 688 1831 1831 652 689 1832 1832 655 690 1833 1833 651 688 1834 1834 653 691 1835 1835 654 692 1836 1836 640 677 1837 1837 642 678 1838 1838 539 547 1839 1839 655 690 1840 1840 653 691 1841 1841 526 552 1842 1842 640 677 1843 1843 655 690 1844 1844 656 571 1845 1845 650 687 1846 1846 657 693 1847 1847 538 563 1848 1848 656 571 1849 1849 541 564 1850 1850 656 571 1851 1851 658 576 1852 1852 546 572 1853 1853 657 693 1854 1854 648 686 1855 1855 659 694 1856 1856 658 576 1857 1857 659 694 1858 1858 550 577 1859 1859 659 694 1860 1860 660 589 1861 1861 554 582 1862 1862 644 682 1863 1863 558 587 1864 1864 660 589 1865 1865 756 695 1866 1866 661 696 1867 1867 662 697 1868 1868 667 698 1869 1869 661 696 1870 1870 664 699 1871 1871 665 700 1872 1872 661 696 1873 1873 663 701 1874 1874 741 702 1875 1875 664 699 1876 1876 665 700 1877 1877 668 703 1878 1878 664 699 1879 1879 666 704 1880 1880 669 705 1881 1881 662 697 1882 1882 667 698 1883 1883 671 706 1884 1884 667 698 1885 1885 668 703 1886 1886 672 707 1887 1887 670 708 1888 1888 669 705 1889 1889 674 709 1890 1890 669 705 1891 1891 671 706 1892 1892 675 710 1893 1893 673 711 1894 1894 672 707 1895 1895 676 712 1896 1896 672 707 1897 1897 674 709 1898 1898 677 713 1899 1899 676 712 1900 1900 811 714 1901 1901 680 715 1902 1902 675 710 1903 1903 677 713 1904 1904 679 716 1905 1905 673 711 1906 1906 678 717 1907 1907 682 718 1908 1908 678 717 1909 1909 680 715 1910 1910 681 719 1911 1911 677 713 1912 1912 813 720 1913 1913 681 719 1914 1914 682 718 1915 1915 680 715 1916 1916 684 721 1917 1917 679 716 1918 1918 682 718 1919 1919 683 722 1920 1920 684 721 1921 1921 682 718 1922 1922 688 723 1923 1923 684 721 1924 1924 687 724 1925 1925 685 725 1926 1926 686 726 1927 1927 684 721 1928 1928 690 727 1929 1929 687 724 1930 1930 689 728 1931 1931 687 724 1932 1932 692 729 1933 1933 689 728 1934 1934 791 730 1935 1935 689 728 1936 1936 691 731 1937 1937 689 728 1938 1938 694 732 1939 1939 691 731 1940 1940 683 722 1941 1941 693 733 1942 1942 692 729 1943 1943 692 729 1944 1944 695 734 1945 1945 694 732 1946 1946 695 734 1947 1947 697 735 1948 1948 696 736 1949 1949 696 736 1950 1950 699 737 1951 1951 698 738 1952 1952 699 737 1953 1953 700 739 1954 1954 698 738 1955 1955 701 740 1956 1956 702 741 1957 1957 700 739 1958 1958 702 741 1959 1959 706 742 1960 1960 704 743 1961 1961 704 743 1962 1962 707 744 1963 1963 705 745 1964 1964 703 746 1965 1965 708 747 1966 1966 706 742 1967 1967 706 742 1968 1968 709 748 1969 1969 707 744 1970 1970 709 748 1971 1971 711 749 1972 1972 714 750 1973 1973 708 747 1974 1974 713 751 1975 1975 711 749 1976 1976 714 750 1977 1977 712 752 1978 1978 715 753 1979 1979 713 751 1980 1980 712 752 1981 1981 711 749 1982 1982 714 750 1983 1983 719 754 1984 1984 716 755 1985 1985 709 748 1986 1986 716 755 1987 1987 718 756 1988 1988 779 757 1989 1989 716 755 1990 1990 717 758 1991 1991 716 755 1992 1992 720 759 1993 1993 717 758 1994 1994 719 754 1995 1995 722 760 1996 1996 720 759 1997 1997 715 753 1998 1998 721 761 1999 1999 719 754 2000 2000 721 761 2001 2001 725 762 2002 2002 722 760 2003 2003 723 763 2004 2004 724 764 2005 2005 721 761 2006 2006 724 764 2007 2007 804 765 2008 2008 725 762 2009 2009 727 766 2010 2010 726 767 2011 2011 724 764 2012 2012 727 766 2013 2013 731 768 2014 2014 728 769 2015 2015 723 763 2016 2016 729 770 2017 2017 727 766 2018 2018 730 771 2019 2019 732 772 2020 2020 729 770 2021 2021 729 770 2022 2022 735 773 2023 2023 731 768 2024 2024 806 774 2025 2025 732 772 2026 2026 733 775 2027 2027 734 776 2028 2028 735 773 2029 2029 732 772 2030 2030 731 768 2031 2031 737 777 2032 2032 738 778 2033 2033 736 779 2034 2034 737 777 2035 2035 735 773 2036 2036 737 777 2037 2037 740 780 2038 2038 738 778 2039 2039 668 703 2040 2040 739 781 2041 2041 736 779 2042 2042 739 781 2043 2043 741 702 2044 2044 740 780 2045 2045 740 780 2046 2046 744 782 2047 2047 742 783 2048 2048 738 778 2049 2049 742 783 2050 2050 743 784 2051 2051 747 785 2052 2052 742 783 2053 2053 745 786 2054 2054 745 786 2055 2055 744 782 2056 2056 748 787 2057 2057 805 788 2058 2058 745 786 2059 2059 746 789 2060 2060 746 789 2061 2061 748 787 2062 2062 749 790 2063 2063 748 787 2064 2064 751 791 2065 2065 749 790 2066 2066 744 782 2067 2067 750 792 2068 2068 748 787 2069 2069 750 792 2070 2070 802 793 2071 2071 751 791 2072 2072 753 794 2073 2073 752 795 2074 2074 750 792 2075 2075 744 782 2076 2076 665 700 2077 2077 753 794 2078 2078 753 794 2079 2079 663 701 2080 2080 754 796 2081 2081 755 797 2082 2082 663 701 2083 2083 756 695 2084 2084 755 797 2085 2085 752 795 2086 2086 754 796 2087 2087 758 798 2088 2088 756 695 2089 2089 760 799 2090 2090 758 798 2091 2091 757 800 2092 2092 755 797 2093 2093 761 801 2094 2094 759 802 2095 2095 758 798 2096 2096 761 801 2097 2097 760 799 2098 2098 762 803 2099 2099 686 726 2100 2100 762 803 2101 2101 679 716 2102 2102 686 726 2103 2103 763 804 2104 2104 761 801 2105 2105 763 804 2106 2106 803 805 2107 2107 759 802 2108 2108 765 806 2109 2109 764 807 2110 2110 763 804 2111 2111 767 808 2112 2112 765 806 2113 2113 685 725 2114 2114 767 808 2115 2115 768 809 2116 2116 766 810 2117 2117 768 809 2118 2118 764 807 2119 2119 766 810 2120 2120 771 811 2121 2121 769 812 2122 2122 768 809 2123 2123 770 813 2124 2124 771 811 2125 2125 768 809 2126 2126 771 811 2127 2127 775 814 2128 2128 772 815 2129 2129 773 816 2130 2130 774 817 2131 2131 771 811 2132 2132 774 817 2133 2133 722 760 2134 2134 775 814 2135 2135 776 818 2136 2136 720 759 2137 2137 774 817 2138 2138 777 819 2139 2139 773 816 2140 2140 778 820 2141 2141 777 819 2142 2142 717 758 2143 2143 776 818 2144 2144 780 821 2145 2145 778 820 2146 2146 782 822 2147 2147 783 823 2148 2148 777 819 2149 2149 780 821 2150 2150 784 824 2151 2151 780 821 2152 2152 781 825 2153 2153 781 825 2154 2154 782 822 2155 2155 788 826 2156 2156 785 827 2157 2157 784 824 2158 2158 786 828 2159 2159 718 756 2160 2160 783 823 2161 2161 785 827 2162 2162 709 748 2163 2163 785 827 2164 2164 707 744 2165 2165 707 744 2166 2166 786 828 2167 2167 705 745 2168 2168 778 820 2169 2169 787 829 2170 2170 782 822 2171 2171 782 822 2172 2172 789 830 2173 2173 788 826 2174 2174 787 829 2175 2175 790 831 2176 2176 789 830 2177 2177 790 831 2178 2178 690 727 2179 2179 791 730 2180 2180 794 832 2181 2181 792 833 2182 2182 787 829 2183 2183 792 833 2184 2184 688 723 2185 2185 690 727 2186 2186 793 834 2187 2187 770 813 2188 2188 767 808 2189 2189 688 723 2190 2190 767 808 2191 2191 685 725 2192 2192 794 832 2193 2193 773 816 2194 2194 770 813 2195 2195 775 814 2196 2196 725 762 2197 2197 795 835 2198 2198 772 815 2199 2199 795 835 2200 2200 797 836 2201 2201 795 835 2202 2202 804 765 2203 2203 796 837 2204 2204 797 836 2205 2205 796 837 2206 2206 799 838 2207 2207 772 815 2208 2208 798 839 2209 2209 769 812 2210 2210 797 836 2211 2211 800 840 2212 2212 798 839 2213 2213 799 838 2214 2214 751 791 2215 2215 800 840 2216 2216 799 838 2217 2217 746 789 2218 2218 749 790 2219 2219 798 839 2220 2220 801 841 2221 2221 803 805 2222 2222 800 840 2223 2223 802 793 2224 2224 801 841 2225 2225 757 800 2226 2226 802 793 2227 2227 752 795 2228 2228 759 802 2229 2229 801 841 2230 2230 757 800 2231 2231 769 812 2232 2232 803 805 2233 2233 764 807 2234 2234 796 837 2235 2235 805 788 2236 2236 746 789 2237 2237 726 767 2238 2238 805 788 2239 2239 804 765 2240 2240 762 803 2241 2241 670 708 2242 2242 673 711 2243 2243 760 799 2244 2244 662 697 2245 2245 670 708 2246 2246 728 769 2247 2247 747 785 2248 2248 726 767 2249 2249 728 769 2250 2250 738 778 2251 2251 743 784 2252 2252 671 706 2253 2253 736 779 2254 2254 734 776 2255 2255 674 709 2256 2256 734 776 2257 2257 806 774 2258 2258 676 712 2259 2259 806 774 2260 2260 807 842 2261 2261 807 842 2262 2262 733 775 2263 2263 809 843 2264 2264 811 714 2265 2265 807 842 2266 2266 808 844 2267 2267 808 844 2268 2268 809 843 2269 2269 713 751 2270 2270 712 752 2271 2271 733 775 2272 2272 730 771 2273 2273 810 845 2274 2274 811 714 2275 2275 808 844 2276 2276 710 846 2277 2277 808 844 2278 2278 713 751 2279 2279 813 720 2280 2280 811 714 2281 2281 812 847 2282 2282 697 735 2283 2283 812 847 2284 2284 699 737 2285 2285 812 847 2286 2286 701 740 2287 2287 699 737 2288 2288 693 733 2289 2289 813 720 2290 2290 697 735 2291 2291 810 845 2292 2292 703 746 2293 2293 701 740 2294 2294 715 753 2295 2295 730 771 2296 2296 723 763 2297 2297 281 393 2298 2298 827 342 2299 2299 369 344 2300 2300 825 356 2301 2301 252 262 2302 2302 328 354 2303 2303 324 350 2304 2304 825 356 2305 2305 824 351 2306 2306 322 383 2307 2307 824 351 2308 2308 326 355 2309 2309 320 848 2310 2310 823 349 2311 2311 322 383 2312 2312 821 346 2313 2313 320 848 2314 2314 318 343 2315 2315 317 340 2316 2316 821 346 2317 2317 827 342 2318 2318 277 297 2319 2319 828 285 2320 2320 820 309 2321 2321 280 298 2322 2322 820 309 2323 2323 819 301 2324 2324 280 298 2325 2325 829 303 2326 2326 281 393 2327 2327 286 310 2328 2328 818 283 2329 2329 267 282 2330 2330 262 279 2331 2331 818 283 2332 2332 265 280 2333 2333 262 279 2334 2334 816 273 2335 2335 817 276 2336 2336 259 272 2337 2337 815 267 2338 2338 816 273 2339 2339 252 262 2340 2340 814 268 2341 2341 255 263 2342 2342 258 274 2343 2343 814 268 2344 2344 256 270 2345 2345 606 670 2346 2346 846 849 2347 2347 605 633 2348 2348 79 850 2349 2349 837 851 2350 2350 836 852 2351 2351 607 636 2352 2352 846 849 2353 2353 848 853 2354 2354 81 84 2355 2355 838 854 2356 2356 837 851 2357 2357 71 110 2358 2358 830 855 2359 2359 831 856 2360 2360 608 638 2361 2361 848 853 2362 2362 849 857 2363 2363 617 649 2364 2364 852 858 2365 2365 853 859 2366 2366 72 860 2367 2367 830 855 2368 2368 70 74 2369 2369 616 646 2370 2370 851 861 2371 2371 852 858 2372 2372 633 669 2373 2373 847 862 2374 2374 606 670 2375 2375 91 97 2376 2376 842 863 2377 2377 841 864 2378 2378 608 638 2379 2379 850 865 2380 2380 610 639 2381 2381 633 669 2382 2382 860 866 2383 2383 861 867 2384 2384 72 860 2385 2385 833 868 2386 2386 832 869 2387 2387 88 870 2388 2388 841 864 2389 2389 840 871 2390 2390 610 639 2391 2391 851 861 2392 2392 611 641 2393 2393 98 108 2394 2394 831 856 2395 2395 845 872 2396 2396 617 649 2397 2397 854 873 2398 2398 618 650 2399 2399 629 662 2400 2400 860 866 2401 2401 631 665 2402 2402 93 104 2403 2403 842 863 2404 2404 92 100 2405 2405 94 874 2406 2406 845 872 2407 2407 844 875 2408 2408 627 660 2409 2409 859 876 2410 2410 629 662 2411 2411 73 77 2412 2412 834 877 2413 2413 833 868 2414 2414 618 650 2415 2415 855 878 2416 2416 620 652 2417 2417 623 657 2418 2418 858 879 2419 2419 627 660 2420 2420 94 874 2421 2421 843 880 2422 2422 93 104 2423 2423 88 870 2424 2424 839 881 2425 2425 86 95 2426 2426 77 83 2427 2427 834 877 2428 2428 75 79 2429 2429 86 95 2430 2430 838 854 2431 2431 82 86 2432 2432 622 655 2433 2433 855 878 2434 2434 856 882 2435 2435 623 657 2436 2436 856 882 2437 2437 857 883 2438 2438 79 850 2439 2439 835 865 2440 2440 77 83 2441 2441 877 76 2442 2442 97 68 2443 2443 66 69 2444 2444 876 109 2445 2445 96 106 2446 2446 97 68 2447 2447 96 106 2448 2448 874 102 2449 2449 95 105 2450 2450 95 105 2451 2451 873 101 2452 2452 90 99 2453 2453 873 101 2454 2454 89 96 2455 2455 90 99 2456 2456 872 98 2457 2457 87 93 2458 2458 89 96 2459 2459 87 93 2460 2460 870 92 2461 2461 85 91 2462 2462 85 91 2463 2463 869 87 2464 2464 84 90 2465 2465 869 87 2466 2466 83 88 2467 2467 84 90 2468 2468 868 85 2469 2469 80 111 2470 2470 83 88 2471 2471 80 111 2472 2472 866 81 2473 2473 78 112 2474 2474 78 112 2475 2475 865 80 2476 2476 76 114 2477 2477 865 80 2478 2478 74 113 2479 2479 76 114 2480 2480 864 78 2481 2481 69 71 2482 2482 74 113 2483 2483 68 70 2484 2484 877 76 2485 2485 66 69 2486 2486 863 73 2487 2487 68 70 2488 2488 69 71 2489 2489 632 671 2490 2490 893 632 2491 2491 604 884 2492 2492 630 667 2493 2493 892 668 2494 2494 632 671 2495 2495 630 667 2496 2496 890 663 2497 2497 891 666 2498 2498 626 664 2499 2499 890 663 2500 2500 628 885 2501 2501 625 659 2502 2502 889 661 2503 2503 626 664 2504 2504 625 659 2505 2505 887 654 2506 2506 888 656 2507 2507 624 658 2508 2508 886 653 2509 2509 887 654 2510 2510 619 886 2511 2511 886 653 2512 2512 621 672 2513 2513 615 673 2514 2514 885 651 2515 2515 619 886 2516 2516 615 673 2517 2517 883 645 2518 2518 884 648 2519 2519 614 647 2520 2520 882 642 2521 2521 883 645 2522 2522 612 643 2523 2523 882 642 2524 2524 613 887 2525 2525 609 644 2526 2526 881 640 2527 2527 612 643 2528 2528 609 644 2529 2529 879 635 2530 2530 880 637 2531 2531 601 630 2532 2532 878 634 2533 2533 879 635 2534 2534 604 884 2535 2535 878 634 2536 2536 603 631 2537 2537 135 0 2538 2538 2 5 2539 2539 0 1 2540 2540 0 1 2541 2541 3 6 2542 2542 5 3 2543 2543 6 4 2544 2544 3 6 2545 2545 0 1 2546 2546 3 6 2547 2547 4 14 2548 2548 99 7 2549 2549 8 8 2550 2550 4 14 2551 2551 3 6 2552 2552 10 9 2553 2553 8 8 2554 2554 6 4 2555 2555 7 10 2556 2556 6 4 2557 2557 2 5 2558 2558 11 12 2559 2559 9 13 2560 2560 8 8 2561 2561 9 13 2562 2562 56 59 2563 2563 4 14 2564 2564 12 15 2565 2565 13 17 2566 2566 11 12 2567 2567 14 16 2568 2568 12 15 2569 2569 10 9 2570 2570 13 17 2571 2571 12 15 2572 2572 15 18 2573 2573 17 20 2574 2574 15 18 2575 2575 12 15 2576 2576 19 21 2577 2577 16 19 2578 2578 15 18 2579 2579 18 22 2580 2580 15 18 2581 2581 17 20 2582 2582 24 24 2583 2583 19 21 2584 2584 18 22 2585 2585 21 25 2586 2586 18 22 2587 2587 20 23 2588 2588 22 27 2589 2589 25 30 2590 2590 24 24 2591 2591 123 28 2592 2592 22 27 2593 2593 21 25 2594 2594 29 29 2595 2595 26 32 2596 2596 24 24 2597 2597 24 24 2598 2598 26 32 2599 2599 28 31 2600 2600 26 32 2601 2601 27 72 2602 2602 67 33 2603 2603 30 34 2604 2604 27 72 2605 2605 26 32 2606 2606 31 35 2607 2607 29 29 2608 2608 25 30 2609 2609 32 37 2610 2610 30 34 2611 2611 29 29 2612 2612 35 38 2613 2613 32 37 2614 2614 31 35 2615 2615 34 39 2616 2616 31 35 2617 2617 33 36 2618 2618 37 41 2619 2619 38 89 2620 2620 35 38 2621 2621 39 42 2622 2622 37 41 2623 2623 34 39 2624 2624 42 43 2625 2625 38 89 2626 2626 37 41 2627 2627 40 44 2628 2628 37 41 2629 2629 39 42 2630 2630 43 46 2631 2631 40 44 2632 2632 41 45 2633 2633 44 48 2634 2634 42 43 2635 2635 40 44 2636 2636 47 49 2637 2637 44 48 2638 2638 43 46 2639 2639 46 50 2640 2640 43 46 2641 2641 45 47 2642 2642 50 52 2643 2643 47 49 2644 2644 46 50 2645 2645 49 53 2646 2646 46 50 2647 2647 48 51 2648 2648 54 55 2649 2649 50 52 2650 2650 49 53 2651 2651 52 56 2652 2652 49 53 2653 2653 51 54 2654 2654 55 58 2655 2655 52 56 2656 2656 53 57 2657 2657 57 60 2658 2658 54 55 2659 2659 52 56 2660 2660 58 61 2661 2661 55 58 2662 2662 56 59 2663 2663 59 62 2664 2664 57 60 2665 2665 55 58 2666 2666 60 63 2667 2667 61 107 2668 2668 59 62 2669 2669 60 63 2670 2670 58 61 2671 2671 9 13 2672 2672 63 64 2673 2673 61 107 2674 2674 60 63 2675 2675 62 65 2676 2676 60 63 2677 2677 11 12 2678 2678 64 66 2679 2679 62 65 2680 2680 13 17 2681 2681 65 67 2682 2682 63 64 2683 2683 62 65 2684 2684 67 33 2685 2685 65 67 2686 2686 64 66 2687 2687 28 31 2688 2688 64 66 2689 2689 16 19 2690 2690 97 68 2691 2691 63 64 2692 2692 65 67 2693 2693 68 70 2694 2694 66 69 2695 2695 65 67 2696 2696 69 71 2697 2697 68 70 2698 2698 67 33 2699 2699 863 73 2700 2700 72 860 2701 2701 70 74 2702 2702 70 74 2703 2703 71 110 2704 2704 877 76 2705 2705 73 77 2706 2706 72 860 2707 2707 863 73 2708 2708 75 79 2709 2709 73 77 2710 2710 864 78 2711 2711 866 81 2712 2712 77 83 2713 2713 75 79 2714 2714 867 82 2715 2715 79 850 2716 2716 77 83 2717 2717 81 84 2718 2718 79 850 2719 2719 867 82 2720 2720 82 86 2721 2721 81 84 2722 2722 868 85 2723 2723 83 88 2724 2724 80 111 2725 2725 38 89 2726 2726 83 88 2727 2727 42 43 2728 2728 44 48 2729 2729 85 91 2730 2730 84 90 2731 2731 44 48 2732 2732 870 92 2733 2733 86 95 2734 2734 82 86 2735 2735 87 93 2736 2736 85 91 2737 2737 47 49 2738 2738 871 94 2739 2739 88 870 2740 2740 86 95 2741 2741 89 96 2742 2742 87 93 2743 2743 50 52 2744 2744 91 97 2745 2745 88 870 2746 2746 871 94 2747 2747 90 99 2748 2748 89 96 2749 2749 54 55 2750 2750 92 100 2751 2751 91 97 2752 2752 872 98 2753 2753 874 102 2754 2754 93 104 2755 2755 92 100 2756 2756 875 103 2757 2757 94 874 2758 2758 93 104 2759 2759 95 105 2760 2760 90 99 2761 2761 57 60 2762 2762 96 106 2763 2763 95 105 2764 2764 59 62 2765 2765 98 108 2766 2766 94 874 2767 2767 875 103 2768 2768 97 68 2769 2769 96 106 2770 2770 61 107 2771 2771 71 110 2772 2772 98 108 2773 2773 876 109 2774 2774 80 111 2775 2775 78 112 2776 2776 35 38 2777 2777 78 112 2778 2778 76 114 2779 2779 32 37 2780 2780 74 113 2781 2781 30 34 2782 2782 32 37 2783 2783 74 113 2784 2784 69 71 2785 2785 27 72 2786 2786 4 14 2787 2787 56 59 2788 2788 53 57 2789 2789 99 7 2790 2790 53 57 2791 2791 51 54 2792 2792 5 3 2793 2793 99 7 2794 2794 100 115 2795 2795 51 54 2796 2796 48 51 2797 2797 101 117 2798 2798 100 115 2799 2799 101 117 2800 2800 103 118 2801 2801 102 116 2802 2802 103 118 2803 2803 106 119 2804 2804 1 2 2805 2805 5 3 2806 2806 102 116 2807 2807 107 121 2808 2808 105 147 2809 2809 104 120 2810 2810 104 120 2811 2811 105 147 2812 2812 135 0 2813 2813 108 122 2814 2814 110 124 2815 2815 107 121 2816 2816 103 118 2817 2817 109 135 2818 2818 108 122 2819 2819 108 122 2820 2820 109 135 2821 2821 111 123 2822 2822 112 125 2823 2823 114 128 2824 2824 107 121 2825 2825 110 124 2826 2826 111 123 2827 2827 115 126 2828 2828 112 125 2829 2829 113 129 2830 2830 127 127 2831 2831 115 126 2832 2832 116 131 2833 2833 113 129 2834 2834 117 130 2835 2835 118 132 2836 2836 116 131 2837 2837 111 123 2838 2838 119 133 2839 2839 117 130 2840 2840 39 42 2841 2841 36 40 2842 2842 118 132 2843 2843 119 133 2844 2844 41 45 2845 2845 39 42 2846 2846 41 45 2847 2847 119 133 2848 2848 120 134 2849 2849 109 135 2850 2850 120 134 2851 2851 119 133 2852 2852 48 51 2853 2853 45 47 2854 2854 120 134 2855 2855 101 117 2856 2856 120 134 2857 2857 109 135 2858 2858 36 40 2859 2859 33 36 2860 2860 121 136 2861 2861 118 132 2862 2862 121 136 2863 2863 122 137 2864 2864 25 30 2865 2865 22 27 2866 2866 121 136 2867 2867 122 137 2868 2868 121 136 2869 2869 22 27 2870 2870 116 131 2871 2871 122 137 2872 2872 124 138 2873 2873 124 138 2874 2874 122 137 2875 2875 123 28 2876 2876 124 138 2877 2877 125 139 2878 2878 127 127 2879 2879 127 127 2880 2880 125 139 2881 2881 126 140 2882 2882 125 139 2883 2883 123 28 2884 2884 23 26 2885 2885 127 127 2886 2886 128 141 2887 2887 129 142 2888 2888 129 142 2889 2889 128 141 2890 2890 130 143 2891 2891 126 140 2892 2892 132 148 2893 2893 130 143 2894 2894 130 143 2895 2895 132 148 2896 2896 136 145 2897 2897 130 143 2898 2898 131 146 2899 2899 134 11 2900 2900 135 0 2901 2901 133 144 2902 2902 134 11 2903 2903 129 142 2904 2904 133 144 2905 2905 135 0 2906 2906 131 146 2907 2907 14 16 2908 2908 7 10 2909 2909 20 23 2910 2910 17 20 2911 2911 136 145 2912 2912 23 26 2913 2913 20 23 2914 2914 132 148 2915 2915 136 145 2916 2916 17 20 2917 2917 14 16 2918 2918 107 121 2919 2919 114 128 2920 2920 129 142 2921 2921 154 149 2922 2922 138 169 2923 2923 137 150 2924 2924 137 150 2925 2925 138 169 2926 2926 142 152 2927 2927 143 154 2928 2928 139 151 2929 2929 137 150 2930 2930 145 155 2931 2931 143 154 2932 2932 140 153 2933 2933 140 153 2934 2934 142 152 2935 2935 162 157 2936 2936 145 155 2937 2937 231 160 2938 2938 144 158 2939 2939 146 159 2940 2940 143 154 2941 2941 144 158 2942 2942 146 159 2943 2943 149 164 2944 2944 139 151 2945 2945 146 159 2946 2946 148 160 2947 2947 229 161 2948 2948 146 159 2949 2949 147 162 2950 2950 150 163 2951 2951 151 165 2952 2952 154 149 2953 2953 139 151 2954 2954 150 163 2955 2955 152 166 2956 2956 151 165 2957 2957 152 166 2958 2958 208 211 2959 2959 153 167 2960 2960 153 167 2961 2961 155 168 2962 2962 154 149 2963 2963 155 168 2964 2964 157 171 2965 2965 138 169 2966 2966 155 168 2967 2967 156 172 2968 2968 158 170 2969 2969 153 167 2970 2970 207 216 2971 2971 156 172 2972 2972 138 169 2973 2973 157 171 2974 2974 159 173 2975 2975 158 170 2976 2976 160 174 2977 2977 159 173 2978 2978 160 174 2979 2979 163 182 2980 2980 161 175 2981 2981 142 152 2982 2982 159 173 2983 2983 161 175 2984 2984 161 175 2985 2985 164 178 2986 2986 165 176 2987 2987 161 175 2988 2988 163 182 2989 2989 167 177 2990 2990 164 178 2991 2991 166 181 2992 2992 239 179 2993 2993 164 178 2994 2994 167 177 2995 2995 169 180 2996 2996 163 182 2997 2997 203 888 2998 2998 168 183 2999 2999 167 177 3000 3000 168 183 3001 3001 171 184 3002 3002 169 180 3003 3003 170 186 3004 3004 237 185 3005 3005 171 184 3006 3006 172 188 3007 3007 170 186 3008 3008 171 184 3009 3009 168 183 3010 3010 173 187 3011 3011 172 188 3012 3012 173 187 3013 3013 176 189 3014 3014 172 188 3015 3015 174 190 3016 3016 175 191 3017 3017 175 191 3018 3018 174 190 3019 3019 177 192 3020 3020 177 192 3021 3021 174 190 3022 3022 176 189 3023 3023 180 195 3024 3024 177 192 3025 3025 178 194 3026 3026 179 193 3027 3027 177 192 3028 3028 180 195 3029 3029 180 195 3030 3030 182 196 3031 3031 184 198 3032 3032 182 196 3033 3033 178 194 3034 3034 199 199 3035 3035 182 196 3036 3036 183 200 3037 3037 186 201 3038 3038 181 197 3039 3039 184 198 3040 3040 185 202 3041 3041 184 198 3042 3042 186 201 3043 3043 187 204 3044 3044 187 204 3045 3045 186 201 3046 3046 188 205 3047 3047 186 201 3048 3048 183 200 3049 3049 189 207 3050 3050 188 205 3051 3051 189 207 3052 3052 194 208 3053 3053 190 206 3054 3054 188 205 3055 3055 191 209 3056 3056 191 209 3057 3057 193 212 3058 3058 208 211 3059 3059 194 208 3060 3060 195 215 3061 3061 193 212 3062 3062 197 213 3063 3063 195 215 3064 3064 194 208 3065 3065 198 214 3066 3066 196 223 3067 3067 195 215 3068 3068 195 215 3069 3069 196 223 3070 3070 207 216 3071 3071 200 217 3072 3072 198 214 3073 3073 197 213 3074 3074 199 199 3075 3075 197 213 3076 3076 189 207 3077 3077 178 194 3078 3078 176 189 3079 3079 200 217 3080 3080 200 217 3081 3081 201 219 3082 3082 202 218 3083 3083 173 187 3084 3084 201 219 3085 3085 200 217 3086 3086 201 219 3087 3087 203 888 3088 3088 204 220 3089 3089 168 183 3090 3090 203 888 3091 3091 201 219 3092 3092 204 220 3093 3093 203 888 3094 3094 163 182 3095 3095 205 221 3096 3096 204 220 3097 3097 160 174 3098 3098 202 218 3099 3099 204 220 3100 3100 205 221 3101 3101 156 172 3102 3102 206 222 3103 3103 205 221 3104 3104 207 216 3105 3105 196 223 3106 3106 206 222 3107 3107 198 214 3108 3108 202 218 3109 3109 206 222 3110 3110 193 212 3111 3111 207 216 3112 3112 153 167 3113 3113 209 224 3114 3114 192 210 3115 3115 208 211 3116 3116 190 206 3117 3117 192 210 3118 3118 209 224 3119 3119 210 225 3120 3120 209 224 3121 3121 211 226 3122 3122 211 226 3123 3123 209 224 3124 3124 152 166 3125 3125 147 162 3126 3126 212 227 3127 3127 211 226 3128 3128 215 228 3129 3129 213 230 3130 3130 212 227 3131 3131 216 229 3132 3132 210 225 3133 3133 212 227 3134 3134 214 231 3135 3135 213 230 3136 3136 215 228 3137 3137 214 231 3138 3138 217 233 3139 3139 216 229 3140 3140 217 233 3141 3141 185 202 3142 3142 187 204 3143 3143 187 204 3144 3144 190 206 3145 3145 210 225 3146 3146 218 234 3147 3147 219 203 3148 3148 185 202 3149 3149 221 235 3150 3150 218 234 3151 3151 217 233 3152 3152 241 236 3153 3153 219 203 3154 3154 218 234 3155 3155 220 237 3156 3156 218 234 3157 3157 221 235 3158 3158 221 235 3159 3159 214 231 3160 3160 224 232 3161 3161 222 238 3162 3162 224 232 3163 3163 225 239 3164 3164 238 241 3165 3165 220 237 3166 3166 222 238 3167 3167 225 239 3168 3168 224 232 3169 3169 226 242 3170 3170 215 228 3171 3171 228 160 3172 3172 226 242 3173 3173 215 228 3174 3174 147 162 3175 3175 229 161 3176 3176 225 239 3177 3177 227 160 3178 3178 230 243 3179 3179 145 155 3180 3180 232 244 3181 3181 230 243 3182 3182 233 245 3183 3183 232 244 3184 3184 145 155 3185 3185 235 246 3186 3186 234 247 3187 3187 232 244 3188 3188 234 247 3189 3189 223 240 3190 3190 225 239 3191 3191 235 246 3192 3192 239 179 3193 3193 236 248 3194 3194 234 247 3195 3195 236 248 3196 3196 238 241 3197 3197 239 179 3198 3198 166 181 3199 3199 237 185 3200 3200 236 248 3201 3201 237 185 3202 3202 240 249 3203 3203 165 176 3204 3204 239 179 3205 3205 235 246 3206 3206 240 249 3207 3207 241 236 3208 3208 220 237 3209 3209 170 186 3210 3210 175 191 3211 3211 240 249 3212 3212 240 249 3213 3213 175 191 3214 3214 179 193 3215 3215 241 236 3216 3216 179 193 3217 3217 181 197 3218 3218 162 157 3219 3219 165 176 3220 3220 233 245 3221 3221 243 250 3222 3222 353 381 3223 3223 244 251 3224 3224 246 253 3225 3225 243 250 3226 3226 242 252 3227 3227 247 255 3228 3228 245 254 3229 3229 242 252 3230 3230 250 256 3231 3231 246 253 3232 3232 245 254 3233 3233 245 254 3234 3234 247 255 3235 3235 251 258 3236 3236 249 259 3237 3237 248 257 3238 3238 251 258 3239 3239 250 256 3240 3240 248 257 3241 3241 249 259 3242 3242 253 260 3243 3243 251 258 3244 3244 252 262 3245 3245 247 255 3246 3246 328 354 3247 3247 252 262 3248 3248 254 264 3249 3249 253 260 3250 3250 255 263 3251 3251 365 266 3252 3252 249 259 3253 3253 253 260 3254 3254 815 267 3255 3255 257 265 3256 3256 255 263 3257 3257 826 269 3258 3258 330 358 3259 3259 256 270 3260 3260 261 271 3261 3261 254 264 3262 3262 257 265 3263 3263 816 273 3264 3264 815 267 3265 3265 258 274 3266 3266 817 276 3267 3267 816 273 3268 3268 260 275 3269 3269 263 278 3270 3270 261 271 3271 3271 259 272 3272 3272 263 278 3273 3273 262 279 3274 3274 265 280 3275 3275 817 276 3276 3276 264 277 3277 3277 267 282 3278 3278 266 284 3279 3279 269 286 3280 3280 268 281 3281 3281 828 285 3282 3282 266 284 3283 3283 265 280 3284 3284 269 286 3285 3285 273 291 3286 3286 270 287 3287 3287 271 288 3288 3288 263 278 3289 3289 268 281 3290 3290 362 289 3291 3291 271 288 3292 3292 270 287 3293 3293 272 290 3294 3294 270 287 3295 3295 273 291 3296 3296 273 291 3297 3297 269 286 3298 3298 276 293 3299 3299 274 292 3300 3300 276 293 3301 3301 278 294 3302 3302 361 296 3303 3303 272 290 3304 3304 274 292 3305 3305 269 286 3306 3306 266 284 3307 3307 277 297 3308 3308 276 293 3309 3309 277 297 3310 3310 280 298 3311 3311 280 298 3312 3312 281 393 3313 3313 279 299 3314 3314 278 294 3315 3315 279 299 3316 3316 366 300 3317 3317 819 301 3318 3318 282 305 3319 3319 283 302 3320 3320 819 301 3321 3321 820 309 3322 3322 285 304 3323 3323 282 305 3324 3324 284 308 3325 3325 370 306 3326 3326 282 305 3327 3327 285 304 3328 3328 287 307 3329 3329 820 309 3330 3330 828 285 3331 3331 286 310 3332 3332 285 304 3333 3333 286 310 3334 3334 289 311 3335 3335 287 307 3336 3336 289 311 3337 3337 290 312 3338 3338 284 308 3339 3339 287 307 3340 3340 288 313 3341 3341 289 311 3342 3342 286 310 3343 3343 267 282 3344 3344 289 311 3345 3345 291 315 3346 3346 293 316 3347 3347 264 277 3348 3348 292 372 3349 3349 291 315 3350 3350 291 315 3351 3351 292 372 3352 3352 294 317 3353 3353 290 312 3354 3354 293 316 3355 3355 295 318 3356 3356 293 316 3357 3357 294 317 3358 3358 296 320 3359 3359 295 318 3360 3360 296 320 3361 3361 346 321 3362 3362 298 319 3363 3363 295 318 3364 3364 297 322 3365 3365 288 313 3366 3366 290 312 3367 3367 298 319 3368 3368 299 323 3369 3369 297 322 3370 3370 302 324 3371 3371 301 314 3372 3372 288 313 3373 3373 299 323 3374 3374 301 314 3375 3375 300 325 3376 3376 303 326 3377 3377 303 326 3378 3378 300 325 3379 3379 302 324 3380 3380 304 329 3381 3381 303 326 3382 3382 306 328 3383 3383 305 327 3384 3384 303 326 3385 3385 304 329 3386 3386 308 330 3387 3387 306 328 3388 3388 307 332 3389 3389 308 330 3390 3390 310 334 3391 3391 312 331 3392 3392 310 334 3393 3393 308 330 3394 3394 309 333 3395 3395 313 336 3396 3396 310 334 3397 3397 311 335 3398 3398 310 334 3399 3399 313 336 3400 3400 314 338 3401 3401 314 338 3402 3402 313 336 3403 3403 316 339 3404 3404 313 336 3405 3405 315 337 3406 3406 319 341 3407 3407 827 342 3408 3408 821 346 3409 3409 318 343 3410 3410 316 339 3411 3411 319 341 3412 3412 822 345 3413 3413 319 341 3414 3414 315 337 3415 3415 323 347 3416 3416 822 345 3417 3417 319 341 3418 3418 321 348 3419 3419 823 349 3420 3420 321 348 3421 3421 324 350 3422 3422 321 348 3423 3423 323 347 3424 3424 325 352 3425 3425 325 352 3426 3426 329 357 3427 3427 327 353 3428 3428 824 351 3429 3429 825 356 3430 3430 328 354 3431 3431 327 353 3432 3432 330 358 3433 3433 826 269 3434 3434 329 357 3435 3435 331 360 3436 3436 330 358 3437 3437 330 358 3438 3438 331 360 3439 3439 332 359 3440 3440 331 360 3441 3441 333 363 3442 3442 336 361 3443 3443 335 362 3444 3444 333 363 3445 3445 331 360 3446 3446 342 365 3447 3447 339 373 3448 3448 336 361 3449 3449 339 373 3450 3450 337 367 3451 3451 336 361 3452 3452 336 361 3453 3453 333 363 3454 3454 342 365 3455 3455 351 379 3456 3456 350 378 3457 3457 335 362 3458 3458 350 378 3459 3459 349 366 3460 3460 335 362 3461 3461 349 366 3462 3462 334 364 3463 3463 333 363 3464 3464 337 367 3465 3465 340 368 3466 3466 332 359 3467 3467 340 368 3468 3468 337 367 3469 3469 338 369 3470 3470 337 367 3471 3471 339 373 3472 3472 343 371 3473 3473 340 368 3474 3474 258 274 3475 3475 256 270 3476 3476 260 275 3477 3477 258 274 3478 3478 340 368 3479 3479 264 277 3480 3480 260 275 3481 3481 341 370 3482 3482 341 370 3483 3483 338 369 3484 3484 294 317 3485 3485 339 373 3486 3486 342 365 3487 3487 344 374 3488 3488 338 369 3489 3489 343 371 3490 3490 296 320 3491 3491 343 371 3492 3492 344 374 3493 3493 346 321 3494 3494 342 365 3495 3495 334 364 3496 3496 345 375 3497 3497 345 375 3498 3498 334 364 3499 3499 349 366 3500 3500 307 332 3501 3501 347 376 3502 3502 348 377 3503 3503 347 376 3504 3504 349 366 3505 3505 350 378 3506 3506 348 377 3507 3507 350 378 3508 3508 351 379 3509 3509 351 379 3510 3510 335 362 3511 3511 329 357 3512 3512 352 380 3513 3513 351 379 3514 3514 325 352 3515 3515 309 333 3516 3516 348 377 3517 3517 352 380 3518 3518 311 335 3519 3519 352 380 3520 3520 323 347 3521 3521 328 354 3522 3522 247 255 3523 3523 244 251 3524 3524 353 381 3525 3525 322 383 3526 3526 326 355 3527 3527 354 382 3528 3528 320 848 3529 3529 322 383 3530 3530 356 384 3531 3531 354 382 3532 3532 353 381 3533 3533 318 343 3534 3534 320 848 3535 3535 354 382 3536 3536 355 385 3537 3537 354 382 3538 3538 356 384 3539 3539 358 387 3540 3540 356 384 3541 3541 243 250 3542 3542 357 386 3543 3543 356 384 3544 3544 358 387 3545 3545 359 388 3546 3546 358 387 3547 3547 360 389 3548 3548 360 389 3549 3549 358 387 3550 3550 246 253 3551 3551 360 389 3552 3552 362 289 3553 3553 272 290 3554 3554 360 389 3555 3555 250 256 3556 3556 363 261 3557 3557 362 289 3558 3558 363 261 3559 3559 364 390 3560 3560 363 261 3561 3561 249 259 3562 3562 365 266 3563 3563 271 288 3564 3564 364 390 3565 3565 261 271 3566 3566 364 390 3567 3567 365 266 3568 3568 254 264 3569 3569 366 300 3570 3570 359 388 3571 3571 361 296 3572 3572 367 391 3573 3573 357 386 3574 3574 359 388 3575 3575 279 299 3576 3576 368 392 3577 3577 367 391 3578 3578 368 392 3579 3579 355 385 3580 3580 357 386 3581 3581 369 344 3582 3582 318 343 3583 3583 355 385 3584 3584 281 393 3585 3585 369 344 3586 3586 368 392 3587 3587 829 303 3588 3588 283 302 3589 3589 317 340 3590 3590 283 302 3591 3591 370 306 3592 3592 314 338 3593 3593 370 306 3594 3594 305 327 3595 3595 312 331 3596 3596 284 308 3597 3597 301 314 3598 3598 305 327 3599 3599 371 394 3600 3600 373 523 3601 3601 503 395 3602 3602 377 397 3603 3603 374 399 3604 3604 371 394 3605 3605 375 398 3606 3606 373 523 3607 3607 371 394 3608 3608 478 400 3609 3609 375 398 3610 3610 374 399 3611 3611 378 402 3612 3612 376 401 3613 3613 374 399 3614 3614 379 403 3615 3615 377 397 3616 3616 372 396 3617 3617 381 405 3618 3618 378 402 3619 3619 377 397 3620 3620 382 406 3621 3621 379 403 3622 3622 380 404 3623 3623 384 408 3624 3624 381 405 3625 3625 379 403 3626 3626 385 409 3627 3627 382 406 3628 3628 383 407 3629 3629 387 411 3630 3630 384 408 3631 3631 382 406 3632 3632 385 409 3633 3633 386 410 3634 3634 389 412 3635 3635 387 411 3636 3636 385 409 3637 3637 388 413 3638 3638 388 413 3639 3639 389 412 3640 3640 393 415 3641 3641 390 414 3642 3642 388 413 3643 3643 391 416 3644 3644 394 417 3645 3645 391 416 3646 3646 392 418 3647 3647 391 416 3648 3648 393 415 3649 3649 402 420 3650 3650 397 421 3651 3651 395 422 3652 3652 394 417 3653 3653 395 422 3654 3654 436 457 3655 3655 390 414 3656 3656 399 423 3657 3657 397 421 3658 3658 396 419 3659 3659 396 419 3660 3660 392 418 3661 3661 400 425 3662 3662 392 418 3663 3663 402 420 3664 3664 401 426 3665 3665 401 426 3666 3666 402 420 3667 3667 404 427 3668 3668 403 428 3669 3669 404 427 3670 3670 407 429 3671 3671 407 429 3672 3672 409 433 3673 3673 406 431 3674 3674 404 427 3675 3675 519 542 3676 3676 408 432 3677 3677 408 432 3678 3678 410 434 3679 3679 409 433 3680 3680 410 434 3681 3681 412 540 3682 3682 411 435 3683 3683 409 433 3684 3684 411 435 3685 3685 413 436 3686 3686 411 435 3687 3687 412 540 3688 3688 415 437 3689 3689 413 436 3690 3690 411 435 3691 3691 414 438 3692 3692 414 438 3693 3693 415 437 3694 3694 451 440 3695 3695 417 439 3696 3696 414 438 3697 3697 416 441 3698 3698 416 441 3699 3699 420 444 3700 3700 419 443 3701 3701 420 444 3702 3702 422 474 3703 3703 421 445 3704 3704 421 445 3705 3705 422 474 3706 3706 424 446 3707 3707 423 447 3708 3708 424 446 3709 3709 427 448 3710 3710 427 448 3711 3711 429 452 3712 3712 426 450 3713 3713 424 446 3714 3714 448 473 3715 3715 428 451 3716 3716 428 451 3717 3717 430 453 3718 3718 429 452 3719 3719 430 453 3720 3720 433 456 3721 3721 431 454 3722 3722 429 452 3723 3723 431 454 3724 3724 432 455 3725 3725 432 455 3726 3726 431 454 3727 3727 397 421 3728 3728 431 454 3729 3729 433 456 3730 3730 395 422 3731 3731 433 456 3732 3732 434 458 3733 3733 436 457 3734 3734 430 453 3735 3735 437 461 3736 3736 434 458 3737 3737 435 459 3738 3738 497 520 3739 3739 436 457 3740 3740 439 460 3741 3741 435 459 3742 3742 434 458 3743 3743 428 451 3744 3744 438 462 3745 3745 437 461 3746 3746 438 462 3747 3747 441 464 3748 3748 439 460 3749 3749 439 460 3750 3750 440 465 3751 3751 495 463 3752 3752 441 464 3753 3753 442 516 3754 3754 440 465 3755 3755 444 466 3756 3756 442 516 3757 3757 441 464 3758 3758 443 467 3759 3759 441 464 3760 3760 438 462 3761 3761 462 469 3762 3762 444 466 3763 3763 443 467 3764 3764 445 470 3765 3765 443 467 3766 3766 446 468 3767 3767 449 472 3768 3768 447 471 3769 3769 446 468 3770 3770 446 468 3771 3771 438 462 3772 3772 428 451 3773 3773 422 474 3774 3774 449 472 3775 3775 448 473 3776 3776 450 475 3777 3777 449 472 3778 3778 422 474 3779 3779 450 475 3780 3780 452 478 3781 3781 447 471 3782 3782 451 440 3783 3783 450 475 3784 3784 420 444 3785 3785 454 476 3786 3786 452 478 3787 3787 450 475 3788 3788 454 476 3789 3789 456 482 3790 3790 453 477 3791 3791 452 478 3792 3792 453 477 3793 3793 445 470 3794 3794 415 437 3795 3795 455 480 3796 3796 454 476 3797 3797 457 479 3798 3798 456 482 3799 3799 454 476 3800 3800 459 481 3801 3801 458 485 3802 3802 456 482 3803 3803 456 482 3804 3804 458 485 3805 3805 461 483 3806 3806 521 484 3807 3807 460 489 3808 3808 458 485 3809 3809 458 485 3810 3810 460 489 3811 3811 463 486 3812 3812 461 483 3813 3813 463 486 3814 3814 464 487 3815 3815 453 477 3816 3816 461 483 3817 3817 462 469 3818 3818 463 486 3819 3819 465 490 3820 3820 466 488 3821 3821 460 489 3822 3822 467 492 3823 3823 465 490 3824 3824 465 490 3825 3825 468 493 3826 3826 469 491 3827 3827 467 492 3828 3828 471 499 3829 3829 468 493 3830 3830 469 491 3831 3831 468 493 3832 3832 470 494 3833 3833 468 493 3834 3834 471 499 3835 3835 473 496 3836 3836 472 497 3837 3837 471 499 3838 3838 467 492 3839 3839 472 497 3840 3840 474 500 3841 3841 473 496 3842 3842 474 500 3843 3843 477 522 3844 3844 475 501 3845 3845 470 494 3846 3846 473 496 3847 3847 475 501 3848 3848 475 501 3849 3849 478 400 3850 3850 479 503 3851 3851 475 501 3852 3852 477 522 3853 3853 375 398 3854 3854 478 400 3855 3855 376 401 3856 3856 481 504 3857 3857 479 503 3858 3858 481 504 3859 3859 482 505 3860 3860 476 502 3861 3861 479 503 3862 3862 480 506 3863 3863 482 505 3864 3864 481 504 3865 3865 483 508 3866 3866 481 504 3867 3867 376 401 3868 3868 378 402 3869 3869 483 508 3870 3870 378 402 3871 3871 381 405 3872 3872 485 509 3873 3873 483 508 3874 3874 484 510 3875 3875 487 512 3876 3876 480 506 3877 3877 482 505 3878 3878 489 513 3879 3879 487 512 3880 3880 485 509 3881 3881 488 514 3882 3882 494 507 3883 3883 480 506 3884 3884 490 515 3885 3885 488 514 3886 3886 487 512 3887 3887 442 516 3888 3888 490 515 3889 3889 489 513 3890 3890 440 465 3891 3891 489 513 3892 3892 486 511 3893 3893 491 517 3894 3894 490 515 3895 3895 442 516 3896 3896 492 518 3897 3897 488 514 3898 3898 490 515 3899 3899 464 487 3900 3900 491 517 3901 3901 444 466 3902 3902 466 488 3903 3903 492 518 3904 3904 491 517 3905 3905 493 495 3906 3906 494 507 3907 3907 488 514 3908 3908 469 491 3909 3909 493 495 3910 3910 492 518 3911 3911 493 495 3912 3912 470 494 3913 3913 476 502 3914 3914 486 511 3915 3915 484 510 3916 3916 496 519 3917 3917 495 463 3918 3918 496 519 3919 3919 497 520 3920 3920 496 519 3921 3921 384 408 3922 3922 387 411 3923 3923 484 510 3924 3924 381 405 3925 3925 384 408 3926 3926 497 520 3927 3927 387 411 3928 3928 390 414 3929 3929 499 521 3930 3930 498 889 3931 3931 477 522 3932 3932 477 522 3933 3933 498 889 3934 3934 373 523 3935 3935 373 523 3936 3936 498 889 3937 3937 500 524 3938 3938 500 524 3939 3939 498 889 3940 3940 499 521 3941 3941 503 395 3942 3942 500 524 3943 3943 501 526 3944 3944 501 526 3945 3945 500 524 3946 3946 502 525 3947 3947 372 396 3948 3948 503 395 3949 3949 504 527 3950 3950 380 404 3951 3951 504 527 3952 3952 505 529 3953 3953 504 527 3954 3954 501 526 3955 3955 507 530 3956 3956 383 407 3957 3957 505 529 3958 3958 506 531 3959 3959 505 529 3960 3960 507 530 3961 3961 508 532 3962 3962 508 532 3963 3963 507 530 3964 3964 509 533 3965 3965 507 530 3966 3966 501 526 3967 3967 510 528 3968 3968 509 533 3969 3969 510 528 3970 3970 513 535 3971 3971 511 534 3972 3972 509 533 3973 3973 512 536 3974 3974 513 535 3975 3975 521 484 3976 3976 459 481 3977 3977 512 536 3978 3978 459 481 3979 3979 457 479 3980 3980 515 538 3981 3981 514 537 3982 3982 457 479 3983 3983 511 534 3984 3984 514 537 3985 3985 515 538 3986 3986 412 540 3987 3987 515 538 3988 3988 455 480 3989 3989 410 434 3990 3990 516 539 3991 3991 515 538 3992 3992 517 541 3993 3993 516 539 3994 3994 410 434 3995 3995 508 532 3996 3996 511 534 3997 3997 516 539 3998 3998 519 542 3999 3999 518 543 4000 4000 517 541 4001 4001 506 531 4002 4002 508 532 4003 4003 517 541 4004 4004 393 415 4005 4005 389 412 4006 4006 518 543 4007 4007 386 410 4008 4008 506 531 4009 4009 518 543 4010 4010 402 420 4011 4011 393 415 4012 4012 519 542 4013 4013 510 528 4014 4014 502 525 4015 4015 520 544 4016 4016 520 544 4017 4017 522 498 4018 4018 521 484 4019 4019 522 498 4020 4020 467 492 4021 4021 460 489 4022 4022 523 545 4023 4023 472 497 4024 4024 522 498 4025 4025 502 525 4026 4026 499 521 4027 4027 523 545 4028 4028 523 545 4029 4029 499 521 4030 4030 474 500 4031 4031 524 546 4032 4032 526 552 4033 4033 539 547 4034 4034 524 546 4035 4035 525 548 4036 4036 530 549 4037 4037 524 546 4038 4038 527 550 4039 4039 529 551 4040 4040 527 550 4041 4041 530 549 4042 4042 531 553 4043 4043 527 550 4044 4044 528 554 4045 4045 638 555 4046 4046 530 549 4047 4047 532 557 4048 4048 533 556 4049 4049 525 548 4050 4050 535 560 4051 4051 532 557 4052 4052 534 558 4053 4053 637 675 4054 4054 533 556 4055 4055 536 559 4056 4056 534 558 4057 4057 532 557 4058 4058 535 560 4059 4059 537 562 4060 4060 540 561 4061 4061 535 560 4062 4062 525 548 4063 4063 539 547 4064 4064 540 561 4065 4065 537 562 4066 4066 538 563 4067 4067 539 547 4068 4068 653 691 4069 4069 538 563 4070 4070 540 561 4071 4071 541 564 4072 4072 545 565 4073 4073 544 567 4074 4074 536 559 4075 4075 540 561 4076 4076 544 567 4077 4077 542 566 4078 4078 543 568 4079 4079 542 566 4080 4080 545 565 4081 4081 547 570 4082 4082 545 565 4083 4083 541 564 4084 4084 656 571 4085 4085 546 572 4086 4086 549 575 4087 4087 547 570 4088 4088 543 568 4089 4089 547 570 4090 4090 548 573 4091 4091 549 575 4092 4092 551 578 4093 4093 548 573 4094 4094 658 576 4095 4095 550 577 4096 4096 549 575 4097 4097 550 577 4098 4098 553 580 4099 4099 551 578 4100 4100 551 578 4101 4101 552 581 4102 4102 597 579 4103 4103 553 580 4104 4104 555 584 4105 4105 552 581 4106 4106 550 577 4107 4107 659 694 4108 4108 554 582 4109 4109 557 583 4110 4110 555 584 4111 4111 553 580 4112 4112 555 584 4113 4113 556 586 4114 4114 599 585 4115 4115 557 583 4116 4116 559 588 4117 4117 556 586 4118 4118 558 587 4119 4119 561 590 4120 4120 559 588 4121 4121 558 587 4122 4122 557 583 4123 4123 554 582 4124 4124 561 590 4125 4125 562 595 4126 4126 560 591 4127 4127 559 588 4128 4128 560 591 4129 4129 602 592 4130 4130 558 587 4131 4131 564 597 4132 4132 563 593 4133 4133 561 590 4134 4134 563 593 4135 4135 565 594 4136 4136 567 596 4137 4137 566 598 4138 4138 563 593 4139 4139 566 598 4140 4140 568 601 4141 4141 565 594 4142 4142 571 599 4143 4143 569 600 4144 4144 566 598 4145 4145 569 600 4146 4146 570 603 4147 4147 568 601 4148 4148 572 602 4149 4149 574 607 4150 4150 570 603 4151 4151 573 604 4152 4152 572 602 4153 4153 569 600 4154 4154 576 605 4155 4155 575 609 4156 4156 572 602 4157 4157 572 602 4158 4158 575 609 4159 4159 577 606 4160 4160 580 608 4161 4161 578 610 4162 4162 575 609 4163 4163 578 610 4164 4164 579 612 4165 4165 577 606 4166 4166 581 611 4167 4167 582 615 4168 4168 579 612 4169 4169 583 613 4170 4170 581 611 4171 4171 578 610 4172 4172 584 614 4173 4173 586 619 4174 4174 582 615 4175 4175 585 616 4176 4176 584 614 4177 4177 581 611 4178 4178 588 617 4179 4179 587 618 4180 4180 584 614 4181 4181 587 618 4182 4182 589 622 4183 4183 586 619 4184 4184 591 620 4185 4185 590 621 4186 4186 587 618 4187 4187 590 621 4188 4188 592 625 4189 4189 589 622 4190 4190 595 623 4191 4191 593 624 4192 4192 590 621 4193 4193 593 624 4194 4194 594 627 4195 4195 592 625 4196 4196 596 626 4197 4197 598 629 4198 4198 594 627 4199 4199 597 579 4200 4200 596 626 4201 4201 593 624 4202 4202 597 579 4203 4203 552 581 4204 4204 599 585 4205 4205 596 626 4206 4206 599 585 4207 4207 600 628 4208 4208 556 586 4209 4209 602 592 4210 4210 600 628 4211 4211 601 630 4212 4212 609 644 4213 4213 598 629 4214 4214 602 592 4215 4215 603 631 4216 4216 601 630 4217 4217 560 591 4218 4218 604 884 4219 4219 603 631 4220 4220 893 632 4221 4221 606 670 4222 4222 605 633 4223 4223 879 635 4224 4224 878 634 4225 4225 605 633 4226 4226 880 637 4227 4227 879 635 4228 4228 607 636 4229 4229 880 637 4230 4230 608 638 4231 4231 610 639 4232 4232 881 640 4233 4233 610 639 4234 4234 611 641 4235 4235 612 643 4236 4236 613 887 4237 4237 592 625 4238 4238 609 644 4239 4239 612 643 4240 4240 594 627 4241 4241 883 645 4242 4242 882 642 4243 4243 611 641 4244 4244 592 625 4245 4245 613 887 4246 4246 614 647 4247 4247 884 648 4248 4248 883 645 4249 4249 616 646 4250 4250 614 647 4251 4251 615 673 4252 4252 586 619 4253 4253 884 648 4254 4254 617 649 4255 4255 618 650 4256 4256 885 651 4257 4257 618 650 4258 4258 620 652 4259 4259 887 654 4260 4260 886 653 4261 4261 620 652 4262 4262 888 656 4263 4263 887 654 4264 4264 622 655 4265 4265 579 612 4266 4266 621 672 4267 4267 624 658 4268 4268 624 658 4269 4269 625 659 4270 4270 574 607 4271 4271 625 659 4272 4272 626 664 4273 4273 570 603 4274 4274 888 656 4275 4275 623 657 4276 4276 627 660 4277 4277 889 661 4278 4278 627 660 4279 4279 629 662 4280 4280 626 664 4281 4281 628 885 4282 4282 568 601 4283 4283 890 663 4284 4284 629 662 4285 4285 631 665 4286 4286 568 601 4287 4287 628 885 4288 4288 630 667 4289 4289 892 668 4290 4290 891 666 4291 4291 631 665 4292 4292 630 667 4293 4293 632 671 4294 4294 562 595 4295 4295 892 668 4296 4296 633 669 4297 4297 606 670 4298 4298 632 671 4299 4299 604 884 4300 4300 560 591 4301 4301 582 615 4302 4302 619 886 4303 4303 621 672 4304 4304 615 673 4305 4305 619 886 4306 4306 582 615 4307 4307 597 579 4308 4308 595 623 4309 4309 634 574 4310 4310 595 623 4311 4311 591 620 4312 4312 635 674 4313 4313 636 569 4314 4314 543 568 4315 4315 634 574 4316 4316 636 569 4317 4317 635 674 4318 4318 637 675 4319 4319 635 674 4320 4320 591 620 4321 4321 588 617 4322 4322 637 675 4323 4323 588 617 4324 4324 585 616 4325 4325 544 567 4326 4326 636 569 4327 4327 534 558 4328 4328 585 616 4329 4329 583 613 4330 4330 531 553 4331 4331 583 613 4332 4332 580 608 4333 4333 528 554 4334 4334 528 554 4335 4335 580 608 4336 4336 576 605 4337 4337 638 555 4338 4338 576 605 4339 4339 573 604 4340 4340 529 551 4341 4341 638 555 4342 4342 639 676 4343 4343 642 678 4344 4344 640 677 4345 4345 639 676 4346 4346 573 604 4347 4347 571 599 4348 4348 641 679 4349 4349 571 599 4350 4350 567 596 4351 4351 643 680 4352 4352 645 681 4353 4353 642 678 4354 4354 641 679 4355 4355 645 681 4356 4356 643 680 4357 4357 644 682 4358 4358 643 680 4359 4359 567 596 4360 4360 564 597 4361 4361 646 684 4362 4362 654 692 4363 4363 642 678 4364 4364 646 684 4365 4365 645 681 4366 4366 647 683 4367 4367 647 683 4368 4368 644 682 4369 4369 660 589 4370 4370 649 685 4371 4371 647 683 4372 4372 648 686 4373 4373 651 688 4374 4374 649 685 4375 4375 650 687 4376 4376 651 688 4377 4377 654 692 4378 4378 646 684 4379 4379 538 563 4380 4380 653 691 4381 4381 651 688 4382 4382 655 690 4383 4383 654 692 4384 4384 651 688 4385 4385 654 692 4386 4386 655 690 4387 4387 640 677 4388 4388 539 547 4389 4389 526 552 4390 4390 655 690 4391 4391 526 552 4392 4392 529 551 4393 4393 640 677 4394 4394 656 571 4395 4395 652 689 4396 4396 650 687 4397 4397 538 563 4398 4398 652 689 4399 4399 656 571 4400 4400 656 571 4401 4401 657 693 4402 4402 658 576 4403 4403 657 693 4404 4404 650 687 4405 4405 648 686 4406 4406 658 576 4407 4407 657 693 4408 4408 659 694 4409 4409 659 694 4410 4410 648 686 4411 4411 660 589 4412 4412 644 682 4413 4413 564 597 4414 4414 558 587 4415 4415 756 695 4416 4416 663 701 4417 4417 661 696 4418 4418 667 698 4419 4419 662 697 4420 4420 661 696 4421 4421 665 700 4422 4422 664 699 4423 4423 661 696 4424 4424 741 702 4425 4425 666 704 4426 4426 664 699 4427 4427 668 703 4428 4428 667 698 4429 4429 664 699 4430 4430 669 705 4431 4431 670 708 4432 4432 662 697 4433 4433 671 706 4434 4434 669 705 4435 4435 667 698 4436 4436 672 707 4437 4437 673 711 4438 4438 670 708 4439 4439 674 709 4440 4440 672 707 4441 4441 669 705 4442 4442 675 710 4443 4443 678 717 4444 4444 673 711 4445 4445 676 712 4446 4446 675 710 4447 4447 672 707 4448 4448 677 713 4449 4449 675 710 4450 4450 676 712 4451 4451 680 715 4452 4452 678 717 4453 4453 675 710 4454 4454 679 716 4455 4455 762 803 4456 4456 673 711 4457 4457 682 718 4458 4458 679 716 4459 4459 678 717 4460 4460 681 719 4461 4461 680 715 4462 4462 677 713 4463 4463 681 719 4464 4464 683 722 4465 4465 682 718 4466 4466 684 721 4467 4467 686 726 4468 4468 679 716 4469 4469 683 722 4470 4470 687 724 4471 4471 684 721 4472 4472 688 723 4473 4473 685 725 4474 4474 684 721 4475 4475 685 725 4476 4476 765 806 4477 4477 686 726 4478 4478 690 727 4479 4479 688 723 4480 4480 687 724 4481 4481 687 724 4482 4482 683 722 4483 4483 692 729 4484 4484 791 730 4485 4485 690 727 4486 4486 689 728 4487 4487 689 728 4488 4488 692 729 4489 4489 694 732 4490 4490 683 722 4491 4491 681 719 4492 4492 693 733 4493 4493 692 729 4494 4494 693 733 4495 4495 695 734 4496 4496 695 734 4497 4497 693 733 4498 4498 697 735 4499 4499 696 736 4500 4500 697 735 4501 4501 699 737 4502 4502 699 737 4503 4503 701 740 4504 4504 700 739 4505 4505 701 740 4506 4506 703 746 4507 4507 702 741 4508 4508 702 741 4509 4509 703 746 4510 4510 706 742 4511 4511 704 743 4512 4512 706 742 4513 4513 707 744 4514 4514 703 746 4515 4515 710 846 4516 4516 708 747 4517 4517 706 742 4518 4518 708 747 4519 4519 709 748 4520 4520 709 748 4521 4521 708 747 4522 4522 711 749 4523 4523 708 747 4524 4524 710 846 4525 4525 713 751 4526 4526 714 750 4527 4527 711 749 4528 4528 712 752 4529 4529 713 751 4530 4530 809 843 4531 4531 712 752 4532 4532 714 750 4533 4533 715 753 4534 4534 719 754 4535 4535 709 748 4536 4536 714 750 4537 4537 716 755 4538 4538 779 757 4539 4539 718 756 4540 4540 716 755 4541 4541 716 755 4542 4542 719 754 4543 4543 720 759 4544 4544 719 754 4545 4545 721 761 4546 4546 722 760 4547 4547 715 753 4548 4548 723 763 4549 4549 721 761 4550 4550 721 761 4551 4551 724 764 4552 4552 725 762 4553 4553 723 763 4554 4554 727 766 4555 4555 724 764 4556 4556 724 764 4557 4557 726 767 4558 4558 804 765 4559 4559 727 766 4560 4560 728 769 4561 4561 726 767 4562 4562 727 766 4563 4563 729 770 4564 4564 731 768 4565 4565 723 763 4566 4566 730 771 4567 4567 729 770 4568 4568 730 771 4569 4569 733 775 4570 4570 732 772 4571 4571 729 770 4572 4572 732 772 4573 4573 735 773 4574 4574 806 774 4575 4575 734 776 4576 4576 732 772 4577 4577 734 776 4578 4578 736 779 4579 4579 735 773 4580 4580 731 768 4581 4581 735 773 4582 4582 737 777 4583 4583 736 779 4584 4584 739 781 4585 4585 737 777 4586 4586 737 777 4587 4587 739 781 4588 4588 740 780 4589 4589 668 703 4590 4590 666 704 4591 4591 739 781 4592 4592 739 781 4593 4593 666 704 4594 4594 741 702 4595 4595 740 780 4596 4596 741 702 4597 4597 744 782 4598 4598 738 778 4599 4599 740 780 4600 4600 742 783 4601 4601 747 785 4602 4602 743 784 4603 4603 742 783 4604 4604 745 786 4605 4605 742 783 4606 4606 744 782 4607 4607 805 788 4608 4608 747 785 4609 4609 745 786 4610 4610 746 789 4611 4611 745 786 4612 4612 748 787 4613 4613 748 787 4614 4614 750 792 4615 4615 751 791 4616 4616 744 782 4617 4617 753 794 4618 4618 750 792 4619 4619 750 792 4620 4620 752 795 4621 4621 802 793 4622 4622 753 794 4623 4623 754 796 4624 4624 752 795 4625 4625 744 782 4626 4626 741 702 4627 4627 665 700 4628 4628 753 794 4629 4629 665 700 4630 4630 663 701 4631 4631 755 797 4632 4632 754 796 4633 4633 663 701 4634 4634 755 797 4635 4635 757 800 4636 4636 752 795 4637 4637 758 798 4638 4638 755 797 4639 4639 756 695 4640 4640 758 798 4641 4641 759 802 4642 4642 757 800 4643 4643 761 801 4644 4644 763 804 4645 4645 759 802 4646 4646 761 801 4647 4647 758 798 4648 4648 760 799 4649 4649 686 726 4650 4650 761 801 4651 4651 762 803 4652 4652 686 726 4653 4653 765 806 4654 4654 763 804 4655 4655 763 804 4656 4656 764 807 4657 4657 803 805 4658 4658 765 806 4659 4659 766 810 4660 4660 764 807 4661 4661 767 808 4662 4662 766 810 4663 4663 765 806 4664 4664 767 808 4665 4665 770 813 4666 4666 768 809 4667 4667 768 809 4668 4668 769 812 4669 4669 764 807 4670 4670 771 811 4671 4671 772 815 4672 4672 769 812 4673 4673 770 813 4674 4674 773 816 4675 4675 771 811 4676 4676 771 811 4677 4677 774 817 4678 4678 775 814 4679 4679 773 816 4680 4680 776 818 4681 4681 774 817 4682 4682 774 817 4683 4683 720 759 4684 4684 722 760 4685 4685 776 818 4686 4686 717 758 4687 4687 720 759 4688 4688 777 819 4689 4689 776 818 4690 4690 773 816 4691 4691 777 819 4692 4692 779 757 4693 4693 717 758 4694 4694 780 821 4695 4695 777 819 4696 4696 778 820 4697 4697 783 823 4698 4698 779 757 4699 4699 777 819 4700 4700 784 824 4701 4701 783 823 4702 4702 780 821 4703 4703 781 825 4704 4704 780 821 4705 4705 782 822 4706 4706 785 827 4707 4707 783 823 4708 4708 784 824 4709 4709 718 756 4710 4710 779 757 4711 4711 783 823 4712 4712 709 748 4713 4713 718 756 4714 4714 785 827 4715 4715 707 744 4716 4716 785 827 4717 4717 786 828 4718 4718 778 820 4719 4719 794 832 4720 4720 787 829 4721 4721 782 822 4722 4722 787 829 4723 4723 789 830 4724 4724 787 829 4725 4725 792 833 4726 4726 790 831 4727 4727 790 831 4728 4728 792 833 4729 4729 690 727 4730 4730 794 832 4731 4731 793 834 4732 4732 792 833 4733 4733 792 833 4734 4734 793 834 4735 4735 688 723 4736 4736 793 834 4737 4737 794 832 4738 4738 770 813 4739 4739 688 723 4740 4740 793 834 4741 4741 767 808 4742 4742 794 832 4743 4743 778 820 4744 4744 773 816 4745 4745 775 814 4746 4746 722 760 4747 4747 725 762 4748 4748 772 815 4749 4749 775 814 4750 4750 795 835 4751 4751 795 835 4752 4752 725 762 4753 4753 804 765 4754 4754 797 836 4755 4755 795 835 4756 4756 796 837 4757 4757 772 815 4758 4758 797 836 4759 4759 798 839 4760 4760 797 836 4761 4761 799 838 4762 4762 800 840 4763 4763 799 838 4764 4764 749 790 4765 4765 751 791 4766 4766 799 838 4767 4767 796 837 4768 4768 746 789 4769 4769 798 839 4770 4770 800 840 4771 4771 801 841 4772 4772 800 840 4773 4773 751 791 4774 4774 802 793 4775 4775 757 800 4776 4776 801 841 4777 4777 802 793 4778 4778 759 802 4779 4779 803 805 4780 4780 801 841 4781 4781 769 812 4782 4782 798 839 4783 4783 803 805 4784 4784 796 837 4785 4785 804 765 4786 4786 805 788 4787 4787 726 767 4788 4788 747 785 4789 4789 805 788 4790 4790 762 803 4791 4791 760 799 4792 4792 670 708 4793 4793 760 799 4794 4794 756 695 4795 4795 662 697 4796 4796 728 769 4797 4797 743 784 4798 4798 747 785 4799 4799 728 769 4800 4800 731 768 4801 4801 738 778 4802 4802 671 706 4803 4803 668 703 4804 4804 736 779 4805 4805 674 709 4806 4806 671 706 4807 4807 734 776 4808 4808 676 712 4809 4809 674 709 4810 4810 806 774 4811 4811 807 842 4812 4812 806 774 4813 4813 733 775 4814 4814 811 714 4815 4815 676 712 4816 4816 807 842 4817 4817 808 844 4818 4818 807 842 4819 4819 809 843 4820 4820 712 752 4821 4821 809 843 4822 4822 733 775 4823 4823 810 845 4824 4824 812 847 4825 4825 811 714 4826 4826 710 846 4827 4827 810 845 4828 4828 808 844 4829 4829 813 720 4830 4830 677 713 4831 4831 811 714 4832 4832 697 735 4833 4833 813 720 4834 4834 812 847 4835 4835 812 847 4836 4836 810 845 4837 4837 701 740 4838 4838 693 733 4839 4839 681 719 4840 4840 813 720 4841 4841 810 845 4842 4842 710 846 4843 4843 703 746 4844 4844 715 753 4845 4845 712 752 4846 4846 730 771 4847 4847 281 393 4848 4848 829 303 4849 4849 827 342 4850 4850 825 356 4851 4851 826 269 4852 4852 252 262 4853 4853 324 350 4854 4854 327 353 4855 4855 825 356 4856 4856 322 383 4857 4857 823 349 4858 4858 824 351 4859 4859 320 848 4860 4860 822 345 4861 4861 823 349 4862 4862 821 346 4863 4863 822 345 4864 4864 320 848 4865 4865 317 340 4866 4866 316 339 4867 4867 821 346 4868 4868 277 297 4869 4869 266 284 4870 4870 828 285 4871 4871 280 298 4872 4872 277 297 4873 4873 820 309 4874 4874 280 298 4875 4875 819 301 4876 4876 829 303 4877 4877 286 310 4878 4878 828 285 4879 4879 818 283 4880 4880 262 279 4881 4881 817 276 4882 4882 818 283 4883 4883 262 279 4884 4884 259 272 4885 4885 816 273 4886 4886 259 272 4887 4887 257 265 4888 4888 815 267 4889 4889 252 262 4890 4890 826 269 4891 4891 814 268 4892 4892 258 274 4893 4893 815 267 4894 4894 814 268 4895 4895 606 670 4896 4896 847 862 4897 4897 846 849 4898 4898 79 850 4899 4899 81 84 4900 4900 837 851 4901 4901 607 636 4902 4902 605 633 4903 4903 846 849 4904 4904 81 84 4905 4905 82 86 4906 4906 838 854 4907 4907 71 110 4908 4908 70 74 4909 4909 830 855 4910 4910 608 638 4911 4911 607 636 4912 4912 848 853 4913 4913 617 649 4914 4914 616 646 4915 4915 852 858 4916 4916 72 860 4917 4917 832 869 4918 4918 830 855 4919 4919 616 646 4920 4920 611 641 4921 4921 851 861 4922 4922 633 669 4923 4923 861 867 4924 4924 847 862 4925 4925 91 97 4926 4926 92 100 4927 4927 842 863 4928 4928 608 638 4929 4929 849 857 4930 4930 850 865 4931 4931 633 669 4932 4932 631 665 4933 4933 860 866 4934 4934 72 860 4935 4935 73 77 4936 4936 833 868 4937 4937 88 870 4938 4938 91 97 4939 4939 841 864 4940 4940 610 639 4941 4941 850 865 4942 4942 851 861 4943 4943 98 108 4944 4944 71 110 4945 4945 831 856 4946 4946 617 649 4947 4947 853 859 4948 4948 854 873 4949 4949 629 662 4950 4950 859 876 4951 4951 860 866 4952 4952 93 104 4953 4953 843 880 4954 4954 842 863 4955 4955 94 874 4956 4956 98 108 4957 4957 845 872 4958 4958 627 660 4959 4959 858 879 4960 4960 859 876 4961 4961 73 77 4962 4962 75 79 4963 4963 834 877 4964 4964 618 650 4965 4965 854 873 4966 4966 855 878 4967 4967 623 657 4968 4968 857 883 4969 4969 858 879 4970 4970 94 874 4971 4971 844 875 4972 4972 843 880 4973 4973 88 870 4974 4974 840 871 4975 4975 839 881 4976 4976 77 83 4977 4977 835 865 4978 4978 834 877 4979 4979 86 95 4980 4980 839 881 4981 4981 838 854 4982 4982 622 655 4983 4983 620 652 4984 4984 855 878 4985 4985 623 657 4986 4986 622 655 4987 4987 856 882 4988 4988 79 850 4989 4989 836 852 4990 4990 835 865 4991 4991 877 76 4992 4992 876 109 4993 4993 97 68 4994 4994 876 109 4995 4995 875 103 4996 4996 96 106 4997 4997 96 106 4998 4998 875 103 4999 4999 874 102 5000 5000 95 105 5001 5001 874 102 5002 5002 873 101 5003 5003 873 101 5004 5004 872 98 5005 5005 89 96 5006 5006 872 98 5007 5007 871 94 5008 5008 87 93 5009 5009 87 93 5010 5010 871 94 5011 5011 870 92 5012 5012 85 91 5013 5013 870 92 5014 5014 869 87 5015 5015 869 87 5016 5016 868 85 5017 5017 83 88 5018 5018 868 85 5019 5019 867 82 5020 5020 80 111 5021 5021 80 111 5022 5022 867 82 5023 5023 866 81 5024 5024 78 112 5025 5025 866 81 5026 5026 865 80 5027 5027 865 80 5028 5028 864 78 5029 5029 74 113 5030 5030 864 78 5031 5031 863 73 5032 5032 69 71 5033 5033 68 70 5034 5034 862 75 5035 5035 877 76 5036 5036 863 73 5037 5037 862 75 5038 5038 68 70 5039 5039 632 671 5040 5040 892 668 5041 5041 893 632 5042 5042 630 667 5043 5043 891 666 5044 5044 892 668 5045 5045 630 667 5046 5046 628 885 5047 5047 890 663 5048 5048 626 664 5049 5049 889 661 5050 5050 890 663 5051 5051 625 659 5052 5052 888 656 5053 5053 889 661 5054 5054 625 659 5055 5055 624 658 5056 5056 887 654 5057 5057 624 658 5058 5058 621 672 5059 5059 886 653 5060 5060 619 886 5061 5061 885 651 5062 5062 886 653 5063 5063 615 673 5064 5064 884 648 5065 5065 885 651 5066 5066 615 673 5067 5067 614 647 5068 5068 883 645 5069 5069 614 647 5070 5070 613 887 5071 5071 882 642 5072 5072 612 643 5073 5073 881 640 5074 5074 882 642 5075 5075 609 644 5076 5076 880 637 5077 5077 881 640 5078 5078 609 644 5079 5079 601 630 5080 5080 879 635 5081 5081 601 630 5082 5082 603 631 5083 5083 878 634 5084 5084 604 884 5085 5085 893 632 5086 5086 878 634 5087 5087</p>
        </triangles>
      </mesh>
    </geometry>
  </library_geometries>
  <library_controllers>
    <controller id="Skeleton_Person_003-skin" name="Skeleton">
      <skin source="#Cube_004-mesh">
        <bind_shape_matrix>6.306062 0 0 -4.15592e-15 0 6.306062 5.68434e-13 -2.28785e-7 0 -5.68434e-13 6.306062 3.28916 0 0 0 1</bind_shape_matrix>
        <source id="Skeleton_Person_003-skin-joints">
          <Name_array id="Skeleton_Person_003-skin-joints-array" count="14">Hips Torso Chest Shoulder_L UpperArm_L LowerArm_L Head Shoulder_R UpperArm_R LowerArm_R UpperLeg_L LowerLeg_L UpperLeg_R LowerLeg_R</Name_array>
          <technique_common>
            <accessor source="#Skeleton_Person_003-skin-joints-array" count="14" stride="1">
              <param name="JOINT" type="name"/>
            </accessor>
          </technique_common>
        </source>
        <source id="Skeleton_Person_003-skin-bind_poses">
          <float_array id="Skeleton_Person_003-skin-bind_poses-array" count="224">4.679152 0 0 0 0 7.62331e-7 4.679152 -5.28425e-7 0 -4.679152 7.62331e-7 3.964899 0 0 0 1 4.679152 0 0 0 0 7.62331e-7 4.679152 -5.28425e-7 0 -4.679152 7.62331e-7 4.917009 0 0 0 1 4.679152 0 -1.1156e-6 0 1.1156e-6 7.62331e-7 4.679152 -5.28425e-7 0 -4.679152 7.62331e-7 6.584829 0 0 0 1 -1.715025 -4.353522 -3.56445e-6 8.657307 -1.38502e-6 -3.28544e-6 4.679152 7.52088e-6 -4.353522 1.715024 0 -3.410455 0 0 0 1 -1.26719e-6 -4.679153 1.12762e-6 8.63948 0.5892477 9.93308e-7 4.641901 -0.2126991 -4.641901 8.28936e-7 0.5892477 1.675565 0 0 0 1 -2.97302e-6 -4.679153 2.7463e-6 8.639481 -0.5043471 2.95171e-6 4.651892 0.6670755 -4.651892 2.09714e-6 -0.5043472 3.711611 0 0 0 1 4.679152 0 -1.1156e-6 0 1.1156e-6 7.62331e-7 4.679152 -5.28425e-7 0 -4.679152 7.62331e-7 9.304847 0 0 0 1 -1.715025 4.353522 3.56445e-6 -8.657307 1.38502e-6 -3.28544e-6 4.679152 7.52088e-6 4.353522 1.715024 0 -3.410455 0 0 0 1 -1.26719e-6 4.679153 -1.12762e-6 -8.63948 -0.5892477 9.93308e-7 4.641901 -0.2126991 4.641901 8.28936e-7 0.5892477 1.675565 0 0 0 1 -3.03315e-6 4.679153 -3.30085e-6 -8.639481 0.5043471 3.50951e-6 4.651892 0.6670745 4.651892 2.09714e-6 -0.5043472 3.711611 0 0 0 1 -4.679134 -0.01137787 0.005957901 1.165541 0.005000352 0.3867709 4.663081 -0.3546094 -0.01183128 4.663124 -0.3867663 -4.25756 0 0 0 1 -4.679147 -4.01471e-4 0.005961716 1.160212 0.005978226 -0.3597818 4.665242 0.007792651 5.87818e-5 4.665298 0.3597643 -2.279468 0 0 0 1 -4.679134 0.01137787 -0.005957901 -1.165541 -0.005000352 0.3867709 4.663081 -0.3546094 0.01183128 4.663124 -0.3867663 -4.25756 0 0 0 1 -4.679147 4.01471e-4 -0.005961716 -1.160212 -0.005978226 -0.3597818 4.665242 0.007792651 -5.87818e-5 4.665298 0.3597643 -2.279468 0 0 0 1</float_array>
          <technique_common>
            <accessor source="#Skeleton_Person_003-skin-bind_poses-array" count="14" stride="16">
              <param name="TRANSFORM" type="float4x4"/>
            </accessor>
          </technique_common>
        </source>
        <source id="Skeleton_Person_003-skin-weights">
          <float_array id="Skeleton_Person_003-skin-weights-array" count="1684">1 1 1 1 1 1 1 1 1 0.1838216 0.8161785 1 0.1838527 0.8161473 1 0.1854313 0.8145688 1 1 0.1843057 0.8156943 1 1 0.1753606 0.8246394 1 1 1 1 0.1575171 0.8424829 0.150014 0.849986 0.3828793 0.6171208 0.7724545 0.2275455 0.4710174 0.5289827 0.3613513 0.6386488 0.7571194 0.2428807 0.3559644 0.6440356 0.7486098 0.2513903 0.1474785 0.8525214 0.3527721 0.6472279 0.746285 0.253715 0.1450707 0.8549293 0.3509549 0.6490451 0.7468139 0.2531862 0.143375 0.856625 0.3518871 0.648113 0.1438784 0.8561216 0.7477567 0.2522433 0.3543099 0.6456901 0.7511261 0.248874 0.1451345 0.8548655 0.3590798 0.6409202 0.7605469 0.2394531 0.1467916 0.8532083 0.3805574 0.6194426 0.7764497 0.2235502 0.1540104 0.8459896 0.4710466 0.5289534 0.172325 0.827675 0.7980261 0.201974 0.4925371 0.5074629 0.1818416 0.8181584 0.8094006 0.1905994 0.4985963 0.5014038 0.8162187 0.1837812 0.4999397 0.5000603 0.8184841 0.1815158 0.4985427 0.5014573 0.8145343 0.1854657 0.4923617 0.5076383 0.8063687 0.1936313 1 0.7941056 0.2058944 0.9966507 0.003349184 0.9924599 0.007540047 1 1 1 1 0.9885972 0.01140278 1 0.9865328 0.01346707 1 0.9869152 0.0130847 1 0.9887984 0.01120162 1 1 0.9901964 0.009803652 0.9919521 0.008047878 0.9951383 0.004861652 1 0.9991665 8.33571e-4 1 1 1 1 1 1 1 1 1 1 1 1 1 1 1 1 1 1 1 1 1 1 1 1 1 1 1 1 1 1 1 1 1 1 1 1 1 1 1 1 1 1 1 1 1 1 1 1 1 0.05456078 0.9454392 0.01174288 0.9882571 0.07131803 0.928682 0.07227253 0.9277275 0.08497095 0.915029 0.01715958 0.9828404 0.1610901 0.8389099 1 0.2374265 0.7625735 0.2323654 0.7676346 0.1597597 0.8402404 1 0.08351099 0.916489 0.07086652 0.9291335 0.02141356 0.9785864 0.01643824 0.9835617 1 0.01678425 0.9832158 1 1 1 1 1 1 1 0.02244389 0.9775561 1 1 0.01756197 0.982438 1 1 1 1 1 1 1 1 1 1 1 1 1 1 1 1 1 1 1 1 1 1 1 1 1 1 1 1 1 1 1 1 1 1 1 1 1 1 1 1 1 1 1 0.01204395 0.9879561 0.01639252 0.9836074 0.0552566 0.9447434 0.07033932 0.9296606 0.08349174 0.9165083 0.07188093 0.9281191 0.2323597 0.7676404 0.02138882 0.9786112 0.0167213 0.9832786 0.01173007 0.9882698 1 0.01722359 0.9827764 0.0545715 0.9454284 0.07171094 0.928289 0.0849899 0.9150101 0.1610904 0.8389095 0.2374325 0.7625675 1 1 1 1 1 1 0.162989 0.837011 0.07167983 0.9283202 0.07221764 0.9277823 0.05630606 0.9436939 0.01760995 0.9823901 1 0.02247607 0.9775239 0.01317983 0.9868201 1 1 0.2524509 0.1925494 0.02105778 0.5339419 0.1165782 0.1080524 0.7753692 0.179899 0.3568167 0.07259601 0.3906883 0.4584764 0.1780806 0.003579735 0.3303955 0.02946758 0.4348724 0.08197617 0.4776247 0.005526602 0.3028594 0.3844556 0.05648934 0.2294853 0.02671021 0.6434007 0.1514189 0.1025902 0.1025902 0.4584764 0.1780806 0.003579735 0.02946758 0.3303955 0.7483927 0.06527799 0.09316468 0.09316468 0.4793762 0.3284962 0.03199452 0.08006656 0.08006656 0.1804832 0.649573 0.07061356 0.04966509 0.04966509 0.3028595 0.3844556 0.05648934 0.02671021 0.2294853 0.179899 0.3568167 0.07259601 0.3906882 0.1455792 0.6402304 0.08552271 0.1286676 0.521121 0.4672467 0.0116322 0.1169679 0.5240649 0.1154796 0.2434875 0.5123653 0.428954 0.0564323 0.002248346 0.09258532 0.4839863 0.1261091 0.2973191 0.5051206 0.4067454 0.06990653 0.01822745 0.1161829 0.3299946 0.07885551 0.4749669 0.08335644 0.4731968 0.1287937 0.314653 0.09393358 0.3181808 0.07980167 0.5080839 0.5024865 0.3997639 0.07427686 0.02347272 0.09255981 0.4838211 0.1260414 0.2975776 0.1163535 0.5232592 0.1151695 0.2452178 0.5050867 0.4067071 0.06987363 0.01833266 0.116452 0.3302252 0.07890939 0.4744133 0.1785027 0.3544909 0.07200109 0.3950051 0.1113347 0.105077 0.7835883 0.02194857 0.03048282 0.9475685 0.4329537 0.07912868 0.006204962 0.4817126 0.2478802 0.1874794 0.01826858 0.5463718 0.4446675 0.1792541 0.004232704 0.0288273 0.3430184 0.6577539 0.1466467 0.09779971 0.09779971 0.301569 0.3825124 0.05613511 0.02551388 0.2342694 0.1446294 0.6397665 0.08510214 0.130502 0.491093 0.3222091 0.03011542 0.07829117 0.07829117 0.3015691 0.3825125 0.05613511 0.2342695 0.02551388 0.1850317 0.6477676 0.07023656 0.04848206 0.04848206 0.1446294 0.6397665 0.08510214 0.130502 0.5206813 0.4793187 0.5206426 0.4666504 0.01270693 0.1303389 0.7148604 0.07740032 0.07740026 0.5206426 0.4666504 0.01270693 0.5122298 0.4287804 0.05652236 0.002467274 0.1566197 0.6581001 0.02595895 0.1593213 0.01493328 0.1455046 0.1149392 0.7246228 0.2346351 0.4812225 0.006881594 0.2772607 0.03056043 0.1047407 0.03673607 0.8279628 0.2654162 0.4095545 0.3250293 0.2723011 0.3870846 0.3406143 0.05588728 0.1093746 0.009447932 0.8252902 0.03106647 0.07531058 0.8936229 0.05753374 0.03217309 0.9102932 0.04027926 0.0106908 0.9490299 0.06427121 0.090873 0.05834656 0.7865092 0.07167255 0.06038922 0.8679382 0.09924298 0.1243214 0.03324854 0.7431871 0.2220218 0.3504984 0.07698112 0.3504984 0.02607613 0.232612 0.3648075 0.01169675 0.3648075 0.1145768 0.2873415 0.3107401 0.2873415 0.09924292 0.7431871 0.03324854 0.1243214 0.07167255 0.8679382 0.06038922 0.01493328 0.1455046 0.7246228 0.1149392 0.06427115 0.7865092 0.0583465 0.090873 0.04500901 0.8646563 0.0262621 0.06407248 0.05753374 0.9102932 0.03217303 0.04027926 0.9490299 0.0106908 0.05588728 0.1093746 0.8252902 0.009447872 0.03106647 0.07531058 0.8936229 0.03056049 0.1047407 0.8279628 0.03673601 0.2654162 0.4095545 0.3250293 0.2346351 0.4812225 0.2772607 0.006881594 0.2723011 0.3870846 0.3406143 0.5050867 0.4067071 0.06987363 0.01833266 0.5122298 0.4287805 0.05652236 0.002467274 0.09255981 0.4838211 0.1260414 0.2975776 0.5024865 0.3997639 0.07427686 0.02347272 0.08335644 0.4731968 0.1287937 0.3146529 0.5051206 0.4067454 0.06990653 0.01822745 0.09258532 0.4839863 0.1261091 0.2973192 0.2651547 0.409288 0.3255572 0.5123652 0.4289539 0.05643236 0.002248406 0.2343114 0.4811328 0.2773818 0.007173895 0.1169679 0.5240649 0.1154796 0.2434876 0.521121 0.4672467 0.0116322 0.1455792 0.6402305 0.08552271 0.1286676 0.1563118 0.6575656 0.1539307 0.03219187 0.5206594 0.4793406 0.1303493 0.7153632 0.07714366 0.07714366 0.1563117 0.6575656 0.03219187 0.1539307 0.02197754 0.2279534 0.3690747 0.01191967 0.3690746 0.2175307 0.3528065 0.07685613 0.3528065 0.02476531 0.1622966 0.6519408 0.1609973 0.02476531 0.1622966 0.1609973 0.6519407 0.02502369 0.1003208 0.0144723 0.8601832 0.0547716 0.1071365 0.001109719 0.8369821 0.07541149 0.06899869 0.8555898 0.2343114 0.4811328 0.007173955 0.2773818 0.2651547 0.409288 0.3255572 0.09947818 0.1390807 0.02297127 0.7384698 0.05705183 0.03463584 0.9083123 0.06306606 0.0988785 0.06021136 0.7778439 0.1137087 0.2998623 0.2865666 0.2998623 0.04500901 0.06407248 0.0262621 0.8646563 0.06306606 0.777844 0.0602113 0.0988785 0.05705189 0.9083123 0.03463584 0.09947818 0.7384698 0.02297127 0.1390807 0.07541149 0.8555898 0.06899869 0.02502369 0.1003208 0.8601832 0.01447224 0.0547716 0.1071365 0.8369821 0.001109719 0.1161829 0.3299946 0.07885551 0.474967 0.09393352 0.3181808 0.07980167 0.5080839 0.116452 0.3302252 0.07890939 0.4744133 0.02194863 0.03048288 0.9475684 0.1113347 0.105077 0.7835883 0.3916686 0.0287162 0.5796151 0.4309471 0.0794087 0.4834173 0.006226897 1 0.7478282 0.06293922 0.09461623 0.09461623 0.3983073 0.0284028 0.5732898 0.4362084 0.0817824 0.005513548 0.4764956 0.1165783 0.1080524 0.7753692 0.2524508 0.1925494 0.02105778 0.5339419 0.4446674 0.1792541 0.004232704 0.3430184 0.0288273 0.2478802 0.1874794 0.01826864 0.5463718 0.1785027 0.354491 0.07200109 0.3950051 0.1163535 0.5232592 0.1151695 0.2452178 0.1566197 0.6581001 0.1593213 0.02595889 1 1 1 1 1 1 1 1 1 1 1 0.01837116 0.9816288 0.01568681 0.9843132 0.01937407 0.9806259 0.2606638 0.7393363 0.2545276 0.7454724 0.2627802 0.7372199 0.671449 0.328551 0.676743 0.323257 0.6697544 0.3302456 0.004769623 0.8953773 0.09985303 0.2606965 0.7393034 0.905039 0.09496104 0.00714457 0.8912801 0.1015753 0.002564847 0.8966708 0.1007643 0.2764351 0.7235649 0.2460143 0.7539856 0.5044369 0.4955631 0.4720987 0.5279014 0.5163624 0.4836376 0.5139619 0.486038 0.1941099 0.80589 0.5210384 0.4789616 0.1678569 0.8321431 0.5281984 0.4718016 0.5218504 0.4781496 0.1597282 0.8402718 0.9256606 0.07433938 0.1650975 0.8349025 0.9373615 0.06263858 0.1891269 0.8108732 0.9472925 0.05270755 0.5144102 0.4855899 0.2550203 0.7449797 0.961192 0.03880798 0.2702646 0.7297354 0.5151933 0.4848067 0.5020865 0.4979134 0.4695022 0.5304977 0.2402629 0.759737 0.4273117 0.5726882 0.1675369 0.832463 0.394489 0.605511 0.1361254 0.8638746 0.3611431 0.6388571 0.396173 0.6038271 0.1260798 0.8739203 0.9233248 0.07667523 0.1388082 0.8611919 0.9120692 0.08793085 0.1723277 0.8276723 0.4297901 0.5702099 0.9037249 0.09627515 0.6755182 0.3244818 0.2565047 0.7434953 0.6708433 0.3291566 0.6856995 0.3143004 0.7021554 0.2978446 0.2453559 0.7546441 0.01178121 0.9882188 0.2281541 0.7718459 0.004481375 0.9955186 0.20847 0.79153 1 0.1889977 0.8110023 0.7222802 0.2777197 0.7438898 0.2561102 0.9349021 0.06509786 0.9451759 0.05482411 0.958609 0.04139101 0.967505 0.03249496 0.7675367 0.2324633 0.1695277 0.8304722 0.7816469 0.2183532 0.7707195 0.2292805 0.1585898 0.8414101 0.1667384 0.8332616 1 1 1 1 1 1 1 1 1 1 1 1 1 1 1 1 1 1 1 1 1 1 1 1 1 1 1 1 1 1 1 1 1 1 1 1 1 0.01716601 0.9828339 0.01955926 0.9804407 0.2616935 0.7383066 1 1 1 1 1 1 1 0.009792029 0.9902079 0.242436 0.757564 0.002235114 0.9977648 0.2243196 0.7756803 1 1 0.2041086 0.7958914 1 1 0.1848801 0.81512 0.7481399 0.2518602 0.7262995 0.2737005 0.7052355 0.2947645 0.6877211 0.3122789 0.9139466 0.08605343 1 1 1 1 1 1 1 1 1 1 1 1 1 1 1 1 1 1 1 1 1 1 1 1 1 1 1 1 1 1 1 1 0.1451272 0.8548728 1 1 0.1475614 0.8524386 0.3559953 0.6440047 0.1501974 0.8498026 0.1577632 0.8422368 0.3614442 0.6385558 0.7572126 0.2427874 0.3829951 0.6170049 0.7725577 0.2274423 0.4711027 0.5288974 0.1755917 0.8244084 0.7941485 0.2058516 0.4924169 0.5075832 0.1844365 0.8155635 0.8063948 0.1936052 0.4985879 0.5014122 0.8145521 0.1854479 0.1855858 0.8144142 0.4999487 0.5000513 0.1839957 0.8160042 0.8183925 0.1816075 0.4985458 0.5014542 0.1838362 0.8161638 0.8160314 0.1839686 0.4924355 0.5075645 0.8091384 0.1908616 0.1817451 0.8182549 0.4709228 0.5290773 0.7977085 0.2022915 0.1722651 0.8277349 0.3803843 0.6196157 0.1539322 0.8460679 0.7760197 0.2239803 0.3589177 0.6410824 0.1466824 0.8533176 0.7601981 0.2398019 0.3542006 0.6457995 0.1450816 0.8549184 0.7509301 0.24907 0.3518021 0.6481979 0.747554 0.252446 0.1438719 0.8561282 0.3508888 0.6491112 0.1434099 0.8565901 0.7465906 0.2534095 0.3527467 0.6472533 0.7461474 0.2538526 0.9868939 0.0131061 0.7485991 0.2514009 0.9865159 0.01348406 0.9885625 0.01143735 1 1 1 1 0.9887366 0.01126343 1 1 0.001461446 0.9886673 0.009871184 0.9918863 0.008113682 0.9950722 0.004927694 0.9990584 9.41673e-4 1 1 1 1 1 1 1 1 1 1 1 1 0.9999803 1.97687e-5 1 0.9966358 0.003364145 1 0.9924308 0.007569074 1 1 1 1 1 1 1 1 1 1 1 1 1 1 1 1 1 1 1 1 1 1 1 1 1 1 1 1 1 1 1 1 1 1 1 1 1 1 1 0.01875573 0.9812442 0.01567339 0.9843266 0.01982688 0.9801731 0.260593 0.7394071 0.2627378 0.7372622 0.6712785 0.3287215 0.2544386 0.7455614 0.2423438 0.7576561 0.6765041 0.3234959 0.9043611 0.09563881 0.6874567 0.3125432 0.9131458 0.08685421 0.704993 0.2950071 0.7261018 0.2738982 0.2242394 0.7757605 0.9248966 0.07510334 0.9366802 0.06331974 0.1597623 0.8402377 0.1644183 0.8355817 0.5282236 0.4717763 0.1686108 0.8313893 0.1953752 0.8046247 0.5241607 0.4758393 0.5186386 0.4813613 0.520684 0.479316 0.2625772 0.7374227 0.5080134 0.4919866 0.2782835 0.7217165 0.4748829 0.525117 0.2474074 0.7525925 0.4313658 0.5686343 0.1730862 0.8269137 0.3966545 0.6033455 0.3611329 0.6388671 0.1390975 0.8609025 0.1260704 0.8739296 0.9125641 0.08743596 0.9238577 0.07614237 0.9040254 0.09597456 0.6858423 0.3141579 0.2453939 0.754606 0.6756029 0.3243972 0.7023128 0.2976872 0.2281987 0.7718013 0.7224205 0.2775794 0.7439969 0.2560032 0.9353921 0.06460785 0.2085099 0.7914901 0.1890268 0.8109731 1 1 0.004489779 0.9955103 1 1 1 1 1 1 0.01178759 0.9882124 1 1 0.01716786 0.9828321 1 1 1 1 1 1 1 1 1 1 1 1 1 1 1 1 1 1 1 1 1 1 1 1 1 1 1 0.002216637 0.9977834 0.009770274 0.9902297 1 1 0.2040483 0.7959517 0.1848405 0.8151596 0.7479941 0.2520058 0.1667191 0.8332809 1 0.77064 0.2293599 0.1585887 0.8414113 1 0.7816379 0.2183622 0.1695426 0.8304573 1 0.7675925 0.2324075 0.9590908 0.04090923 0.9674146 0.03258544 0.9455982 0.05440181 0.238896 0.761104 0.4667213 0.5332787 0.2684804 0.7315196 0.1667815 0.8332185 0.4257267 0.5742732 0.1358233 0.8641767 0.3939892 0.6060108 0.2532308 0.7467693 0.498533 0.5014671 0.51091 0.48909 0.5097756 0.4902244 0.5187754 0.4812247 0.187949 0.812051 0.9467047 0.05329531 0.9604809 0.03951901 1 1 1 1 1 1 1 1 1 1 1 0.01955437 0.9804456 0.2616831 0.7383168 0.6708429 0.3291571 0.2565233 0.7434767 0.002849221 0.8964477 0.1007031 0.6696667 0.3303333 0.007592201 0.8906926 0.1017152 0.005309581 0.8944787 0.1002116 0.05184859 0.7173791 0.178668 0.05210423 0.04282337 0.6716002 0.1928542 0.09272223 0.03257888 0.643826 0.1985415 0.008859157 0.1161944 0.02834808 0.6349917 0.1999197 0.01308792 0.1236525 0.03251218 0.6437321 0.1984993 0.00887835 0.1163781 0.0594877 0.765778 0.1747342 0.05183768 0.7171217 0.1784803 0.05256026 0.03251218 0.643732 0.1984993 0.00887835 0.1163781 0.02834808 0.6349917 0.1999197 0.01308798 0.1236525 0.03257888 0.643826 0.1985415 0.008859217 0.1161944 0.04282337 0.6716002 0.1928541 0.09272229 0.05184859 0.717379 0.178668 0.05210423 0.05863118 0.7664339 0.1749349 0.0425871 0.6714388 0.192748 0.09322613 0.04258704 0.6714388 0.1927481 0.09322607 0.05183768 0.7171217 0.1784803 0.05256026 0.4875255 0.5124745 0.4952407 0.5047594 0.4797822 0.5202178 0.4803855 0.5196145 0.4710071 0.5289929 0.4743119 0.5256882 0.4279172 0.5720828 0.4229574 0.5770426 0.4679197 0.5320803 0.4548512 0.5451488 0.4717317 0.5282683 0.435792 0.564208 0.4828386 0.5171614 0.4623021 0.5376979 0.42231 0.57769 0.4987028 0.5012972 0.4740093 0.5259907 0.4876783 0.5123217 0.4330905 0.5669096 0.4425839 0.5574162 0.4878767 0.5121232 0.4441059 0.5558941 0.4618829 0.5381171 0.4865572 0.5134428 0.4783927 0.5216073 0.4949601 0.5050398 0.4816858 0.5183142 0.4831288 0.5168712 0.4811761 0.5188239 0.4646662 0.5353338 0.4641963 0.5358037 0.4761661 0.5238339 1 1 1 1 1 1 1 1 1 1 1 1 1 1 1 1 1 1 1 1 1 1 1 1 1 1 1 1 1 1 1 1</float_array>
          <technique_common>
            <accessor source="#Skeleton_Person_003-skin-weights-array" count="1684" stride="1">
              <param name="WEIGHT" type="float"/>
            </accessor>
          </technique_common>
        </source>
        <joints>
          <input semantic="JOINT" source="#Skeleton_Person_003-skin-joints"/>
          <input semantic="INV_BIND_MATRIX" source="#Skeleton_Person_003-skin-bind_poses"/>
        </joints>
        <vertex_weights count="894">
          <input semantic="JOINT" source="#Skeleton_Person_003-skin-joints" offset="0"/>
          <input semantic="WEIGHT" source="#Skeleton_Person_003-skin-weights" offset="1"/>
          <vcount>1 1 1 1 1 1 1 1 1 2 1 2 1 2 1 1 2 1 1 2 1 1 1 1 2 2 2 2 2 2 2 2 2 2 2 2 2 2 2 2 2 2 2 2 2 2 2 2 2 2 2 2 2 2 2 2 2 2 2 2 2 2 2 2 2 2 1 2 2 2 1 1 1 1 2 1 2 1 2 1 2 1 1 2 2 2 1 2 1 1 1 1 1 1 1 1 1 1 1 1 1 1 1 1 1 1 1 1 1 1 1 1 1 1 1 1 1 1 1 1 1 1 1 1 1 1 1 1 1 1 1 1 1 1 1 1 1 2 2 2 2 2 2 2 1 2 2 2 1 2 2 2 2 1 2 1 1 1 1 1 1 1 2 1 1 2 1 1 1 1 1 1 1 1 1 1 1 1 1 1 1 1 1 1 1 1 1 1 1 1 1 1 1 1 1 1 1 1 1 1 1 1 1 1 1 1 1 1 1 2 2 2 2 2 2 2 2 2 2 1 2 2 2 2 2 2 1 1 1 1 1 1 2 2 2 2 2 1 2 2 1 1 4 3 4 5 4 5 4 5 4 5 5 5 4 4 3 4 4 4 4 4 4 4 4 4 4 4 4 4 3 3 4 4 5 4 5 4 5 5 5 4 2 3 4 3 4 4 4 4 4 3 3 4 3 3 3 4 3 4 4 5 4 4 3 4 4 4 3 3 4 3 4 3 4 3 4 4 4 4 4 4 4 3 4 4 4 3 4 4 2 4 4 5 4 4 4 4 4 3 4 3 4 3 4 4 4 4 3 4 3 4 4 4 4 4 3 3 3 4 1 4 3 4 3 4 5 4 4 4 4 1 1 1 1 1 1 1 1 1 1 1 2 2 2 2 2 2 2 2 2 3 2 2 3 3 2 2 2 2 2 2 2 2 2 2 2 2 2 2 2 2 2 2 2 2 2 2 2 2 2 2 2 2 2 2 2 2 2 2 2 2 2 2 2 2 2 2 2 2 2 2 2 2 1 2 2 2 2 2 2 2 2 2 2 2 2 2 1 1 1 1 1 1 1 1 1 1 1 1 1 1 1 1 1 1 1 1 1 1 1 1 1 1 1 1 1 1 1 1 1 1 1 1 1 2 2 2 1 1 1 1 1 1 1 2 2 2 2 1 1 2 1 1 2 2 2 2 2 2 1 1 1 1 1 1 1 1 1 1 1 1 1 1 1 1 1 1 1 1 1 1 1 1 1 1 1 1 1 1 1 1 2 1 1 2 2 2 2 2 2 2 2 2 2 2 2 2 2 2 2 2 2 2 2 2 2 2 2 2 2 2 2 2 2 2 2 2 2 2 2 2 2 2 2 2 2 2 2 2 2 2 2 2 2 1 1 1 1 2 1 1 3 2 2 2 1 1 1 1 1 1 1 1 1 1 1 1 2 1 2 1 2 1 1 1 1 1 1 1 1 1 1 1 1 1 1 1 1 1 1 1 1 1 1 1 1 1 1 1 1 1 1 1 1 1 1 1 1 1 1 1 2 2 2 2 2 2 2 2 2 2 2 2 2 2 2 2 2 2 2 2 2 2 2 2 2 2 2 2 2 2 2 2 2 2 2 2 2 2 2 2 2 2 2 2 2 2 2 2 2 1 1 2 1 1 1 1 1 1 2 1 1 2 1 1 1 1 1 1 1 1 1 1 1 1 1 1 1 1 1 1 1 1 1 1 1 1 1 1 1 2 2 1 1 2 2 2 2 1 2 2 1 2 2 1 2 2 2 2 2 2 2 2 2 2 2 2 2 2 2 2 2 2 2 1 1 1 1 1 1 1 1 1 1 1 2 2 2 2 3 2 3 3 4 4 5 5 5 3 4 5 5 5 4 4 3 4 4 4 2 2 2 2 2 2 2 2 2 2 2 2 2 2 2 2 2 2 2 2 2 2 2 2 2 2 2 2 2 2 2 2 1 1 1 1 1 1 1 1 1 1 1 1 1 1 1 1 1 1 1 1 1 1 1 1 1 1 1 1 1 1 1 1 </vcount>
          <v>11 0 11 1 11 2 11 3 11 4 11 5 11 6 11 7 11 8 10 9 11 10 11 11 10 12 11 13 11 14 10 15 11 16 11 17 11 18 10 19 11 20 11 21 11 22 10 23 11 24 11 25 11 26 11 27 11 28 10 29 11 30 10 31 11 32 10 33 11 34 10 35 11 36 10 37 11 38 10 39 11 40 10 41 11 42 10 43 11 44 10 45 11 46 10 47 11 48 10 49 11 50 10 51 11 52 10 53 11 54 10 55 11 56 10 57 11 58 10 59 11 60 10 61 11 62 10 63 11 64 10 65 11 66 10 67 11 68 10 69 11 70 10 71 11 72 10 73 11 74 10 75 11 76 10 77 11 78 10 79 11 80 10 81 11 82 10 83 11 84 10 85 11 86 10 87 11 88 10 89 11 90 10 91 11 92 10 93 11 94 10 95 11 96 10 97 11 98 10 99 11 100 10 101 11 102 10 103 11 104 10 105 11 106 10 107 11 108 10 109 11 110 10 111 11 112 10 113 10 114 11 115 10 116 11 117 10 118 11 119 10 120 10 121 10 122 10 123 10 124 11 125 10 126 10 127 11 128 10 129 10 130 11 131 10 132 10 133 11 134 10 135 10 136 10 137 11 138 10 139 11 140 10 141 11 142 10 143 10 144 11 145 10 146 10 147 10 148 10 149 10 150 10 151 10 152 10 153 10 154 10 155 10 156 11 157 11 158 11 159 11 160 11 161 11 162 11 163 11 164 11 165 11 166 11 167 11 168 11 169 11 170 11 171 11 172 11 173 11 174 11 175 11 176 11 177 11 178 11 179 11 180 11 181 11 182 11 183 11 184 11 185 11 186 11 187 11 188 11 189 11 190 11 191 11 192 11 193 11 194 2 195 6 196 2 197 6 198 2 199 6 200 2 201 6 202 2 203 6 204 2 205 6 206 2 207 6 208 2 209 2 210 6 211 2 212 6 213 2 214 6 215 2 216 2 217 6 218 2 219 6 220 2 221 6 222 2 223 6 224 6 225 2 226 6 227 6 228 6 229 6 230 6 231 6 232 6 233 6 234 2 235 6 236 6 237 6 238 2 239 6 240 6 241 6 242 6 243 6 244 6 245 6 246 6 247 6 248 6 249 6 250 6 251 6 252 6 253 6 254 6 255 6 256 6 257 6 258 6 259 6 260 6 261 6 262 6 263 6 264 6 265 6 266 6 267 6 268 6 269 6 270 6 271 6 272 6 273 6 274 6 275 6 276 6 277 6 278 6 279 6 280 6 281 6 282 6 283 2 284 6 285 2 286 6 287 2 288 6 289 2 290 6 291 2 292 6 293 2 294 6 295 2 296 6 297 2 298 6 299 2 300 6 301 2 302 6 303 6 304 2 305 6 306 2 307 6 308 2 309 6 310 2 311 6 312 2 313 6 314 2 315 6 316 2 317 2 318 2 319 2 320 2 321 2 322 2 323 6 324 2 325 6 326 2 327 6 328 2 329 6 330 2 331 6 332 6 333 2 334 6 335 2 336 6 337 6 338 6 339 0 340 1 341 2 342 10 343 0 344 1 345 10 346 0 347 1 348 2 349 10 350 0 351 1 352 2 353 10 354 12 355 0 356 1 357 10 358 12 359 0 360 1 361 2 362 10 363 12 364 0 365 1 366 10 367 12 368 0 369 1 370 2 371 10 372 12 373 0 374 1 375 10 376 12 377 0 378 1 379 2 380 10 381 12 382 0 383 1 384 2 385 10 386 12 387 0 388 1 389 2 390 10 391 12 392 0 393 1 394 2 395 12 396 0 397 1 398 2 399 12 400 1 401 2 402 7 403 0 404 1 405 2 406 12 407 1 408 2 409 7 410 12 411 0 412 1 413 2 414 12 415 1 416 2 417 7 418 12 419 0 420 1 421 2 422 12 423 0 424 1 425 2 426 12 427 0 428 1 429 2 430 12 431 1 432 2 433 7 434 12 435 0 436 1 437 2 438 12 439 0 440 1 441 2 442 12 443 1 444 2 445 7 446 12 447 0 448 1 449 2 450 12 451 0 452 1 453 2 454 12 455 0 456 1 457 12 458 0 459 1 460 12 461 0 462 1 463 10 464 12 465 0 466 1 467 2 468 12 469 0 470 1 471 2 472 10 473 12 474 0 475 1 476 10 477 12 478 0 479 1 480 2 481 10 482 12 483 0 484 1 485 2 486 12 487 0 488 1 489 2 490 10 491 12 492 0 493 1 494 2 495 10 496 12 497 0 498 1 499 2 500 10 501 12 502 0 503 1 504 2 505 10 506 1 507 2 508 1 509 2 510 3 511 1 512 2 513 3 514 7 515 1 516 2 517 7 518 1 519 2 520 7 521 12 522 1 523 2 524 3 525 7 526 1 527 2 528 3 529 7 530 1 531 2 532 3 533 7 534 1 535 2 536 3 537 7 538 1 539 2 540 7 541 1 542 2 543 7 544 1 545 2 546 3 547 7 548 1 549 2 550 7 551 2 552 3 553 7 554 2 555 3 556 7 557 2 558 3 559 6 560 7 561 2 562 3 563 7 564 2 565 3 566 6 567 7 568 2 569 3 570 6 571 7 572 1 573 2 574 3 575 6 576 7 577 2 578 3 579 6 580 7 581 2 582 3 583 6 584 7 585 2 586 3 587 7 588 1 589 2 590 3 591 7 592 2 593 3 594 6 595 7 596 2 597 3 598 6 599 7 600 2 601 3 602 7 603 2 604 3 605 7 606 1 607 2 608 3 609 7 610 1 611 2 612 3 613 1 614 2 615 3 616 7 617 1 618 2 619 3 620 1 621 2 622 3 623 7 624 1 625 2 626 3 627 1 628 2 629 3 630 10 631 1 632 2 633 3 634 10 635 0 636 1 637 2 638 10 639 1 640 2 641 3 642 10 643 0 644 1 645 2 646 10 647 1 648 2 649 3 650 10 651 0 652 1 653 2 654 10 655 1 656 2 657 3 658 1 659 2 660 3 661 10 662 1 663 2 664 3 665 7 666 0 667 1 668 2 669 10 670 1 671 2 672 3 673 0 674 1 675 2 676 10 677 1 678 2 679 3 680 7 681 1 682 2 683 1 684 2 685 3 686 7 687 1 688 2 689 3 690 7 691 1 692 2 693 3 694 6 695 7 696 2 697 3 698 6 699 7 700 1 701 2 702 3 703 7 704 1 705 2 706 3 707 7 708 1 709 2 710 3 711 7 712 1 713 2 714 3 715 7 716 2 717 3 718 7 719 1 720 2 721 3 722 7 723 1 724 2 725 7 726 2 727 3 728 6 729 7 730 2 731 3 732 7 733 2 734 3 735 6 736 7 737 2 738 3 739 6 740 7 741 2 742 3 743 6 744 7 745 2 746 3 747 6 748 7 749 2 750 3 751 7 752 2 753 3 754 6 755 7 756 2 757 3 758 7 759 1 760 2 761 3 762 7 763 1 764 2 765 3 766 7 767 0 768 1 769 2 770 10 771 0 772 1 773 2 774 10 775 0 776 1 777 2 778 10 779 0 780 1 781 10 782 0 783 1 784 10 785 0 786 1 787 10 788 0 789 1 790 10 791 12 792 0 793 0 794 1 795 10 796 12 797 0 798 1 799 12 800 0 801 1 802 10 803 12 804 0 805 1 806 12 807 0 808 1 809 2 810 12 811 0 812 1 813 2 814 10 815 12 816 0 817 1 818 2 819 10 820 0 821 1 822 2 823 10 824 0 825 1 826 2 827 10 828 1 829 2 830 3 831 7 832 5 833 5 834 5 835 5 836 5 837 5 838 5 839 5 840 5 841 5 842 5 843 4 844 5 845 4 846 5 847 4 848 5 849 4 850 5 851 4 852 5 853 4 854 5 855 4 856 5 857 4 858 5 859 4 860 5 861 3 862 4 863 5 864 3 865 4 866 4 867 5 868 3 869 4 870 5 871 3 872 4 873 5 874 3 875 4 876 3 877 4 878 3 879 4 880 3 881 4 882 3 883 4 884 3 885 4 886 3 887 4 888 3 889 4 890 3 891 4 892 3 893 4 894 3 895 4 896 3 897 4 898 4 899 5 900 3 901 4 902 4 903 5 904 3 905 4 906 4 907 5 908 3 909 4 910 3 911 4 912 4 913 5 914 3 915 4 916 3 917 4 918 3 919 4 920 3 921 4 922 3 923 4 924 3 925 4 926 3 927 4 928 3 929 4 930 3 931 4 932 3 933 4 934 3 935 4 936 3 937 4 938 4 939 5 940 3 941 4 942 4 943 5 944 3 945 4 946 3 947 4 948 4 949 5 950 4 951 5 952 4 953 5 954 4 955 5 956 4 957 5 958 4 959 5 960 4 961 5 962 4 963 5 964 4 965 5 966 4 967 5 968 4 969 5 970 5 971 4 972 5 973 4 974 5 975 4 976 5 977 4 978 5 979 4 980 5 981 4 982 5 983 4 984 5 985 4 986 5 987 4 988 5 989 4 990 5 991 4 992 5 993 4 994 5 995 4 996 5 997 5 998 5 999 5 1000 5 1001 5 1002 5 1003 5 1004 5 1005 5 1006 5 1007 5 1008 5 1009 5 1010 5 1011 5 1012 5 1013 5 1014 5 1015 5 1016 5 1017 5 1018 5 1019 5 1020 5 1021 5 1022 5 1023 5 1024 5 1025 5 1026 5 1027 5 1028 5 1029 5 1030 5 1031 5 1032 5 1033 5 1034 4 1035 5 1036 4 1037 5 1038 4 1039 5 1040 5 1041 5 1042 5 1043 5 1044 5 1045 5 1046 5 1047 4 1048 5 1049 4 1050 5 1051 4 1052 5 1053 4 1054 5 1055 5 1056 5 1057 4 1058 5 1059 5 1060 5 1061 4 1062 5 1063 4 1064 5 1065 4 1066 5 1067 4 1068 5 1069 4 1070 5 1071 4 1072 5 1073 5 1074 5 1075 5 1076 5 1077 13 1078 13 1079 13 1080 13 1081 13 1082 13 1083 13 1084 13 1085 13 1086 13 1087 13 1088 13 1089 13 1090 13 1091 13 1092 13 1093 13 1094 13 1095 13 1096 13 1097 13 1098 13 1099 13 1100 13 1101 13 1102 13 1103 13 1104 13 1105 12 1106 13 1107 13 1108 13 1109 12 1110 13 1111 12 1112 13 1113 12 1114 13 1115 12 1116 13 1117 12 1118 13 1119 12 1120 13 1121 12 1122 13 1123 12 1124 13 1125 12 1126 13 1127 12 1128 13 1129 12 1130 13 1131 12 1132 13 1133 12 1134 13 1135 12 1136 13 1137 12 1138 13 1139 12 1140 13 1141 12 1142 13 1143 12 1144 13 1145 12 1146 13 1147 12 1148 13 1149 12 1150 13 1151 12 1152 13 1153 12 1154 13 1155 12 1156 13 1157 12 1158 13 1159 12 1160 13 1161 12 1162 13 1163 12 1164 13 1165 12 1166 13 1167 12 1168 13 1169 12 1170 13 1171 12 1172 13 1173 12 1174 13 1175 12 1176 13 1177 12 1178 13 1179 12 1180 13 1181 12 1182 13 1183 12 1184 13 1185 12 1186 13 1187 12 1188 13 1189 12 1190 13 1191 12 1192 13 1193 12 1194 13 1195 12 1196 13 1197 12 1198 13 1199 12 1200 13 1201 12 1202 13 1203 12 1204 13 1205 12 1206 13 1207 12 1208 13 1209 12 1210 12 1211 12 1212 12 1213 12 1214 13 1215 12 1216 12 1217 0 1218 12 1219 13 1220 12 1221 13 1222 12 1223 13 1224 12 1225 13 1226 12 1227 12 1228 12 1229 12 1230 12 1231 12 1232 12 1233 12 1234 12 1235 12 1236 12 1237 12 1238 12 1239 13 1240 12 1241 12 1242 13 1243 12 1244 12 1245 13 1246 12 1247 13 1248 13 1249 13 1250 13 1251 13 1252 13 1253 13 1254 13 1255 13 1256 13 1257 13 1258 13 1259 13 1260 13 1261 13 1262 13 1263 13 1264 13 1265 13 1266 13 1267 13 1268 13 1269 13 1270 13 1271 13 1272 13 1273 13 1274 9 1275 9 1276 9 1277 9 1278 9 1279 9 1280 9 1281 9 1282 9 1283 9 1284 9 1285 8 1286 9 1287 8 1288 9 1289 8 1290 9 1291 8 1292 9 1293 8 1294 9 1295 8 1296 9 1297 8 1298 9 1299 8 1300 9 1301 8 1302 9 1303 8 1304 9 1305 8 1306 9 1307 8 1308 9 1309 8 1310 9 1311 8 1312 9 1313 8 1314 9 1315 8 1316 9 1317 8 1318 9 1319 7 1320 8 1321 7 1322 8 1323 7 1324 8 1325 7 1326 8 1327 7 1328 8 1329 7 1330 8 1331 7 1332 8 1333 7 1334 8 1335 7 1336 8 1337 7 1338 8 1339 7 1340 8 1341 7 1342 8 1343 7 1344 8 1345 7 1346 8 1347 7 1348 8 1349 7 1350 8 1351 7 1352 8 1353 7 1354 8 1355 7 1356 8 1357 8 1358 9 1359 8 1360 9 1361 8 1362 9 1363 8 1364 9 1365 8 1366 9 1367 8 1368 9 1369 8 1370 9 1371 8 1372 9 1373 8 1374 9 1375 8 1376 9 1377 8 1378 9 1379 8 1380 9 1381 8 1382 9 1383 9 1384 9 1385 8 1386 9 1387 9 1388 9 1389 9 1390 9 1391 9 1392 9 1393 8 1394 9 1395 9 1396 9 1397 8 1398 9 1399 9 1400 9 1401 9 1402 9 1403 9 1404 9 1405 9 1406 9 1407 9 1408 9 1409 9 1410 9 1411 9 1412 9 1413 9 1414 9 1415 9 1416 9 1417 9 1418 9 1419 9 1420 9 1421 9 1422 9 1423 9 1424 9 1425 9 1426 8 1427 9 1428 8 1429 9 1430 9 1431 9 1432 8 1433 9 1434 8 1435 9 1436 8 1437 9 1438 8 1439 9 1440 9 1441 8 1442 9 1443 8 1444 9 1445 9 1446 8 1447 9 1448 8 1449 9 1450 9 1451 8 1452 9 1453 8 1454 9 1455 8 1456 9 1457 8 1458 9 1459 7 1460 8 1461 7 1462 8 1463 7 1464 8 1465 7 1466 8 1467 7 1468 8 1469 7 1470 8 1471 7 1472 8 1473 7 1474 8 1475 7 1476 8 1477 7 1478 8 1479 7 1480 8 1481 7 1482 8 1483 7 1484 8 1485 8 1486 9 1487 8 1488 9 1489 9 1490 9 1491 9 1492 9 1493 9 1494 9 1495 9 1496 9 1497 9 1498 9 1499 9 1500 8 1501 9 1502 8 1503 9 1504 8 1505 9 1506 8 1507 9 1508 7 1509 8 1510 9 1511 8 1512 9 1513 7 1514 8 1515 9 1516 7 1517 8 1518 9 1519 0 1520 1 1521 2 1522 12 1523 0 1524 1 1525 2 1526 12 1527 0 1528 1 1529 2 1530 7 1531 12 1532 0 1533 1 1534 2 1535 7 1536 12 1537 0 1538 1 1539 2 1540 7 1541 12 1542 0 1543 1 1544 2 1545 0 1546 1 1547 2 1548 12 1549 0 1550 1 1551 2 1552 3 1553 10 1554 0 1555 1 1556 2 1557 3 1558 10 1559 0 1560 1 1561 2 1562 3 1563 10 1564 0 1565 1 1566 2 1567 10 1568 0 1569 1 1570 2 1571 10 1572 0 1573 1 1574 2 1575 0 1576 1 1577 2 1578 10 1579 0 1580 1 1581 2 1582 12 1583 0 1584 1 1585 2 1586 10 1587 0 1588 10 1589 0 1590 10 1591 0 1592 10 1593 0 1594 10 1595 0 1596 10 1597 0 1598 10 1599 0 1600 10 1601 0 1602 10 1603 0 1604 10 1605 0 1606 10 1607 0 1608 10 1609 0 1610 10 1611 0 1612 10 1613 0 1614 10 1615 0 1616 10 1617 0 1618 10 1619 0 1620 12 1621 0 1622 12 1623 0 1624 12 1625 0 1626 12 1627 0 1628 12 1629 0 1630 12 1631 0 1632 12 1633 0 1634 12 1635 0 1636 12 1637 0 1638 12 1639 0 1640 12 1641 0 1642 12 1643 0 1644 12 1645 0 1646 12 1647 0 1648 12 1649 0 1650 12 1651 10 1652 10 1653 10 1654 10 1655 10 1656 10 1657 10 1658 10 1659 10 1660 10 1661 10 1662 10 1663 10 1664 10 1665 10 1666 10 1667 12 1668 12 1669 12 1670 12 1671 12 1672 12 1673 12 1674 12 1675 12 1676 12 1677 12 1678 12 1679 12 1680 12 1681 12 1682 12 1683</v>
        </vertex_weights>
      </skin>
    </controller>
  </library_controllers>
  <library_animations>
    <animation id="action_container-Skeleton" name="Skeleton">
      <animation id="Skeleton_Land_Hips_pose_matrix" name="Skeleton">
        <source id="Skeleton_Land_Hips_pose_matrix-input">
          <float_array id="Skeleton_Land_Hips_pose_matrix-input-array" count="26">0.0333333 0.06666666 0.1 0.1333333 0.1666666 0.2 0.2333333 0.2666667 0.3 0.3333333 0.3666667 0.4 0.4333333 0.4666666 0.5 0.5333334 0.5666667 0.6 0.6333333 0.6666667 0.7 0.7333334 0.7666667 0.8 0.8333333 0.8666667</float_array>
          <technique_common>
            <accessor source="#Skeleton_Land_Hips_pose_matrix-input-array" count="26" stride="1">
              <param name="TIME" type="float"/>
            </accessor>
          </technique_common>
        </source>
        <source id="Skeleton_Land_Hips_pose_matrix-output">
          <float_array id="Skeleton_Land_Hips_pose_matrix-output-array" count="416">0.9999999 0 0 0 0 0 -0.9999999 1.645186 0 0.9999999 0 1.50496e-7 0 0 0 1 0.9999999 0 0 0 0 0 -0.9999999 1.24748 0 0.9999999 0 8.57017e-8 0 0 0 1 0.9999999 0 0 0 0 0 -0.9999999 0.3658044 0 0.9999999 0 -5.79416e-8 0 0 0 1 0.9999999 0 0 0 0 0 -0.9999999 -0.5326812 0 0.9999999 0 -2.04323e-7 0 0 0 1 0.9999999 0 0 0 0 0 -0.9999999 -1.071137 0 0.9999999 0 -2.04323e-7 0 0 0 1 0.9999999 0 0 0 0 0 -0.9999999 -1.234008 0 0.9999999 0 -3.18584e-7 0 0 0 1 0.9999999 0 0 0 0 0 -0.9999999 -1.222086 0 0.9999999 0 -3.16642e-7 0 0 0 1 0.9999999 0 0 0 0 0 -0.9999999 -1.187885 0 0.9999999 0 -3.1107e-7 0 0 0 1 0.9999999 0 0 0 0 0 -0.9999999 -1.13375 0 0.9999999 0 -3.0225e-7 0 0 0 1 0.9999999 0 0 0 0 0 -0.9999999 -1.062025 0 0.9999999 0 -2.90565e-7 0 0 0 1 0.9999999 0 0 0 0 0 -0.9999999 -0.9750563 0 0.9999999 0 -2.76396e-7 0 0 0 1 0.9999999 0 0 0 0 0 -0.9999999 -0.8751888 0 0.9999999 0 -2.60125e-7 0 0 0 1 0.9999999 0 0 0 0 0 -0.9999999 -0.7647679 0 0.9999999 0 -2.42135e-7 0 0 0 1 0.9999999 0 0 0 0 0 -0.9999999 -0.6461388 0 0.9999999 0 -2.22808e-7 0 0 0 1 0.9999999 0 0 0 0 0 -0.9999999 -0.5216467 0 0.9999999 0 -2.02526e-7 0 0 0 1 0.9999999 0 0 0 0 0 -0.9999999 -0.3936367 0 0.9999999 0 -1.8167e-7 0 0 0 1 0.9999999 0 0 0 0 0 -0.9999999 -0.2644539 0 0.9999999 0 -1.60624e-7 0 0 0 1 0.9999999 0 0 0 0 0 -0.9999999 -0.1364439 0 0.9999999 0 -1.39768e-7 0 0 0 1 0.9999999 0 0 0 0 0 -0.9999999 -0.0119518 0 0.9999999 0 -1.19486e-7 0 0 0 1 0.9999999 0 0 0 0 0 -0.9999999 0.1066775 0 0.9999999 0 -1.00159e-7 0 0 0 1 0.9999999 0 0 0 0 0 -0.9999999 0.2170981 0 0.9999999 0 -8.21689e-8 0 0 0 1 0.9999999 0 0 0 0 0 -0.9999999 0.3169657 0 0.9999999 0 -6.58984e-8 0 0 0 1 0.9999999 0 0 0 0 0 -0.9999999 0.4039342 0 0.9999999 0 -5.17294e-8 0 0 0 1 0.9999999 0 0 0 0 0 -0.9999999 0.4756589 0 0.9999999 0 -4.00439e-8 0 0 0 1 0.9999999 0 0 0 0 0 -0.9999999 0.5297947 0 0.9999999 0 -3.12241e-8 0 0 0 1 0.9999999 0 0 0 0 0 -0.9999999 0.5639956 0 0.9999999 0 -2.56521e-8 0 0 0 1</float_array>
          <technique_common>
            <accessor source="#Skeleton_Land_Hips_pose_matrix-output-array" count="26" stride="16">
              <param name="TRANSFORM" type="float4x4"/>
            </accessor>
          </technique_common>
        </source>
        <source id="Skeleton_Land_Hips_pose_matrix-interpolation">
          <Name_array id="Skeleton_Land_Hips_pose_matrix-interpolation-array" count="26">LINEAR LINEAR LINEAR LINEAR LINEAR LINEAR LINEAR LINEAR LINEAR LINEAR LINEAR LINEAR LINEAR LINEAR LINEAR LINEAR LINEAR LINEAR LINEAR LINEAR LINEAR LINEAR LINEAR LINEAR LINEAR LINEAR</Name_array>
          <technique_common>
            <accessor source="#Skeleton_Land_Hips_pose_matrix-interpolation-array" count="26" stride="1">
              <param name="INTERPOLATION" type="name"/>
            </accessor>
          </technique_common>
        </source>
        <sampler id="Skeleton_Land_Hips_pose_matrix-sampler">
          <input semantic="INPUT" source="#Skeleton_Land_Hips_pose_matrix-input"/>
          <input semantic="OUTPUT" source="#Skeleton_Land_Hips_pose_matrix-output"/>
          <input semantic="INTERPOLATION" source="#Skeleton_Land_Hips_pose_matrix-interpolation"/>
        </sampler>
        <channel source="#Skeleton_Land_Hips_pose_matrix-sampler" target="Skeleton_Hips/transform"/>
      </animation>
      <animation id="Skeleton_Land_Torso_pose_matrix" name="Skeleton">
        <source id="Skeleton_Land_Torso_pose_matrix-input">
          <float_array id="Skeleton_Land_Torso_pose_matrix-input-array" count="26">0.0333333 0.06666666 0.1 0.1333333 0.1666666 0.2 0.2333333 0.2666667 0.3 0.3333333 0.3666667 0.4 0.4333333 0.4666666 0.5 0.5333334 0.5666667 0.6 0.6333333 0.6666667 0.7 0.7333334 0.7666667 0.8 0.8333333 0.8666667</float_array>
          <technique_common>
            <accessor source="#Skeleton_Land_Torso_pose_matrix-input-array" count="26" stride="1">
              <param name="TIME" type="float"/>
            </accessor>
          </technique_common>
        </source>
        <source id="Skeleton_Land_Torso_pose_matrix-output">
          <float_array id="Skeleton_Land_Torso_pose_matrix-output-array" count="416">1 0 0 0 0 0.998732 -0.050346 0 0 0.050346 0.998732 -0.9521097 0 0 0 1 1 0 0 0 0 0.9975901 -0.06938432 0 0 0.06938432 0.9975901 -0.9521097 0 0 0 1 1 0 0 0 0 0.9933985 -0.1147158 0 0 0.1147158 0.9933985 -0.9521098 0 0 0 1 1 0 0 0 0 0.9856958 -0.1685352 0 0 0.1685352 0.9856958 -0.9521098 0 0 0 1 1 0 0 0 0 0.9770035 -0.213224 0 0 0.213224 0.9770035 -0.9521098 0 0 0 1 1 0 0 0 0 0.972759 -0.2318192 -2.23324e-8 0 0.2318192 0.972759 -0.9521099 0 0 0 1 1 0 0 0 0 0.9731143 -0.2303233 -2.23324e-8 0 0.2303233 0.9731143 -0.9521099 0 0 0 1 1 0 0 0 0 0.974121 -0.2260279 -2.23324e-8 0 0.2260279 0.974121 -0.9521099 0 0 0 1 1 0 0 0 0 0.9756761 -0.2192178 -2.23324e-8 0 0.2192178 0.9756761 -0.9521098 0 0 0 1 1 0 0 0 0 0.9776639 -0.2101749 -2.23324e-8 0 0.2101749 0.9776639 -0.9521098 0 0 0 1 1 0 0 0 0 0.9799629 -0.1991806 -2.23324e-8 0 0.1991806 0.9799629 -0.9521098 0 0 0 1 1 0 0 0 0 0.9824516 -0.1865185 -2.23324e-8 0 0.1865185 0.9824516 -0.9521098 0 0 0 1 1 0 0 0 0 0.9850139 -0.1724757 -2.23324e-8 0 0.1724757 0.9850139 -0.9521098 0 0 0 1 1 0 0 0 0 0.9875441 -0.1573436 -2.23324e-8 0 0.1573436 0.9875441 -0.9521098 0 0 0 1 1 0 0 0 0 0.9899499 -0.1414189 -2.23324e-8 0 0.1414189 0.9899499 -0.9521098 0 0 0 1 1 0 0 0 0 0.9921565 -0.1250027 -2.23324e-8 0 0.1250027 0.9921565 -0.9521098 0 0 0 1 1 0 0 0 0 0.9941075 -0.1084002 -2.23324e-8 0 0.1084002 0.9941075 -0.9521098 0 0 0 1 1 0 0 0 0 0.9957665 -0.09191978 -2.23324e-8 0 0.09191978 0.9957665 -0.9521098 0 0 0 1 1 0 0 0 0 0.9971178 -0.07587137 -2.23324e-8 0 0.07587137 0.9971178 -0.9521098 0 0 0 1 1 0 0 0 0 0.9981644 -0.06056531 -2.23324e-8 0 0.06056531 0.9981644 -0.9521098 0 0 0 1 1 0 0 0 0 0.9989272 -0.04631143 -2.23324e-8 0 0.04631143 0.9989272 -0.9521098 0 0 0 1 1 0 0 0 0 0.9994416 -0.03341783 -2.23324e-8 0 0.03341783 0.9994416 -0.9521098 0 0 0 1 1 0 0 0 0 0.9997539 -0.02219066 -2.23324e-8 0 0.02219066 0.9997539 -0.9521098 0 0 0 1 1 0 0 0 0 0.9999165 -0.01293367 -2.23324e-8 0 0.01293367 0.9999165 -0.9521098 0 0 0 1 1 0 0 0 0 0.9999824 -0.005948995 -2.23324e-8 0 0.005948995 0.9999824 -0.9521098 0 0 0 1 1 0 0 0 0 0.9999989 -0.001537452 -2.23324e-8 0 0.001537452 0.9999989 -0.9521099 0 0 0 1</float_array>
          <technique_common>
            <accessor source="#Skeleton_Land_Torso_pose_matrix-output-array" count="26" stride="16">
              <param name="TRANSFORM" type="float4x4"/>
            </accessor>
          </technique_common>
        </source>
        <source id="Skeleton_Land_Torso_pose_matrix-interpolation">
          <Name_array id="Skeleton_Land_Torso_pose_matrix-interpolation-array" count="26">LINEAR LINEAR LINEAR LINEAR LINEAR LINEAR LINEAR LINEAR LINEAR LINEAR LINEAR LINEAR LINEAR LINEAR LINEAR LINEAR LINEAR LINEAR LINEAR LINEAR LINEAR LINEAR LINEAR LINEAR LINEAR LINEAR</Name_array>
          <technique_common>
            <accessor source="#Skeleton_Land_Torso_pose_matrix-interpolation-array" count="26" stride="1">
              <param name="INTERPOLATION" type="name"/>
            </accessor>
          </technique_common>
        </source>
        <sampler id="Skeleton_Land_Torso_pose_matrix-sampler">
          <input semantic="INPUT" source="#Skeleton_Land_Torso_pose_matrix-input"/>
          <input semantic="OUTPUT" source="#Skeleton_Land_Torso_pose_matrix-output"/>
          <input semantic="INTERPOLATION" source="#Skeleton_Land_Torso_pose_matrix-interpolation"/>
        </sampler>
        <channel source="#Skeleton_Land_Torso_pose_matrix-sampler" target="Skeleton_Torso/transform"/>
      </animation>
      <animation id="Skeleton_Land_Chest_pose_matrix" name="Skeleton">
        <source id="Skeleton_Land_Chest_pose_matrix-input">
          <float_array id="Skeleton_Land_Chest_pose_matrix-input-array" count="26">0.0333333 0.06666666 0.1 0.1333333 0.1666666 0.2 0.2333333 0.2666667 0.3 0.3333333 0.3666667 0.4 0.4333333 0.4666666 0.5 0.5333334 0.5666667 0.6 0.6333333 0.6666667 0.7 0.7333334 0.7666667 0.8 0.8333333 0.8666667</float_array>
          <technique_common>
            <accessor source="#Skeleton_Land_Chest_pose_matrix-input-array" count="26" stride="1">
              <param name="TIME" type="float"/>
            </accessor>
          </technique_common>
        </source>
        <source id="Skeleton_Land_Chest_pose_matrix-output">
          <float_array id="Skeleton_Land_Chest_pose_matrix-output-array" count="416">0.9915472 -0.1098887 -0.06898142 0 0.0930396 0.9727697 -0.2122789 -1.49012e-8 0.0904301 0.2040666 0.9747713 -1.667822 0 0 0 1 0.9916195 -0.1093879 -0.06873647 0 0.09268302 0.973003 -0.2113642 -7.45058e-9 0.09000149 0.2032221 0.9749873 -1.667821 0 0 0 1 0.9918274 -0.1079389 -0.06802464 0 0.09164833 0.9736726 -0.2087153 1.49012e-8 0.08876223 0.2007753 0.9756078 -1.667821 0 0 0 1 0.9921547 -0.1056232 -0.06687707 0 0.08998509 0.9747269 -0.2044746 2.98023e-8 0.08678416 0.1968525 0.9765844 -1.667821 0 0 0 1 0.9925833 -0.1025238 -0.06532173 0 0.08774007 0.9761078 -0.1987838 0 0.08414112 0.1915782 0.9778639 -1.667821 0 0 0 1 0.993094 -0.09872405 -0.06338458 0 0.08495828 0.9777529 -0.1917842 0 0.08090818 0.1850747 0.9793881 -1.667821 0 0 0 1 0.9936667 -0.09430847 -0.06109093 0 0.08168434 0.9795979 -0.1836177 2.98023e-8 0.07716127 0.1774647 0.9810975 -1.667821 0 0 0 1 0.9942816 -0.08936165 -0.05846647 0 0.07796317 0.9815787 -0.1744271 0 0.07297654 0.1688714 0.9829327 -1.667821 0 0 0 1 0.9949194 -0.08396835 -0.05553826 0 0.07384117 0.9836333 -0.164356 0 0.06842999 0.15942 0.9848363 -1.667821 0 0 0 1 0.9955619 -0.07821311 -0.05233543 0 0.06936666 0.9857031 -0.1535498 0 0.06359681 0.149238 0.9867539 -1.667821 0 0 0 1 0.9961925 -0.07217994 -0.04888996 0 0.06459061 0.9877347 -0.142155 2.98023e-8 0.05855105 0.1384559 0.9886362 -1.667821 0 0 0 1 0.9967967 -0.06595193 -0.04523711 0 0.05956693 0.9896811 -0.130319 2.98023e-8 0.05336509 0.1272069 0.9904395 -1.667821 0 0 0 1 0.997362 -0.05961084 -0.0414157 0 0.05435272 0.9915022 -0.1181904 0 0.04810918 0.1156276 0.9921268 -1.667821 0 0 0 1 0.9978786 -0.05323692 -0.03746845 0 0.04900847 0.9931662 -0.1059185 2.98023e-8 0.04285119 0.1038576 0.9936686 -1.667821 0 0 0 1 0.9983391 -0.04690845 -0.03344193 0 0.04359798 0.9946498 -0.09365249 -1.49012e-8 0.03765611 0.09203897 0.9950431 -1.667821 0 0 0 1 0.998739 -0.04070156 -0.0293865 0 0.03818817 0.9959381 -0.08154136 1.49012e-8 0.032586 0.08031633 0.9962366 -1.667821 0 0 0 1 0.9990763 -0.03468999 -0.02535612 0 0.03284894 0.9970245 -0.06973338 1.49012e-8 0.02769972 0.06883606 0.9972432 -1.667821 0 0 0 1 0.9993516 -0.02894503 -0.02140801 0 0.0276528 0.9979115 -0.0583758 0 0.02305299 0.05774596 0.9980649 -1.667821 0 0 0 1 0.9995679 -0.02353548 -0.01760229 0 0.0226744 0.9986084 -0.04761432 -1.49012e-8 0.01869842 0.04719464 0.9987106 -1.667821 0 0 0 1 0.9997302 -0.01852783 -0.01400145 0 0.01799023 0.999131 -0.03759322 -1.49012e-8 0.01468581 0.0373312 0.9991949 -1.667821 0 0 0 1 0.9998451 -0.01398647 -0.01066981 0 0.013678 0.9995013 -0.02845504 0 0.01106248 0.02830469 0.9995379 -1.667821 0 0 0 1 0.9999207 -0.009974099 -0.007672928 0 0.00981626 0.9997448 -0.0203407 3.72529e-9 0.007873853 0.02026377 0.9997636 -1.667821 0 0 0 1 0.9999655 -0.006552208 -0.00507682 0 0.006483727 0.9998892 -0.01339 0 0.005163993 0.01335662 0.9998974 -1.667821 0 0 0 1 0.9999884 -0.003781855 -0.002947445 0 0.00375894 0.9999629 -0.007741694 0 0.002976614 0.007730523 0.9999655 -1.667821 0 0 0 1 0.9999975 -0.001724299 -0.001349794 0 0.001719519 0.9999921 -0.00353449 -9.31323e-10 0.001355879 0.003532161 0.9999927 -1.667821 0 0 0 1 0.9999997 -4.42066e-4 -3.47127e-4 0 4.41751e-4 0.9999993 -9.07229e-4 0 3.47528e-4 9.07076e-4 0.9999994 -1.667821 0 0 0 1</float_array>
          <technique_common>
            <accessor source="#Skeleton_Land_Chest_pose_matrix-output-array" count="26" stride="16">
              <param name="TRANSFORM" type="float4x4"/>
            </accessor>
          </technique_common>
        </source>
        <source id="Skeleton_Land_Chest_pose_matrix-interpolation">
          <Name_array id="Skeleton_Land_Chest_pose_matrix-interpolation-array" count="26">LINEAR LINEAR LINEAR LINEAR LINEAR LINEAR LINEAR LINEAR LINEAR LINEAR LINEAR LINEAR LINEAR LINEAR LINEAR LINEAR LINEAR LINEAR LINEAR LINEAR LINEAR LINEAR LINEAR LINEAR LINEAR LINEAR</Name_array>
          <technique_common>
            <accessor source="#Skeleton_Land_Chest_pose_matrix-interpolation-array" count="26" stride="1">
              <param name="INTERPOLATION" type="name"/>
            </accessor>
          </technique_common>
        </source>
        <sampler id="Skeleton_Land_Chest_pose_matrix-sampler">
          <input semantic="INPUT" source="#Skeleton_Land_Chest_pose_matrix-input"/>
          <input semantic="OUTPUT" source="#Skeleton_Land_Chest_pose_matrix-output"/>
          <input semantic="INTERPOLATION" source="#Skeleton_Land_Chest_pose_matrix-interpolation"/>
        </sampler>
        <channel source="#Skeleton_Land_Chest_pose_matrix-sampler" target="Skeleton_Chest/transform"/>
      </animation>
      <animation id="Skeleton_Land_UpperArm_L_pose_matrix" name="Skeleton">
        <source id="Skeleton_Land_UpperArm_L_pose_matrix-input">
          <float_array id="Skeleton_Land_UpperArm_L_pose_matrix-input-array" count="26">0.0333333 0.06666666 0.1 0.1333333 0.1666666 0.2 0.2333333 0.2666667 0.3 0.3333333 0.3666667 0.4 0.4333333 0.4666666 0.5 0.5333334 0.5666667 0.6 0.6333333 0.6666667 0.7 0.7333334 0.7666667 0.8 0.8333333 0.8666667</float_array>
          <technique_common>
            <accessor source="#Skeleton_Land_UpperArm_L_pose_matrix-input-array" count="26" stride="1">
              <param name="TIME" type="float"/>
            </accessor>
          </technique_common>
        </source>
        <source id="Skeleton_Land_UpperArm_L_pose_matrix-output">
          <float_array id="Skeleton_Land_UpperArm_L_pose_matrix-output-array" count="416">0.9050369 -0.2942775 0.3070973 -1.49012e-6 0.3429216 0.9319814 -0.1175381 -5.96046e-8 -0.2516201 0.2116865 0.944392 -1.815346 0 0 0 1 0.9251494 -0.2338369 0.2990298 1.19209e-7 0.2644912 0.9621326 -0.06591909 0 -0.272292 0.1400757 0.9519641 -1.815346 0 0 0 1 0.9594656 -0.07830498 0.2707276 9.53674e-7 0.08184513 0.9966432 -0.001793183 -3.57628e-7 -0.2696785 0.02387805 0.9626542 -1.815346 0 0 0 1 0.9837902 0.1043439 0.1458393 -1.3113e-6 -0.09974077 0.9942666 -0.03854603 5.96046e-8 -0.1490256 0.02337509 0.9885571 -1.815346 0 0 0 1 0.9763467 0.1874293 -0.1077793 0 -0.2030927 0.9660246 -0.1598428 1.19209e-7 0.07415801 0.1779511 0.981241 -1.815346 0 0 0 1 0.9500363 0.1790822 -0.255656 -4.76837e-7 -0.2374891 0.946214 -0.2197217 0 0.2025566 0.2694591 0.9414681 -1.815345 0 0 0 1 0.9384776 0.1963118 -0.2841153 -9.53674e-7 -0.2525386 0.9512826 -0.1768786 0 0.2355503 0.2377466 0.9423339 -1.815346 0 0 0 1 0.9237897 0.2171544 -0.3153678 0 -0.2695624 0.9537724 -0.1328713 1.19209e-7 0.2719353 0.2077563 0.9396218 -1.815345 0 0 0 1 0.906003 0.2417361 -0.3474512 -7.15256e-7 -0.2881474 0.9535386 -0.08794886 -5.96046e-8 0.3100474 0.179799 0.9335647 -1.815346 0 0 0 1 0.885336 0.2698411 -0.3786362 2.38419e-7 -0.3078995 0.950466 -0.04257353 0 0.3483923 0.1542739 0.9245658 -1.815346 0 0 0 1 0.8621587 0.3009659 -0.4075574 -1.54972e-6 -0.3284627 0.9445137 0.002647892 0 0.3857399 0.1315843 0.9131764 -1.815345 0 0 0 1 0.8369278 0.3344023 -0.4332753 -1.19209e-6 -0.3495274 0.9357443 0.04705055 0 0.4211685 0.1120637 0.900033 -1.815346 0 0 0 1 0.8101341 0.3693375 -0.4552716 -9.53674e-7 -0.3708293 0.9243306 0.08998641 0 0.4540567 0.09592694 0.8857932 -1.815346 0 0 0 1 0.782256 0.4049392 -0.4733922 -1.78814e-7 -0.3921399 0.9105462 0.1308894 1.19209e-7 0.4840473 0.0832469 0.8710731 -1.815346 0 0 0 1 0.7537338 0.4404227 -0.4877632 -8.9407e-7 -0.4132524 0.8947389 0.1693055 0 0.5109867 0.07395801 0.8564011 -1.815346 0 0 0 1 0.7249702 0.4750923 -0.4987036 6.55651e-7 -0.4339715 0.8773146 0.2049093 0 0.5348704 0.06786999 0.8422037 -1.815346 0 0 0 1 0.6963367 0.508358 -0.5066431 2.38419e-7 -0.4541026 0.8587123 0.2374944 1.78814e-7 0.5557925 0.06469171 0.8288002 -1.815346 0 0 0 1 0.6681929 0.5397311 -0.5120633 5.96046e-7 -0.4734451 0.8393968 0.2669509 -5.96046e-8 0.5739056 0.06405917 0.8164123 -1.815347 0 0 0 1 0.6409065 0.5687706 -0.5154986 5.96046e-8 -0.4917876 0.8198744 0.2931735 -8.9407e-8 0.5893922 0.06561911 0.8051775 -1.815347 0 0 0 1 0.6148739 0.5952451 -0.5173141 -3.57628e-7 -0.5089068 0.8005964 0.3163214 -5.96046e-8 0.6024483 0.06876673 0.7951903 -1.815346 0 0 0 1 0.5905323 0.6188394 -0.5179862 -5.96046e-7 -0.5245674 0.7821097 0.3363532 -1.49012e-8 0.6132702 0.07309116 0.7864841 -1.815346 0 0 0 1 0.5683716 0.6393369 -0.5178827 -2.98023e-7 -0.5385247 0.764953 0.3533246 -1.49012e-8 0.6220488 0.07807271 0.7790764 -1.815345 0 0 0 1 0.548932 0.6565409 -0.5173275 -4.17233e-7 -0.5505255 0.7496881 0.367272 -5.21541e-8 0.6289634 0.08319455 0.7729707 -1.815346 0 0 0 1 0.5327958 0.6702691 -0.5165929 -1.13249e-6 -0.560313 0.7368889 0.3782116 0 0.634175 0.08794424 0.7681719 -1.815346 0 0 0 1 0.5205656 0.6802948 -0.5159565 -1.3113e-6 -0.5676272 0.7271545 0.3860643 3.72529e-9 0.6378173 0.09189893 0.7646858 -1.815345 0 0 0 1 0.5128345 0.6865182 -0.5154544 4.17233e-7 -0.572207 0.7209485 0.3909114 1.86265e-9 0.6399839 0.09447387 0.7625586 -1.815346 0 0 0 1</float_array>
          <technique_common>
            <accessor source="#Skeleton_Land_UpperArm_L_pose_matrix-output-array" count="26" stride="16">
              <param name="TRANSFORM" type="float4x4"/>
            </accessor>
          </technique_common>
        </source>
        <source id="Skeleton_Land_UpperArm_L_pose_matrix-interpolation">
          <Name_array id="Skeleton_Land_UpperArm_L_pose_matrix-interpolation-array" count="26">LINEAR LINEAR LINEAR LINEAR LINEAR LINEAR LINEAR LINEAR LINEAR LINEAR LINEAR LINEAR LINEAR LINEAR LINEAR LINEAR LINEAR LINEAR LINEAR LINEAR LINEAR LINEAR LINEAR LINEAR LINEAR LINEAR</Name_array>
          <technique_common>
            <accessor source="#Skeleton_Land_UpperArm_L_pose_matrix-interpolation-array" count="26" stride="1">
              <param name="INTERPOLATION" type="name"/>
            </accessor>
          </technique_common>
        </source>
        <sampler id="Skeleton_Land_UpperArm_L_pose_matrix-sampler">
          <input semantic="INPUT" source="#Skeleton_Land_UpperArm_L_pose_matrix-input"/>
          <input semantic="OUTPUT" source="#Skeleton_Land_UpperArm_L_pose_matrix-output"/>
          <input semantic="INTERPOLATION" source="#Skeleton_Land_UpperArm_L_pose_matrix-interpolation"/>
        </sampler>
        <channel source="#Skeleton_Land_UpperArm_L_pose_matrix-sampler" target="Skeleton_UpperArm_L/transform"/>
      </animation>
      <animation id="Skeleton_Land_LowerArm_L_pose_matrix" name="Skeleton">
        <source id="Skeleton_Land_LowerArm_L_pose_matrix-input">
          <float_array id="Skeleton_Land_LowerArm_L_pose_matrix-input-array" count="26">0.0333333 0.06666666 0.1 0.1333333 0.1666666 0.2 0.2333333 0.2666667 0.3 0.3333333 0.3666667 0.4 0.4333333 0.4666666 0.5 0.5333334 0.5666667 0.6 0.6333333 0.6666667 0.7 0.7333334 0.7666667 0.8 0.8333333 0.8666667</float_array>
          <technique_common>
            <accessor source="#Skeleton_Land_LowerArm_L_pose_matrix-input-array" count="26" stride="1">
              <param name="TIME" type="float"/>
            </accessor>
          </technique_common>
        </source>
        <source id="Skeleton_Land_LowerArm_L_pose_matrix-output">
          <float_array id="Skeleton_Land_LowerArm_L_pose_matrix-output-array" count="416">0.9999998 -1.10269e-6 -1.19489e-6 -2.38419e-7 -5.66244e-7 0.4569883 -0.8894728 0 1.53482e-6 0.8894727 0.4569882 -2.089515 0 0 0 1 0.9999999 -1.2368e-6 -1.28895e-6 1.07288e-6 -7.37957e-7 0.3607698 -0.932655 5.96046e-8 1.59442e-6 0.9326549 0.36077 -2.089515 0 0 0 1 0.9999998 -1.49012e-6 -1.40071e-6 4.76837e-7 -1.05798e-6 0.1888552 -0.9820051 -1.78814e-7 1.69873e-6 0.9820052 0.1888552 -2.089515 0 0 0 1 0.9999999 -1.56462e-6 -1.37091e-6 0 -1.2219e-6 0.1332378 -0.9910842 -1.78814e-7 1.78814e-6 0.9910843 0.1332378 -2.089515 0 0 0 1 1 -1.3411e-6 -1.40071e-6 2.38419e-7 -8.04663e-7 0.3012931 -0.9535323 1.19209e-7 1.63913e-6 0.9535318 0.3012929 -2.089515 0 0 0 1 1 -1.16229e-6 -1.2219e-6 -4.76837e-7 -5.96046e-7 0.4370041 -0.8994595 1.19209e-7 1.60933e-6 0.8994597 0.4370043 -2.089515 0 0 0 1 0.9999998 -1.10269e-6 -1.37091e-6 0 -6.70552e-7 0.4016245 -0.9158044 -1.78814e-7 1.60933e-6 0.915804 0.4016244 -2.089515 0 0 0 1 0.9999999 -1.3113e-6 -1.3411e-6 -2.38419e-7 -8.19564e-7 0.3747492 -0.9271263 0 1.72853e-6 0.927126 0.3747492 -2.089515 0 0 0 1 0.9999998 -1.2517e-6 -1.40071e-6 0 -7.7486e-7 0.3561179 -0.9344414 0 1.69873e-6 0.9344412 0.3561177 -2.089514 0 0 0 1 0.9999999 -1.2666e-6 -1.37091e-6 -7.15256e-7 -8.64267e-7 0.3453472 -0.9384751 2.98023e-7 1.66893e-6 0.9384753 0.3453472 -2.089514 0 0 0 1 0.9999999 -1.20699e-6 -1.3113e-6 -2.38419e-7 -8.64267e-7 0.3419201 -0.9397292 1.19209e-7 1.57952e-6 0.939729 0.3419202 -2.089515 0 0 0 1 1 -1.2666e-6 -1.3411e-6 2.38419e-7 -7.7486e-7 0.3451852 -0.9385347 0 1.66893e-6 0.9385345 0.3451853 -2.089515 0 0 0 1 1 -1.2815e-6 -1.3411e-6 -4.76837e-7 -8.64267e-7 0.3543683 -0.9351063 0 1.66893e-6 0.9351057 0.3543679 -2.089515 0 0 0 1 1 -1.2815e-6 -1.2815e-6 2.38419e-7 -7.00355e-7 0.3685889 -0.9295926 1.19209e-7 1.66893e-6 0.9295924 0.3685889 -2.089514 0 0 0 1 0.9999998 -1.17719e-6 -1.19209e-6 0 -7.59959e-7 0.3869015 -0.9221214 0 1.60933e-6 0.9221207 0.3869012 -2.089516 0 0 0 1 1 -1.19209e-6 -1.2815e-6 -4.76837e-7 -7.15256e-7 0.4083169 -0.9128402 -5.96046e-8 1.51992e-6 0.9128402 0.4083169 -2.089515 0 0 0 1 1.000001 -1.13249e-6 -1.2815e-6 -9.53674e-7 -6.4075e-7 0.4318407 -0.9019505 -2.98023e-7 1.62423e-6 0.9019497 0.4318402 -2.089515 0 0 0 1 0.9999999 -1.03563e-6 -1.2815e-6 7.15256e-7 -5.21541e-7 0.45651 -0.8897184 -1.19209e-7 1.56462e-6 0.8897182 0.4565102 -2.089515 0 0 0 1 1 -9.83477e-7 -1.2219e-6 -2.38419e-7 -4.61936e-7 0.4815353 -0.8764272 1.19209e-7 1.50502e-6 0.876427 0.4815352 -2.089514 0 0 0 1 0.9999998 -1.07288e-6 -1.19209e-6 7.15256e-7 -5.66244e-7 0.505821 -0.8626393 1.19209e-7 1.51992e-6 0.8626384 0.5058206 -2.089515 0 0 0 1 1 -1.00583e-6 -1.17719e-6 -3.57628e-7 -4.02331e-7 0.5287427 -0.8487821 0 1.54972e-6 0.8487819 0.528743 -2.089515 0 0 0 1 0.9999995 -9.83477e-7 -1.13249e-6 2.38419e-7 -3.72529e-7 0.549602 -0.835427 -1.19209e-7 1.41561e-6 0.8354264 0.5496017 -2.089515 0 0 0 1 0.9999999 -8.79169e-7 -1.08778e-6 1.19209e-7 -3.57628e-7 0.5677937 -0.8231716 -1.19209e-7 1.44541e-6 0.8231711 0.5677936 -2.089515 0 0 0 1 1 -9.08971e-7 -1.08778e-6 0 -3.57628e-7 0.582777 -0.8126321 0 1.44541e-6 0.8126317 0.5827771 -2.089515 0 0 0 1 0.9999996 -9.72301e-7 -1.11759e-6 3.57628e-7 -3.8743e-7 0.5941769 -0.8043348 -2.38419e-7 1.43051e-6 0.804334 0.5941767 -2.089515 0 0 0 1 1 -8.67993e-7 -1.07288e-6 1.19209e-7 -2.98023e-7 0.6012644 -0.7990508 -1.19209e-7 1.46031e-6 0.7990499 0.601264 -2.089515 0 0 0 1</float_array>
          <technique_common>
            <accessor source="#Skeleton_Land_LowerArm_L_pose_matrix-output-array" count="26" stride="16">
              <param name="TRANSFORM" type="float4x4"/>
            </accessor>
          </technique_common>
        </source>
        <source id="Skeleton_Land_LowerArm_L_pose_matrix-interpolation">
          <Name_array id="Skeleton_Land_LowerArm_L_pose_matrix-interpolation-array" count="26">LINEAR LINEAR LINEAR LINEAR LINEAR LINEAR LINEAR LINEAR LINEAR LINEAR LINEAR LINEAR LINEAR LINEAR LINEAR LINEAR LINEAR LINEAR LINEAR LINEAR LINEAR LINEAR LINEAR LINEAR LINEAR LINEAR</Name_array>
          <technique_common>
            <accessor source="#Skeleton_Land_LowerArm_L_pose_matrix-interpolation-array" count="26" stride="1">
              <param name="INTERPOLATION" type="name"/>
            </accessor>
          </technique_common>
        </source>
        <sampler id="Skeleton_Land_LowerArm_L_pose_matrix-sampler">
          <input semantic="INPUT" source="#Skeleton_Land_LowerArm_L_pose_matrix-input"/>
          <input semantic="OUTPUT" source="#Skeleton_Land_LowerArm_L_pose_matrix-output"/>
          <input semantic="INTERPOLATION" source="#Skeleton_Land_LowerArm_L_pose_matrix-interpolation"/>
        </sampler>
        <channel source="#Skeleton_Land_LowerArm_L_pose_matrix-sampler" target="Skeleton_LowerArm_L/transform"/>
      </animation>
      <animation id="Skeleton_Land_Head_pose_matrix" name="Skeleton">
        <source id="Skeleton_Land_Head_pose_matrix-input">
          <float_array id="Skeleton_Land_Head_pose_matrix-input-array" count="26">0.0333333 0.06666666 0.1 0.1333333 0.1666666 0.2 0.2333333 0.2666667 0.3 0.3333333 0.3666667 0.4 0.4333333 0.4666666 0.5 0.5333334 0.5666667 0.6 0.6333333 0.6666667 0.7 0.7333334 0.7666667 0.8 0.8333333 0.8666667</float_array>
          <technique_common>
            <accessor source="#Skeleton_Land_Head_pose_matrix-input-array" count="26" stride="1">
              <param name="TIME" type="float"/>
            </accessor>
          </technique_common>
        </source>
        <source id="Skeleton_Land_Head_pose_matrix-output">
          <float_array id="Skeleton_Land_Head_pose_matrix-output-array" count="416">0.990573 0.007304382 0.1367922 -2.98023e-8 -0.03366309 0.9809368 0.1913897 5.96046e-8 -0.1327865 -0.1941903 0.9719352 -2.720016 0 0 0 1 0.9906539 0.00733063 0.1362045 -2.98023e-8 -0.03346348 0.9811002 0.1905858 0 -0.1322331 -0.1933623 0.9721758 -2.720017 0 0 0 1 0.9908857 0.007403752 0.1345028 0 -0.03288811 0.9815692 0.1882567 0 -0.13063 -0.1909644 0.9728661 -2.720016 0 0 0 1 0.9912509 0.007512061 0.1317783 0 -0.03197533 0.9823078 0.184525 1.19209e-7 -0.1280607 -0.1871243 0.9739535 -2.720016 0 0 0 1 0.991729 0.007640446 0.1281218 -5.96046e-8 -0.03076644 0.9832748 0.1795114 -1.19209e-7 -0.1246073 -0.1819685 0.9753771 -2.720016 0 0 0 1 0.9922988 0.007771751 0.1236237 0 -0.02930478 0.9844268 0.1733356 0 -0.1203513 -0.1756234 0.9770732 -2.720016 0 0 0 1 0.9929378 0.007887943 0.1183748 -2.98023e-8 -0.02763453 0.9857188 0.1661171 -1.19209e-7 -0.1153739 -0.1682152 0.9789752 -2.720016 0 0 0 1 0.9936236 0.007971087 0.1124665 2.98023e-8 -0.02579991 0.9871057 0.1579768 -1.19209e-7 -0.1097571 -0.159871 0.9810172 -2.720016 0 0 0 1 0.9943349 0.008004438 0.1059908 -5.96046e-8 -0.02384428 0.9885444 0.1490362 0 -0.1035836 -0.1507192 0.9831348 -2.720016 0 0 0 1 0.9950516 0.007973116 0.09904043 -2.98023e-8 -0.0218094 0.9899934 0.1394193 0 -0.09693771 -0.1408894 0.9852682 -2.720016 0 0 0 1 0.995755 0.007864945 0.0917092 -2.98023e-8 -0.01973478 0.9914157 0.1292516 0 -0.08990535 -0.1305128 0.987362 -2.720016 0 0 0 1 0.9964287 0.007670949 0.08409162 -2.98023e-8 -0.017657 0.9927779 0.118661 0 -0.08257404 -0.1197219 0.9893677 -2.720016 0 0 0 1 0.997059 0.007385871 0.07628288 1.49012e-8 -0.01560942 0.9940526 0.1077773 1.19209e-7 -0.07503316 -0.108651 0.9912442 -2.720016 0 0 0 1 0.9976349 0.00700848 0.06837869 -2.98023e-8 -0.01362162 0.9952173 0.09673241 0 -0.06737369 -0.09743504 0.9929588 -2.720017 0 0 0 1 0.9981485 0.006541772 0.06047499 -1.49012e-8 -0.01171926 0.9962558 0.08566 0 -0.05968816 -0.08621006 0.9944876 -2.720016 0 0 0 1 0.9985942 0.00599297 0.05266762 -2.98023e-8 -0.009923888 0.9971571 0.0746948 -5.96046e-8 -0.05207024 -0.07511242 0.9958147 -2.720016 0 0 0 1 0.9989703 0.005373571 0.04505224 0 -0.008252985 0.9979177 0.06397256 0 -0.04461466 -0.06427851 0.9969343 -2.720016 0 0 0 1 0.9992774 0.004698961 0.03772394 0 -0.006720074 0.9985384 0.05362977 -5.96046e-8 -0.03741679 -0.05384453 0.9978482 -2.720016 0 0 0 1 0.9995185 0.003988198 0.0307771 0 -0.005335005 0.9990261 0.04380274 -2.98023e-8 -0.03057243 -0.04394585 0.9985661 -2.720016 0 0 0 1 0.9996994 0.003263482 0.02430529 -3.72529e-9 -0.004104376 0.9993921 0.03462794 -2.98023e-8 -0.0241775 -0.03471729 0.9991049 -2.720016 0 0 0 1 0.9998276 0.002549569 0.01840111 3.72529e-9 -0.003032069 0.9996513 0.02624118 0 -0.01832778 -0.02629244 0.9994864 -2.720016 0 0 0 1 0.9999119 0.001873055 0.01315639 -1.86265e-9 -0.002119957 0.9998215 0.01877771 -1.49012e-8 -0.01311887 -0.01880394 0.9997373 -2.720017 0 0 0 1 0.9999619 0.001261575 0.008662129 2.79397e-9 -0.001368699 0.9999228 0.01237217 0 -0.008645849 -0.01238355 0.999886 -2.720016 0 0 0 1 0.9999873 7.42859e-4 0.005008925 -1.86265e-9 -7.78706e-4 0.9999742 0.007158469 0 -0.005003477 -0.007162279 0.9999619 -2.720017 0 0 0 1 0.9999975 3.43737e-4 0.002287043 -1.39698e-9 -3.51215e-4 0.9999948 0.003269983 -7.45058e-9 -0.002285907 -0.003270776 0.9999921 -2.720016 0 0 0 1 0.9999999 8.89621e-5 5.87072e-4 -3.49246e-10 -8.9455e-5 0.9999999 8.39561e-4 0 -5.86997e-4 -8.39613e-4 0.9999995 -2.720016 0 0 0 1</float_array>
          <technique_common>
            <accessor source="#Skeleton_Land_Head_pose_matrix-output-array" count="26" stride="16">
              <param name="TRANSFORM" type="float4x4"/>
            </accessor>
          </technique_common>
        </source>
        <source id="Skeleton_Land_Head_pose_matrix-interpolation">
          <Name_array id="Skeleton_Land_Head_pose_matrix-interpolation-array" count="26">LINEAR LINEAR LINEAR LINEAR LINEAR LINEAR LINEAR LINEAR LINEAR LINEAR LINEAR LINEAR LINEAR LINEAR LINEAR LINEAR LINEAR LINEAR LINEAR LINEAR LINEAR LINEAR LINEAR LINEAR LINEAR LINEAR</Name_array>
          <technique_common>
            <accessor source="#Skeleton_Land_Head_pose_matrix-interpolation-array" count="26" stride="1">
              <param name="INTERPOLATION" type="name"/>
            </accessor>
          </technique_common>
        </source>
        <sampler id="Skeleton_Land_Head_pose_matrix-sampler">
          <input semantic="INPUT" source="#Skeleton_Land_Head_pose_matrix-input"/>
          <input semantic="OUTPUT" source="#Skeleton_Land_Head_pose_matrix-output"/>
          <input semantic="INTERPOLATION" source="#Skeleton_Land_Head_pose_matrix-interpolation"/>
        </sampler>
        <channel source="#Skeleton_Land_Head_pose_matrix-sampler" target="Skeleton_Head/transform"/>
      </animation>
      <animation id="Skeleton_Land_UpperArm_R_pose_matrix" name="Skeleton">
        <source id="Skeleton_Land_UpperArm_R_pose_matrix-input">
          <float_array id="Skeleton_Land_UpperArm_R_pose_matrix-input-array" count="26">0.0333333 0.06666666 0.1 0.1333333 0.1666666 0.2 0.2333333 0.2666667 0.3 0.3333333 0.3666667 0.4 0.4333333 0.4666666 0.5 0.5333334 0.5666667 0.6 0.6333333 0.6666667 0.7 0.7333334 0.7666667 0.8 0.8333333 0.8666667</float_array>
          <technique_common>
            <accessor source="#Skeleton_Land_UpperArm_R_pose_matrix-input-array" count="26" stride="1">
              <param name="TIME" type="float"/>
            </accessor>
          </technique_common>
        </source>
        <source id="Skeleton_Land_UpperArm_R_pose_matrix-output">
          <float_array id="Skeleton_Land_UpperArm_R_pose_matrix-output-array" count="416">0.9226757 0.3514248 -0.1586496 -6.55651e-7 -0.3825352 0.885895 -0.2624063 1.19209e-7 0.04833105 0.3028049 0.9518268 -1.815346 0 0 0 1 0.9527404 0.2728764 -0.1335047 5.36442e-7 -0.2948082 0.9365608 -0.1895848 -1.19209e-7 0.07330218 0.2199833 0.972746 -1.815346 0 0 0 1 0.9945202 0.06010973 -0.08553272 4.76837e-7 -0.06851543 0.9927261 -0.09899797 0 0.07895984 0.1043156 0.991405 -1.815346 0 0 0 1 0.9797449 -0.184117 0.07874203 7.15256e-7 0.1939981 0.9701788 -0.1453173 -2.38419e-7 -0.04963836 0.1576494 0.9862467 -1.815346 0 0 0 1 0.8874506 -0.2533109 0.3850518 1.13249e-6 0.367113 0.8936126 -0.2582329 -1.19209e-7 -0.2786738 0.3705263 0.8860312 -1.815346 0 0 0 1 0.819345 -0.2143361 0.5317276 0 0.4195173 0.8562945 -0.3012724 3.57628e-7 -0.3907417 0.4699151 0.7915183 -1.815346 0 0 0 1 0.8064872 -0.2408165 0.5399869 4.17233e-7 0.4291853 0.8666135 -0.2545206 3.57628e-7 -0.4066672 0.4370222 0.8022678 -1.815346 0 0 0 1 0.7916088 -0.2693161 0.5484753 -4.17233e-7 0.4399343 0.874149 -0.2057223 -2.38419e-7 -0.4240447 0.4041444 0.8104655 -1.815346 0 0 0 1 0.7750871 -0.2994879 0.5563697 5.96046e-7 0.4513057 0.878674 -0.1557406 1.19209e-7 -0.4422249 0.3718053 0.8162099 -1.815345 0 0 0 1 0.7573034 -0.3309939 0.5629697 4.76837e-7 0.4629151 0.8801327 -0.1052434 0 -0.4606529 0.3403083 0.81975 -1.815346 0 0 0 1 0.7386155 -0.3633437 0.5678282 1.43051e-6 0.4744584 0.8785591 -0.05498812 -5.96046e-8 -0.4788906 0.310026 0.8213089 -1.815346 0 0 0 1 0.7193484 -0.3960086 0.5707145 7.15256e-7 0.4857084 0.8741024 -0.005679861 0 -0.4966134 0.2812866 0.8211291 -1.815346 0 0 0 1 0.6997852 -0.428407 0.5716363 8.34465e-7 0.4965025 0.86702 0.04197098 -2.38419e-7 -0.5136005 0.2544483 0.8194331 -1.815346 0 0 0 1 0.6801696 -0.4601642 0.5706298 3.57628e-7 0.506731 0.8576411 0.08760937 -5.96046e-8 -0.5297099 0.2295665 0.8165213 -1.815346 0 0 0 1 0.6607105 -0.4908005 0.5679584 1.13249e-6 0.5163206 0.8463569 0.1307381 -1.78814e-7 -0.5448619 0.2068685 0.8126073 -1.815345 0 0 0 1 0.6415932 -0.519959 0.5639156 -1.78814e-7 0.5252247 0.8335963 0.1710453 1.78814e-7 -0.559014 0.186441 0.8079252 -1.815346 0 0 0 1 0.6229904 -0.547348 0.5588323 2.38419e-7 0.5334148 0.8198041 0.2083017 -1.78814e-7 -0.5721466 0.1683195 0.8026937 -1.815346 0 0 0 1 0.6050723 -0.5727342 0.553049 -2.38419e-7 0.5408733 0.805433 0.2423498 -8.9407e-8 -0.5842455 0.1524902 0.7971224 -1.815346 0 0 0 1 0.5880171 -0.5958768 0.5469611 4.76837e-7 0.5475899 0.7909585 0.2730016 -1.19209e-7 -0.5952983 0.1389809 0.7913934 -1.815346 0 0 0 1 0.5720184 -0.6167502 0.5407532 9.53674e-7 0.5535589 0.7767598 0.3003604 -2.98023e-8 -0.6052825 0.1275271 0.7857288 -1.815346 0 0 0 1 0.55729 -0.6351576 0.5347919 9.53674e-7 0.5587761 0.763297 0.3242635 0 -0.6141632 0.1181202 0.7802889 -1.815345 0 0 0 1 0.544069 -0.651014 0.52931 4.76837e-7 0.5632384 0.7509657 0.3446916 5.96046e-8 -0.6218925 0.1105916 0.7752538 -1.815346 0 0 0 1 0.5326157 -0.6642296 0.5245184 5.36442e-7 0.5669408 0.7401494 0.3616036 -2.23517e-8 -0.6284096 0.104775 0.7707942 -1.815346 0 0 0 1 0.523208 -0.6747129 0.5205922 1.49012e-6 0.5698717 0.7312062 0.3749442 -7.45058e-9 -0.6336396 0.1004969 0.767073 -1.815346 0 0 0 1 0.5161356 -0.6823213 0.5177277 1.13249e-6 0.572014 0.7245007 0.384576 0 -0.6374981 0.09765391 0.7642382 -1.815346 0 0 0 1 0.5116897 -0.6870386 0.5158989 6.55651e-7 0.5733367 0.7202574 0.3905305 0 -0.6398892 0.0959532 0.7624531 -1.815345 0 0 0 1</float_array>
          <technique_common>
            <accessor source="#Skeleton_Land_UpperArm_R_pose_matrix-output-array" count="26" stride="16">
              <param name="TRANSFORM" type="float4x4"/>
            </accessor>
          </technique_common>
        </source>
        <source id="Skeleton_Land_UpperArm_R_pose_matrix-interpolation">
          <Name_array id="Skeleton_Land_UpperArm_R_pose_matrix-interpolation-array" count="26">LINEAR LINEAR LINEAR LINEAR LINEAR LINEAR LINEAR LINEAR LINEAR LINEAR LINEAR LINEAR LINEAR LINEAR LINEAR LINEAR LINEAR LINEAR LINEAR LINEAR LINEAR LINEAR LINEAR LINEAR LINEAR LINEAR</Name_array>
          <technique_common>
            <accessor source="#Skeleton_Land_UpperArm_R_pose_matrix-interpolation-array" count="26" stride="1">
              <param name="INTERPOLATION" type="name"/>
            </accessor>
          </technique_common>
        </source>
        <sampler id="Skeleton_Land_UpperArm_R_pose_matrix-sampler">
          <input semantic="INPUT" source="#Skeleton_Land_UpperArm_R_pose_matrix-input"/>
          <input semantic="OUTPUT" source="#Skeleton_Land_UpperArm_R_pose_matrix-output"/>
          <input semantic="INTERPOLATION" source="#Skeleton_Land_UpperArm_R_pose_matrix-interpolation"/>
        </sampler>
        <channel source="#Skeleton_Land_UpperArm_R_pose_matrix-sampler" target="Skeleton_UpperArm_R/transform"/>
      </animation>
      <animation id="Skeleton_Land_LowerArm_R_pose_matrix" name="Skeleton">
        <source id="Skeleton_Land_LowerArm_R_pose_matrix-input">
          <float_array id="Skeleton_Land_LowerArm_R_pose_matrix-input-array" count="26">0.0333333 0.06666666 0.1 0.1333333 0.1666666 0.2 0.2333333 0.2666667 0.3 0.3333333 0.3666667 0.4 0.4333333 0.4666666 0.5 0.5333334 0.5666667 0.6 0.6333333 0.6666667 0.7 0.7333334 0.7666667 0.8 0.8333333 0.8666667</float_array>
          <technique_common>
            <accessor source="#Skeleton_Land_LowerArm_R_pose_matrix-input-array" count="26" stride="1">
              <param name="TIME" type="float"/>
            </accessor>
          </technique_common>
        </source>
        <source id="Skeleton_Land_LowerArm_R_pose_matrix-output">
          <float_array id="Skeleton_Land_LowerArm_R_pose_matrix-output-array" count="416">1 1.19209e-6 1.20699e-6 -7.7486e-7 5.06639e-7 0.4591974 -0.8883343 -5.96046e-8 -1.65403e-6 0.8883339 0.4591973 -2.089515 0 0 0 1 1 1.43051e-6 1.33016e-6 7.15256e-7 7.63685e-7 0.3113492 -0.9502957 -5.96046e-8 -1.77324e-6 0.9502953 0.3113491 -2.089516 0 0 0 1 0.9999998 1.77324e-6 1.49012e-6 3.57628e-7 1.2815e-6 0.05412714 -0.9985343 -5.96046e-8 -1.86265e-6 0.9985338 0.05412705 -2.089515 0 0 0 1 0.9999998 1.84774e-6 1.2219e-6 -7.15256e-7 1.49012e-6 -0.0283937 -0.9995973 5.96046e-8 -1.84774e-6 0.9995967 -0.02839382 -2.089515 0 0 0 1 0.9999998 1.72853e-6 1.51992e-6 2.38419e-7 1.01328e-6 0.1901174 -0.9817616 0 -1.87755e-6 0.9817615 0.1901174 -2.089515 0 0 0 1 0.9999998 1.3411e-6 1.3411e-6 4.76837e-7 6.25849e-7 0.3739626 -0.9274434 0 -1.69873e-6 0.9274436 0.3739626 -2.089515 0 0 0 1 0.9999999 1.3411e-6 1.43051e-6 -4.76837e-7 7.30157e-7 0.3480999 -0.9374579 1.78814e-7 -1.81794e-6 0.9374577 0.3481 -2.089516 0 0 0 1 0.9999995 1.2666e-6 1.3411e-6 0 7.59959e-7 0.3301262 -0.9439368 1.78814e-7 -1.69873e-6 0.9439362 0.3301261 -2.089515 0 0 0 1 1 1.41561e-6 1.2815e-6 4.76837e-7 7.45058e-7 0.3197958 -0.9474868 -5.96046e-8 -1.69873e-6 0.9474862 0.3197955 -2.089514 0 0 0 1 0.9999998 1.37091e-6 1.43051e-6 2.38419e-7 8.34465e-7 0.3163766 -0.9486343 0 -1.72853e-6 0.9486334 0.3163763 -2.089515 0 0 0 1 1 1.37091e-6 1.40071e-6 -2.38419e-7 7.30157e-7 0.3192345 -0.9476757 5.96046e-8 -1.81794e-6 0.9476753 0.3192344 -2.089515 0 0 0 1 0.9999998 1.40071e-6 1.37091e-6 -7.15256e-7 8.49366e-7 0.3276708 -0.944792 2.98023e-7 -1.75834e-6 0.9447919 0.3276709 -2.089515 0 0 0 1 1 1.46031e-6 1.2815e-6 -2.38419e-7 8.04663e-7 0.3410893 -0.940031 -1.19209e-7 -1.72853e-6 0.9400309 0.3410893 -2.089515 0 0 0 1 0.9999998 1.38581e-6 1.43051e-6 -4.76837e-7 8.34465e-7 0.358428 -0.9335576 0 -1.75834e-6 0.933557 0.3584279 -2.089515 0 0 0 1 1 1.2219e-6 1.3411e-6 -2.38419e-7 5.36442e-7 0.3790172 -0.9253899 -5.96046e-8 -1.80304e-6 0.9253894 0.379017 -2.089515 0 0 0 1 0.9999999 1.2666e-6 1.2517e-6 2.38419e-7 7.00355e-7 0.4020331 -0.915625 -1.19209e-7 -1.63913e-6 0.9156254 0.4020334 -2.089515 0 0 0 1 0.9999999 1.2815e-6 1.2517e-6 1.19209e-6 6.70552e-7 0.4266637 -0.9044108 -1.19209e-7 -1.63913e-6 0.9044105 0.4266637 -2.089515 0 0 0 1 1 1.2517e-6 1.20699e-6 0 5.51343e-7 0.4521109 -0.8919621 1.19209e-7 -1.71363e-6 0.8919616 0.4521108 -2.089515 0 0 0 1 1 1.18464e-6 1.2368e-6 -4.76837e-7 5.06639e-7 0.4777574 -0.878492 0 -1.66893e-6 0.8784921 0.4777575 -2.089515 0 0 0 1 0.9999998 1.18464e-6 1.19209e-6 -5.96046e-7 4.91738e-7 0.5025544 -0.8645461 1.19209e-7 -1.62423e-6 0.8645457 0.5025542 -2.089515 0 0 0 1 0.9999999 1.07288e-6 1.14739e-6 2.38419e-7 4.17233e-7 0.5260157 -0.8504748 2.38419e-7 -1.59442e-6 0.8504747 0.5260159 -2.089514 0 0 0 1 1 1.11014e-6 1.11759e-6 1.19209e-7 3.72529e-7 0.5474504 -0.8368387 2.38419e-7 -1.56462e-6 0.8368381 0.5474502 -2.089514 0 0 0 1 1 1.04308e-6 1.2219e-6 1.19209e-7 3.42727e-7 0.5662411 -0.82424 2.38419e-7 -1.49012e-6 0.8242396 0.5662408 -2.089514 0 0 0 1 1 9.68575e-7 1.13249e-6 0 3.12924e-7 0.5818076 -0.8133264 2.38419e-7 -1.53482e-6 0.8133258 0.581808 -2.089515 0 0 0 1 0.9999998 9.68575e-7 1.11759e-6 2.38419e-7 2.98023e-7 0.5937108 -0.8046789 0 -1.49012e-6 0.8046782 0.5937105 -2.089514 0 0 0 1 1 1.017e-6 1.08778e-6 -7.15256e-7 3.12924e-7 0.6011396 -0.7991447 0 -1.47521e-6 0.7991443 0.6011393 -2.089515 0 0 0 1</float_array>
          <technique_common>
            <accessor source="#Skeleton_Land_LowerArm_R_pose_matrix-output-array" count="26" stride="16">
              <param name="TRANSFORM" type="float4x4"/>
            </accessor>
          </technique_common>
        </source>
        <source id="Skeleton_Land_LowerArm_R_pose_matrix-interpolation">
          <Name_array id="Skeleton_Land_LowerArm_R_pose_matrix-interpolation-array" count="26">LINEAR LINEAR LINEAR LINEAR LINEAR LINEAR LINEAR LINEAR LINEAR LINEAR LINEAR LINEAR LINEAR LINEAR LINEAR LINEAR LINEAR LINEAR LINEAR LINEAR LINEAR LINEAR LINEAR LINEAR LINEAR LINEAR</Name_array>
          <technique_common>
            <accessor source="#Skeleton_Land_LowerArm_R_pose_matrix-interpolation-array" count="26" stride="1">
              <param name="INTERPOLATION" type="name"/>
            </accessor>
          </technique_common>
        </source>
        <sampler id="Skeleton_Land_LowerArm_R_pose_matrix-sampler">
          <input semantic="INPUT" source="#Skeleton_Land_LowerArm_R_pose_matrix-input"/>
          <input semantic="OUTPUT" source="#Skeleton_Land_LowerArm_R_pose_matrix-output"/>
          <input semantic="INTERPOLATION" source="#Skeleton_Land_LowerArm_R_pose_matrix-interpolation"/>
        </sampler>
        <channel source="#Skeleton_Land_LowerArm_R_pose_matrix-sampler" target="Skeleton_LowerArm_R/transform"/>
      </animation>
      <animation id="Skeleton_Land_UpperLeg_L_pose_matrix" name="Skeleton">
        <source id="Skeleton_Land_UpperLeg_L_pose_matrix-input">
          <float_array id="Skeleton_Land_UpperLeg_L_pose_matrix-input-array" count="26">0.0333333 0.06666666 0.1 0.1333333 0.1666666 0.2 0.2333333 0.2666667 0.3 0.3333333 0.3666667 0.4 0.4333333 0.4666666 0.5 0.5333334 0.5666667 0.6 0.6333333 0.6666667 0.7 0.7333334 0.7666667 0.8 0.8333333 0.8666667</float_array>
          <technique_common>
            <accessor source="#Skeleton_Land_UpperLeg_L_pose_matrix-input-array" count="26" stride="1">
              <param name="TIME" type="float"/>
            </accessor>
          </technique_common>
        </source>
        <source id="Skeleton_Land_UpperLeg_L_pose_matrix-output">
          <float_array id="Skeleton_Land_UpperLeg_L_pose_matrix-output-array" count="416">-0.9999368 -0.009394979 -0.006226324 1.15515 9.68996e-4 0.4790214 -0.8778258 4.0592e-7 0.011228 -0.8777869 -0.4789513 -0.3102262 0 0 0 1 -0.9999421 -0.005622061 -0.009210076 1.15515 0.004345356 0.5717859 -0.8204199 4.0592e-7 0.009877204 -0.82042 -0.5716969 -0.310226 0 0 0 1 -0.9999359 -0.004403494 -0.01045432 1.15515 0.004313904 0.7050076 -0.7092262 4.0592e-7 0.01049239 -0.709228 -0.7049115 -0.310226 0 0 0 1 -0.9999056 -0.005883665 -0.01242837 1.15515 0.005318124 0.6682764 -0.7439321 4.0592e-7 0.01268171 -0.7439252 -0.668153 -0.310226 0 0 0 1 -0.999864 -0.00857979 -0.01410576 1.15515 0.007555995 0.5220861 -0.8528904 4.0592e-7 0.01468103 -0.8528755 -0.5219251 -0.310226 0 0 0 1 -0.9998502 -0.009452001 -0.01451442 1.15515 0.008260767 0.4765487 -0.8791388 4.0592e-7 0.01522541 -0.8791209 -0.4763755 -0.3102262 0 0 0 1 -0.9998512 -0.009382897 -0.01449368 1.15515 0.008243911 0.478377 -0.8781456 4.0592e-7 0.01517195 -0.8781284 -0.4782045 -0.3102262 0 0 0 1 -0.999854 -0.009185249 -0.01443262 1.15515 0.008193308 0.4837266 -0.8752106 4.0592e-7 0.01501942 -0.8751951 -0.4835564 -0.3102262 0 0 0 1 -0.9998583 -0.008871594 -0.01433006 1.15515 0.008104375 0.4926594 -0.8702145 4.0592e-7 0.01477897 -0.8702018 -0.4924929 -0.310226 0 0 0 1 -0.9998639 -0.008463215 -0.01418632 1.15515 0.007978575 0.5048 -0.8632298 4.0592e-7 0.01446589 -0.8632205 -0.5046383 -0.310226 0 0 0 1 -0.9998705 -0.007972339 -0.01399703 1.15515 0.007809575 0.5203154 -0.8539692 4.0592e-7 0.01408993 -0.8539637 -0.5201596 -0.310226 0 0 0 1 -0.9998782 -0.007413797 -0.01375836 1.15515 0.007595073 0.5391337 -0.8422173 4.0592e-7 0.01366054 -0.8422157 -0.5389848 -0.310226 0 0 0 1 -0.9998865 -0.006801067 -0.01346586 1.15515 0.007333996 0.5611456 -0.8277166 4.0592e-7 0.01318458 -0.8277187 -0.5610043 -0.3102259 0 0 0 1 -0.9998954 -0.006146831 -0.01311509 1.15515 0.007027199 0.586157 -0.8102001 4.0592e-7 0.01266657 -0.8102058 -0.5860238 -0.3102261 0 0 0 1 -0.9999046 -0.00546758 -0.01270518 1.15515 0.006681543 0.6136063 -0.789618 4.0592e-7 0.01211219 -0.7896267 -0.6134818 -0.310226 0 0 0 1 -0.9999141 -0.004771465 -0.01223099 1.15515 0.006298512 0.6433317 -0.7655972 4.0592e-7 0.01152052 -0.7656088 -0.643216 -0.310226 0 0 0 1 -0.9999235 -0.004073886 -0.01169411 1.15515 0.005888043 0.6746212 -0.738178 4.0592e-7 0.01089527 -0.7381918 -0.6745144 -0.310226 0 0 0 1 -0.9999331 -0.003383301 -0.01109236 1.15515 0.005455177 0.7071135 -0.7071186 4.0592e-7 0.01023489 -0.7071342 -0.7070156 -0.310226 0 0 0 1 -0.9999422 -0.002713273 -0.01043018 1.15515 0.005010869 0.7400571 -0.6725675 4.0592e-7 0.009542734 -0.6725846 -0.7399682 -0.310226 0 0 0 1 -0.999951 -0.002072853 -0.009710041 1.15515 0.004562831 0.772929 -0.6345218 4.0592e-7 0.008819403 -0.6345398 -0.7728484 -0.310226 0 0 0 1 -0.9999592 -0.001474326 -0.008941433 1.15515 0.004122678 0.8049433 -0.5933871 4.0592e-7 0.008071172 -0.5934057 -0.8048705 -0.310226 0 0 0 1 -0.9999667 -9.28911e-4 -0.008137886 1.15515 0.00370187 0.8353266 -0.549796 4.0592e-7 0.007307504 -0.5498149 -0.8352612 -0.310226 0 0 0 1 -0.9999734 -4.48343e-4 -0.007321699 1.15515 0.00331332 0.8632056 -0.5049022 4.0592e-7 0.006545521 -0.504921 -0.8631467 -0.310226 0 0 0 1 -0.9999789 -4.55317e-5 -0.00653056 1.15515 0.002972355 0.8875392 -0.4607896 4.0592e-7 0.00581615 -0.4608082 -0.887486 -0.310226 0 0 0 1 -0.9999833 2.64993e-4 -0.005827362 1.15515 0.002697688 0.9070529 -0.4210821 4.0592e-7 0.005173204 -0.4211005 -0.907004 -0.310226 0 0 0 1 -0.999986 4.65584e-4 -0.005313263 1.15515 0.002513388 0.9201008 -0.3917541 4.0592e-7 0.00470542 -0.3917722 -0.9200546 -0.310226 0 0 0 1</float_array>
          <technique_common>
            <accessor source="#Skeleton_Land_UpperLeg_L_pose_matrix-output-array" count="26" stride="16">
              <param name="TRANSFORM" type="float4x4"/>
            </accessor>
          </technique_common>
        </source>
        <source id="Skeleton_Land_UpperLeg_L_pose_matrix-interpolation">
          <Name_array id="Skeleton_Land_UpperLeg_L_pose_matrix-interpolation-array" count="26">LINEAR LINEAR LINEAR LINEAR LINEAR LINEAR LINEAR LINEAR LINEAR LINEAR LINEAR LINEAR LINEAR LINEAR LINEAR LINEAR LINEAR LINEAR LINEAR LINEAR LINEAR LINEAR LINEAR LINEAR LINEAR LINEAR</Name_array>
          <technique_common>
            <accessor source="#Skeleton_Land_UpperLeg_L_pose_matrix-interpolation-array" count="26" stride="1">
              <param name="INTERPOLATION" type="name"/>
            </accessor>
          </technique_common>
        </source>
        <sampler id="Skeleton_Land_UpperLeg_L_pose_matrix-sampler">
          <input semantic="INPUT" source="#Skeleton_Land_UpperLeg_L_pose_matrix-input"/>
          <input semantic="OUTPUT" source="#Skeleton_Land_UpperLeg_L_pose_matrix-output"/>
          <input semantic="INTERPOLATION" source="#Skeleton_Land_UpperLeg_L_pose_matrix-interpolation"/>
        </sampler>
        <channel source="#Skeleton_Land_UpperLeg_L_pose_matrix-sampler" target="Skeleton_UpperLeg_L/transform"/>
      </animation>
      <animation id="Skeleton_Land_LowerLeg_L_pose_matrix" name="Skeleton">
        <source id="Skeleton_Land_LowerLeg_L_pose_matrix-input">
          <float_array id="Skeleton_Land_LowerLeg_L_pose_matrix-input-array" count="26">0.0333333 0.06666666 0.1 0.1333333 0.1666666 0.2 0.2333333 0.2666667 0.3 0.3333333 0.3666667 0.4 0.4333333 0.4666666 0.5 0.5333334 0.5666667 0.6 0.6333333 0.6666667 0.7 0.7333334 0.7666667 0.8 0.8333333 0.8666667</float_array>
          <technique_common>
            <accessor source="#Skeleton_Land_LowerLeg_L_pose_matrix-input-array" count="26" stride="1">
              <param name="TIME" type="float"/>
            </accessor>
          </technique_common>
        </source>
        <source id="Skeleton_Land_LowerLeg_L_pose_matrix-output">
          <float_array id="Skeleton_Land_LowerLeg_L_pose_matrix-output-array" count="416">0.9998414 0.0107658 -0.01416977 -1.19209e-7 0.01077494 0.2674413 0.9634871 5.96046e-8 0.01416242 -0.9635312 0.2672985 -2.008585 0 0 0 1 0.9998425 0.01068811 -0.01414798 0 0.01069729 0.2727247 0.9620058 1.19209e-7 0.01414065 -0.9620501 0.272583 -2.008585 0 0 0 1 0.9998372 0.01104848 -0.01424516 0 0.01105745 0.2482211 0.9686135 -5.96046e-8 0.01423777 -0.9686583 0.2480739 -2.008585 0 0 0 1 0.9997766 0.01517634 -0.01469697 0 0.01518297 -0.03245708 0.999336 -5.96046e-8 0.0146893 -0.9993778 -0.03266618 -2.008585 0 0 0 1 0.9997062 0.01997852 -0.01372305 0 0.01998242 -0.358986 0.9331168 5.96046e-8 0.01371583 -0.9331506 -0.3592661 -2.008585 0 0 0 1 0.9996874 0.02123971 -0.01316831 -1.19209e-7 0.02124289 -0.4447428 0.8953977 5.96046e-8 0.01316136 -0.8954281 -0.4450413 -2.008585 0 0 0 1 0.9996887 0.02115058 -0.01321223 1.19209e-7 0.0211538 -0.438682 0.8983843 5.96046e-8 0.01320526 -0.8984152 -0.4389792 -2.008585 0 0 0 1 0.9996924 0.02089191 -0.01333551 0 0.02089528 -0.4210936 0.9067665 -5.96046e-8 0.01332848 -0.9067981 -0.4213871 -2.008585 0 0 0 1 0.9996988 0.02047108 -0.01352311 0 0.02047469 -0.3924783 0.9195223 0 0.01351599 -0.9195551 -0.3927658 -2.008585 0 0 0 1 0.9997072 0.0199003 -0.0137529 -2.38419e-7 0.01990424 -0.3536676 0.9351469 -5.96046e-8 0.01374567 -0.9351811 -0.3539466 -2.008585 0 0 0 1 0.9997177 0.01918252 -0.01400356 0 0.01918687 -0.304861 0.9521893 -5.96046e-8 0.01399619 -0.952225 -0.3051296 -2.008585 0 0 0 1 0.9997303 0.01832356 -0.01425027 0 0.01832839 -0.2464549 0.9689646 0 0.0142428 -0.9690021 -0.2467109 -2.008584 0 0 0 1 0.9997449 0.0173295 -0.01446704 0 0.01733491 -0.1788634 0.983703 2.38419e-7 0.01445946 -0.983742 -0.1791045 -2.008585 0 0 0 1 0.9997614 0.01620855 -0.01462681 -1.19209e-7 0.0162146 -0.1026434 0.9945658 -1.19209e-7 0.01461916 -0.9946064 -0.1028679 -2.008585 0 0 0 1 0.9997795 0.01497901 -0.01470209 0 0.01498576 -0.01903945 0.9996844 2.38419e-7 0.01469442 -0.9997261 -0.01924562 -2.008585 0 0 0 1 0.9997991 0.01365117 -0.01466764 0 0.01365868 0.07124791 0.9973411 0 0.01466001 -0.9973844 0.07106194 -2.008585 0 0 0 1 0.9998196 0.01225211 -0.01450027 -1.19209e-7 0.0122604 0.1663786 0.9859602 5.96046e-8 0.01449274 -0.9860044 0.1662136 -2.008585 0 0 0 1 0.9998409 0.01080196 -0.01417975 0 0.01081108 0.2649832 0.9641657 1.19209e-7 0.01417239 -0.9642102 0.2648397 -2.008585 0 0 0 1 0.9998625 0.009335192 -0.01369263 0 0.009345144 0.364718 0.9310437 -1.19209e-7 0.01368554 -0.9310877 0.3645959 -2.008584 0 0 0 1 0.9998837 0.007881677 -0.01303029 1.19209e-7 0.007892448 0.4635523 0.886007 0 0.01302354 -0.88605 0.4634508 -2.008584 0 0 0 1 0.9999045 0.006481891 -0.01219624 1.19209e-7 0.006493459 0.5587335 0.8292956 0 0.01218993 -0.8293365 0.5586512 -2.008585 0 0 0 1 0.9999238 0.005176836 -0.01120721 -1.19209e-7 0.00518915 0.6474736 0.7620463 5.96046e-8 0.01120142 -0.7620835 0.6474084 -2.008585 0 0 0 1 0.9999408 0.004009946 -0.01010052 0 0.004022928 0.7268191 0.6867968 -5.96046e-8 0.0100953 -0.6868293 0.7267683 -2.008585 0 0 0 1 0.9999551 0.003026513 -0.008946064 1.19209e-7 0.003040061 0.7936898 0.608299 5.96046e-8 0.008941432 -0.6083258 0.7936511 -2.008585 0 0 0 1 0.9999663 0.002271439 -0.00786362 -1.19209e-7 0.002285424 0.8450326 0.5346981 5.96046e-8 0.007859548 -0.5347193 0.8450027 -2.008584 0 0 0 1 0.9999734 0.001789116 -0.00704392 0 0.001803379 0.877829 0.4789622 0 0.007040268 -0.4789792 0.877805 -2.008585 0 0 0 1</float_array>
          <technique_common>
            <accessor source="#Skeleton_Land_LowerLeg_L_pose_matrix-output-array" count="26" stride="16">
              <param name="TRANSFORM" type="float4x4"/>
            </accessor>
          </technique_common>
        </source>
        <source id="Skeleton_Land_LowerLeg_L_pose_matrix-interpolation">
          <Name_array id="Skeleton_Land_LowerLeg_L_pose_matrix-interpolation-array" count="26">LINEAR LINEAR LINEAR LINEAR LINEAR LINEAR LINEAR LINEAR LINEAR LINEAR LINEAR LINEAR LINEAR LINEAR LINEAR LINEAR LINEAR LINEAR LINEAR LINEAR LINEAR LINEAR LINEAR LINEAR LINEAR LINEAR</Name_array>
          <technique_common>
            <accessor source="#Skeleton_Land_LowerLeg_L_pose_matrix-interpolation-array" count="26" stride="1">
              <param name="INTERPOLATION" type="name"/>
            </accessor>
          </technique_common>
        </source>
        <sampler id="Skeleton_Land_LowerLeg_L_pose_matrix-sampler">
          <input semantic="INPUT" source="#Skeleton_Land_LowerLeg_L_pose_matrix-input"/>
          <input semantic="OUTPUT" source="#Skeleton_Land_LowerLeg_L_pose_matrix-output"/>
          <input semantic="INTERPOLATION" source="#Skeleton_Land_LowerLeg_L_pose_matrix-interpolation"/>
        </sampler>
        <channel source="#Skeleton_Land_LowerLeg_L_pose_matrix-sampler" target="Skeleton_LowerLeg_L/transform"/>
      </animation>
      <animation id="Skeleton_Land_UpperLeg_R_pose_matrix" name="Skeleton">
        <source id="Skeleton_Land_UpperLeg_R_pose_matrix-input">
          <float_array id="Skeleton_Land_UpperLeg_R_pose_matrix-input-array" count="26">0.0333333 0.06666666 0.1 0.1333333 0.1666666 0.2 0.2333333 0.2666667 0.3 0.3333333 0.3666667 0.4 0.4333333 0.4666666 0.5 0.5333334 0.5666667 0.6 0.6333333 0.6666667 0.7 0.7333334 0.7666667 0.8 0.8333333 0.8666667</float_array>
          <technique_common>
            <accessor source="#Skeleton_Land_UpperLeg_R_pose_matrix-input-array" count="26" stride="1">
              <param name="TIME" type="float"/>
            </accessor>
          </technique_common>
        </source>
        <source id="Skeleton_Land_UpperLeg_R_pose_matrix-output">
          <float_array id="Skeleton_Land_UpperLeg_R_pose_matrix-output-array" count="416">-0.9359898 0.3293498 -0.1243469 -1.15515 0.3082632 0.5962574 -0.74128 4.0592e-7 -0.1699916 -0.7321649 -0.659586 -0.3102262 0 0 0 1 -0.9785305 0.2002835 -0.04867048 -1.15515 0.1742953 0.6781235 -0.7140179 4.0592e-7 -0.1099972 -0.7071742 -0.6984413 -0.310226 0 0 0 1 -0.9985682 0.05325535 0.005131796 -1.15515 0.03644525 0.7474184 -0.663397 4.0592e-7 -0.03916318 -0.6622609 -0.7482572 -0.310226 0 0 0 1 -0.9999056 0.005883607 0.01242843 -1.15515 -0.005318212 0.6682764 -0.7439321 4.0592e-7 -0.01268171 -0.7439252 -0.668153 -0.310226 0 0 0 1 -0.999864 0.008579744 0.01410584 -1.15515 -0.007556083 0.5220861 -0.8528904 4.0592e-7 -0.01468103 -0.8528755 -0.5219251 -0.310226 0 0 0 1 -0.9998502 0.009451961 0.01451449 -1.15515 -0.008260855 0.4765488 -0.8791388 4.0592e-7 -0.01522541 -0.879121 -0.4763755 -0.3102262 0 0 0 1 -0.9998512 0.009380138 0.01449875 -1.15515 -0.008204559 0.4809841 -0.8767207 4.0592e-7 -0.01519639 -0.876703 -0.4808116 -0.3102262 0 0 0 1 -0.9998537 0.009175053 0.01445109 -1.15515 -0.008043936 0.4935983 -0.869683 4.0592e-7 -0.0151114 -0.869666 -0.4934281 -0.3102262 0 0 0 1 -0.9998579 0.00885064 0.01436721 -1.15515 -0.007790069 0.5133973 -0.8581465 4.0592e-7 -0.01497023 -0.8581306 -0.5132308 -0.310226 0 0 0 1 -0.9998633 0.008429853 0.01424403 -1.15515 -0.007462196 0.5388075 -0.8424277 4.0592e-7 -0.01477536 -0.8424129 -0.5386459 -0.310226 0 0 0 1 -0.9998698 0.007926538 0.01407427 -1.15515 -0.007071827 0.5687969 -0.8224808 4.0592e-7 -0.01452388 -0.8224675 -0.568641 -0.310226 0 0 0 1 -0.9998772 0.007356944 0.01385214 -1.15515 -0.006632916 0.6022062 -0.7983477 4.0592e-7 -0.01421433 -0.7983363 -0.602057 -0.310226 0 0 0 1 -0.9998855 0.00673565 0.01357229 -1.15515 -0.006158237 0.6380064 -0.770043 4.0592e-7 -0.01384507 -0.7700333 -0.6378648 -0.3102259 0 0 0 1 -0.9998943 0.006076011 0.01323027 -1.15515 -0.005659686 0.6752762 -0.7375823 4.0592e-7 -0.0134148 -0.7375745 -0.6751423 -0.3102261 0 0 0 1 -0.9999035 0.005394957 0.0128259 -1.15515 -0.005152068 0.7129371 -0.7012509 4.0592e-7 -0.01292648 -0.701245 -0.7128115 -0.310226 0 0 0 1 -0.9999129 0.004700648 0.01235517 -1.15515 -0.004642901 0.7504383 -0.6609697 4.0592e-7 -0.01237802 -0.6609656 -0.7503214 -0.310226 0 0 0 1 -0.9999223 0.004008282 0.01182102 -1.15515 -0.00414516 0.7868803 -0.6171415 4.0592e-7 -0.01177468 -0.6171392 -0.786772 -0.310226 0 0 0 1 -0.9999318 0.003325916 0.01122268 -1.15515 -0.003665891 0.8217819 -0.5698454 4.0592e-7 -0.01111717 -0.5698448 -0.8216822 -0.310226 0 0 0 1 -0.9999409 0.00266653 0.01056599 -1.15515 -0.003215556 0.8544382 -0.5196047 4.0592e-7 -0.01041288 -0.5196058 -0.8543469 -0.310226 0 0 0 1 -0.9999496 0.002038579 0.009854897 -1.15515 -0.002800736 0.8844129 -0.4667666 4.0592e-7 -0.009666731 -0.4667691 -0.8843297 -0.310226 0 0 0 1 -0.9999577 0.001453645 0.009100267 -1.15515 -0.002429651 0.9111599 -0.4121264 4.0592e-7 -0.008890312 -0.4121301 -0.9110844 -0.310226 0 0 0 1 -0.9999652 9.21834e-4 0.008316327 -1.15515 -0.002108529 0.9342675 -0.3566616 4.0592e-7 -0.008097921 -0.3566664 -0.9341988 -0.310226 0 0 0 1 -0.9999719 4.55771e-4 0.007529352 -1.15515 -0.001843792 0.9533084 -0.3021058 4.0592e-7 -0.007314988 -0.3021114 -0.9532461 -0.310226 0 0 0 1 -0.9999773 6.56613e-5 0.006774132 -1.15515 -0.001638156 0.9681049 -0.250678 4.0592e-7 -0.006574063 -0.2506843 -0.9680478 -0.310226 0 0 0 1 -0.9999816 -2.33869e-4 0.006113036 -1.15515 -0.00149368 0.9785185 -0.2063221 4.0592e-7 -0.005933027 -0.2063288 -0.9784657 -0.310226 0 0 0 1 -0.9999843 -4.26658e-4 0.00563748 -1.15515 -0.001408916 0.9846446 -0.1747658 4.0592e-7 -0.005475929 -0.1747727 -0.9845944 -0.310226 0 0 0 1</float_array>
          <technique_common>
            <accessor source="#Skeleton_Land_UpperLeg_R_pose_matrix-output-array" count="26" stride="16">
              <param name="TRANSFORM" type="float4x4"/>
            </accessor>
          </technique_common>
        </source>
        <source id="Skeleton_Land_UpperLeg_R_pose_matrix-interpolation">
          <Name_array id="Skeleton_Land_UpperLeg_R_pose_matrix-interpolation-array" count="26">LINEAR LINEAR LINEAR LINEAR LINEAR LINEAR LINEAR LINEAR LINEAR LINEAR LINEAR LINEAR LINEAR LINEAR LINEAR LINEAR LINEAR LINEAR LINEAR LINEAR LINEAR LINEAR LINEAR LINEAR LINEAR LINEAR</Name_array>
          <technique_common>
            <accessor source="#Skeleton_Land_UpperLeg_R_pose_matrix-interpolation-array" count="26" stride="1">
              <param name="INTERPOLATION" type="name"/>
            </accessor>
          </technique_common>
        </source>
        <sampler id="Skeleton_Land_UpperLeg_R_pose_matrix-sampler">
          <input semantic="INPUT" source="#Skeleton_Land_UpperLeg_R_pose_matrix-input"/>
          <input semantic="OUTPUT" source="#Skeleton_Land_UpperLeg_R_pose_matrix-output"/>
          <input semantic="INTERPOLATION" source="#Skeleton_Land_UpperLeg_R_pose_matrix-interpolation"/>
        </sampler>
        <channel source="#Skeleton_Land_UpperLeg_R_pose_matrix-sampler" target="Skeleton_UpperLeg_R/transform"/>
      </animation>
      <animation id="Skeleton_Land_LowerLeg_R_pose_matrix" name="Skeleton">
        <source id="Skeleton_Land_LowerLeg_R_pose_matrix-input">
          <float_array id="Skeleton_Land_LowerLeg_R_pose_matrix-input-array" count="26">0.0333333 0.06666666 0.1 0.1333333 0.1666666 0.2 0.2333333 0.2666667 0.3 0.3333333 0.3666667 0.4 0.4333333 0.4666666 0.5 0.5333334 0.5666667 0.6 0.6333333 0.6666667 0.7 0.7333334 0.7666667 0.8 0.8333333 0.8666667</float_array>
          <technique_common>
            <accessor source="#Skeleton_Land_LowerLeg_R_pose_matrix-input-array" count="26" stride="1">
              <param name="TIME" type="float"/>
            </accessor>
          </technique_common>
        </source>
        <source id="Skeleton_Land_LowerLeg_R_pose_matrix-output">
          <float_array id="Skeleton_Land_LowerLeg_R_pose_matrix-output-array" count="416">0.999836 -0.0111343 0.01426691 1.19209e-7 -0.01114322 0.2423839 0.9700899 0 -0.0142595 -0.9701344 0.2422355 -2.008585 0 0 0 1 0.9998445 -0.01055777 0.01411039 1.19209e-7 -0.01056702 0.2815872 0.9594502 -2.38419e-7 -0.01410307 -0.9594949 0.2814475 -2.008584 0 0 0 1 0.9998416 -0.01075876 0.01416782 1.19209e-7 -0.01076789 0.2679209 0.9633541 1.19209e-7 -0.01416046 -0.9633986 0.267778 -2.008585 0 0 0 1 0.9997766 -0.01517634 0.01469697 1.19209e-7 -0.01518297 -0.03245708 0.999336 -5.96046e-8 -0.0146893 -0.9993778 -0.03266618 -2.008585 0 0 0 1 0.9997062 -0.01997852 0.01372305 2.38419e-7 -0.01998242 -0.358986 0.9331168 5.96046e-8 -0.01371583 -0.9331506 -0.3592661 -2.008585 0 0 0 1 0.9996874 -0.02123971 0.01316831 0 -0.02124288 -0.4447428 0.8953975 5.96046e-8 -0.01316136 -0.8954281 -0.4450412 -2.008584 0 0 0 1 0.9996887 -0.02115059 0.01321223 1.19209e-7 -0.02115382 -0.4386829 0.898384 5.96046e-8 -0.01320526 -0.8984146 -0.4389799 -2.008585 0 0 0 1 0.9996925 -0.0208921 0.01333543 -1.19209e-7 -0.02089547 -0.421106 0.9067609 5.96046e-8 -0.0133284 -0.9067925 -0.4213995 -2.008585 0 0 0 1 0.9996988 -0.02047194 0.01352275 -1.19209e-7 -0.02047556 -0.3925368 0.9194973 0 -0.01351562 -0.9195302 -0.3928242 -2.008585 0 0 0 1 0.9997073 -0.01990283 0.01375195 1.19209e-7 -0.01990677 -0.3538395 0.9350818 -5.96046e-8 -0.01374471 -0.9351158 -0.3541186 -2.008585 0 0 0 1 0.9997176 -0.01918825 0.01400172 0 -0.0191926 -0.3052508 0.9520644 -5.96046e-8 -0.01399436 -0.9520998 -0.3055194 -2.008584 0 0 0 1 0.9997301 -0.01833457 0.01424747 1.19209e-7 -0.01833939 -0.2472034 0.9687738 5.96046e-8 -0.01423999 -0.9688112 -0.2474594 -2.008585 0 0 0 1 0.9997448 -0.01734835 0.01446359 1.19209e-7 -0.01735375 -0.1801448 0.9834689 5.96046e-8 -0.01445602 -0.9835078 -0.1803864 -2.008585 0 0 0 1 0.999761 -0.01623811 0.01462372 2.38419e-7 -0.01624414 -0.1046531 0.9943558 0 -0.01461607 -0.9943965 -0.1048779 -2.008585 0 0 0 1 0.9997789 -0.0150224 0.01470119 1.19209e-7 -0.01502912 -0.02198979 0.9996231 2.38419e-7 -0.01469352 -0.9996653 -0.02219647 -2.008584 0 0 0 1 0.9997983 -0.01371158 0.01467182 0 -0.01371905 0.06714046 0.9976257 1.19209e-7 -0.01466418 -0.9976685 0.06695339 -2.008585 0 0 0 1 0.9998186 -0.01233249 0.0145136 0 -0.01234075 0.1609129 0.9868664 -1.19209e-7 -0.01450605 -0.98691 0.1607465 -2.008585 0 0 0 1 0.9998394 -0.01090501 0.01420765 -1.19209e-7 -0.01091407 0.2579765 0.9660631 5.96046e-8 -0.01420028 -0.9661072 0.2578313 -2.008585 0 0 0 1 0.9998606 -0.009462885 0.01374195 1.19209e-7 -0.009472764 0.3560354 0.9343975 1.19209e-7 -0.01373483 -0.9344411 0.3559115 -2.008585 0 0 0 1 0.9998816 -0.008035405 0.01310955 -1.19209e-7 -0.008046091 0.4530996 0.8913966 0 -0.01310276 -0.8914393 0.4529957 -2.008585 0 0 0 1 0.9999019 -0.006662023 0.01231567 -1.19209e-7 -0.006673488 0.5464854 0.8374163 -5.96046e-8 -0.01230929 -0.8374568 0.5464004 -2.008585 0 0 0 1 0.9999205 -0.005381591 0.01137799 0 -0.005393786 0.6335509 0.7736582 0 -0.01137209 -0.7736955 0.6334828 -2.008584 0 0 0 1 0.9999374 -0.004240307 0.01033884 1.19209e-7 -0.004253159 0.7111551 0.7030016 0 -0.01033349 -0.7030345 0.7111013 -2.008585 0 0 0 1 0.9999515 -0.003277126 0.009263868 1.19209e-7 -0.003290529 0.7766489 0.6299082 2.98023e-8 -0.009259066 -0.6299361 0.776607 -2.008585 0 0 0 1 0.9999624 -0.002537988 0.008269828 1.19209e-7 -0.00255182 0.8269081 0.5623183 0 -0.00826554 -0.5623412 0.8268751 -2.008585 0 0 0 1 0.9999694 -0.002065541 0.007528418 2.38419e-7 -0.002079645 0.859033 0.5119059 -5.96046e-8 -0.007524511 -0.5119249 0.8590056 -2.008585 0 0 0 1</float_array>
          <technique_common>
            <accessor source="#Skeleton_Land_LowerLeg_R_pose_matrix-output-array" count="26" stride="16">
              <param name="TRANSFORM" type="float4x4"/>
            </accessor>
          </technique_common>
        </source>
        <source id="Skeleton_Land_LowerLeg_R_pose_matrix-interpolation">
          <Name_array id="Skeleton_Land_LowerLeg_R_pose_matrix-interpolation-array" count="26">LINEAR LINEAR LINEAR LINEAR LINEAR LINEAR LINEAR LINEAR LINEAR LINEAR LINEAR LINEAR LINEAR LINEAR LINEAR LINEAR LINEAR LINEAR LINEAR LINEAR LINEAR LINEAR LINEAR LINEAR LINEAR LINEAR</Name_array>
          <technique_common>
            <accessor source="#Skeleton_Land_LowerLeg_R_pose_matrix-interpolation-array" count="26" stride="1">
              <param name="INTERPOLATION" type="name"/>
            </accessor>
          </technique_common>
        </source>
        <sampler id="Skeleton_Land_LowerLeg_R_pose_matrix-sampler">
          <input semantic="INPUT" source="#Skeleton_Land_LowerLeg_R_pose_matrix-input"/>
          <input semantic="OUTPUT" source="#Skeleton_Land_LowerLeg_R_pose_matrix-output"/>
          <input semantic="INTERPOLATION" source="#Skeleton_Land_LowerLeg_R_pose_matrix-interpolation"/>
        </sampler>
        <channel source="#Skeleton_Land_LowerLeg_R_pose_matrix-sampler" target="Skeleton_LowerLeg_R/transform"/>
      </animation>
      <animation id="Skeleton_Land_HeelIK_L_pose_matrix" name="Skeleton">
        <source id="Skeleton_Land_HeelIK_L_pose_matrix-input">
          <float_array id="Skeleton_Land_HeelIK_L_pose_matrix-input-array" count="26">0.0333333 0.06666666 0.1 0.1333333 0.1666666 0.2 0.2333333 0.2666667 0.3 0.3333333 0.3666667 0.4 0.4333333 0.4666666 0.5 0.5333334 0.5666667 0.6 0.6333333 0.6666667 0.7 0.7333334 0.7666667 0.8 0.8333333 0.8666667</float_array>
          <technique_common>
            <accessor source="#Skeleton_Land_HeelIK_L_pose_matrix-input-array" count="26" stride="1">
              <param name="TIME" type="float"/>
            </accessor>
          </technique_common>
        </source>
        <source id="Skeleton_Land_HeelIK_L_pose_matrix-output">
          <float_array id="Skeleton_Land_HeelIK_L_pose_matrix-output-array" count="416">-0.9999999 4.97254e-4 0 1.160203 -4.97254e-4 -0.9999999 0 -1.109266 0 0 0.9999999 1.273256 0 0 0 1 -0.9999999 4.97254e-4 0 1.160203 -4.97254e-4 -0.9999999 0 -1.631301 0 0 0.9999999 0.9431527 0 0 0 1 -0.9999999 4.97254e-4 0 1.160203 -4.97254e-4 -0.9999999 0 -2.600795 0 0 0.9999999 0.3301029 0 0 0 1 -0.9999999 4.97254e-4 0 1.160203 -4.97254e-4 -0.9999999 0 -3.12283 0 0 0.9999999 -8.5145e-7 0 0 0 1 -0.9999999 4.97254e-4 0 1.160203 -4.97254e-4 -0.9999999 0 -3.12283 0 0 0.9999999 -8.5145e-7 0 0 0 1 -0.9999999 4.97254e-4 0 1.160203 -4.97254e-4 -0.9999999 0 -3.12283 0 0 0.9999999 -8.5145e-7 0 0 0 1 -0.9999999 4.97254e-4 0 1.160203 -4.97254e-4 -0.9999999 0 -3.12283 0 0 0.9999999 0.003830696 0 0 0 1 -0.9999999 4.97254e-4 0 1.160203 -4.97254e-4 -0.9999999 0 -3.12283 0 0 0.9999999 0.01482284 0 0 0 1 -0.9999999 4.97254e-4 0 1.160203 -4.97254e-4 -0.9999999 0 -3.12283 0 0 0.9999999 0.03222183 0 0 0 1 -0.9999999 4.97254e-4 0 1.160203 -4.97254e-4 -0.9999999 0 -3.12283 0 0 0.9999999 0.05527392 0 0 0 1 -0.9999999 4.97254e-4 0 1.160203 -4.97254e-4 -0.9999999 0 -3.12283 0 0 0.9999999 0.08322538 0 0 0 1 -0.9999999 4.97254e-4 0 1.160203 -4.97254e-4 -0.9999999 0 -3.12283 0 0 0.9999999 0.1153224 0 0 0 1 -0.9999999 4.97254e-4 0 1.160203 -4.97254e-4 -0.9999999 0 -3.12283 0 0 0.9999999 0.1508114 0 0 0 1 -0.9999999 4.97254e-4 0 1.160203 -4.97254e-4 -0.9999999 0 -3.12283 0 0 0.9999999 0.1889384 0 0 0 1 -0.9999999 4.97254e-4 0 1.160203 -4.97254e-4 -0.9999999 0 -3.12283 0 0 0.9999999 0.2289498 0 0 0 1 -0.9999999 4.97254e-4 0 1.160203 -4.97254e-4 -0.9999999 0 -3.12283 0 0 0.9999999 0.2700918 0 0 0 1 -0.9999999 4.97254e-4 0 1.160203 -4.97254e-4 -0.9999999 0 -3.12283 0 0 0.9999999 0.3116107 0 0 0 1 -0.9999999 4.97254e-4 0 1.160203 -4.97254e-4 -0.9999999 0 -3.12283 0 0 0.9999999 0.3527527 0 0 0 1 -0.9999999 4.97254e-4 0 1.160203 -4.97254e-4 -0.9999999 0 -3.12283 0 0 0.9999999 0.3927641 0 0 0 1 -0.9999999 4.97254e-4 0 1.160203 -4.97254e-4 -0.9999999 0 -3.12283 0 0 0.9999999 0.4308912 0 0 0 1 -0.9999999 4.97254e-4 0 1.160203 -4.97254e-4 -0.9999999 0 -3.12283 0 0 0.9999999 0.46638 0 0 0 1 -0.9999999 4.97254e-4 0 1.160203 -4.97254e-4 -0.9999999 0 -3.12283 0 0 0.9999999 0.4984771 0 0 0 1 -0.9999999 4.97254e-4 0 1.160203 -4.97254e-4 -0.9999999 0 -3.12283 0 0 0.9999999 0.5264286 0 0 0 1 -0.9999999 4.97254e-4 0 1.160203 -4.97254e-4 -0.9999999 0 -3.12283 0 0 0.9999999 0.5494806 0 0 0 1 -0.9999999 4.97254e-4 0 1.160203 -4.97254e-4 -0.9999999 0 -3.12283 0 0 0.9999999 0.5668796 0 0 0 1 -0.9999999 4.97254e-4 0 1.160203 -4.97254e-4 -0.9999999 0 -3.12283 0 0 0.9999999 0.5778718 0 0 0 1</float_array>
          <technique_common>
            <accessor source="#Skeleton_Land_HeelIK_L_pose_matrix-output-array" count="26" stride="16">
              <param name="TRANSFORM" type="float4x4"/>
            </accessor>
          </technique_common>
        </source>
        <source id="Skeleton_Land_HeelIK_L_pose_matrix-interpolation">
          <Name_array id="Skeleton_Land_HeelIK_L_pose_matrix-interpolation-array" count="26">LINEAR LINEAR LINEAR LINEAR LINEAR LINEAR LINEAR LINEAR LINEAR LINEAR LINEAR LINEAR LINEAR LINEAR LINEAR LINEAR LINEAR LINEAR LINEAR LINEAR LINEAR LINEAR LINEAR LINEAR LINEAR LINEAR</Name_array>
          <technique_common>
            <accessor source="#Skeleton_Land_HeelIK_L_pose_matrix-interpolation-array" count="26" stride="1">
              <param name="INTERPOLATION" type="name"/>
            </accessor>
          </technique_common>
        </source>
        <sampler id="Skeleton_Land_HeelIK_L_pose_matrix-sampler">
          <input semantic="INPUT" source="#Skeleton_Land_HeelIK_L_pose_matrix-input"/>
          <input semantic="OUTPUT" source="#Skeleton_Land_HeelIK_L_pose_matrix-output"/>
          <input semantic="INTERPOLATION" source="#Skeleton_Land_HeelIK_L_pose_matrix-interpolation"/>
        </sampler>
        <channel source="#Skeleton_Land_HeelIK_L_pose_matrix-sampler" target="Skeleton_HeelIK_L/transform"/>
      </animation>
      <animation id="Skeleton_Land_KneeIK_L_pose_matrix" name="Skeleton">
        <source id="Skeleton_Land_KneeIK_L_pose_matrix-input">
          <float_array id="Skeleton_Land_KneeIK_L_pose_matrix-input-array" count="26">0.0333333 0.06666666 0.1 0.1333333 0.1666666 0.2 0.2333333 0.2666667 0.3 0.3333333 0.3666667 0.4 0.4333333 0.4666666 0.5 0.5333334 0.5666667 0.6 0.6333333 0.6666667 0.7 0.7333334 0.7666667 0.8 0.8333333 0.8666667</float_array>
          <technique_common>
            <accessor source="#Skeleton_Land_KneeIK_L_pose_matrix-input-array" count="26" stride="1">
              <param name="TIME" type="float"/>
            </accessor>
          </technique_common>
        </source>
        <source id="Skeleton_Land_KneeIK_L_pose_matrix-output">
          <float_array id="Skeleton_Land_KneeIK_L_pose_matrix-output-array" count="416">-0.999998 -0.002026795 0 1.160203 -0.002026795 0.999998 0 -2.605706 0 0 -0.9999999 2.334184 0 0 0 1 -0.999998 -0.002026795 0 1.160203 -0.002026795 0.999998 0 -2.605706 0 0 -0.9999999 2.334184 0 0 0 1 -0.999998 -0.002026795 0 1.160203 -0.002026795 0.999998 0 -2.605706 0 0 -0.9999999 2.334184 0 0 0 1 -0.999998 -0.002026795 0 1.160203 -0.002026795 0.999998 0 -2.605706 0 0 -0.9999999 2.334184 0 0 0 1 -0.999998 -0.002026795 0 1.160203 -0.002026795 0.999998 0 -2.605706 0 0 -0.9999999 2.334184 0 0 0 1 -0.999998 -0.002026795 0 1.160203 -0.002026795 0.999998 0 -2.605706 0 0 -0.9999999 2.334184 0 0 0 1 -0.999998 -0.002026795 0 1.160203 -0.002026795 0.999998 0 -2.593298 0 0 -0.9999999 2.334184 0 0 0 1 -0.999998 -0.002026795 0 1.160203 -0.002026795 0.999998 0 -2.557703 0 0 -0.9999999 2.334184 0 0 0 1 -0.999998 -0.002026795 0 1.160203 -0.002026795 0.999998 0 -2.50136 0 0 -0.9999999 2.334184 0 0 0 1 -0.999998 -0.002026795 0 1.160203 -0.002026795 0.999998 0 -2.426712 0 0 -0.9999999 2.334184 0 0 0 1 -0.999998 -0.002026795 0 1.160203 -0.002026795 0.999998 0 -2.336198 0 0 -0.9999999 2.334184 0 0 0 1 -0.999998 -0.002026795 0 1.160203 -0.002026795 0.999998 0 -2.23226 0 0 -0.9999999 2.334184 0 0 0 1 -0.999998 -0.002026795 0 1.160203 -0.002026795 0.999998 0 -2.117338 0 0 -0.9999999 2.334184 0 0 0 1 -0.999998 -0.002026795 0 1.160203 -0.002026795 0.999998 0 -1.993873 0 0 -0.9999999 2.334184 0 0 0 1 -0.999998 -0.002026795 0 1.160203 -0.002026795 0.999998 0 -1.864307 0 0 -0.9999999 2.334184 0 0 0 1 -0.999998 -0.002026795 0 1.160203 -0.002026795 0.999998 0 -1.731079 0 0 -0.9999999 2.334184 0 0 0 1 -0.999998 -0.002026795 0 1.160203 -0.002026795 0.999998 0 -1.59663 0 0 -0.9999999 2.334184 0 0 0 1 -0.999998 -0.002026795 0 1.160203 -0.002026795 0.999998 0 -1.463402 0 0 -0.9999999 2.334184 0 0 0 1 -0.999998 -0.002026795 0 1.160203 -0.002026795 0.999998 0 -1.333835 0 0 -0.9999999 2.334184 0 0 0 1 -0.999998 -0.002026795 0 1.160203 -0.002026795 0.999998 0 -1.21037 0 0 -0.9999999 2.334184 0 0 0 1 -0.999998 -0.002026795 0 1.160203 -0.002026795 0.999998 0 -1.095448 0 0 -0.9999999 2.334184 0 0 0 1 -0.999998 -0.002026795 0 1.160203 -0.002026795 0.999998 0 -0.99151 0 0 -0.9999999 2.334184 0 0 0 1 -0.999998 -0.002026795 0 1.160203 -0.002026795 0.999998 0 -0.9009964 0 0 -0.9999999 2.334184 0 0 0 1 -0.999998 -0.002026795 0 1.160203 -0.002026795 0.999998 0 -0.8263481 0 0 -0.9999999 2.334184 0 0 0 1 -0.999998 -0.002026795 0 1.160203 -0.002026795 0.999998 0 -0.7700058 0 0 -0.9999999 2.334184 0 0 0 1 -0.999998 -0.002026795 0 1.160203 -0.002026795 0.999998 0 -0.7344108 0 0 -0.9999999 2.334184 0 0 0 1</float_array>
          <technique_common>
            <accessor source="#Skeleton_Land_KneeIK_L_pose_matrix-output-array" count="26" stride="16">
              <param name="TRANSFORM" type="float4x4"/>
            </accessor>
          </technique_common>
        </source>
        <source id="Skeleton_Land_KneeIK_L_pose_matrix-interpolation">
          <Name_array id="Skeleton_Land_KneeIK_L_pose_matrix-interpolation-array" count="26">LINEAR LINEAR LINEAR LINEAR LINEAR LINEAR LINEAR LINEAR LINEAR LINEAR LINEAR LINEAR LINEAR LINEAR LINEAR LINEAR LINEAR LINEAR LINEAR LINEAR LINEAR LINEAR LINEAR LINEAR LINEAR LINEAR</Name_array>
          <technique_common>
            <accessor source="#Skeleton_Land_KneeIK_L_pose_matrix-interpolation-array" count="26" stride="1">
              <param name="INTERPOLATION" type="name"/>
            </accessor>
          </technique_common>
        </source>
        <sampler id="Skeleton_Land_KneeIK_L_pose_matrix-sampler">
          <input semantic="INPUT" source="#Skeleton_Land_KneeIK_L_pose_matrix-input"/>
          <input semantic="OUTPUT" source="#Skeleton_Land_KneeIK_L_pose_matrix-output"/>
          <input semantic="INTERPOLATION" source="#Skeleton_Land_KneeIK_L_pose_matrix-interpolation"/>
        </sampler>
        <channel source="#Skeleton_Land_KneeIK_L_pose_matrix-sampler" target="Skeleton_KneeIK_L/transform"/>
      </animation>
      <animation id="Skeleton_Land_HandIK_L_pose_matrix" name="Skeleton">
        <source id="Skeleton_Land_HandIK_L_pose_matrix-input">
          <float_array id="Skeleton_Land_HandIK_L_pose_matrix-input-array" count="26">0.0333333 0.06666666 0.1 0.1333333 0.1666666 0.2 0.2333333 0.2666667 0.3 0.3333333 0.3666667 0.4 0.4333333 0.4666666 0.5 0.5333334 0.5666667 0.6 0.6333333 0.6666667 0.7 0.7333334 0.7666667 0.8 0.8333333 0.8666667</float_array>
          <technique_common>
            <accessor source="#Skeleton_Land_HandIK_L_pose_matrix-input-array" count="26" stride="1">
              <param name="TIME" type="float"/>
            </accessor>
          </technique_common>
        </source>
        <source id="Skeleton_Land_HandIK_L_pose_matrix-output">
          <float_array id="Skeleton_Land_HandIK_L_pose_matrix-output-array" count="416">0 0 -0.9999999 4.550253 -0.9999999 -1.35501e-6 0 5.738838 -1.35501e-6 0.9999999 0 3.489374 0 0 0 1 0 0 -0.9999999 4.413392 -0.9999999 -1.35501e-6 0 5.134969 -1.35501e-6 0.9999999 0 3.474285 0 0 0 1 0 0 -0.9999999 4.08446 -0.9999999 -1.35501e-6 0 3.694974 -1.35501e-6 0.9999999 0 3.430608 0 0 0 1 0 0 -0.9999999 3.68594 -0.9999999 -1.35501e-6 0 1.97627 -1.35501e-6 0.9999999 0 3.360724 0 0 0 1 0 0 -0.9999999 3.34031 -0.9999999 -1.35501e-6 0 0.5362744 -1.35501e-6 0.9999999 0 3.267017 0 0 0 1 0 0 -0.9999999 3.170052 -0.9999999 -1.35501e-6 0 -0.06759357 -1.35501e-6 0.9999999 0 3.151871 0 0 0 1 0 0 -0.9999999 3.130263 -0.9999999 -1.35501e-6 0 -0.05813503 -1.35501e-6 0.9999999 0 3.017666 0 0 0 1 0 0 -0.9999999 3.09426 -0.9999999 -1.35501e-6 0 -0.03100014 -1.35501e-6 0.9999999 0 2.866783 0 0 0 1 0 0 -0.9999999 3.061855 -0.9999999 -1.35501e-6 0 0.01195002 -1.35501e-6 0.9999999 0 2.701607 0 0 0 1 0 0 -0.9999999 3.032857 -0.9999999 -1.35501e-6 0 0.06885576 -1.35501e-6 0.9999999 0 2.524518 0 0 0 1 0 0 -0.9999999 3.007078 -0.9999999 -1.35501e-6 0 0.1378551 -1.35501e-6 0.9999999 0 2.3379 0 0 0 1 0 0 -0.9999999 2.984327 -0.9999999 -1.35501e-6 0 0.2170882 -1.35501e-6 0.9999999 0 2.144135 0 0 0 1 0 0 -0.9999999 2.964417 -0.9999999 -1.35501e-6 0 0.3046942 -1.35501e-6 0.9999999 0 1.945604 0 0 0 1 0 0 -0.9999999 2.947157 -0.9999999 -1.35501e-6 0 0.3988132 -1.35501e-6 0.9999999 0 1.744691 0 0 0 1 0 0 -0.9999999 2.932358 -0.9999999 -1.35501e-6 0 0.4975829 -1.35501e-6 0.9999999 0 1.543778 0 0 0 1 0 0 -0.9999999 2.919832 -0.9999999 -1.35501e-6 0 0.599144 -1.35501e-6 0.9999999 0 1.345247 0 0 0 1 0 0 -0.9999999 2.909387 -0.9999999 -1.35501e-6 0 0.7016363 -1.35501e-6 0.9999999 0 1.151481 0 0 0 1 0 0 -0.9999999 2.900836 -0.9999999 -1.35501e-6 0 0.8031969 -1.35501e-6 0.9999999 0 0.9648614 0 0 0 1 0 0 -0.9999999 2.893989 -0.9999999 -1.35501e-6 0 0.901967 -1.35501e-6 0.9999999 0 0.7877716 0 0 0 1 0 0 -0.9999999 2.888657 -0.9999999 -1.35501e-6 0 0.9960852 -1.35501e-6 0.9999999 0 0.6225936 0 0 0 1 0 0 -0.9999999 2.884649 -0.9999999 -1.35501e-6 0 1.083691 -1.35501e-6 0.9999999 0 0.4717099 0 0 0 1 0 0 -0.9999999 2.881778 -0.9999999 -1.35501e-6 0 1.162924 -1.35501e-6 0.9999999 0 0.3375025 0 0 0 1 0 0 -0.9999999 2.879853 -0.9999999 -1.35501e-6 0 1.231924 -1.35501e-6 0.9999999 0 0.2223544 0 0 0 1 0 0 -0.9999999 2.878686 -0.9999999 -1.35501e-6 0 1.288829 -1.35501e-6 0.9999999 0 0.1286474 0 0 0 1 0 0 -0.9999999 2.878086 -0.9999999 -1.35501e-6 0 1.331779 -1.35501e-6 0.9999999 0 0.05876436 0 0 0 1 0 0 -0.9999999 2.877865 -0.9999999 -1.35501e-6 0 1.358914 -1.35501e-6 0.9999999 0 0.0150873 0 0 0 1</float_array>
          <technique_common>
            <accessor source="#Skeleton_Land_HandIK_L_pose_matrix-output-array" count="26" stride="16">
              <param name="TRANSFORM" type="float4x4"/>
            </accessor>
          </technique_common>
        </source>
        <source id="Skeleton_Land_HandIK_L_pose_matrix-interpolation">
          <Name_array id="Skeleton_Land_HandIK_L_pose_matrix-interpolation-array" count="26">LINEAR LINEAR LINEAR LINEAR LINEAR LINEAR LINEAR LINEAR LINEAR LINEAR LINEAR LINEAR LINEAR LINEAR LINEAR LINEAR LINEAR LINEAR LINEAR LINEAR LINEAR LINEAR LINEAR LINEAR LINEAR LINEAR</Name_array>
          <technique_common>
            <accessor source="#Skeleton_Land_HandIK_L_pose_matrix-interpolation-array" count="26" stride="1">
              <param name="INTERPOLATION" type="name"/>
            </accessor>
          </technique_common>
        </source>
        <sampler id="Skeleton_Land_HandIK_L_pose_matrix-sampler">
          <input semantic="INPUT" source="#Skeleton_Land_HandIK_L_pose_matrix-input"/>
          <input semantic="OUTPUT" source="#Skeleton_Land_HandIK_L_pose_matrix-output"/>
          <input semantic="INTERPOLATION" source="#Skeleton_Land_HandIK_L_pose_matrix-interpolation"/>
        </sampler>
        <channel source="#Skeleton_Land_HandIK_L_pose_matrix-sampler" target="Skeleton_HandIK_L/transform"/>
      </animation>
      <animation id="Skeleton_Land_HeelIK_R_pose_matrix" name="Skeleton">
        <source id="Skeleton_Land_HeelIK_R_pose_matrix-input">
          <float_array id="Skeleton_Land_HeelIK_R_pose_matrix-input-array" count="26">0.0333333 0.06666666 0.1 0.1333333 0.1666666 0.2 0.2333333 0.2666667 0.3 0.3333333 0.3666667 0.4 0.4333333 0.4666666 0.5 0.5333334 0.5666667 0.6 0.6333333 0.6666667 0.7 0.7333334 0.7666667 0.8 0.8333333 0.8666667</float_array>
          <technique_common>
            <accessor source="#Skeleton_Land_HeelIK_R_pose_matrix-input-array" count="26" stride="1">
              <param name="TIME" type="float"/>
            </accessor>
          </technique_common>
        </source>
        <source id="Skeleton_Land_HeelIK_R_pose_matrix-output">
          <float_array id="Skeleton_Land_HeelIK_R_pose_matrix-output-array" count="416">-0.9999999 -4.97254e-4 0 -1.501342 4.97254e-4 -0.9999999 0 -1.252996 0 0 0.9999999 0.6182019 0 0 0 1 -0.9999999 -4.97254e-4 0 -1.412898 4.97254e-4 -0.9999999 0 -1.737768 0 0 0.9999999 0.4579271 0 0 0 1 -0.9999999 -4.97254e-4 0 -1.248646 4.97254e-4 -0.9999999 0 -2.638059 0 0 0.9999999 0.1602739 0 0 0 1 -0.9999999 -4.97254e-4 0 -1.160203 4.97254e-4 -0.9999999 0 -3.12283 0 0 0.9999999 -8.5145e-7 0 0 0 1 -0.9999999 -4.97254e-4 0 -1.160203 4.97254e-4 -0.9999999 0 -3.12283 0 0 0.9999999 -8.5145e-7 0 0 0 1 -0.9999999 -4.97254e-4 0 -1.160203 4.97254e-4 -0.9999999 0 -3.12283 0 0 0.9999999 -8.5145e-7 0 0 0 1 -0.9999999 -4.97254e-4 0 -1.160203 4.97254e-4 -0.9999999 0 -3.12283 0 0 0.9999999 -0.002740065 0 0 0 1 -0.9999999 -4.97254e-4 0 -1.160203 4.97254e-4 -0.9999999 0 -3.12283 0 0 0.9999999 -0.01059846 0 0 0 1 -0.9999999 -4.97254e-4 0 -1.160203 4.97254e-4 -0.9999999 0 -3.12283 0 0 0.9999999 -0.02303719 0 0 0 1 -0.9999999 -4.97254e-4 0 -1.160203 4.97254e-4 -0.9999999 0 -3.12283 0 0 0.9999999 -0.03951738 0 0 0 1 -0.9999999 -4.97254e-4 0 -1.160203 4.97254e-4 -0.9999999 0 -3.12283 0 0 0.9999999 -0.05950017 0 0 0 1 -0.9999999 -4.97254e-4 0 -1.160203 4.97254e-4 -0.9999999 0 -3.12283 0 0 0.9999999 -0.08244669 0 0 0 1 -0.9999999 -4.97254e-4 0 -1.160203 4.97254e-4 -0.9999999 0 -3.12283 0 0 0.9999999 -0.1078181 0 0 0 1 -0.9999999 -4.97254e-4 0 -1.160203 4.97254e-4 -0.9999999 0 -3.12283 0 0 0.9999999 -0.1350755 0 0 0 1 -0.9999999 -4.97254e-4 0 -1.160203 4.97254e-4 -0.9999999 0 -3.12283 0 0 0.9999999 -0.1636801 0 0 0 1 -0.9999999 -4.97254e-4 0 -1.160203 4.97254e-4 -0.9999999 0 -3.12283 0 0 0.9999999 -0.193093 0 0 0 1 -0.9999999 -4.97254e-4 0 -1.160203 4.97254e-4 -0.9999999 0 -3.12283 0 0 0.9999999 -0.2227753 0 0 0 1 -0.9999999 -4.97254e-4 0 -1.160203 4.97254e-4 -0.9999999 0 -3.12283 0 0 0.9999999 -0.2521881 0 0 0 1 -0.9999999 -4.97254e-4 0 -1.160203 4.97254e-4 -0.9999999 0 -3.12283 0 0 0.9999999 -0.2807927 0 0 0 1 -0.9999999 -4.97254e-4 0 -1.160203 4.97254e-4 -0.9999999 0 -3.12283 0 0 0.9999999 -0.3080502 0 0 0 1 -0.9999999 -4.97254e-4 0 -1.160203 4.97254e-4 -0.9999999 0 -3.12283 0 0 0.9999999 -0.3334215 0 0 0 1 -0.9999999 -4.97254e-4 0 -1.160203 4.97254e-4 -0.9999999 0 -3.12283 0 0 0.9999999 -0.3563681 0 0 0 1 -0.9999999 -4.97254e-4 0 -1.160203 4.97254e-4 -0.9999999 0 -3.12283 0 0 0.9999999 -0.3763508 0 0 0 1 -0.9999999 -4.97254e-4 0 -1.160203 4.97254e-4 -0.9999999 0 -3.12283 0 0 0.9999999 -0.392831 0 0 0 1 -0.9999999 -4.97254e-4 0 -1.160203 4.97254e-4 -0.9999999 0 -3.12283 0 0 0.9999999 -0.4052697 0 0 0 1 -0.9999999 -4.97254e-4 0 -1.160203 4.97254e-4 -0.9999999 0 -3.12283 0 0 0.9999999 -0.4131282 0 0 0 1</float_array>
          <technique_common>
            <accessor source="#Skeleton_Land_HeelIK_R_pose_matrix-output-array" count="26" stride="16">
              <param name="TRANSFORM" type="float4x4"/>
            </accessor>
          </technique_common>
        </source>
        <source id="Skeleton_Land_HeelIK_R_pose_matrix-interpolation">
          <Name_array id="Skeleton_Land_HeelIK_R_pose_matrix-interpolation-array" count="26">LINEAR LINEAR LINEAR LINEAR LINEAR LINEAR LINEAR LINEAR LINEAR LINEAR LINEAR LINEAR LINEAR LINEAR LINEAR LINEAR LINEAR LINEAR LINEAR LINEAR LINEAR LINEAR LINEAR LINEAR LINEAR LINEAR</Name_array>
          <technique_common>
            <accessor source="#Skeleton_Land_HeelIK_R_pose_matrix-interpolation-array" count="26" stride="1">
              <param name="INTERPOLATION" type="name"/>
            </accessor>
          </technique_common>
        </source>
        <sampler id="Skeleton_Land_HeelIK_R_pose_matrix-sampler">
          <input semantic="INPUT" source="#Skeleton_Land_HeelIK_R_pose_matrix-input"/>
          <input semantic="OUTPUT" source="#Skeleton_Land_HeelIK_R_pose_matrix-output"/>
          <input semantic="INTERPOLATION" source="#Skeleton_Land_HeelIK_R_pose_matrix-interpolation"/>
        </sampler>
        <channel source="#Skeleton_Land_HeelIK_R_pose_matrix-sampler" target="Skeleton_HeelIK_R/transform"/>
      </animation>
      <animation id="Skeleton_Land_KneeIK_R_pose_matrix" name="Skeleton">
        <source id="Skeleton_Land_KneeIK_R_pose_matrix-input">
          <float_array id="Skeleton_Land_KneeIK_R_pose_matrix-input-array" count="26">0.0333333 0.06666666 0.1 0.1333333 0.1666666 0.2 0.2333333 0.2666667 0.3 0.3333333 0.3666667 0.4 0.4333333 0.4666666 0.5 0.5333334 0.5666667 0.6 0.6333333 0.6666667 0.7 0.7333334 0.7666667 0.8 0.8333333 0.8666667</float_array>
          <technique_common>
            <accessor source="#Skeleton_Land_KneeIK_R_pose_matrix-input-array" count="26" stride="1">
              <param name="TIME" type="float"/>
            </accessor>
          </technique_common>
        </source>
        <source id="Skeleton_Land_KneeIK_R_pose_matrix-output">
          <float_array id="Skeleton_Land_KneeIK_R_pose_matrix-output-array" count="416">-0.999998 0.002026795 0 -1.160203 0.002026795 0.999998 0 -2.605706 0 0 -0.9999999 2.334184 0 0 0 1 -0.999998 0.002026795 0 -1.160203 0.002026795 0.999998 0 -2.605706 0 0 -0.9999999 2.334184 0 0 0 1 -0.999998 0.002026795 0 -1.160203 0.002026795 0.999998 0 -2.605706 0 0 -0.9999999 2.334184 0 0 0 1 -0.999998 0.002026795 0 -1.160203 0.002026795 0.999998 0 -2.605706 0 0 -0.9999999 2.334184 0 0 0 1 -0.999998 0.002026795 0 -1.160203 0.002026795 0.999998 0 -2.605706 0 0 -0.9999999 2.334184 0 0 0 1 -0.999998 0.002026795 0 -1.160203 0.002026795 0.999998 0 -2.605706 0 0 -0.9999999 2.334184 0 0 0 1 -0.999998 0.002026795 0 -1.160203 0.002026795 0.999998 0 -2.593298 0 0 -0.9999999 2.334184 0 0 0 1 -0.999998 0.002026795 0 -1.160203 0.002026795 0.999998 0 -2.557703 0 0 -0.9999999 2.334184 0 0 0 1 -0.999998 0.002026795 0 -1.160203 0.002026795 0.999998 0 -2.50136 0 0 -0.9999999 2.334184 0 0 0 1 -0.999998 0.002026795 0 -1.160203 0.002026795 0.999998 0 -2.426712 0 0 -0.9999999 2.334184 0 0 0 1 -0.999998 0.002026795 0 -1.160203 0.002026795 0.999998 0 -2.336198 0 0 -0.9999999 2.334184 0 0 0 1 -0.999998 0.002026795 0 -1.160203 0.002026795 0.999998 0 -2.23226 0 0 -0.9999999 2.334184 0 0 0 1 -0.999998 0.002026795 0 -1.160203 0.002026795 0.999998 0 -2.117338 0 0 -0.9999999 2.334184 0 0 0 1 -0.999998 0.002026795 0 -1.160203 0.002026795 0.999998 0 -1.993873 0 0 -0.9999999 2.334184 0 0 0 1 -0.999998 0.002026795 0 -1.160203 0.002026795 0.999998 0 -1.864307 0 0 -0.9999999 2.334184 0 0 0 1 -0.999998 0.002026795 0 -1.160203 0.002026795 0.999998 0 -1.731079 0 0 -0.9999999 2.334184 0 0 0 1 -0.999998 0.002026795 0 -1.160203 0.002026795 0.999998 0 -1.59663 0 0 -0.9999999 2.334184 0 0 0 1 -0.999998 0.002026795 0 -1.160203 0.002026795 0.999998 0 -1.463402 0 0 -0.9999999 2.334184 0 0 0 1 -0.999998 0.002026795 0 -1.160203 0.002026795 0.999998 0 -1.333835 0 0 -0.9999999 2.334184 0 0 0 1 -0.999998 0.002026795 0 -1.160203 0.002026795 0.999998 0 -1.21037 0 0 -0.9999999 2.334184 0 0 0 1 -0.999998 0.002026795 0 -1.160203 0.002026795 0.999998 0 -1.095448 0 0 -0.9999999 2.334184 0 0 0 1 -0.999998 0.002026795 0 -1.160203 0.002026795 0.999998 0 -0.99151 0 0 -0.9999999 2.334184 0 0 0 1 -0.999998 0.002026795 0 -1.160203 0.002026795 0.999998 0 -0.9009964 0 0 -0.9999999 2.334184 0 0 0 1 -0.999998 0.002026795 0 -1.160203 0.002026795 0.999998 0 -0.8263481 0 0 -0.9999999 2.334184 0 0 0 1 -0.999998 0.002026795 0 -1.160203 0.002026795 0.999998 0 -0.7700058 0 0 -0.9999999 2.334184 0 0 0 1 -0.999998 0.002026795 0 -1.160203 0.002026795 0.999998 0 -0.7344108 0 0 -0.9999999 2.334184 0 0 0 1</float_array>
          <technique_common>
            <accessor source="#Skeleton_Land_KneeIK_R_pose_matrix-output-array" count="26" stride="16">
              <param name="TRANSFORM" type="float4x4"/>
            </accessor>
          </technique_common>
        </source>
        <source id="Skeleton_Land_KneeIK_R_pose_matrix-interpolation">
          <Name_array id="Skeleton_Land_KneeIK_R_pose_matrix-interpolation-array" count="26">LINEAR LINEAR LINEAR LINEAR LINEAR LINEAR LINEAR LINEAR LINEAR LINEAR LINEAR LINEAR LINEAR LINEAR LINEAR LINEAR LINEAR LINEAR LINEAR LINEAR LINEAR LINEAR LINEAR LINEAR LINEAR LINEAR</Name_array>
          <technique_common>
            <accessor source="#Skeleton_Land_KneeIK_R_pose_matrix-interpolation-array" count="26" stride="1">
              <param name="INTERPOLATION" type="name"/>
            </accessor>
          </technique_common>
        </source>
        <sampler id="Skeleton_Land_KneeIK_R_pose_matrix-sampler">
          <input semantic="INPUT" source="#Skeleton_Land_KneeIK_R_pose_matrix-input"/>
          <input semantic="OUTPUT" source="#Skeleton_Land_KneeIK_R_pose_matrix-output"/>
          <input semantic="INTERPOLATION" source="#Skeleton_Land_KneeIK_R_pose_matrix-interpolation"/>
        </sampler>
        <channel source="#Skeleton_Land_KneeIK_R_pose_matrix-sampler" target="Skeleton_KneeIK_R/transform"/>
      </animation>
      <animation id="Skeleton_Land_HandIK_R_pose_matrix" name="Skeleton">
        <source id="Skeleton_Land_HandIK_R_pose_matrix-input">
          <float_array id="Skeleton_Land_HandIK_R_pose_matrix-input-array" count="26">0.0333333 0.06666666 0.1 0.1333333 0.1666666 0.2 0.2333333 0.2666667 0.3 0.3333333 0.3666667 0.4 0.4333333 0.4666666 0.5 0.5333334 0.5666667 0.6 0.6333333 0.6666667 0.7 0.7333334 0.7666667 0.8 0.8333333 0.8666667</float_array>
          <technique_common>
            <accessor source="#Skeleton_Land_HandIK_R_pose_matrix-input-array" count="26" stride="1">
              <param name="TIME" type="float"/>
            </accessor>
          </technique_common>
        </source>
        <source id="Skeleton_Land_HandIK_R_pose_matrix-output">
          <float_array id="Skeleton_Land_HandIK_R_pose_matrix-output-array" count="416">0 0 0.9999999 -4.491146 0.9999999 -1.35501e-6 0 6.251832 1.35501e-6 0.9999999 0 2.968523 0 0 0 1 0 0 0.9999999 -4.27742 0.9999999 -1.35501e-6 0 5.608462 1.35501e-6 0.9999999 0 2.955686 0 0 0 1 0 0 0.9999999 -3.767765 0.9999999 -1.35501e-6 0 4.074273 1.35501e-6 0.9999999 0 2.918528 0 0 0 1 0 0 0.9999999 -3.159467 0.9999999 -1.35501e-6 0 2.243144 1.35501e-6 0.9999999 0 2.859076 0 0 0 1 0 0 0.9999999 -2.649812 0.9999999 -1.35501e-6 0 0.7089539 1.35501e-6 0.9999999 0 2.779356 0 0 0 1 0 0 0.9999999 -2.436085 0.9999999 -1.35501e-6 0 0.06558418 1.35501e-6 0.9999999 0 2.681398 0 0 0 1 0 0 0.9999999 -2.438995 0.9999999 -1.35501e-6 0 0.07416582 1.35501e-6 0.9999999 0 2.567225 0 0 0 1 0 0 0.9999999 -2.447343 0.9999999 -1.35501e-6 0 0.09878397 1.35501e-6 0.9999999 0 2.438865 0 0 0 1 0 0 0.9999999 -2.460555 0.9999999 -1.35501e-6 0 0.1377506 1.35501e-6 0.9999999 0 2.298344 0 0 0 1 0 0 0.9999999 -2.478061 0.9999999 -1.35501e-6 0 0.1893783 1.35501e-6 0.9999999 0 2.14769 0 0 0 1 0 0 0.9999999 -2.499288 0.9999999 -1.35501e-6 0 0.2519784 1.35501e-6 0.9999999 0 1.988928 0 0 0 1 0 0 0.9999999 -2.523662 0.9999999 -1.35501e-6 0 0.3238635 1.35501e-6 0.9999999 0 1.824085 0 0 0 1 0 0 0.9999999 -2.550613 0.9999999 -1.35501e-6 0 0.4033442 1.35501e-6 0.9999999 0 1.655189 0 0 0 1 0 0 0.9999999 -2.579567 0.9999999 -1.35501e-6 0 0.4887342 1.35501e-6 0.9999999 0 1.484266 0 0 0 1 0 0 0.9999999 -2.609951 0.9999999 -1.35501e-6 0 0.5783439 1.35501e-6 0.9999999 0 1.313342 0 0 0 1 0 0 0.9999999 -2.641195 0.9999999 -1.35501e-6 0 0.670486 1.35501e-6 0.9999999 0 1.144446 0 0 0 1 0 0 0.9999999 -2.672724 0.9999999 -1.35501e-6 0 0.7634716 1.35501e-6 0.9999999 0 0.9796022 0 0 0 1 0 0 0.9999999 -2.703968 0.9999999 -1.35501e-6 0 0.8556137 1.35501e-6 0.9999999 0 0.8208393 0 0 0 1 0 0 0.9999999 -2.734353 0.9999999 -1.35501e-6 0 0.9452233 1.35501e-6 0.9999999 0 0.6701831 0 0 0 1 0 0 0.9999999 -2.763306 0.9999999 -1.35501e-6 0 1.030612 1.35501e-6 0.9999999 0 0.5296609 0 0 0 1 0 0 0.9999999 -2.790257 0.9999999 -1.35501e-6 0 1.110094 1.35501e-6 0.9999999 0 0.4012989 0 0 0 1 0 0 0.9999999 -2.814631 0.9999999 -1.35501e-6 0 1.181979 1.35501e-6 0.9999999 0 0.2871245 0 0 0 1 0 0 0.9999999 -2.835858 0.9999999 -1.35501e-6 0 1.244579 1.35501e-6 0.9999999 0 0.1891641 0 0 0 1 0 0 0.9999999 -2.853364 0.9999999 -1.35501e-6 0 1.296206 1.35501e-6 0.9999999 0 0.1094447 0 0 0 1 0 0 0.9999999 -2.866577 0.9999999 -1.35501e-6 0 1.335173 1.35501e-6 0.9999999 0 0.04999271 0 0 0 1 0 0 0.9999999 -2.874924 0.9999999 -1.35501e-6 0 1.359791 1.35501e-6 0.9999999 0 0.01283544 0 0 0 1</float_array>
          <technique_common>
            <accessor source="#Skeleton_Land_HandIK_R_pose_matrix-output-array" count="26" stride="16">
              <param name="TRANSFORM" type="float4x4"/>
            </accessor>
          </technique_common>
        </source>
        <source id="Skeleton_Land_HandIK_R_pose_matrix-interpolation">
          <Name_array id="Skeleton_Land_HandIK_R_pose_matrix-interpolation-array" count="26">LINEAR LINEAR LINEAR LINEAR LINEAR LINEAR LINEAR LINEAR LINEAR LINEAR LINEAR LINEAR LINEAR LINEAR LINEAR LINEAR LINEAR LINEAR LINEAR LINEAR LINEAR LINEAR LINEAR LINEAR LINEAR LINEAR</Name_array>
          <technique_common>
            <accessor source="#Skeleton_Land_HandIK_R_pose_matrix-interpolation-array" count="26" stride="1">
              <param name="INTERPOLATION" type="name"/>
            </accessor>
          </technique_common>
        </source>
        <sampler id="Skeleton_Land_HandIK_R_pose_matrix-sampler">
          <input semantic="INPUT" source="#Skeleton_Land_HandIK_R_pose_matrix-input"/>
          <input semantic="OUTPUT" source="#Skeleton_Land_HandIK_R_pose_matrix-output"/>
          <input semantic="INTERPOLATION" source="#Skeleton_Land_HandIK_R_pose_matrix-interpolation"/>
        </sampler>
        <channel source="#Skeleton_Land_HandIK_R_pose_matrix-sampler" target="Skeleton_HandIK_R/transform"/>
      </animation>
    </animation>
    <animation id="action_container-Person_003" name="Person.003"/>
  </library_animations>
  <library_visual_scenes>
    <visual_scene id="Scene" name="Scene">
      <node id="Skeleton" name="Skeleton" type="NODE">
        <matrix sid="transform">0.2137139 0 0 0 0 0.2137139 3.48184e-8 0.6931709 0 -3.48184e-8 0.2137139 0 0 0 0 1</matrix>
        <node id="Skeleton_Hips" name="Hips" sid="Hips" type="JOINT">
          <matrix sid="transform">1 0 0 0 0 0 -1 0.721447 0 1 0 0 0 0 0 1</matrix>
          <node id="Skeleton_Torso" name="Torso" sid="Torso" type="JOINT">
            <matrix sid="transform">1 0 0 0 0 1 0 0 0 0 1 -0.9521098 0 0 0 1</matrix>
            <node id="Skeleton_Chest" name="Chest" sid="Chest" type="JOINT">
              <matrix sid="transform">1 2.38419e-7 0 0 -2.38419e-7 1 0 0 0 0 1 -1.667821 0 0 0 1</matrix>
              <node id="Skeleton_Shoulder_L" name="Shoulder.L" sid="Shoulder_L" type="JOINT">
                <matrix sid="transform">-0.3665246 -5.34416e-7 -0.9304083 0 -1.00074e-6 1 -1.80157e-7 0 0.9304083 8.65065e-7 -0.3665247 -2.720016 0 0 0 1</matrix>
                <node id="Skeleton_UpperArm_L" name="UpperArm.L" sid="UpperArm_L" type="JOINT">
                  <matrix sid="transform">0.9304084 -0.04615756 0.3636064 -5.96046e-7 9.35048e-7 0.992039 0.1259308 -1.02318e-12 -0.3665244 -0.1171667 0.9230016 -1.815346 0 0 0 1</matrix>
                  <node id="Skeleton_LowerArm_L" name="LowerArm.L" sid="LowerArm_L" type="JOINT">
                    <matrix sid="transform">1 -3.83213e-7 -3.25149e-7 -8.56517e-8 2.97271e-7 0.9726861 -0.2321247 -2.98023e-8 4.05221e-7 0.2321247 0.9726861 -2.089515 0 0 0 1</matrix>
                    <extra>
                      <technique profile="blender">
                        <connect sid="connect" type="bool">1</connect>
                        <collections type="string">Layer 1</collections>
                        <roll sid="roll" type="float">1.570796</roll>
                        <tip_x sid="tip_x" type="float">2.427035</tip_x>
                        <tip_y sid="tip_y" type="float">-1.43051e-6</tip_y>
                        <tip_z sid="tip_z" type="float">0.2631334</tip_z>
                      </technique>
                    </extra>
                  </node>
                  <extra>
                    <technique profile="blender">
                      <collections type="string">Layer 1</collections>
                      <roll sid="roll" type="float">1.570796</roll>
                    </technique>
                  </extra>
                </node>
                <extra>
                  <technique profile="blender">
                    <connect sid="connect" type="bool">1</connect>
                    <collections type="string">Layer 1</collections>
                    <roll sid="roll" type="float">1.946068</roll>
                    <tip_x sid="tip_x" type="float">1.689013</tip_x>
                    <tip_y sid="tip_y" type="float">-0.665369</tip_y>
                    <tip_z sid="tip_z" type="float">0</tip_z>
                  </technique>
                </extra>
              </node>
              <node id="Skeleton_Head" name="Head" sid="Head" type="JOINT">
                <matrix sid="transform">1 -2.84217e-14 0 0 2.84217e-14 1 0 0 0 0 0.9999999 -2.720016 0 0 0 1</matrix>
                <extra>
                  <technique profile="blender">
                    <connect sid="connect" type="bool">1</connect>
                    <collections type="string">Layer 1</collections>
                    <roll sid="roll" type="float">2.38419e-7</roll>
                    <tip_x sid="tip_x" type="float">0</tip_x>
                    <tip_y sid="tip_y" type="float">6.090684</tip_y>
                    <tip_z sid="tip_z" type="float">0</tip_z>
                  </technique>
                </extra>
              </node>
              <node id="Skeleton_Shoulder_R" name="Shoulder.R" sid="Shoulder_R" type="JOINT">
                <matrix sid="transform">-0.3665246 5.75788e-8 0.9304083 0 8.25968e-7 1 2.63496e-7 0 -0.9304083 8.65066e-7 -0.3665247 -2.720016 0 0 0 1</matrix>
                <node id="Skeleton_UpperArm_R" name="UpperArm.R" sid="UpperArm_R" type="JOINT">
                  <matrix sid="transform">0.9304084 0.04615756 -0.3636064 5.96046e-7 -9.35048e-7 0.992039 0.1259308 -5.68434e-13 0.3665244 -0.1171667 0.9230016 -1.815346 0 0 0 1</matrix>
                  <node id="Skeleton_LowerArm_R" name="LowerArm.R" sid="LowerArm_R" type="JOINT">
                    <matrix sid="transform">1 5.02423e-7 3.25149e-7 8.56515e-8 -4.13225e-7 0.9726861 -0.2321247 -2.98023e-8 -4.32892e-7 0.2321247 0.9726861 -2.089515 0 0 0 1</matrix>
                    <extra>
                      <technique profile="blender">
                        <connect sid="connect" type="bool">1</connect>
                        <collections type="string">Layer 1</collections>
                        <roll sid="roll" type="float">-1.570796</roll>
                        <tip_x sid="tip_x" type="float">-2.427035</tip_x>
                        <tip_y sid="tip_y" type="float">-1.43051e-6</tip_y>
                        <tip_z sid="tip_z" type="float">0.2631334</tip_z>
                      </technique>
                    </extra>
                  </node>
                  <extra>
                    <technique profile="blender">
                      <collections type="string">Layer 1</collections>
                      <roll sid="roll" type="float">-1.570796</roll>
                    </technique>
                  </extra>
                </node>
                <extra>
                  <technique profile="blender">
                    <connect sid="connect" type="bool">1</connect>
                    <collections type="string">Layer 1</collections>
                    <roll sid="roll" type="float">-1.946068</roll>
                    <tip_x sid="tip_x" type="float">-1.689013</tip_x>
                    <tip_y sid="tip_y" type="float">-0.665369</tip_y>
                    <tip_z sid="tip_z" type="float">0</tip_z>
                  </technique>
                </extra>
              </node>
              <extra>
                <technique profile="blender">
                  <connect sid="connect" type="bool">1</connect>
                  <collections type="string">Layer 1</collections>
                  <roll sid="roll" type="float">2.38419e-7</roll>
                </technique>
              </extra>
            </node>
            <extra>
              <technique profile="blender">
                <collections type="string">Layer 1</collections>
              </technique>
            </extra>
          </node>
          <node id="Skeleton_UpperLeg_L" name="UpperLeg.L" sid="UpperLeg_L" type="JOINT">
            <matrix sid="transform">-0.9999963 0.001067955 -0.002528543 1.15515 0.001274012 0.9965889 -0.08265624 4.0592e-7 0.002431527 -0.08266109 -0.9965751 -0.310226 0 0 0 1</matrix>
            <node id="Skeleton_LowerLeg_L" name="LowerLeg.L" sid="LowerLeg_L" type="JOINT">
              <matrix sid="transform">0.9999973 1.79551e-4 -0.002338935 0 1.94721e-4 0.987272 0.159041 0 0.002337721 -0.159041 0.9872693 -2.008585 0 0 0 1</matrix>
              <extra>
                <technique profile="blender">
                  <connect sid="connect" type="bool">1</connect>
                  <collections type="string">Layer 1</collections>
                  <roll sid="roll" type="float">3.140327</roll>
                  <tip_x sid="tip_x" type="float">-2.68221e-5</tip_x>
                  <tip_y sid="tip_y" type="float">-2.152798</tip_y>
                  <tip_z sid="tip_z" type="float">-0.1660233</tip_z>
                </technique>
              </extra>
            </node>
            <extra>
              <technique profile="blender">
                <collections type="string">Layer 1</collections>
                <roll sid="roll" type="float">3.137778</roll>
              </technique>
            </extra>
          </node>
          <node id="Skeleton_UpperLeg_R" name="UpperLeg.R" sid="UpperLeg_R" type="JOINT">
            <matrix sid="transform">-0.9999963 -0.001067955 0.002528543 -1.15515 -0.001274012 0.9965889 -0.08265624 4.0592e-7 -0.002431527 -0.08266109 -0.9965751 -0.310226 0 0 0 1</matrix>
            <node id="Skeleton_LowerLeg_R" name="LowerLeg.R" sid="LowerLeg_R" type="JOINT">
              <matrix sid="transform">0.9999973 -1.79551e-4 0.002338935 0 -1.94721e-4 0.987272 0.159041 0 -0.002337721 -0.159041 0.9872693 -2.008585 0 0 0 1</matrix>
              <extra>
                <technique profile="blender">
                  <connect sid="connect" type="bool">1</connect>
                  <collections type="string">Layer 1</collections>
                  <roll sid="roll" type="float">-3.140327</roll>
                  <tip_x sid="tip_x" type="float">2.68221e-5</tip_x>
                  <tip_y sid="tip_y" type="float">-2.152798</tip_y>
                  <tip_z sid="tip_z" type="float">-0.1660233</tip_z>
                </technique>
              </extra>
            </node>
            <extra>
              <technique profile="blender">
                <collections type="string">Layer 1</collections>
                <roll sid="roll" type="float">-3.137778</roll>
              </technique>
            </extra>
          </node>
          <extra>
            <technique profile="blender">
              <collections type="string">Layer 1</collections>
              <tip_x sid="tip_x" type="float">0</tip_x>
              <tip_y sid="tip_y" type="float">1.114758</tip_y>
              <tip_z sid="tip_z" type="float">0</tip_z>
            </technique>
          </extra>
        </node>
        <node id="Skeleton_HeelIK_L" name="HeelIK.L" sid="HeelIK_L" type="JOINT">
          <matrix sid="transform">-0.9999999 4.97254e-4 0 1.160203 -4.97254e-4 -0.9999999 0 -3.12283 0 0 1 -8.5145e-7 0 0 0 1</matrix>
          <extra>
            <technique profile="blender">
              <collections type="string">Layer 1</collections>
              <roll sid="roll" type="float">3.141095</roll>
              <tip_x sid="tip_x" type="float">0</tip_x>
              <tip_y sid="tip_y" type="float">0</tip_y>
              <tip_z sid="tip_z" type="float">-1.296379</tip_z>
            </technique>
          </extra>
        </node>
        <node id="Skeleton_KneeIK_L" name="KneeIK.L" sid="KneeIK_L" type="JOINT">
          <matrix sid="transform">-0.999998 -0.002026795 0 1.160203 -0.002026795 0.999998 0 -0.722003 0 0 -1 2.334184 0 0 0 1</matrix>
          <extra>
            <technique profile="blender">
              <collections type="string">Layer 1</collections>
              <roll sid="roll" type="float">0.002026796</roll>
              <tip_x sid="tip_x" type="float">0</tip_x>
              <tip_y sid="tip_y" type="float">0</tip_y>
              <tip_z sid="tip_z" type="float">2.198042</tip_z>
            </technique>
          </extra>
        </node>
        <node id="Skeleton_ElbowIK_L" name="ElbowIK.L" sid="ElbowIK_L" type="JOINT">
          <matrix sid="transform">-1.47422e-6 1 0 3.761893 -1 -1.47422e-6 0 5.396027 0 0 0.9999999 -2.889867 0 0 0 1</matrix>
          <extra>
            <technique profile="blender">
              <collections type="string">Layer 1</collections>
              <roll sid="roll" type="float">1.570798</roll>
              <tip_x sid="tip_x" type="float">0</tip_x>
              <tip_y sid="tip_y" type="float">0</tip_y>
              <tip_z sid="tip_z" type="float">-1.984046</tip_z>
            </technique>
          </extra>
        </node>
        <node id="Skeleton_HandIK_L" name="HandIK.L" sid="HandIK_L" type="JOINT">
          <matrix sid="transform">0 0 -0.9999999 6.188928 -1 -1.35501e-6 0 5.396027 -1.35501e-6 1 0 -7.56446e-8 0 0 0 1</matrix>
          <extra>
            <technique profile="blender">
              <collections type="string">Layer 1</collections>
              <roll sid="roll" type="float">1.570798</roll>
              <tip_x sid="tip_x" type="float">0.849709</tip_x>
              <tip_y sid="tip_y" type="float">0</tip_y>
              <tip_z sid="tip_z" type="float">0</tip_z>
            </technique>
          </extra>
        </node>
        <node id="Skeleton_HeelIK_R" name="HeelIK.R" sid="HeelIK_R" type="JOINT">
          <matrix sid="transform">-0.9999999 -4.97254e-4 0 -1.160203 4.97254e-4 -0.9999999 0 -3.12283 0 0 1 -8.5145e-7 0 0 0 1</matrix>
          <extra>
            <technique profile="blender">
              <collections type="string">Layer 1</collections>
              <roll sid="roll" type="float">-3.141095</roll>
              <tip_x sid="tip_x" type="float">0</tip_x>
              <tip_y sid="tip_y" type="float">0</tip_y>
              <tip_z sid="tip_z" type="float">-1.296379</tip_z>
            </technique>
          </extra>
        </node>
        <node id="Skeleton_KneeIK_R" name="KneeIK.R" sid="KneeIK_R" type="JOINT">
          <matrix sid="transform">-0.999998 0.002026795 0 -1.160203 0.002026795 0.999998 0 -0.722003 0 0 -1 2.334184 0 0 0 1</matrix>
          <extra>
            <technique profile="blender">
              <collections type="string">Layer 1</collections>
              <roll sid="roll" type="float">-0.002026796</roll>
              <tip_x sid="tip_x" type="float">0</tip_x>
              <tip_y sid="tip_y" type="float">0</tip_y>
              <tip_z sid="tip_z" type="float">2.198042</tip_z>
            </technique>
          </extra>
        </node>
        <node id="Skeleton_ElbowIK_R" name="ElbowIK.R" sid="ElbowIK_R" type="JOINT">
          <matrix sid="transform">-1.47422e-6 -1 0 -3.761893 1 -1.47422e-6 0 5.396027 0 0 0.9999999 -2.889867 0 0 0 1</matrix>
          <extra>
            <technique profile="blender">
              <collections type="string">Layer 1</collections>
              <roll sid="roll" type="float">-1.570798</roll>
              <tip_x sid="tip_x" type="float">0</tip_x>
              <tip_y sid="tip_y" type="float">0</tip_y>
              <tip_z sid="tip_z" type="float">-1.984046</tip_z>
            </technique>
          </extra>
        </node>
        <node id="Skeleton_HandIK_R" name="HandIK.R" sid="HandIK_R" type="JOINT">
          <matrix sid="transform">0 0 0.9999999 -6.188928 1 -1.35501e-6 0 5.396027 1.35501e-6 1 0 -7.56446e-8 0 0 0 1</matrix>
          <extra>
            <technique profile="blender">
              <collections type="string">Layer 1</collections>
              <roll sid="roll" type="float">-1.570798</roll>
              <tip_x sid="tip_x" type="float">-0.849709</tip_x>
              <tip_y sid="tip_y" type="float">0</tip_y>
              <tip_z sid="tip_z" type="float">0</tip_z>
            </technique>
          </extra>
        </node>
        <node id="Person_003" name="Person.003" type="NODE">
          <matrix sid="transform">1 0 0 0 0 1 0 0 0 0 1 0 0 0 0 1</matrix>
          <instance_controller url="#Skeleton_Person_003-skin">
            <skeleton>#Skeleton_Hips</skeleton>
            <skeleton>#Skeleton_HeelIK_L</skeleton>
            <skeleton>#Skeleton_KneeIK_L</skeleton>
            <skeleton>#Skeleton_ElbowIK_L</skeleton>
            <skeleton>#Skeleton_HandIK_L</skeleton>
            <skeleton>#Skeleton_HeelIK_R</skeleton>
            <skeleton>#Skeleton_KneeIK_R</skeleton>
            <skeleton>#Skeleton_ElbowIK_R</skeleton>
            <skeleton>#Skeleton_HandIK_R</skeleton>
            <bind_material>
              <technique_common>
                <instance_material symbol="Material_005-material" target="#Material_005-material">
                  <bind_vertex_input semantic="UVMap" input_semantic="TEXCOORD" input_set="0"/>
                </instance_material>
              </technique_common>
            </bind_material>
          </instance_controller>
        </node>
        <extra>
          <technique profile="blender">
            <collections sid="collections" type="string">Layer 1</collections>
            <visible_collections sid="visible_collections" type="string">Layer 1</visible_collections>
          </technique>
        </extra>
      </node>
    </visual_scene>
  </library_visual_scenes>
  <scene>
    <instance_visual_scene url="#Scene"/>
  </scene>
</COLLADA>