# Blender 3.4.1
# www.blender.org
mtllib Person.mtl
o Person.003
v 0.160915 -0.020971 0.088606
v 0.147988 -0.036582 0.052573
v 0.196949 -0.036581 0.101526
v 0.147360 0.024589 0.102163
v 0.136442 0.102341 0.113082
v 0.119534 0.020269 0.056380
v 0.193146 0.020270 0.129981
v 0.249517 0.016491 0.139393
v 0.187700 0.101186 0.144953
v 0.184915 0.322112 0.151362
v 0.249519 0.100030 0.155596
v 0.249519 0.322112 0.162432
v 0.311335 0.101186 0.144943
v 0.314122 0.322112 0.151351
v 0.305887 0.020270 0.129972
v 0.362588 0.102341 0.113064
v 0.367648 0.322112 0.118122
v 0.351669 0.024589 0.102146
v 0.394459 0.101184 0.061804
v 0.400868 0.322111 0.064589
v 0.379488 0.020269 0.056359
v 0.405102 0.100027 -0.000016
v 0.394449 0.101182 -0.061834
v 0.388899 0.016488 -0.000014
v 0.411938 0.322110 -0.000017
v 0.400858 0.322109 -0.064621
v 0.411938 0.385196 -0.000017
v 0.411938 0.448283 -0.000016
v 0.400868 0.385197 0.064589
v 0.400858 0.385195 -0.064621
v 0.400858 0.448282 -0.064620
v 0.367629 0.385195 -0.118148
v 0.367629 0.448282 -0.118148
v 0.367629 0.322108 -0.118148
v 0.314098 0.385194 -0.151369
v 0.314098 0.448282 -0.151369
v 0.314098 0.322107 -0.151369
v 0.249494 0.385194 -0.162439
v 0.249494 0.448282 -0.162438
v 0.249494 0.322107 -0.162439
v 0.184891 0.385194 -0.151358
v 0.184891 0.322108 -0.151358
v 0.184891 0.448282 -0.151358
v 0.131365 0.385195 -0.118129
v 0.131365 0.448282 -0.118128
v 0.131365 0.322108 -0.118129
v 0.098145 0.385195 -0.064596
v 0.098145 0.448282 -0.064596
v 0.098145 0.322109 -0.064596
v 0.087075 0.385196 0.000010
v 0.087075 0.448283 0.000010
v 0.087075 0.322110 0.000010
v 0.098155 0.385197 0.064614
v 0.098155 0.322111 0.064614
v 0.098155 0.448283 0.064614
v 0.131384 0.385197 0.118141
v 0.131384 0.322112 0.118141
v 0.131384 0.448283 0.118141
v 0.184915 0.385198 0.151362
v 0.184915 0.448283 0.151362
v 0.249519 0.385198 0.162432
v 0.249519 0.448283 0.162432
v 0.314122 0.385198 0.151351
v 0.314122 0.448283 0.151352
v 0.367647 0.385197 0.118121
v 0.367648 0.448283 0.118122
v 0.367647 0.689375 0.118124
v 0.400868 0.448283 0.064589
v 0.400868 0.689375 0.064591
v 0.411938 0.689375 -0.000014
v 0.400067 0.831045 0.064244
v 0.367015 0.857592 0.117493
v 0.411083 0.857670 -0.000013
v 0.400057 0.857631 -0.064269
v 0.400858 0.689375 -0.064618
v 0.366997 0.857592 -0.117512
v 0.367629 0.689375 -0.118146
v 0.313750 0.857631 -0.150564
v 0.314098 0.689375 -0.151367
v 0.249494 0.857670 -0.161580
v 0.249494 0.689375 -0.162436
v 0.185239 0.857631 -0.150554
v 0.131998 0.857592 -0.117493
v 0.184891 0.689375 -0.151356
v 0.131365 0.689375 -0.118126
v 0.098145 0.689375 -0.064594
v 0.098946 0.857631 -0.064244
v 0.087075 0.689375 0.000012
v 0.087930 0.857670 0.000013
v 0.098155 0.689375 0.064616
v 0.131384 0.689375 0.118143
v 0.098956 0.857631 0.064269
v 0.132016 0.857592 0.117512
v 0.185263 0.857631 0.150564
v 0.249519 0.857670 0.161581
v 0.184915 0.689375 0.151364
v 0.249519 0.689375 0.162434
v 0.314122 0.689375 0.151354
v 0.313773 0.857631 0.150554
v 0.104564 0.101184 0.061828
v 0.093911 0.100027 0.000010
v 0.104554 0.101182 -0.061810
v 0.110114 0.016488 0.000008
v 0.119526 0.020267 -0.056364
v 0.141492 -0.044424 0.000006
v 0.190475 -0.081293 0.000002
v 0.147980 -0.036584 -0.052561
v 0.193480 -0.069985 -0.056022
v 0.160901 -0.020974 -0.088597
v 0.147344 0.024586 -0.102152
v 0.196933 -0.036585 -0.101523
v 0.193126 0.020265 -0.129978
v 0.249498 -0.044426 -0.108019
v 0.302064 -0.036585 -0.101532
v 0.249502 -0.081294 -0.059036
v 0.249496 0.016486 -0.139399
v 0.305867 0.020265 -0.129987
v 0.249494 0.100024 -0.155602
v 0.311313 0.101181 -0.144959
v 0.187678 0.101181 -0.144949
v 0.136425 0.102337 -0.113070
v 0.362571 0.102337 -0.113088
v 0.351653 0.024586 -0.102168
v 0.379479 0.020267 -0.056385
v 0.338098 -0.020974 -0.088611
v 0.351025 -0.036584 -0.052578
v 0.357521 -0.044424 -0.000011
v 0.305525 -0.069985 -0.056031
v 0.308538 -0.081293 -0.000007
v 0.249507 -0.093638 -0.000003
v 0.305533 -0.069983 0.056017
v 0.302080 -0.036581 0.101518
v 0.351033 -0.036582 0.052556
v 0.249511 -0.081292 0.059031
v 0.249515 -0.044422 0.108014
v 0.193489 -0.069983 0.056026
v 0.338112 -0.020971 0.088591
v -0.401091 2.147751 0.401090
v -0.461289 2.309998 0.461289
v -0.238844 2.087553 0.461288
v -0.461289 2.087553 0.238843
v -0.491233 2.057608 -0.000000
v -0.592197 2.292011 0.256831
v -0.256831 1.956645 0.256831
v 0.000000 1.863223 -0.000000
v -0.272326 1.909734 -0.000000
v 0.000000 1.909734 0.272326
v 0.256831 1.956645 0.256831
v 0.000000 1.863223 -0.000000
v 0.000000 2.057608 0.491233
v 0.238843 2.087553 0.461288
v -0.000000 2.276515 0.639108
v 0.256831 2.292011 0.592196
v 0.000000 2.548842 0.694709
v -0.256831 2.292011 0.592196
v -0.272327 2.548842 0.639108
v -0.256831 2.805673 0.592197
v -0.491234 2.548842 0.491234
v -0.461289 2.787685 0.461289
v -0.639109 2.548842 0.272326
v -0.592197 2.805673 0.256831
v -0.694710 2.548842 -0.000000
v -0.639108 2.276515 -0.000000
v -0.639109 2.821169 -0.000000
v -0.639109 2.548842 -0.272327
v -0.592197 2.292011 -0.256831
v -0.491234 2.548842 -0.491234
v -0.592197 2.805673 -0.256832
v -0.461290 3.010131 -0.238844
v -0.461289 2.787685 -0.461290
v -0.256831 2.805673 -0.592198
v -0.401091 2.949933 -0.401092
v -0.238844 3.010131 -0.461290
v -0.256831 3.141039 -0.256832
v 0.000000 3.040076 -0.491235
v 0.000000 2.821169 -0.639109
v 0.000000 3.187951 -0.272328
v 0.238844 3.010131 -0.461290
v 0.256831 3.141039 -0.256832
v 0.256831 2.805673 -0.592198
v 0.401091 2.949933 -0.401092
v 0.461289 2.787685 -0.461290
v 0.461290 3.010131 -0.238844
v 0.491235 3.040076 -0.000000
v 0.592197 2.805673 -0.256832
v 0.639109 2.548842 -0.272327
v 0.639109 2.821169 -0.000000
v 0.694710 2.548842 -0.000000
v 0.592197 2.805673 0.256831
v 0.461290 3.010131 0.238844
v 0.639109 2.548842 0.272326
v 0.461289 2.787685 0.461289
v 0.491234 2.548842 0.491234
v 0.256831 2.805673 0.592197
v 0.401091 2.949933 0.401091
v 0.238844 3.010131 0.461289
v 0.000000 3.040076 0.491234
v 0.256831 3.141039 0.256831
v 0.000000 3.187951 0.272327
v 0.272327 3.187951 -0.000000
v 0.000000 3.243552 -0.000000
v -0.272327 3.187951 -0.000000
v -0.256831 3.141039 0.256831
v -0.491235 3.040076 -0.000000
v -0.461290 3.010131 0.238844
v -0.401091 2.949933 0.401091
v -0.238844 3.010131 0.461289
v 0.000000 2.821169 0.639109
v 0.272327 2.548842 0.639108
v 0.461289 2.309998 0.461289
v 0.592197 2.292011 0.256831
v 0.401091 2.147751 0.401090
v 0.461289 2.087553 0.238843
v 0.491233 2.057608 -0.000000
v 0.461289 2.087553 -0.238844
v 0.272326 1.909734 -0.000000
v 0.639108 2.276515 -0.000000
v 0.592197 2.292011 -0.256831
v 0.461289 2.309998 -0.461289
v 0.491234 2.548842 -0.491234
v 0.256831 2.292011 -0.592197
v 0.401091 2.147751 -0.401091
v 0.238844 2.087553 -0.461289
v 0.000000 2.057608 -0.491234
v 0.256831 1.956645 -0.256831
v 0.000000 1.909734 -0.272327
v 0.000000 1.863223 -0.000000
v 0.000000 1.863223 -0.000000
v 0.000000 1.863223 -0.000000
v 0.000000 1.863223 -0.000000
v 0.000000 1.863223 -0.000000
v 0.000000 1.863223 -0.000000
v -0.256831 1.956645 -0.256831
v -0.461289 2.087553 -0.238844
v -0.238843 2.087553 -0.461289
v -0.401091 2.147751 -0.401091
v -0.256831 2.292011 -0.592197
v -0.272327 2.548842 -0.639109
v 0.000000 2.276515 -0.639108
v -0.461289 2.309998 -0.461289
v 0.000000 2.548842 -0.694710
v 0.272327 2.548842 -0.639109
v 0.244909 0.723475 0.171828
v 0.280631 0.720851 0.101944
v 0.302619 0.819812 0.212317
v 0.145305 0.720851 0.196895
v 0.154859 0.722322 0.108653
v 0.165444 0.819929 0.272171
v 0.000000 0.719530 0.209485
v -0.145305 0.720851 0.196895
v 0.000000 0.725864 0.114489
v 0.000000 0.819953 0.292164
v 0.000000 0.948767 0.315018
v -0.165444 0.819929 0.272171
v -0.302619 0.819812 0.212317
v -0.178577 0.948245 0.293538
v -0.178574 1.305342 0.293537
v -0.326540 0.947644 0.229102
v -0.326536 1.305074 0.229102
v -0.418377 0.948245 0.125287
v -0.418374 1.305342 0.125290
v -0.387920 0.819929 0.116070
v -0.448986 0.948767 -0.000005
v -0.416412 0.819953 -0.000007
v -0.448986 1.305583 -0.000000
v -0.418371 0.948245 -0.125295
v -0.326531 0.947644 -0.229104
v -0.418373 1.305341 -0.125290
v -0.387912 0.819929 -0.116081
v -0.302606 0.819812 -0.212320
v -0.280618 0.720851 -0.101949
v -0.298568 0.719530 -0.000005
v -0.154851 0.722322 -0.108646
v -0.244894 0.723475 -0.171829
v -0.145295 0.720851 -0.196888
v 0.000000 0.719530 -0.209477
v -0.165435 0.819929 -0.272166
v -0.178571 0.948245 -0.293537
v 0.000000 0.819953 -0.292158
v 0.165435 0.819929 -0.272166
v 0.000000 0.948767 -0.315014
v 0.178571 0.948245 -0.293537
v 0.000000 1.305583 -0.315015
v 0.178574 1.305341 -0.293537
v 0.000000 1.566935 -0.315015
v -0.178574 1.305341 -0.293537
v -0.326535 1.305074 -0.229102
v -0.178574 1.566940 -0.293537
v -0.170874 1.910847 -0.281107
v -0.326535 1.566950 -0.229102
v -0.312552 1.910129 -0.219291
v -0.418374 1.566940 -0.125290
v -0.448986 1.566935 -0.000000
v -0.400658 1.910847 -0.119887
v -0.430089 1.911566 -0.000000
v -0.280624 2.007489 -0.101945
v -0.298568 2.012329 -0.000000
v -0.154855 2.028105 -0.108648
v -0.244902 1.997854 -0.171827
v -0.145300 2.007489 -0.196890
v 0.000000 2.012329 -0.209480
v 0.000000 1.911566 -0.301757
v 0.000000 2.035086 -0.114485
v 0.145300 2.007489 -0.196890
v 0.244902 1.997854 -0.171827
v 0.170874 1.910847 -0.281107
v 0.154855 2.028105 -0.108648
v 0.163173 2.035086 -0.000000
v 0.280624 2.007489 -0.101945
v 0.298568 2.012329 -0.000000
v 0.400658 1.910847 -0.119888
v 0.430089 1.911566 -0.000000
v 0.312552 1.910129 -0.219291
v 0.418374 1.566940 -0.125290
v 0.326535 1.566950 -0.229102
v 0.448986 1.566935 -0.000000
v 0.418373 1.305341 -0.125290
v 0.326535 1.305074 -0.229102
v 0.418371 0.948245 -0.125295
v 0.448986 1.305583 -0.000000
v 0.448986 0.948767 -0.000005
v 0.418374 1.305342 0.125290
v 0.418377 0.948245 0.125287
v 0.418374 1.566940 0.125290
v 0.326536 1.305074 0.229102
v 0.326535 1.566950 0.229102
v 0.326540 0.947644 0.229102
v 0.178574 1.305342 0.293537
v 0.178577 0.948245 0.293538
v 0.178574 1.566940 0.293536
v 0.000000 1.305583 0.315015
v 0.000000 1.566936 0.315015
v -0.178574 1.566940 0.293536
v 0.000000 1.911566 0.301757
v 0.000000 2.012329 0.209479
v 0.170874 1.910847 0.281107
v -0.170874 1.910847 0.281107
v -0.312552 1.910129 0.219290
v -0.400658 1.910847 0.119887
v -0.244901 1.997854 0.171826
v -0.326535 1.566950 0.229102
v -0.418374 1.566940 0.125290
v -0.145300 2.007489 0.196890
v -0.280624 2.007489 0.101944
v -0.154855 2.028105 0.108648
v 0.000000 2.035086 0.114484
v -0.163173 2.035086 -0.000000
v 0.154855 2.028105 0.108648
v 0.280624 2.007489 0.101944
v 0.145300 2.007489 0.196890
v 0.244902 1.997854 0.171826
v 0.312552 1.910129 0.219290
v 0.400658 1.910847 0.119887
v 0.387920 0.819929 0.116070
v 0.416412 0.819953 -0.000007
v 0.387912 0.819929 -0.116081
v 0.298568 0.719530 -0.000005
v 0.280618 0.720851 -0.101949
v 0.163173 0.725864 0.000003
v 0.154851 0.722322 -0.108646
v 0.000000 0.744925 -0.000000
v 0.000000 0.725864 -0.114481
v -0.163173 0.725864 0.000003
v -0.154859 0.722322 0.108653
v -0.280630 0.720851 0.101944
v -0.244909 0.723475 0.171828
v 0.145295 0.720851 -0.196888
v 0.244894 0.723475 -0.171829
v 0.302606 0.819812 -0.212320
v 0.326531 0.947644 -0.229104
v 0.178574 1.566940 -0.293537
v 1.302384 1.838975 0.093110
v 1.268390 1.853221 0.107357
v 1.313757 1.852557 0.055242
v 1.313757 1.801107 0.106692
v 1.338094 1.804740 0.058875
v 1.319470 1.745865 0.113514
v 1.271537 1.805105 0.136595
v 1.274291 1.745864 0.146491
v 1.206992 1.810830 0.152328
v 1.206150 1.864695 0.118831
v 1.207835 1.745864 0.163518
v 1.116980 1.813392 0.158221
v 1.116875 1.869347 0.123482
v 1.117086 1.745864 0.169804
v 0.865541 1.813757 0.159063
v 0.865541 1.870012 0.124146
v 0.865541 1.745864 0.170702
v 0.779550 1.813757 0.159063
v 0.779550 1.870012 0.124146
v 0.779550 1.745864 0.170702
v 0.674863 1.813757 0.159063
v 0.384152 1.813435 0.158373
v 0.674863 1.870012 0.124147
v 0.674863 1.745864 0.170702
v 0.674863 1.677971 0.159063
v 0.383972 1.745864 0.169985
v 0.384152 1.678293 0.158373
v 0.296306 1.745864 0.169267
v 0.296714 1.678615 0.157683
v 0.296714 1.813113 0.157683
v 0.297122 1.868872 0.123008
v 0.384332 1.869442 0.123578
v 0.296714 1.903547 0.067249
v 0.384152 1.904238 0.067571
v 0.296306 1.915131 0.000000
v 0.296714 1.903547 -0.067249
v 0.383972 1.915849 -0.000000
v 0.674863 1.916567 -0.000001
v 0.384152 1.904238 -0.067571
v 0.674863 1.904928 -0.067894
v 0.384332 1.869442 -0.123578
v 0.674863 1.870012 -0.124148
v 0.297122 1.868872 -0.123008
v 0.384152 1.813435 -0.158374
v 0.674863 1.813757 -0.159064
v 0.383972 1.745864 -0.169985
v 0.296714 1.813113 -0.157683
v 0.296305 1.745864 -0.169267
v 0.296714 1.678615 -0.157683
v 0.384152 1.678293 -0.158374
v 0.297122 1.622856 -0.123008
v 0.384332 1.622286 -0.123578
v 0.296714 1.588181 -0.067249
v 0.384152 1.587491 -0.067571
v 0.296306 1.576597 -0.000000
v 0.296714 1.588181 0.067249
v 0.383972 1.575879 -0.000000
v 0.674863 1.575162 -0.000001
v 0.384152 1.587491 0.067571
v 0.674863 1.586800 0.067892
v 0.384332 1.622286 0.123578
v 0.297122 1.622856 0.123008
v 0.674863 1.621717 0.124147
v 0.779550 1.621717 0.124146
v 0.865541 1.621717 0.124146
v 0.779550 1.677971 0.159063
v 0.779550 1.586801 0.067892
v 0.779550 1.575162 -0.000001
v 0.865541 1.586800 0.067892
v 1.116981 1.587643 0.067527
v 0.865541 1.575162 -0.000001
v 1.117086 1.576060 -0.000001
v 0.865541 1.586800 -0.067894
v 1.116981 1.587643 -0.067528
v 0.865541 1.621717 -0.124148
v 0.779550 1.586800 -0.067894
v 0.779550 1.621717 -0.124148
v 0.674863 1.586800 -0.067894
v 0.674863 1.621717 -0.124148
v 0.674863 1.677971 -0.159065
v 0.674862 1.745864 -0.170703
v 0.779550 1.677971 -0.159065
v 0.865541 1.677971 -0.159065
v 0.779550 1.745864 -0.170703
v 0.779550 1.813757 -0.159065
v 0.865541 1.745864 -0.170703
v 0.865541 1.813757 -0.159065
v 1.117087 1.745865 -0.169805
v 1.116981 1.813392 -0.158222
v 1.207835 1.745865 -0.163518
v 1.116981 1.678337 -0.158222
v 1.116876 1.622382 -0.123483
v 1.206993 1.680899 -0.152329
v 1.206151 1.627034 -0.118831
v 1.271538 1.686623 -0.136595
v 1.268390 1.638508 -0.107357
v 1.274291 1.745865 -0.146491
v 1.313758 1.690622 -0.106692
v 1.302384 1.652754 -0.093111
v 1.338094 1.686990 -0.058875
v 1.319471 1.745865 -0.113514
v 1.313758 1.801107 -0.106692
v 1.346334 1.745865 -0.062038
v 1.338094 1.804740 -0.058875
v 1.355328 1.745865 -0.000000
v 1.346334 1.683827 -0.000000
v 1.346334 1.807902 -0.000000
v 1.346334 1.745865 0.062038
v 1.338094 1.686990 0.058875
v 1.313757 1.639172 0.055242
v 1.313757 1.690622 0.106692
v 1.302384 1.652754 0.093110
v 1.271537 1.686623 0.136595
v 1.206992 1.680899 0.152328
v 1.268390 1.638508 0.107356
v 1.206150 1.627034 0.118830
v 1.271537 1.609269 0.059241
v 1.274291 1.599374 -0.000000
v 1.206993 1.593536 0.064965
v 1.207835 1.582346 -0.000000
v 1.206993 1.593536 -0.064966
v 1.271537 1.609269 -0.059241
v 1.313758 1.639172 -0.055243
v 1.319471 1.632350 -0.000000
v 1.116875 1.622382 0.123482
v 1.116981 1.678337 0.158221
v 0.865541 1.677971 0.159063
v 1.319470 1.859379 -0.000000
v 1.313758 1.852557 -0.055242
v 1.274291 1.892355 -0.000000
v 1.207835 1.909382 -0.000000
v 1.271537 1.882460 -0.059241
v 1.271537 1.882460 0.059241
v 1.206992 1.898193 0.064965
v 1.116981 1.904086 0.067527
v 0.865541 1.904928 0.067892
v 1.117086 1.915669 -0.000000
v 0.865541 1.916567 -0.000001
v 1.116981 1.904086 -0.067527
v 1.206993 1.898193 -0.064966
v 0.865541 1.904928 -0.067894
v 1.116876 1.869347 -0.123483
v 1.206150 1.864695 -0.118831
v 0.865541 1.870012 -0.124148
v 0.779550 1.870012 -0.124148
v 0.779550 1.904928 -0.067894
v 0.779550 1.916567 -0.000001
v 0.779550 1.904928 0.067892
v 0.674863 1.904928 0.067892
v 1.268390 1.853221 -0.107357
v 1.206993 1.810830 -0.152329
v 1.271537 1.805106 -0.136595
v 1.302384 1.838975 -0.093111
v -0.160915 -0.020971 0.088606
v -0.147988 -0.036582 0.052573
v -0.196949 -0.036581 0.101526
v -0.147360 0.024589 0.102163
v -0.136442 0.102341 0.113082
v -0.193146 0.020270 0.129981
v -0.119534 0.020269 0.056380
v -0.104564 0.101184 0.061828
v -0.110114 0.016488 0.000009
v -0.093911 0.100027 0.000010
v -0.119525 0.020267 -0.056364
v -0.141492 -0.044424 0.000006
v -0.147980 -0.036584 -0.052561
v -0.190475 -0.081293 0.000002
v -0.249506 -0.093638 -0.000003
v -0.193489 -0.069983 0.056026
v -0.193480 -0.069985 -0.056022
v -0.249502 -0.081294 -0.059036
v -0.196933 -0.036585 -0.101523
v -0.193126 0.020265 -0.129978
v -0.160901 -0.020974 -0.088597
v -0.249498 -0.044426 -0.108019
v -0.302064 -0.036585 -0.101532
v -0.249496 0.016486 -0.139399
v -0.249494 0.100024 -0.155602
v -0.305867 0.020265 -0.129987
v -0.351653 0.024586 -0.102168
v -0.311313 0.101181 -0.144959
v -0.314098 0.322107 -0.151369
v -0.362571 0.102337 -0.113088
v -0.394449 0.101182 -0.061834
v -0.367629 0.322108 -0.118148
v -0.367629 0.385195 -0.118148
v -0.400858 0.322109 -0.064621
v -0.411938 0.322110 -0.000017
v -0.400858 0.385195 -0.064621
v -0.400858 0.448282 -0.064620
v -0.411938 0.385196 -0.000017
v -0.411938 0.448283 -0.000016
v -0.400868 0.385197 0.064589
v -0.400868 0.322111 0.064589
v -0.400868 0.448283 0.064589
v -0.367647 0.385197 0.118121
v -0.367648 0.322112 0.118122
v -0.367648 0.448283 0.118122
v -0.314122 0.385198 0.151351
v -0.314122 0.448283 0.151352
v -0.314122 0.322112 0.151351
v -0.249519 0.385198 0.162432
v -0.249519 0.322112 0.162432
v -0.249519 0.448283 0.162432
v -0.184915 0.385198 0.151362
v -0.184915 0.322112 0.151362
v -0.184915 0.448283 0.151362
v -0.131384 0.385197 0.118141
v -0.131384 0.448283 0.118141
v -0.131384 0.322112 0.118141
v -0.098155 0.385197 0.064614
v -0.098155 0.448283 0.064614
v -0.098155 0.322111 0.064614
v -0.087075 0.385196 0.000010
v -0.087075 0.322110 0.000010
v -0.087075 0.448283 0.000010
v -0.098145 0.385195 -0.064596
v -0.098145 0.322109 -0.064596
v -0.098145 0.448282 -0.064596
v -0.131365 0.385195 -0.118129
v -0.131365 0.322108 -0.118129
v -0.131365 0.448282 -0.118128
v -0.184891 0.385194 -0.151358
v -0.184891 0.448282 -0.151358
v -0.184891 0.322108 -0.151358
v -0.249494 0.385194 -0.162439
v -0.249494 0.322107 -0.162439
v -0.249494 0.448282 -0.162438
v -0.314098 0.385194 -0.151369
v -0.314098 0.448282 -0.151369
v -0.314098 0.689375 -0.151367
v -0.367629 0.448282 -0.118148
v -0.367629 0.689375 -0.118146
v -0.400858 0.689375 -0.064618
v -0.366997 0.857592 -0.117512
v -0.400057 0.857631 -0.064269
v -0.313750 0.857631 -0.150564
v -0.249494 0.857670 -0.161580
v -0.249494 0.689375 -0.162436
v -0.185239 0.857631 -0.150554
v -0.131998 0.857592 -0.117493
v -0.184891 0.689375 -0.151356
v -0.131365 0.689375 -0.118126
v -0.098145 0.689375 -0.064594
v -0.087075 0.689375 0.000012
v -0.098946 0.857631 -0.064244
v -0.087930 0.857670 0.000013
v -0.098956 0.857631 0.064269
v -0.098155 0.689375 0.064616
v -0.132016 0.857592 0.117512
v -0.131384 0.689375 0.118143
v -0.185263 0.857631 0.150564
v -0.249519 0.857670 0.161581
v -0.184915 0.689375 0.151364
v -0.249519 0.689375 0.162434
v -0.314122 0.689375 0.151354
v -0.313773 0.857631 0.150554
v -0.367647 0.689375 0.118124
v -0.367015 0.857592 0.117493
v -0.400868 0.689375 0.064591
v -0.400067 0.831045 0.064244
v -0.411938 0.689375 -0.000014
v -0.411083 0.857670 -0.000013
v -0.187678 0.101181 -0.144949
v -0.136425 0.102337 -0.113070
v -0.147344 0.024586 -0.102152
v -0.104554 0.101182 -0.061810
v -0.187700 0.101186 0.144953
v -0.249519 0.100030 0.155596
v -0.249517 0.016491 0.139393
v -0.311335 0.101186 0.144943
v -0.305887 0.020270 0.129972
v -0.362588 0.102341 0.113064
v -0.394459 0.101184 0.061804
v -0.351669 0.024589 0.102146
v -0.338112 -0.020971 0.088591
v -0.379487 0.020269 0.056359
v -0.388899 0.016488 -0.000014
v -0.351033 -0.036582 0.052556
v -0.357521 -0.044424 -0.000011
v -0.305533 -0.069983 0.056017
v -0.308538 -0.081293 -0.000007
v -0.249511 -0.081292 0.059031
v -0.302080 -0.036581 0.101518
v -0.249515 -0.044422 0.108014
v -0.305524 -0.069985 -0.056031
v -0.351025 -0.036584 -0.052578
v -0.338098 -0.020974 -0.088611
v -0.379479 0.020267 -0.056385
v -0.405102 0.100027 -0.000016
v -1.302383 1.838975 0.093110
v -1.268389 1.853221 0.107357
v -1.313757 1.852556 0.055242
v -1.313757 1.801107 0.106692
v -1.338093 1.804740 0.058875
v -1.319470 1.745864 0.113514
v -1.271537 1.805105 0.136595
v -1.274290 1.745864 0.146491
v -1.206992 1.810830 0.152328
v -1.206149 1.864695 0.118831
v -1.207834 1.745864 0.163518
v -1.116980 1.813391 0.158221
v -1.116875 1.869347 0.123482
v -1.117085 1.745864 0.169804
v -0.865540 1.813757 0.159063
v -0.865541 1.745864 0.170702
v -0.779550 1.813757 0.159063
v -0.865540 1.870011 0.124146
v -0.865540 1.904928 0.067892
v -0.779550 1.870011 0.124146
v -0.674862 1.870011 0.124147
v -0.779550 1.904928 0.067892
v -0.674862 1.904928 0.067892
v -0.779550 1.916567 -0.000001
v -0.779550 1.904928 -0.067894
v -0.865540 1.916567 -0.000001
v -0.674862 1.916567 -0.000001
v -0.674862 1.904928 -0.067894
v -0.383972 1.915848 -0.000000
v -0.384151 1.904238 -0.067571
v -0.296305 1.915130 0.000000
v -0.384152 1.904237 0.067571
v -0.384332 1.869442 0.123578
v -0.296713 1.903547 0.067249
v -0.297122 1.868872 0.123008
v -0.296714 1.813113 0.157683
v -0.384152 1.813435 0.158373
v -0.296305 1.745864 0.169267
v -0.383972 1.745864 0.169985
v -0.296714 1.678614 0.157683
v -0.384152 1.678293 0.158373
v -0.297122 1.622856 0.123008
v -0.384332 1.622286 0.123578
v -0.296714 1.588180 0.067249
v -0.296305 1.576597 -0.000000
v -0.384152 1.587490 0.067571
v -0.383972 1.575879 -0.000000
v -0.674862 1.586800 0.067892
v -0.674862 1.575162 -0.000001
v -0.674863 1.621717 0.124146
v -0.779550 1.586800 0.067892
v -0.865541 1.586800 0.067892
v -0.779550 1.621717 0.124146
v -0.779550 1.575162 -0.000001
v -0.865541 1.575162 -0.000001
v -0.779550 1.586800 -0.067894
v -0.779550 1.621717 -0.124148
v -0.674862 1.586800 -0.067894
v -0.865541 1.586800 -0.067894
v -0.865541 1.621717 -0.124148
v -1.116981 1.587642 -0.067528
v -1.116876 1.622382 -0.123483
v -1.117086 1.576060 -0.000001
v -1.206992 1.593536 -0.064966
v -1.206150 1.627033 -0.118831
v -1.271537 1.609269 -0.059241
v -1.207835 1.582346 -0.000000
v -1.274291 1.599373 -0.000000
v -1.206992 1.593536 0.064965
v -1.116980 1.587642 0.067527
v -1.271537 1.609269 0.059241
v -1.206150 1.627033 0.118830
v -1.116875 1.622382 0.123482
v -1.206992 1.680899 0.152328
v -1.268389 1.638507 0.107356
v -1.271537 1.686623 0.136595
v -1.302383 1.652754 0.093110
v -1.313757 1.639172 0.055242
v -1.313757 1.690622 0.106692
v -1.338093 1.686989 0.058875
v -1.346333 1.745864 0.062038
v -1.346333 1.683827 -0.000000
v -1.319470 1.632350 -0.000000
v -1.355328 1.745864 -0.000000
v -1.338094 1.686989 -0.058875
v -1.313757 1.690622 -0.106692
v -1.313757 1.639172 -0.055243
v -1.346334 1.745864 -0.062038
v -1.319470 1.745864 -0.113514
v -1.338094 1.804740 -0.058875
v -1.313757 1.801107 -0.106692
v -1.313757 1.852556 -0.055242
v -1.346334 1.807902 0.000000
v -1.319470 1.859379 -0.000000
v -1.274291 1.892355 -0.000000
v -1.271537 1.882459 0.059241
v -1.271537 1.882459 -0.059241
v -1.207834 1.909382 -0.000000
v -1.206992 1.898193 -0.064966
v -1.206992 1.898193 0.064965
v -1.117086 1.915669 -0.000000
v -1.116980 1.904086 0.067527
v -1.116980 1.904086 -0.067527
v -1.116875 1.869347 -0.123483
v -0.865541 1.904928 -0.067894
v -0.865541 1.870012 -0.124148
v -0.779549 1.870011 -0.124148
v -0.865541 1.813757 -0.159065
v -1.116981 1.813391 -0.158222
v -0.779549 1.813757 -0.159065
v -0.865541 1.745864 -0.170703
v -1.117086 1.745864 -0.169805
v -0.779550 1.745864 -0.170703
v -0.865541 1.677971 -0.159065
v -1.116981 1.678337 -0.158222
v -0.779550 1.677971 -0.159065
v -0.674862 1.677971 -0.159065
v -0.674862 1.745864 -0.170703
v -0.674862 1.621717 -0.124148
v -0.384151 1.678293 -0.158374
v -0.296713 1.678614 -0.157683
v -0.383971 1.745864 -0.169985
v -0.384332 1.622286 -0.123578
v -0.297122 1.622855 -0.123008
v -0.384152 1.587490 -0.067571
v -0.296713 1.588180 -0.067249
v -0.384151 1.813435 -0.158374
v -0.296305 1.745864 -0.169267
v -0.296713 1.813113 -0.157683
v -0.297122 1.868872 -0.123008
v -0.296713 1.903547 -0.067249
v -0.384331 1.869442 -0.123578
v -0.674862 1.870011 -0.124148
v -0.674862 1.813757 -0.159064
v -1.206993 1.680899 -0.152329
v -1.271537 1.686623 -0.136595
v -1.207835 1.745864 -0.163518
v -1.206992 1.810830 -0.152329
v -1.274291 1.745864 -0.146491
v -1.271537 1.805105 -0.136595
v -1.268389 1.853221 -0.107357
v -1.302384 1.838975 -0.093111
v -1.206150 1.864695 -0.118831
v -1.268390 1.638508 -0.107357
v -1.302384 1.652754 -0.093111
v -1.116980 1.678337 0.158221
v -0.865541 1.677971 0.159063
v -0.779550 1.677971 0.159063
v -0.865541 1.621717 0.124146
v -0.674863 1.677971 0.159063
v -0.779550 1.745864 0.170702
v -0.674863 1.745864 0.170702
v -0.674862 1.813757 0.159063
v -0.178575 1.126793 0.293537
v -0.326537 1.126359 0.229102
v -0.418375 1.126793 0.125289
v -0.448986 1.127175 -0.000002
v -0.418372 1.126793 -0.125292
v 0.000000 1.127175 -0.315015
v -0.178573 1.126793 -0.293537
v 0.418372 1.126793 -0.125292
v 0.448986 1.127175 -0.000002
v 0.418375 1.126793 0.125289
v 0.326537 1.126359 0.229102
v 0.178575 1.126793 0.293537
v 0.000000 1.127175 0.315015
v 0.326534 1.126359 -0.229103
v -0.326534 1.126359 -0.229103
v 0.178573 1.126793 -0.293537
v 0.400064 0.931700 0.064250
v 0.367011 0.958247 0.117497
v 0.411083 0.958326 -0.000006
v 0.400059 0.958287 -0.064262
v 0.367001 0.958247 -0.117506
v 0.313755 0.958287 -0.150560
v 0.249499 0.958326 -0.161578
v 0.185244 0.958287 -0.150554
v 0.132002 0.958248 -0.117495
v 0.098948 0.958287 -0.064249
v 0.087930 0.958326 0.000007
v 0.098954 0.958287 0.064263
v 0.132012 0.958248 0.117506
v 0.185258 0.958287 0.150561
v 0.249514 0.958326 0.161579
v 0.313767 0.958287 0.150555
v -0.367001 0.958247 -0.117506
v -0.400059 0.958287 -0.064262
v -0.313755 0.958287 -0.150560
v -0.249499 0.958326 -0.161578
v -0.185245 0.958287 -0.150554
v -0.132002 0.958248 -0.117495
v -0.098948 0.958287 -0.064249
v -0.087930 0.958326 0.000007
v -0.098954 0.958287 0.064263
v -0.132011 0.958248 0.117506
v -0.185257 0.958287 0.150560
v -0.249513 0.958326 0.161579
v -0.313768 0.958287 0.150555
v -0.367011 0.958247 0.117496
v -0.400064 0.931700 0.064250
v -0.411083 0.958326 -0.000006
v 0.400467 0.774201 0.064418
v 0.411511 0.773523 -0.000014
v 0.400457 0.773503 -0.064444
v 0.367313 0.773484 -0.117829
v 0.313924 0.773503 -0.150965
v 0.249494 0.773523 -0.162008
v 0.185065 0.773503 -0.150955
v 0.131681 0.773484 -0.117809
v 0.098545 0.773503 -0.064419
v 0.087502 0.773523 0.000013
v 0.098555 0.773503 0.064442
v 0.131700 0.773484 0.117827
v 0.185089 0.773503 0.150964
v 0.249519 0.773523 0.162007
v 0.313948 0.773503 0.150954
v 0.367331 0.773484 0.117808
v -0.367313 0.773484 -0.117829
v -0.313924 0.773503 -0.150965
v -0.249494 0.773523 -0.162008
v -0.185065 0.773503 -0.150955
v -0.131681 0.773484 -0.117809
v -0.098545 0.773503 -0.064419
v -0.087502 0.773523 0.000013
v -0.098555 0.773503 0.064442
v -0.131700 0.773484 0.117827
v -0.185089 0.773503 0.150964
v -0.249519 0.773523 0.162007
v -0.313947 0.773503 0.150954
v -0.367331 0.773484 0.117808
v -0.400467 0.774201 0.064418
v -0.411511 0.773523 -0.000014
v -0.400457 0.773503 -0.064444
vn -0.7174 -0.6078 0.3404
vn -0.3816 -0.8419 0.3817
vn -0.3403 -0.6079 0.7175
vn -0.6100 -0.5057 0.6101
vn -0.6758 -0.2939 0.6759
vn -0.8869 -0.3110 0.3415
vn -0.3414 -0.3110 0.8870
vn -0.7027 -0.1114 0.7028
vn -0.9281 -0.1114 0.3553
vn -0.3551 -0.1114 0.9282
vn 0.0001 -0.3286 0.9445
vn 0.0001 -0.1117 0.9937
vn 0.0001 -0.6481 0.7616
vn 0.0001 -0.0155 0.9999
vn -0.3550 -0.0158 0.9347
vn -0.7070 -0.0161 0.7071
vn 0.3553 -0.1114 0.9281
vn 0.3552 -0.0158 0.9347
vn 0.3415 -0.3110 0.8869
vn 0.7071 -0.0161 0.7070
vn 0.7028 -0.1114 0.7026
vn 0.6759 -0.2939 0.6758
vn 0.9282 -0.1114 0.3551
vn 0.9347 -0.0158 0.3550
vn 0.8870 -0.3110 0.3414
vn 0.9937 -0.1117 -0.0001
vn 0.9999 -0.0155 -0.0001
vn 0.9445 -0.3286 -0.0001
vn 0.9281 -0.1114 -0.3553
vn 0.9347 -0.0158 -0.3552
vn 0.8869 -0.3110 -0.3415
vn 0.9349 -0.0000 -0.3548
vn 1.0000 -0.0000 -0.0001
vn 0.9350 -0.0000 0.3547
vn 0.7070 -0.0161 -0.7071
vn 0.7071 -0.0000 -0.7072
vn 0.3547 -0.0000 -0.9350
vn 0.3550 -0.0158 -0.9347
vn -0.0001 -0.0000 -1.0000
vn -0.0001 -0.0155 -0.9999
vn -0.3548 -0.0000 -0.9349
vn -0.3552 -0.0158 -0.9347
vn -0.7071 -0.0161 -0.7070
vn -0.7072 -0.0000 -0.7070
vn -0.9350 -0.0000 -0.3547
vn -0.9347 -0.0158 -0.3550
vn -1.0000 -0.0000 0.0001
vn -0.9999 -0.0155 0.0001
vn -0.9349 -0.0000 0.3548
vn -0.9347 -0.0158 0.3552
vn -0.7071 -0.0000 0.7072
vn -0.3547 -0.0000 0.9350
vn 0.0001 -0.0000 1.0000
vn 0.3548 -0.0000 0.9349
vn 0.7072 -0.0000 0.7070
vn 0.7072 0.0026 0.7070
vn 0.3548 0.0026 0.9349
vn 0.9350 0.0026 0.3547
vn 1.0000 0.0025 -0.0001
vn 1.0000 0.0053 0.0002
vn 1.0000 0.0024 0.0002
vn 0.9350 0.0039 0.3547
vn 0.9350 0.0057 0.3547
vn 0.7073 0.0025 0.7069
vn 0.7074 0.0055 0.7068
vn 0.9349 0.0052 -0.3549
vn 0.9349 0.0026 -0.3549
vn 0.7070 0.0053 -0.7071
vn 0.7071 0.0027 -0.7072
vn 0.3547 0.0052 -0.9350
vn 0.3547 0.0026 -0.9350
vn -0.0001 0.0051 -1.0000
vn -0.0001 0.0026 -1.0000
vn -0.3549 0.0052 -0.9349
vn -0.3549 0.0026 -0.9349
vn -0.7072 0.0053 -0.7070
vn -0.7072 0.0027 -0.7070
vn -0.3548 0.0026 -0.9349
vn -0.9350 0.0026 -0.3547
vn -0.9350 0.0052 -0.3547
vn -1.0000 0.0025 0.0001
vn -1.0000 0.0051 0.0001
vn -0.9349 0.0026 0.3548
vn -0.9349 0.0052 0.3548
vn -0.9349 0.0026 0.3549
vn -0.7071 0.0026 0.7072
vn -0.7070 0.0053 0.7071
vn -0.7071 0.0027 0.7072
vn -0.3547 0.0052 0.9350
vn -0.3547 0.0026 0.9350
vn 0.0001 0.0051 1.0000
vn 0.0001 0.0026 1.0000
vn 0.0001 0.0025 1.0000
vn 0.3549 0.0052 0.9349
vn 0.3549 0.0026 0.9349
vn 0.9349 0.0026 -0.3548
vn -0.9937 -0.1117 0.0001
vn -0.9445 -0.3286 0.0001
vn -0.9282 -0.1114 -0.3551
vn -0.8870 -0.3110 -0.3414
vn -0.7616 -0.6481 0.0001
vn -0.7175 -0.6079 -0.3402
vn -0.3817 -0.8419 -0.3816
vn -0.4097 -0.9122 -0.0000
vn -0.6101 -0.5057 -0.6100
vn -0.3404 -0.6079 -0.7174
vn -0.6759 -0.2939 -0.6758
vn -0.3415 -0.3110 -0.8869
vn -0.0001 -0.6481 -0.7616
vn -0.0000 -0.9122 -0.4097
vn -0.0001 -0.3286 -0.9445
vn 0.3403 -0.6079 -0.7174
vn 0.3816 -0.8419 -0.3816
vn 0.3414 -0.3110 -0.8870
vn -0.0001 -0.1117 -0.9937
vn 0.3551 -0.1114 -0.9282
vn -0.3553 -0.1114 -0.9281
vn -0.7028 -0.1114 -0.7026
vn 0.7027 -0.1114 -0.7028
vn 0.6758 -0.2939 -0.6759
vn 0.6100 -0.5057 -0.6101
vn 0.7174 -0.6079 -0.3404
vn 0.7616 -0.6481 -0.0000
vn 0.4097 -0.9122 -0.0000
vn -0.0000 -1.0000 -0.0000
vn 0.3817 -0.8419 0.3816
vn -0.0000 -0.9122 0.4097
vn 0.7175 -0.6078 0.3403
vn 0.6101 -0.5057 0.6100
vn 0.3404 -0.6079 0.7174
vn -0.3265 -0.6684 0.6684
vn -0.3552 -0.3552 0.8646
vn -0.6684 -0.3265 0.6684
vn -0.5774 -0.5774 0.5773
vn -0.8646 -0.3552 0.3552
vn -0.6684 -0.6684 0.3265
vn -0.3514 -0.8678 0.3514
vn -0.7071 -0.7071 -0.0000
vn -0.3686 -0.9296 -0.0000
vn -0.9244 -0.3813 -0.0000
vn -0.1684 -0.9857 -0.0000
vn -0.1761 -0.9685 0.1761
vn -0.0000 -0.9296 0.3686
vn -0.0000 -0.9857 0.1684
vn -0.0000 -0.7071 0.7071
vn 0.3514 -0.8678 0.3514
vn 0.1813 -0.9685 0.1710
vn 0.3265 -0.6684 0.6684
vn -0.0000 -0.3813 0.9244
vn 0.3552 -0.3552 0.8646
vn 0.3813 -0.0000 0.9244
vn -0.0000 -0.0000 1.0000
vn -0.3813 -0.0000 0.9244
vn -0.7071 -0.0000 0.7071
vn -0.3552 0.3552 0.8646
vn -0.6684 0.3265 0.6684
vn -0.0000 0.3813 0.9244
vn -0.9244 -0.0000 0.3813
vn -0.8646 0.3552 0.3552
vn -0.9244 0.3813 -0.0000
vn -1.0000 -0.0000 -0.0000
vn -0.9244 -0.0000 -0.3813
vn -0.8646 -0.3552 -0.3552
vn -0.8646 0.3552 -0.3552
vn -0.7071 -0.0000 -0.7071
vn -0.6684 -0.3265 -0.6684
vn -0.6684 0.3265 -0.6684
vn -0.7071 0.7071 -0.0000
vn -0.6684 0.6684 -0.3265
vn -0.5774 0.5773 -0.5774
vn -0.3552 0.3552 -0.8646
vn -0.3813 -0.0000 -0.9244
vn -0.3265 0.6684 -0.6684
vn -0.3552 0.8646 -0.3552
vn -0.0000 0.7071 -0.7071
vn -0.0000 0.9244 -0.3813
vn -0.0000 0.3813 -0.9244
vn 0.3265 0.6684 -0.6684
vn 0.3552 0.3552 -0.8646
vn 0.3552 0.8646 -0.3552
vn 0.5774 0.5773 -0.5774
vn 0.6684 0.6684 -0.3265
vn 0.6684 0.3265 -0.6684
vn 0.8646 0.3552 -0.3552
vn 0.3813 0.9244 -0.0000
vn 0.7071 0.7071 -0.0000
vn 0.9244 0.3813 -0.0000
vn 0.7071 -0.0000 -0.7071
vn 0.9244 -0.0000 -0.3813
vn 1.0000 -0.0000 -0.0000
vn 0.8646 0.3552 0.3552
vn 0.9244 -0.0000 0.3813
vn 0.6684 0.6684 0.3265
vn 0.5774 0.5773 0.5774
vn 0.6684 0.3265 0.6684
vn 0.7071 -0.0000 0.7071
vn 0.3552 0.3552 0.8646
vn 0.3265 0.6684 0.6684
vn 0.3552 0.8646 0.3552
vn -0.0000 0.9244 0.3813
vn -0.0000 0.7071 0.7071
vn -0.0000 1.0000 -0.0000
vn -0.3813 0.9244 -0.0000
vn -0.3552 0.8646 0.3552
vn -0.6684 0.6684 0.3265
vn -0.5774 0.5773 0.5774
vn -0.3265 0.6684 0.6684
vn 0.6684 -0.3265 0.6684
vn 0.8646 -0.3552 0.3552
vn 0.6684 -0.6684 0.3265
vn 0.5773 -0.5774 0.5773
vn 0.3686 -0.9296 -0.0000
vn 0.7071 -0.7071 -0.0000
vn 0.9244 -0.3813 -0.0000
vn 0.3514 -0.8678 -0.3514
vn 0.6684 -0.6684 -0.3265
vn 0.8646 -0.3553 -0.3552
vn 0.6684 -0.3265 -0.6684
vn 0.5774 -0.5774 -0.5773
vn 0.3552 -0.3553 -0.8646
vn 0.3813 -0.0000 -0.9244
vn 0.3265 -0.6684 -0.6684
vn -0.0000 -0.7071 -0.7071
vn -0.0000 -0.9296 -0.3686
vn -0.0000 -0.3813 -0.9244
vn 0.1761 -0.9685 -0.1761
vn -0.0000 -0.9857 -0.1684
vn 0.1684 -0.9857 -0.0000
vn -0.3514 -0.8678 -0.3514
vn -0.1710 -0.9685 -0.1813
vn -0.6684 -0.6684 -0.3265
vn -0.5773 -0.5774 -0.5773
vn -0.3265 -0.6684 -0.6684
vn -0.3552 -0.3553 -0.8646
vn -0.0000 -0.0000 -1.0000
vn 0.3652 -0.9130 0.1816
vn 0.7890 -0.4772 0.3870
vn 0.5418 -0.4192 0.7285
vn 0.3022 -0.8473 0.4368
vn -0.0269 -0.9989 -0.0383
vn 0.1031 -0.8911 0.4419
vn 0.2256 -0.3950 0.8906
vn -0.0000 -0.9974 -0.0726
vn -0.0000 -0.9018 0.4321
vn -0.0000 -0.4066 0.9136
vn -0.1031 -0.8911 0.4419
vn -0.2256 -0.3950 0.8906
vn 0.0269 -0.9989 -0.0383
vn -0.0000 -0.0873 0.9962
vn -0.2633 -0.0919 0.9603
vn 0.2633 -0.0919 0.9603
vn -0.5885 -0.1050 0.8016
vn -0.5418 -0.4192 0.7285
vn -0.3022 -0.8473 0.4368
vn -0.5880 -0.0000 0.8088
vn -0.2621 -0.0000 0.9650
vn -0.7890 -0.4772 0.3870
vn -0.8815 -0.1172 0.4575
vn -0.8861 -0.0000 0.4635
vn -0.8637 -0.5041 -0.0000
vn -0.9926 -0.1214 -0.0000
vn -0.7889 -0.4772 -0.3871
vn -0.8814 -0.1172 -0.4575
vn -0.8861 -0.0000 -0.4635
vn -0.5885 -0.1050 -0.8016
vn -0.5418 -0.4192 -0.7285
vn -0.5880 -0.0000 -0.8088
vn -0.3022 -0.8473 -0.4368
vn -0.3652 -0.9130 -0.1816
vn -0.3709 -0.9287 -0.0000
vn 0.0269 -0.9989 0.0383
vn 0.0505 -0.9987 -0.0000
vn -0.1030 -0.8911 -0.4419
vn -0.2256 -0.3950 -0.8906
vn -0.0000 -0.9019 -0.4320
vn -0.0000 -0.4066 -0.9136
vn -0.0000 -0.9974 0.0726
vn -0.2633 -0.0919 -0.9603
vn -0.0000 -0.0873 -0.9962
vn 0.2633 -0.0919 -0.9603
vn 0.2256 -0.3950 -0.8906
vn 0.1030 -0.8911 -0.4419
vn 0.2621 -0.0000 -0.9650
vn -0.2621 -0.0000 -0.9650
vn -0.0000 0.0193 -0.9998
vn 0.2628 0.0203 -0.9646
vn -0.2628 0.0203 -0.9646
vn -0.5887 0.0234 -0.8080
vn -0.5534 0.3801 -0.7411
vn -0.2395 0.3627 -0.9006
vn -0.0000 0.3706 -0.9288
vn -0.8860 0.0263 -0.4630
vn -0.8103 0.4219 -0.4067
vn -0.9996 0.0274 -0.0000
vn -0.8967 0.4426 -0.0000
vn -0.3270 0.8167 -0.4755
vn -0.3992 0.8866 -0.2337
vn -0.4194 0.9078 -0.0000
vn -0.1657 0.9862 -0.0000
vn -0.1289 0.9747 -0.1826
vn -0.1460 0.8481 -0.5093
vn -0.0000 0.9725 -0.2329
vn -0.0000 0.8554 -0.5179
vn 0.1460 0.8481 -0.5093
vn 0.2395 0.3627 -0.9006
vn 0.1289 0.9747 -0.1826
vn 0.3270 0.8167 -0.4755
vn 0.3992 0.8866 -0.2337
vn 0.5534 0.3801 -0.7411
vn 0.1657 0.9862 -0.0000
vn 0.4194 0.9078 -0.0000
vn 0.8103 0.4219 -0.4067
vn 0.8967 0.4426 -0.0000
vn 0.8860 0.0263 -0.4630
vn 0.9996 0.0274 -0.0000
vn 0.5887 0.0234 -0.8080
vn 0.8861 -0.0000 -0.4635
vn 0.5880 -0.0000 -0.8088
vn 0.8814 -0.1172 -0.4575
vn 0.5885 -0.1050 -0.8016
vn 0.8860 0.0263 0.4630
vn 0.8861 -0.0000 0.4635
vn 0.5880 -0.0000 0.8088
vn 0.5887 0.0234 0.8080
vn 0.2628 0.0203 0.9646
vn 0.2621 -0.0000 0.9650
vn 0.5885 -0.1050 0.8016
vn -0.0000 0.0193 0.9998
vn -0.2628 0.0203 0.9646
vn -0.0000 0.3694 0.9293
vn -0.2316 0.3592 0.9041
vn 0.2316 0.3592 0.9041
vn -0.2882 0.8257 0.4849
vn -0.5337 0.3869 0.7520
vn -0.0000 0.8567 0.5158
vn -0.1407 0.8541 0.5007
vn 0.2882 0.8257 0.4849
vn 0.1407 0.8541 0.5007
vn 0.5337 0.3869 0.7520
vn -0.5887 0.0234 0.8080
vn -0.8860 0.0263 0.4630
vn -0.8103 0.4219 0.4067
vn -0.3992 0.8866 0.2337
vn -0.1289 0.9747 0.1826
vn -0.0000 0.9725 0.2329
vn 0.1289 0.9747 0.1826
vn 0.3992 0.8866 0.2337
vn 0.8103 0.4219 0.4067
vn 0.8815 -0.1172 0.4575
vn 0.8637 -0.5041 -0.0000
vn 0.9926 -0.1214 -0.0000
vn 0.3709 -0.9287 -0.0000
vn 0.7889 -0.4772 -0.3871
vn 0.3652 -0.9130 -0.1816
vn -0.0505 -0.9987 -0.0000
vn -0.0269 -0.9989 0.0383
vn -0.3652 -0.9130 0.1816
vn 0.3022 -0.8473 -0.4368
vn 0.5418 -0.4192 -0.7285
vn 0.3860 0.6523 0.6523
vn 0.6390 0.5439 0.5439
vn 0.7235 0.6257 0.2917
vn 0.4051 0.8539 0.3268
vn 0.4051 0.3267 0.8539
vn 0.7235 0.2917 0.6257
vn 0.9088 0.2950 0.2950
vn 0.9511 -0.0000 0.3088
vn 0.7553 -0.0000 0.6553
vn 0.4238 -0.0000 0.9058
vn 0.1597 0.3524 0.9221
vn 0.1604 0.6980 0.6980
vn 0.1595 -0.0000 0.9872
vn 0.0373 0.3551 0.9341
vn 0.0381 0.7066 0.7066
vn 0.0365 -0.0000 0.9993
vn 0.0018 0.3548 0.9350
vn 0.0019 0.7071 0.7071
vn 0.0018 -0.0000 1.0000
vn -0.0000 0.3547 0.9350
vn -0.0013 0.3548 0.9349
vn -0.0014 0.7071 0.7071
vn -0.0013 -0.0000 1.0000
vn -0.0054 -0.0000 1.0000
vn -0.0056 0.3552 0.9348
vn -0.0059 0.7071 0.7071
vn -0.0056 -0.3552 0.9348
vn -0.0013 -0.3548 0.9349
vn -0.0000 -0.3547 0.9350
vn -0.0087 -0.3546 0.9350
vn -0.0084 -0.0000 1.0000
vn -0.0087 0.3546 0.9350
vn -0.0091 0.7071 0.7071
vn -0.0056 0.9348 0.3552
vn -0.0087 0.9350 0.3546
vn -0.0054 1.0000 -0.0000
vn -0.0084 1.0000 -0.0000
vn -0.0057 0.9348 -0.3552
vn -0.0087 0.9350 -0.3546
vn -0.0013 0.9349 0.3548
vn -0.0013 1.0000 -0.0000
vn -0.0013 0.9349 -0.3548
vn -0.0014 0.7071 -0.7071
vn -0.0059 0.7071 -0.7071
vn -0.0091 0.7071 -0.7071
vn -0.0013 0.3548 -0.9349
vn -0.0057 0.3552 -0.9348
vn -0.0087 0.3546 -0.9350
vn -0.0013 -0.0000 -1.0000
vn -0.0054 -0.0000 -1.0000
vn -0.0084 -0.0000 -1.0000
vn -0.0057 -0.3552 -0.9348
vn -0.0087 -0.3546 -0.9350
vn -0.0059 -0.7071 -0.7071
vn -0.0091 -0.7071 -0.7071
vn -0.0056 -0.9348 -0.3552
vn -0.0087 -0.9350 -0.3546
vn -0.0054 -1.0000 -0.0000
vn -0.0084 -1.0000 -0.0000
vn -0.0056 -0.9348 0.3552
vn -0.0087 -0.9350 0.3546
vn -0.0013 -0.9349 -0.3548
vn -0.0013 -1.0000 -0.0000
vn -0.0013 -0.9349 0.3548
vn -0.0014 -0.7071 0.7071
vn -0.0059 -0.7071 0.7071
vn -0.0091 -0.7071 0.7071
vn -0.0000 -0.9350 0.3547
vn 0.0019 -0.7071 0.7071
vn 0.0018 -0.3548 0.9350
vn 0.0018 -0.9350 0.3548
vn 0.0018 -1.0000 -0.0000
vn 0.0373 -0.9341 0.3551
vn 0.0381 -0.7066 0.7066
vn 0.0365 -0.9993 -0.0000
vn 0.0018 -0.9350 -0.3548
vn 0.0373 -0.9341 -0.3551
vn -0.0000 -0.9350 -0.3547
vn 0.0019 -0.7071 -0.7071
vn 0.0381 -0.7066 -0.7066
vn -0.0014 -0.7071 -0.7071
vn -0.0013 -0.3548 -0.9349
vn -0.0000 -0.3547 -0.9350
vn 0.0018 -0.0000 -1.0000
vn 0.0018 -0.3548 -0.9350
vn -0.0000 0.3547 -0.9350
vn 0.0018 0.3548 -0.9350
vn 0.0373 0.3551 -0.9341
vn 0.0365 -0.0000 -0.9993
vn 0.0373 -0.3551 -0.9341
vn 0.1597 0.3524 -0.9221
vn 0.1595 -0.0000 -0.9872
vn 0.1597 -0.3524 -0.9221
vn 0.1604 -0.6980 -0.6980
vn 0.4051 -0.3267 -0.8539
vn 0.3860 -0.6523 -0.6523
vn 0.4238 -0.0000 -0.9058
vn 0.7235 -0.2917 -0.6257
vn 0.6390 -0.5439 -0.5439
vn 0.7553 -0.0000 -0.6553
vn 0.9088 -0.2950 -0.2950
vn 0.7235 -0.6257 -0.2917
vn 0.9511 -0.0000 -0.3088
vn 0.4051 0.3268 -0.8539
vn 0.7235 0.2917 -0.6257
vn 0.9088 0.2950 -0.2950
vn 0.9511 0.3088 -0.0000
vn 0.9511 -0.3088 -0.0000
vn 0.9088 -0.2950 0.2950
vn 0.7235 -0.2917 0.6257
vn 0.7235 -0.6257 0.2917
vn 0.6390 -0.5439 0.5439
vn 0.7553 -0.6553 -0.0000
vn 0.3860 -0.6523 0.6523
vn 0.4051 -0.3268 0.8539
vn 0.1597 -0.3524 0.9221
vn 0.1604 -0.6980 0.6980
vn 0.4051 -0.8539 0.3268
vn 0.1597 -0.9221 0.3524
vn 0.4238 -0.9058 -0.0000
vn 0.1595 -0.9872 -0.0000
vn 0.1597 -0.9221 -0.3524
vn 0.4051 -0.8539 -0.3267
vn 0.0373 -0.3551 0.9341
vn 0.7235 0.6257 -0.2917
vn 0.7553 0.6553 -0.0000
vn 0.4238 0.9058 -0.0000
vn 0.4051 0.8539 -0.3267
vn 0.1597 0.9221 0.3524
vn 0.1595 0.9872 -0.0000
vn 0.1597 0.9221 -0.3524
vn 0.0373 0.9341 0.3551
vn 0.0365 0.9993 -0.0000
vn 0.0018 0.9350 0.3548
vn 0.0018 1.0000 -0.0000
vn 0.0373 0.9341 -0.3551
vn 0.0018 0.9350 -0.3548
vn 0.1604 0.6980 -0.6980
vn 0.0381 0.7066 -0.7066
vn 0.0019 0.7071 -0.7071
vn -0.0000 0.9350 -0.3547
vn -0.0000 0.9350 0.3547
vn 0.3860 0.6523 -0.6523
vn 0.6390 0.5439 -0.5439
vn 0.7174 -0.6078 0.3404
vn 0.6100 -0.5057 0.6101
vn 0.3403 -0.6079 0.7175
vn 0.3816 -0.8419 0.3817
vn 0.8869 -0.3110 0.3415
vn 0.6758 -0.2939 0.6759
vn 0.3414 -0.3110 0.8870
vn 0.9281 -0.1114 0.3553
vn 0.7027 -0.1114 0.7028
vn 0.3551 -0.1114 0.9282
vn 0.9445 -0.3286 0.0001
vn 0.9937 -0.1117 0.0001
vn 0.7616 -0.6481 0.0001
vn 0.8870 -0.3110 -0.3414
vn 0.9282 -0.1114 -0.3551
vn 0.7175 -0.6079 -0.3402
vn 0.3817 -0.8419 -0.3816
vn 0.3404 -0.6079 -0.7174
vn 0.0001 -0.6481 -0.7616
vn 0.6101 -0.5057 -0.6100
vn 0.3415 -0.3110 -0.8869
vn 0.6759 -0.2939 -0.6758
vn 0.0001 -0.3286 -0.9445
vn -0.3816 -0.8419 -0.3816
vn -0.3403 -0.6079 -0.7174
vn -0.3414 -0.3110 -0.8870
vn 0.0001 -0.1117 -0.9937
vn 0.3553 -0.1114 -0.9281
vn -0.3551 -0.1114 -0.9282
vn -0.6100 -0.5057 -0.6101
vn -0.6758 -0.2939 -0.6759
vn -0.7027 -0.1114 -0.7028
vn -0.3550 -0.0158 -0.9347
vn 0.0001 -0.0155 -0.9999
vn -0.7070 -0.0161 -0.7071
vn -0.8869 -0.3110 -0.3415
vn -0.9281 -0.1114 -0.3553
vn -0.9347 -0.0158 -0.3552
vn -0.7071 -0.0000 -0.7072
vn -0.3547 -0.0000 -0.9350
vn -0.9349 -0.0000 -0.3548
vn -0.9999 -0.0155 -0.0001
vn -1.0000 -0.0000 -0.0001
vn -0.9937 -0.1117 -0.0001
vn -0.9347 -0.0158 0.3550
vn -0.9350 -0.0000 0.3547
vn -0.7071 -0.0161 0.7070
vn -0.7072 -0.0000 0.7070
vn -0.3552 -0.0158 0.9347
vn -0.3548 -0.0000 0.9349
vn -0.0001 -0.0000 1.0000
vn -0.0001 -0.0155 0.9999
vn 0.3550 -0.0158 0.9347
vn 0.3547 -0.0000 0.9350
vn 0.7070 -0.0161 0.7071
vn 0.7071 -0.0000 0.7072
vn 0.9349 -0.0000 0.3548
vn 0.9347 -0.0158 0.3552
vn 1.0000 -0.0000 0.0001
vn 0.9999 -0.0155 0.0001
vn 0.9347 -0.0158 -0.3550
vn 0.9350 -0.0000 -0.3547
vn 0.7071 -0.0161 -0.7070
vn 0.7072 -0.0000 -0.7070
vn 0.3552 -0.0158 -0.9347
vn 0.3548 -0.0000 -0.9349
vn 0.0001 -0.0000 -1.0000
vn -0.3547 0.0026 -0.9350
vn 0.0001 0.0026 -1.0000
vn -0.7071 0.0027 -0.7072
vn -0.9349 0.0026 -0.3548
vn -0.7070 0.0053 -0.7071
vn -0.9349 0.0052 -0.3548
vn -0.9349 0.0026 -0.3549
vn -0.3547 0.0052 -0.9350
vn 0.0001 0.0051 -1.0000
vn 0.3549 0.0052 -0.9349
vn 0.3549 0.0026 -0.9349
vn 0.7072 0.0053 -0.7070
vn 0.7072 0.0027 -0.7070
vn 0.3548 0.0026 -0.9349
vn 0.9350 0.0052 -0.3547
vn 0.9350 0.0026 -0.3547
vn 1.0000 0.0051 0.0001
vn 1.0000 0.0025 0.0001
vn 0.9349 0.0052 0.3548
vn 0.9349 0.0026 0.3549
vn 0.7070 0.0053 0.7071
vn 0.7071 0.0027 0.7072
vn 0.3547 0.0052 0.9350
vn 0.3547 0.0026 0.9350
vn -0.0001 0.0051 1.0000
vn -0.0001 0.0026 1.0000
vn 0.7071 0.0026 0.7072
vn -0.0001 0.0025 1.0000
vn -0.3548 0.0026 0.9349
vn -0.3549 0.0052 0.9349
vn -0.3549 0.0026 0.9349
vn -0.7074 0.0055 0.7068
vn -0.7073 0.0025 0.7069
vn -0.7072 0.0026 0.7070
vn -0.9350 0.0057 0.3547
vn -0.9350 0.0039 0.3547
vn -0.9350 0.0026 0.3547
vn -1.0000 0.0053 0.0002
vn -1.0000 0.0024 0.0002
vn -1.0000 0.0025 -0.0001
vn 0.9349 0.0026 0.3548
vn 0.7028 -0.1114 -0.7026
vn -0.0001 -0.1117 0.9937
vn -0.0001 -0.3286 0.9445
vn -0.3415 -0.3110 0.8869
vn -0.3553 -0.1114 0.9281
vn -0.7028 -0.1114 0.7026
vn -0.6759 -0.2939 0.6758
vn -0.8870 -0.3110 0.3414
vn -0.9282 -0.1114 0.3551
vn -0.6101 -0.5057 0.6100
vn -0.3404 -0.6079 0.7174
vn -0.7175 -0.6078 0.3403
vn -0.9445 -0.3286 -0.0001
vn -0.7616 -0.6481 -0.0000
vn -0.3817 -0.8419 0.3816
vn -0.0001 -0.6481 0.7616
vn -0.7174 -0.6079 -0.3404
vn -0.3860 0.6523 0.6523
vn -0.4051 0.8539 0.3268
vn -0.7235 0.6257 0.2917
vn -0.6390 0.5439 0.5439
vn -0.4051 0.3268 0.8539
vn -0.7235 0.2917 0.6257
vn -0.9088 0.2950 0.2950
vn -0.9511 -0.0000 0.3088
vn -0.7553 -0.0000 0.6553
vn -0.4238 -0.0000 0.9058
vn -0.1597 0.3524 0.9221
vn -0.1604 0.6980 0.6980
vn -0.1595 -0.0000 0.9872
vn -0.0373 0.3551 0.9341
vn -0.0381 0.7066 0.7066
vn -0.0365 -0.0000 0.9993
vn -0.0018 0.3548 0.9350
vn -0.0019 0.7071 0.7071
vn -0.0018 -0.0000 1.0000
vn -0.0018 0.9350 0.3548
vn -0.0373 0.9341 0.3551
vn 0.0013 0.3548 0.9349
vn 0.0014 0.7071 0.7071
vn 0.0013 0.9349 0.3548
vn -0.0018 1.0000 -0.0000
vn 0.0013 1.0000 -0.0000
vn 0.0013 0.9349 -0.3548
vn -0.0018 0.9350 -0.3548
vn 0.0057 0.9348 -0.3552
vn 0.0054 1.0000 -0.0000
vn 0.0057 0.9348 0.3552
vn 0.0087 0.9350 -0.3546
vn 0.0084 1.0000 -0.0000
vn 0.0087 0.9350 0.3546
vn 0.0059 0.7071 0.7071
vn 0.0091 0.7071 0.7071
vn 0.0056 0.3552 0.9348
vn 0.0087 0.3546 0.9350
vn 0.0054 -0.0000 1.0000
vn 0.0084 -0.0000 1.0000
vn 0.0056 -0.3552 0.9348
vn 0.0087 -0.3546 0.9350
vn 0.0059 -0.7071 0.7071
vn 0.0091 -0.7071 0.7071
vn 0.0056 -0.9348 0.3552
vn 0.0087 -0.9350 0.3546
vn 0.0054 -1.0000 -0.0000
vn 0.0084 -1.0000 -0.0000
vn 0.0014 -0.7071 0.7071
vn 0.0013 -0.9349 0.3548
vn 0.0013 -1.0000 -0.0000
vn -0.0018 -0.9350 0.3548
vn -0.0018 -1.0000 -0.0000
vn -0.0019 -0.7071 0.7071
vn -0.0018 -0.9350 -0.3548
vn 0.0013 -0.9349 -0.3548
vn 0.0014 -0.7071 -0.7071
vn -0.0019 -0.7071 -0.7071
vn -0.0373 -0.9341 -0.3551
vn -0.0381 -0.7066 -0.7066
vn -0.0365 -0.9993 -0.0000
vn -0.1597 -0.9221 -0.3524
vn -0.1604 -0.6980 -0.6980
vn -0.1595 -0.9872 -0.0000
vn -0.4051 -0.8539 -0.3267
vn -0.3860 -0.6523 -0.6523
vn -0.4238 -0.9058 -0.0000
vn -0.1597 -0.9221 0.3524
vn -0.4051 -0.8539 0.3268
vn -0.0373 -0.9341 0.3551
vn -0.0381 -0.7066 0.7066
vn -0.1604 -0.6980 0.6980
vn -0.3860 -0.6523 0.6523
vn -0.0373 -0.3551 0.9341
vn -0.1597 -0.3524 0.9221
vn -0.4051 -0.3268 0.8539
vn -0.6390 -0.5439 0.5439
vn -0.7235 -0.6257 0.2917
vn -0.7235 -0.2917 0.6257
vn -0.9088 -0.2950 0.2950
vn -0.9511 -0.3088 -0.0000
vn -0.7553 -0.6553 -0.0000
vn -0.7235 -0.6257 -0.2917
vn -0.9088 -0.2950 -0.2950
vn -0.9511 -0.0000 -0.3088
vn -0.6390 -0.5439 -0.5439
vn -0.7235 -0.2917 -0.6257
vn -0.7553 -0.0000 -0.6553
vn -0.9088 0.2950 -0.2950
vn -0.7235 0.2917 -0.6257
vn -0.9511 0.3088 -0.0000
vn -0.7235 0.6257 -0.2917
vn -0.6390 0.5439 -0.5439
vn -0.7553 0.6553 -0.0000
vn -0.4238 0.9058 -0.0000
vn -0.4051 0.8539 -0.3267
vn -0.1597 0.9221 0.3524
vn -0.1595 0.9872 -0.0000
vn -0.1597 0.9221 -0.3524
vn -0.0365 0.9993 -0.0000
vn -0.0373 0.9341 -0.3551
vn -0.0381 0.7066 -0.7066
vn -0.1604 0.6980 -0.6980
vn -0.0019 0.7071 -0.7071
vn -0.0018 0.3548 -0.9350
vn -0.0373 0.3551 -0.9341
vn -0.0018 -0.0000 -1.0000
vn -0.0365 -0.0000 -0.9993
vn -0.0018 -0.3548 -0.9350
vn -0.0373 -0.3551 -0.9341
vn 0.0013 -0.0000 -1.0000
vn 0.0013 -0.3548 -0.9349
vn 0.0057 -0.3552 -0.9348
vn 0.0054 -0.0000 -1.0000
vn 0.0059 -0.7071 -0.7071
vn 0.0091 -0.7071 -0.7071
vn 0.0087 -0.3546 -0.9350
vn 0.0084 -0.0000 -1.0000
vn 0.0087 -0.9350 -0.3546
vn 0.0056 -0.9348 -0.3552
vn 0.0013 0.3548 -0.9349
vn 0.0057 0.3552 -0.9348
vn 0.0087 0.3546 -0.9350
vn 0.0059 0.7071 -0.7071
vn 0.0091 0.7071 -0.7071
vn 0.0014 0.7071 -0.7071
vn -0.1597 -0.3524 -0.9221
vn -0.1595 -0.0000 -0.9872
vn -0.4051 -0.3268 -0.8539
vn -0.4238 -0.0000 -0.9058
vn -0.1597 0.3524 -0.9221
vn -0.4051 0.3268 -0.8539
vn -0.3860 0.6523 -0.6523
vn -0.0018 -0.3548 0.9350
vn 0.0013 -0.3548 0.9349
vn 0.0013 -0.0000 1.0000
vn -0.7072 -0.0000 -0.7071
vn 0.9347 -0.0000 0.3554
vn 0.6825 -0.0000 0.7309
vn 0.9997 -0.0000 -0.0242
vn 0.7072 -0.0000 -0.7071
vn -0.9997 -0.0000 -0.0242
vn -0.9347 -0.0000 0.3554
vn -0.6825 -0.0000 0.7308
vt 0.521357 0.725362
vt 0.521290 0.725199
vt 0.521543 0.725199
vt 0.521286 0.725836
vt 0.521230 0.726645
vt 0.521142 0.725791
vt 0.521524 0.725791
vt 0.521815 0.725752
vt 0.521495 0.726633
vt 0.521481 0.728932
vt 0.521815 0.726621
vt 0.521815 0.728932
vt 0.522136 0.726633
vt 0.522150 0.728932
vt 0.522107 0.725791
vt 0.522401 0.726645
vt 0.522427 0.728932
vt 0.522345 0.725836
vt 0.522566 0.726633
vt 0.522599 0.728932
vt 0.522489 0.725791
vt 0.522621 0.726621
vt 0.522566 0.726633
vt 0.522538 0.725752
vt 0.522657 0.728932
vt 0.522599 0.728932
vt 0.522657 0.729589
vt 0.522657 0.730245
vt 0.522599 0.729589
vt 0.522599 0.729589
vt 0.522599 0.730245
vt 0.522427 0.729589
vt 0.522427 0.730245
vt 0.522427 0.728932
vt 0.522150 0.729589
vt 0.522150 0.730245
vt 0.522150 0.728932
vt 0.521815 0.729589
vt 0.521815 0.730245
vt 0.521815 0.728932
vt 0.521481 0.729589
vt 0.521481 0.728932
vt 0.521481 0.730245
vt 0.521204 0.729589
vt 0.521204 0.730245
vt 0.521204 0.728932
vt 0.521032 0.729589
vt 0.521032 0.730245
vt 0.521032 0.728932
vt 0.520974 0.729589
vt 0.520974 0.730245
vt 0.520974 0.728932
vt 0.521032 0.729589
vt 0.521032 0.728932
vt 0.521032 0.730245
vt 0.521204 0.729589
vt 0.521204 0.728932
vt 0.521204 0.730245
vt 0.521481 0.729589
vt 0.521481 0.730245
vt 0.521815 0.729589
vt 0.521815 0.730245
vt 0.522150 0.729589
vt 0.522150 0.730245
vt 0.522427 0.729589
vt 0.522427 0.730245
vt 0.522427 0.732754
vt 0.522599 0.730245
vt 0.522599 0.732754
vt 0.522657 0.732754
vt 0.522595 0.734505
vt 0.522424 0.734505
vt 0.522652 0.734506
vt 0.522595 0.734505
vt 0.522599 0.732754
vt 0.522424 0.734505
vt 0.522427 0.732754
vt 0.522148 0.734505
vt 0.522150 0.732754
vt 0.521815 0.734506
vt 0.521815 0.732754
vt 0.521483 0.734505
vt 0.521207 0.734505
vt 0.521481 0.732754
vt 0.521204 0.732754
vt 0.521032 0.732754
vt 0.521036 0.734505
vt 0.520974 0.732754
vt 0.520979 0.734506
vt 0.521032 0.732754
vt 0.521204 0.732754
vt 0.521036 0.734505
vt 0.521207 0.734505
vt 0.521483 0.734505
vt 0.521815 0.734506
vt 0.521481 0.732754
vt 0.521815 0.732754
vt 0.522150 0.732754
vt 0.522148 0.734505
vt 0.521065 0.726633
vt 0.521010 0.726621
vt 0.521065 0.726633
vt 0.521093 0.725752
vt 0.521142 0.725791
vt 0.521256 0.725118
vt 0.521510 0.724734
vt 0.521290 0.725199
vt 0.521525 0.724852
vt 0.521357 0.725362
vt 0.521286 0.725836
vt 0.521543 0.725199
vt 0.521524 0.725791
vt 0.521815 0.725118
vt 0.522088 0.725199
vt 0.521815 0.724734
vt 0.521815 0.725752
vt 0.522107 0.725791
vt 0.521815 0.726621
vt 0.522136 0.726633
vt 0.521495 0.726633
vt 0.521230 0.726645
vt 0.522401 0.726645
vt 0.522345 0.725836
vt 0.522489 0.725791
vt 0.522274 0.725362
vt 0.522341 0.725199
vt 0.522375 0.725118
vt 0.522106 0.724852
vt 0.522121 0.724734
vt 0.521815 0.724606
vt 0.522106 0.724852
vt 0.522088 0.725199
vt 0.522341 0.725199
vt 0.521815 0.724734
vt 0.521815 0.725118
vt 0.521525 0.724852
vt 0.522274 0.725362
vt 0.518446 0.749018
vt 0.518134 0.751377
vt 0.519286 0.748142
vt 0.518134 0.748142
vt 0.517979 0.747707
vt 0.517456 0.751116
vt 0.519193 0.746239
vt 0.520523 0.744880
vt 0.519113 0.745557
vt 0.520523 0.745557
vt 0.521853 0.746239
vt 0.520523 0.744880
vt 0.520523 0.747707
vt 0.521760 0.748142
vt 0.520523 0.750890
vt 0.521853 0.751116
vt 0.520523 0.754850
vt 0.519193 0.751116
vt 0.519113 0.754850
vt 0.519193 0.758585
vt 0.517979 0.754850
vt 0.518134 0.758324
vt 0.517213 0.754850
vt 0.517456 0.758585
vt 0.516925 0.754850
vt 0.517213 0.750890
vt 0.517213 0.758810
vt 0.517213 0.754850
vt 0.517456 0.751116
vt 0.517979 0.754850
vt 0.517456 0.758585
vt 0.518134 0.761558
vt 0.518134 0.758324
vt 0.519193 0.758585
vt 0.518446 0.760683
vt 0.519286 0.761558
vt 0.519193 0.763462
vt 0.520523 0.761994
vt 0.520523 0.758810
vt 0.520523 0.764144
vt 0.521760 0.761558
vt 0.521853 0.763462
vt 0.521853 0.758585
vt 0.522601 0.760683
vt 0.522912 0.758324
vt 0.522912 0.761558
vt 0.523068 0.761994
vt 0.523591 0.758585
vt 0.523833 0.754850
vt 0.523833 0.758810
vt 0.524121 0.754850
vt 0.523591 0.758585
vt 0.522912 0.761558
vt 0.523833 0.754850
vt 0.522912 0.758324
vt 0.523068 0.754850
vt 0.521853 0.758585
vt 0.522601 0.760683
vt 0.521760 0.761558
vt 0.520523 0.761994
vt 0.521853 0.763462
vt 0.520523 0.764144
vt 0.521934 0.764144
vt 0.520523 0.764953
vt 0.519113 0.764144
vt 0.519193 0.763462
vt 0.517979 0.761994
vt 0.518134 0.761558
vt 0.518446 0.760683
vt 0.519286 0.761558
vt 0.520523 0.758810
vt 0.521934 0.754850
vt 0.522912 0.751377
vt 0.523591 0.751116
vt 0.522601 0.749018
vt 0.522912 0.748142
vt 0.523068 0.747707
vt 0.522912 0.748142
vt 0.521934 0.745557
vt 0.523833 0.750890
vt 0.523591 0.751116
vt 0.522912 0.751377
vt 0.523068 0.754850
vt 0.521853 0.751116
vt 0.522601 0.749018
vt 0.521760 0.748142
vt 0.520523 0.747707
vt 0.521853 0.746239
vt 0.520523 0.745557
vt 0.520523 0.744880
vt 0.520523 0.744880
vt 0.520523 0.744880
vt 0.520523 0.744880
vt 0.520523 0.744880
vt 0.520523 0.744880
vt 0.519193 0.746239
vt 0.518134 0.748142
vt 0.519286 0.748142
vt 0.518446 0.749018
vt 0.519193 0.751116
vt 0.519113 0.754850
vt 0.520523 0.750890
vt 0.518134 0.751377
vt 0.520523 0.754850
vt 0.521934 0.754850
vt 0.521792 0.733360
vt 0.521977 0.733333
vt 0.522091 0.734371
vt 0.521276 0.733333
vt 0.521325 0.733348
vt 0.521380 0.734372
vt 0.520523 0.733319
vt 0.519771 0.733333
vt 0.520523 0.733385
vt 0.520523 0.734373
vt 0.520523 0.736003
vt 0.519666 0.734372
vt 0.518956 0.734371
vt 0.519598 0.735997
vt 0.519598 0.739624
vt 0.518832 0.735991
vt 0.518832 0.739621
vt 0.518356 0.735997
vt 0.518356 0.739624
vt 0.518514 0.734372
vt 0.518198 0.736003
vt 0.518366 0.734373
vt 0.518198 0.739626
vt 0.518356 0.735997
vt 0.518832 0.735991
vt 0.518356 0.739624
vt 0.518514 0.734372
vt 0.518956 0.734371
vt 0.519070 0.733333
vt 0.518977 0.733319
vt 0.519721 0.733348
vt 0.519255 0.733360
vt 0.519771 0.733333
vt 0.520523 0.733319
vt 0.519666 0.734372
vt 0.519598 0.735997
vt 0.520523 0.734373
vt 0.521380 0.734372
vt 0.520523 0.736003
vt 0.521448 0.735997
vt 0.520523 0.739626
vt 0.521448 0.739624
vt 0.520523 0.743459
vt 0.519598 0.739624
vt 0.518832 0.739621
vt 0.519598 0.743459
vt 0.519638 0.745818
vt 0.518832 0.743459
vt 0.518904 0.745810
vt 0.518356 0.743459
vt 0.518198 0.743459
vt 0.518448 0.745818
vt 0.518295 0.745825
vt 0.519070 0.746832
vt 0.518977 0.746883
vt 0.519721 0.747048
vt 0.519255 0.746731
vt 0.519771 0.746832
vt 0.520523 0.746883
vt 0.520523 0.745825
vt 0.520523 0.747121
vt 0.521276 0.746832
vt 0.521792 0.746731
vt 0.521408 0.745818
vt 0.521325 0.747048
vt 0.521368 0.747121
vt 0.521977 0.746832
vt 0.522070 0.746883
vt 0.522598 0.745818
vt 0.522751 0.745825
vt 0.522142 0.745810
vt 0.522690 0.743459
vt 0.522214 0.743459
vt 0.522849 0.743459
vt 0.522690 0.739624
vt 0.522214 0.739621
vt 0.522690 0.735997
vt 0.522849 0.739626
vt 0.522849 0.736003
vt 0.522690 0.739624
vt 0.522690 0.735997
vt 0.522690 0.743459
vt 0.522214 0.739621
vt 0.522214 0.743459
vt 0.522214 0.735991
vt 0.521448 0.739624
vt 0.521448 0.735997
vt 0.521448 0.743459
vt 0.520523 0.739626
vt 0.520523 0.743459
vt 0.519598 0.743459
vt 0.520523 0.745825
vt 0.520523 0.746883
vt 0.521408 0.745818
vt 0.519638 0.745818
vt 0.518904 0.745810
vt 0.518448 0.745818
vt 0.519255 0.746731
vt 0.518832 0.743459
vt 0.518356 0.743459
vt 0.519771 0.746832
vt 0.519070 0.746832
vt 0.519721 0.747048
vt 0.520523 0.747121
vt 0.519678 0.747121
vt 0.521325 0.747048
vt 0.521977 0.746832
vt 0.521276 0.746832
vt 0.521792 0.746731
vt 0.522142 0.745810
vt 0.522598 0.745818
vt 0.522532 0.734372
vt 0.522680 0.734373
vt 0.522532 0.734372
vt 0.522070 0.733319
vt 0.521977 0.733333
vt 0.521368 0.733385
vt 0.521325 0.733348
vt 0.520523 0.733585
vt 0.520523 0.733385
vt 0.519678 0.733385
vt 0.519721 0.733348
vt 0.519070 0.733333
vt 0.519255 0.733360
vt 0.521276 0.733333
vt 0.521792 0.733360
vt 0.522091 0.734371
vt 0.522214 0.735991
vt 0.521448 0.743459
vt 0.527135 0.744788
vt 0.526982 0.744996
vt 0.527186 0.744986
vt 0.527186 0.744238
vt 0.527296 0.744291
vt 0.527212 0.743434
vt 0.526996 0.744296
vt 0.527008 0.743434
vt 0.526705 0.744379
vt 0.526701 0.745162
vt 0.526708 0.743434
vt 0.526299 0.744416
vt 0.526298 0.745230
vt 0.526299 0.743434
vt 0.524839 0.744422
vt 0.524839 0.745240
vt 0.524839 0.743434
vt 0.524483 0.744422
vt 0.524483 0.745240
vt 0.524483 0.743434
vt 0.524050 0.744422
vt 0.522993 0.744417
vt 0.524050 0.745240
vt 0.524050 0.743434
vt 0.524050 0.742447
vt 0.522992 0.743434
vt 0.522993 0.742452
vt 0.522597 0.743434
vt 0.522598 0.742456
vt 0.522598 0.744412
vt 0.522600 0.745223
vt 0.522994 0.745231
vt 0.522598 0.745727
vt 0.522993 0.745737
vt 0.522597 0.745896
vt 0.522598 0.745727
vt 0.522992 0.745906
vt 0.524050 0.745917
vt 0.522993 0.745737
vt 0.524050 0.745747
vt 0.522994 0.745231
vt 0.524050 0.745240
vt 0.522600 0.745223
vt 0.522993 0.744417
vt 0.524050 0.744422
vt 0.522992 0.743434
vt 0.522598 0.744412
vt 0.522597 0.743434
vt 0.522598 0.742456
vt 0.522993 0.742452
vt 0.522600 0.741646
vt 0.522994 0.741637
vt 0.522598 0.741141
vt 0.522993 0.741131
vt 0.522597 0.740973
vt 0.522598 0.741141
vt 0.522992 0.740963
vt 0.524050 0.740952
vt 0.522993 0.741131
vt 0.524050 0.741121
vt 0.522994 0.741637
vt 0.522600 0.741646
vt 0.524050 0.741629
vt 0.524483 0.741629
vt 0.524839 0.741629
vt 0.524483 0.742447
vt 0.524483 0.741121
vt 0.524483 0.740952
vt 0.524839 0.741121
vt 0.526299 0.741134
vt 0.524839 0.740952
vt 0.526299 0.740965
vt 0.524839 0.741121
vt 0.526299 0.741134
vt 0.524839 0.741629
vt 0.524483 0.741121
vt 0.524483 0.741629
vt 0.524050 0.741121
vt 0.524050 0.741629
vt 0.524050 0.742447
vt 0.524050 0.743434
vt 0.524483 0.742447
vt 0.524839 0.742447
vt 0.524483 0.743434
vt 0.524483 0.744422
vt 0.524839 0.743434
vt 0.524839 0.744422
vt 0.526299 0.743434
vt 0.526299 0.744416
vt 0.526708 0.743434
vt 0.526299 0.742452
vt 0.526298 0.741639
vt 0.526705 0.742490
vt 0.526701 0.741706
vt 0.526996 0.742573
vt 0.526982 0.741873
vt 0.527008 0.743434
vt 0.527186 0.742631
vt 0.527135 0.742080
vt 0.527296 0.742578
vt 0.527212 0.743434
vt 0.527186 0.744238
vt 0.527333 0.743434
vt 0.527296 0.744291
vt 0.527374 0.743434
vt 0.527333 0.742532
vt 0.527333 0.744336
vt 0.527333 0.743434
vt 0.527296 0.742578
vt 0.527186 0.741883
vt 0.527186 0.742631
vt 0.527135 0.742080
vt 0.526996 0.742573
vt 0.526705 0.742490
vt 0.526982 0.741873
vt 0.526701 0.741706
vt 0.526996 0.741448
vt 0.527008 0.741304
vt 0.526705 0.741219
vt 0.526708 0.741057
vt 0.526705 0.741219
vt 0.526996 0.741448
vt 0.527186 0.741883
vt 0.527212 0.741784
vt 0.526298 0.741639
vt 0.526299 0.742452
vt 0.524839 0.742447
vt 0.527212 0.745085
vt 0.527186 0.744986
vt 0.527008 0.745565
vt 0.526708 0.745812
vt 0.526996 0.745421
vt 0.526996 0.745421
vt 0.526705 0.745649
vt 0.526299 0.745735
vt 0.524839 0.745747
vt 0.526299 0.745904
vt 0.524839 0.745917
vt 0.526299 0.745735
vt 0.526705 0.745649
vt 0.524839 0.745747
vt 0.526298 0.745230
vt 0.526701 0.745162
vt 0.524839 0.745240
vt 0.524483 0.745240
vt 0.524483 0.745747
vt 0.524483 0.745917
vt 0.524483 0.745747
vt 0.524050 0.745747
vt 0.526982 0.744996
vt 0.526705 0.744379
vt 0.526996 0.744296
vt 0.527135 0.744788
vt 0.519690 0.725362
vt 0.519757 0.725199
vt 0.519503 0.725199
vt 0.519760 0.725836
vt 0.519816 0.726645
vt 0.519523 0.725791
vt 0.519904 0.725791
vt 0.519982 0.726633
vt 0.519953 0.725752
vt 0.520037 0.726621
vt 0.519904 0.725791
vt 0.519790 0.725118
vt 0.519757 0.725199
vt 0.519537 0.724734
vt 0.519231 0.724606
vt 0.519521 0.724852
vt 0.519521 0.724852
vt 0.519231 0.724734
vt 0.519503 0.725199
vt 0.519523 0.725791
vt 0.519690 0.725362
vt 0.519231 0.725118
vt 0.518959 0.725199
vt 0.519231 0.725752
vt 0.519231 0.726621
vt 0.518939 0.725791
vt 0.518702 0.725836
vt 0.518911 0.726633
vt 0.518896 0.728932
vt 0.518645 0.726645
vt 0.518480 0.726633
vt 0.518619 0.728932
vt 0.518619 0.729589
vt 0.518447 0.728932
vt 0.518389 0.728932
vt 0.518447 0.729589
vt 0.518447 0.730245
vt 0.518389 0.729589
vt 0.518389 0.730245
vt 0.518447 0.729589
vt 0.518447 0.728932
vt 0.518447 0.730245
vt 0.518619 0.729589
vt 0.518619 0.728932
vt 0.518619 0.730245
vt 0.518896 0.729589
vt 0.518896 0.730245
vt 0.518896 0.728932
vt 0.519231 0.729589
vt 0.519231 0.728932
vt 0.519231 0.730245
vt 0.519565 0.729589
vt 0.519565 0.728932
vt 0.519565 0.730245
vt 0.519843 0.729589
vt 0.519843 0.730245
vt 0.519843 0.728932
vt 0.520015 0.729589
vt 0.520015 0.730245
vt 0.520015 0.728932
vt 0.520072 0.729589
vt 0.520072 0.728932
vt 0.520072 0.730245
vt 0.520015 0.729589
vt 0.520015 0.728932
vt 0.520015 0.730245
vt 0.519843 0.729589
vt 0.519843 0.728932
vt 0.519843 0.730245
vt 0.519565 0.729589
vt 0.519565 0.730245
vt 0.519565 0.728932
vt 0.519231 0.729589
vt 0.519231 0.728932
vt 0.519231 0.730245
vt 0.518896 0.729589
vt 0.518896 0.730245
vt 0.518896 0.732754
vt 0.518619 0.730245
vt 0.518619 0.732754
vt 0.518447 0.732754
vt 0.518622 0.734505
vt 0.518451 0.734505
vt 0.518898 0.734505
vt 0.519231 0.734506
vt 0.519231 0.732754
vt 0.519564 0.734505
vt 0.519839 0.734505
vt 0.519565 0.732754
vt 0.519843 0.732754
vt 0.520015 0.732754
vt 0.520072 0.732754
vt 0.520011 0.734505
vt 0.520068 0.734506
vt 0.520011 0.734505
vt 0.520015 0.732754
vt 0.519839 0.734505
vt 0.519843 0.732754
vt 0.519564 0.734505
vt 0.519231 0.734506
vt 0.519565 0.732754
vt 0.519231 0.732754
vt 0.518896 0.732754
vt 0.518898 0.734505
vt 0.518619 0.732754
vt 0.518622 0.734505
vt 0.518447 0.732754
vt 0.518451 0.734505
vt 0.518389 0.732754
vt 0.518394 0.734506
vt 0.519551 0.726633
vt 0.519816 0.726645
vt 0.519760 0.725836
vt 0.519982 0.726633
vt 0.519551 0.726633
vt 0.519231 0.726621
vt 0.519231 0.725752
vt 0.518911 0.726633
vt 0.518939 0.725791
vt 0.518645 0.726645
vt 0.518480 0.726633
vt 0.518702 0.725836
vt 0.518772 0.725362
vt 0.518558 0.725791
vt 0.518509 0.725752
vt 0.518705 0.725199
vt 0.518671 0.725118
vt 0.518941 0.724852
vt 0.518925 0.724734
vt 0.519231 0.724734
vt 0.518959 0.725199
vt 0.519231 0.725118
vt 0.518941 0.724852
vt 0.518705 0.725199
vt 0.518772 0.725362
vt 0.518558 0.725791
vt 0.518425 0.726621
vt 0.513911 0.744788
vt 0.514065 0.744996
vt 0.513860 0.744986
vt 0.513860 0.744238
vt 0.513750 0.744291
vt 0.513834 0.743434
vt 0.514050 0.744296
vt 0.514038 0.743434
vt 0.514342 0.744379
vt 0.514345 0.745162
vt 0.514338 0.743434
vt 0.514748 0.744416
vt 0.514748 0.745230
vt 0.514747 0.743434
vt 0.516208 0.744422
vt 0.516208 0.743434
vt 0.516563 0.744422
vt 0.516208 0.745240
vt 0.516208 0.745747
vt 0.516563 0.745240
vt 0.516996 0.745240
vt 0.516563 0.745747
vt 0.516996 0.745747
vt 0.516563 0.745917
vt 0.516563 0.745747
vt 0.516208 0.745917
vt 0.516996 0.745917
vt 0.516996 0.745747
vt 0.518054 0.745906
vt 0.518054 0.745737
vt 0.518450 0.745896
vt 0.518054 0.745737
vt 0.518053 0.745231
vt 0.518448 0.745727
vt 0.518446 0.745223
vt 0.518448 0.744412
vt 0.518054 0.744417
vt 0.518450 0.743434
vt 0.518054 0.743434
vt 0.518448 0.742456
vt 0.518054 0.742452
vt 0.518446 0.741646
vt 0.518053 0.741637
vt 0.518448 0.741141
vt 0.518450 0.740973
vt 0.518054 0.741131
vt 0.518054 0.740963
vt 0.516996 0.741121
vt 0.516996 0.740952
vt 0.516996 0.741629
vt 0.516563 0.741121
vt 0.516208 0.741121
vt 0.516563 0.741629
vt 0.516563 0.740952
vt 0.516208 0.740952
vt 0.516563 0.741121
vt 0.516563 0.741629
vt 0.516996 0.741121
vt 0.516208 0.741121
vt 0.516208 0.741629
vt 0.514748 0.741134
vt 0.514748 0.741639
vt 0.514747 0.740965
vt 0.514342 0.741219
vt 0.514345 0.741706
vt 0.514050 0.741448
vt 0.514338 0.741057
vt 0.514038 0.741304
vt 0.514342 0.741219
vt 0.514748 0.741134
vt 0.514050 0.741448
vt 0.514345 0.741706
vt 0.514748 0.741639
vt 0.514342 0.742490
vt 0.514065 0.741873
vt 0.514050 0.742573
vt 0.513911 0.742080
vt 0.513860 0.741883
vt 0.513860 0.742631
vt 0.513750 0.742578
vt 0.513713 0.743434
vt 0.513713 0.742532
vt 0.513834 0.741784
vt 0.513673 0.743434
vt 0.513750 0.742578
vt 0.513860 0.742631
vt 0.513860 0.741883
vt 0.513713 0.743434
vt 0.513834 0.743434
vt 0.513750 0.744291
vt 0.513860 0.744238
vt 0.513860 0.744986
vt 0.513713 0.744336
vt 0.513834 0.745085
vt 0.514038 0.745565
vt 0.514050 0.745421
vt 0.514050 0.745421
vt 0.514338 0.745812
vt 0.514342 0.745649
vt 0.514342 0.745649
vt 0.514747 0.745904
vt 0.514748 0.745735
vt 0.514748 0.745735
vt 0.514748 0.745230
vt 0.516208 0.745747
vt 0.516208 0.745240
vt 0.516563 0.745240
vt 0.516208 0.744422
vt 0.514748 0.744416
vt 0.516563 0.744422
vt 0.516208 0.743434
vt 0.514747 0.743434
vt 0.516563 0.743434
vt 0.516208 0.742447
vt 0.514748 0.742452
vt 0.516563 0.742447
vt 0.516996 0.742447
vt 0.516996 0.743434
vt 0.516996 0.741629
vt 0.518054 0.742452
vt 0.518448 0.742456
vt 0.518054 0.743434
vt 0.518053 0.741637
vt 0.518446 0.741646
vt 0.518054 0.741131
vt 0.518448 0.741141
vt 0.518054 0.744417
vt 0.518450 0.743434
vt 0.518448 0.744412
vt 0.518446 0.745223
vt 0.518448 0.745727
vt 0.518053 0.745231
vt 0.516996 0.745240
vt 0.516996 0.744422
vt 0.514342 0.742490
vt 0.514050 0.742573
vt 0.514338 0.743434
vt 0.514342 0.744379
vt 0.514038 0.743434
vt 0.514050 0.744296
vt 0.514065 0.744996
vt 0.513911 0.744788
vt 0.514345 0.745162
vt 0.514065 0.741873
vt 0.513911 0.742080
vt 0.514748 0.742452
vt 0.516208 0.742447
vt 0.516563 0.742447
vt 0.516208 0.741629
vt 0.516996 0.742447
vt 0.516563 0.743434
vt 0.516996 0.743434
vt 0.516996 0.744422
vt 0.519598 0.737811
vt 0.518832 0.737806
vt 0.518356 0.737811
vt 0.518198 0.737815
vt 0.518356 0.737811
vt 0.520523 0.737815
vt 0.519598 0.737811
vt 0.522690 0.737811
vt 0.522849 0.737815
vt 0.522690 0.737811
vt 0.522214 0.737806
vt 0.521448 0.737811
vt 0.520523 0.737815
vt 0.522214 0.737806
vt 0.518832 0.737806
vt 0.521448 0.737811
vt 0.522595 0.734505
vt 0.522424 0.734505
vt 0.522652 0.734506
vt 0.522595 0.734505
vt 0.522424 0.734505
vt 0.522148 0.734505
vt 0.521815 0.734506
vt 0.521483 0.734505
vt 0.521207 0.734505
vt 0.521036 0.734505
vt 0.520979 0.734506
vt 0.521036 0.734505
vt 0.521207 0.734505
vt 0.521483 0.734505
vt 0.521815 0.734506
vt 0.522148 0.734505
vt 0.518622 0.734505
vt 0.518451 0.734505
vt 0.518898 0.734505
vt 0.519231 0.734506
vt 0.519564 0.734505
vt 0.519839 0.734505
vt 0.520011 0.734505
vt 0.520068 0.734506
vt 0.520011 0.734505
vt 0.519839 0.734505
vt 0.519564 0.734505
vt 0.519231 0.734506
vt 0.518898 0.734505
vt 0.518622 0.734505
vt 0.518451 0.734505
vt 0.518394 0.734506
vt 0.522597 0.733630
vt 0.522655 0.733630
vt 0.522597 0.733630
vt 0.522426 0.733630
vt 0.522149 0.733630
vt 0.521815 0.733630
vt 0.521482 0.733630
vt 0.521205 0.733630
vt 0.521034 0.733630
vt 0.520976 0.733630
vt 0.521034 0.733630
vt 0.521205 0.733630
vt 0.521482 0.733630
vt 0.521815 0.733630
vt 0.522149 0.733630
vt 0.522426 0.733630
vt 0.518621 0.733630
vt 0.518897 0.733630
vt 0.519231 0.733630
vt 0.519565 0.733630
vt 0.519841 0.733630
vt 0.520013 0.733630
vt 0.520070 0.733630
vt 0.520013 0.733630
vt 0.519841 0.733630
vt 0.519565 0.733630
vt 0.519231 0.733630
vt 0.518897 0.733630
vt 0.518621 0.733630
vt 0.518449 0.733630
vt 0.518392 0.733630
vt 0.518449 0.733630
s 1
usemtl Material.005
f 2/2/1 136/136/2 3/3/3 1/1/4
f 1/1/4 4/4/5 6/6/6 2/2/1
f 3/3/3 7/7/7 4/4/5 1/1/4
f 4/4/5 5/5/8 100/100/9 6/6/6
f 7/7/7 9/9/10 5/5/8 4/4/5
f 8/8/11 11/11/12 9/9/10 7/7/7
f 135/135/13 8/8/11 7/7/7 3/3/3
f 11/11/12 12/12/14 10/10/15 9/9/10
f 9/9/10 10/10/15 57/57/16 5/5/8
f 13/13/17 14/14/18 12/12/14 11/11/12
f 15/15/19 13/13/17 11/11/12 8/8/11
f 17/17/20 14/14/18 13/13/17 16/16/21
f 18/18/22 16/16/21 13/13/17 15/15/19
f 19/19/23 20/20/24 17/17/20 16/16/21
f 21/21/25 19/19/23 16/16/21 18/18/22
f 22/22/26 25/25/27 20/20/24 19/19/23
f 24/24/28 22/22/26 19/19/23 21/21/25
f 23/23/29 26/26/30 25/25/27 22/22/26
f 124/124/31 23/23/29 22/22/26 24/24/28
f 26/26/30 30/30/32 27/27/33 25/25/27
f 25/25/27 27/27/33 29/29/34 20/20/24
f 27/27/33 28/28/33 68/68/34 29/29/34
f 30/30/32 31/31/32 28/28/33 27/27/33
f 34/34/35 32/32/36 30/30/32 26/26/30
f 32/32/36 33/33/36 31/31/32 30/30/32
f 35/35/37 36/36/37 33/33/36 32/32/36
f 37/37/38 35/35/37 32/32/36 34/34/35
f 38/38/39 39/39/39 36/36/37 35/35/37
f 40/40/40 38/38/39 35/35/37 37/37/38
f 41/41/41 43/43/41 39/39/39 38/38/39
f 42/42/42 41/41/41 38/38/39 40/40/40
f 46/46/43 44/44/44 41/41/41 42/42/42
f 44/44/44 45/45/44 43/43/41 41/41/41
f 47/47/45 48/48/45 45/45/44 44/44/44
f 49/49/46 47/47/45 44/44/44 46/46/43
f 50/50/47 51/51/47 48/48/45 47/47/45
f 52/52/48 50/50/47 47/47/45 49/49/46
f 53/53/49 55/55/49 51/51/47 50/50/47
f 54/54/50 53/53/49 50/50/47 52/52/48
f 57/57/16 56/56/51 53/53/49 54/54/50
f 56/56/51 58/58/51 55/55/49 53/53/49
f 10/10/15 59/59/52 56/56/51 57/57/16
f 59/59/52 60/60/52 58/58/51 56/56/51
f 61/61/53 62/62/53 60/60/52 59/59/52
f 12/12/14 61/61/53 59/59/52 10/10/15
f 63/63/54 64/64/54 62/62/53 61/61/53
f 14/14/18 63/63/54 61/61/53 12/12/14
f 17/17/20 65/65/55 63/63/54 14/14/18
f 65/65/55 66/66/55 64/64/54 63/63/54
f 29/29/34 68/68/34 66/66/55 65/65/55
f 20/20/24 29/29/34 65/65/55 17/17/20
f 67/67/56 98/98/57 64/64/54 66/66/55
f 68/68/34 69/69/58 67/67/56 66/66/55
f 28/28/33 70/70/59 69/69/58 68/68/34
f 864/864/60 73/73/61 71/71/62 863/863/63
f 863/863/63 71/71/62 72/72/64 878/878/65
f 865/865/66 74/74/67 73/73/61 864/864/60
f 866/866/68 76/76/69 74/74/67 865/865/66
f 867/867/70 78/78/71 76/76/69 866/866/68
f 868/868/72 80/80/73 78/78/71 867/867/70
f 869/869/74 82/82/75 80/80/73 868/868/72
f 870/870/76 83/83/77 82/82/75 869/869/74
f 43/43/41 84/84/78 81/81/73 39/39/39
f 85/85/77 84/84/78 43/43/41 45/45/44
f 48/48/45 86/86/79 85/85/77 45/45/44
f 871/871/80 87/87/79 83/83/77 870/870/76
f 51/51/47 88/88/81 86/86/79 48/48/45
f 872/872/82 89/89/81 87/87/79 871/871/80
f 55/55/49 90/90/83 88/88/81 51/51/47
f 873/873/84 92/92/85 89/89/81 872/872/82
f 58/58/51 91/91/86 90/90/83 55/55/49
f 874/874/87 93/93/88 92/92/85 873/873/84
f 875/875/89 94/94/90 93/93/88 874/874/87
f 876/876/91 95/95/92 94/94/90 875/875/89
f 60/60/52 96/96/90 91/91/86 58/58/51
f 62/62/53 97/97/93 96/96/90 60/60/52
f 877/877/94 99/99/95 95/95/92 876/876/91
f 64/64/54 98/98/57 97/97/93 62/62/53
f 878/878/65 72/72/64 99/99/95 877/877/94
f 39/39/39 81/81/73 79/79/71 36/36/37
f 36/36/37 79/79/71 77/77/69 33/33/36
f 77/77/69 75/75/96 31/31/32 33/33/36
f 31/31/32 75/75/96 70/70/59 28/28/33
f 5/5/8 57/57/16 54/54/50 100/100/9
f 100/100/9 54/54/50 52/52/48 101/101/97
f 6/6/6 100/100/9 101/101/97 103/103/98
f 101/101/97 52/52/48 49/49/46 102/102/99
f 103/103/98 101/101/97 102/102/99 104/104/100
f 105/105/101 103/103/98 104/104/100 107/107/102
f 2/2/1 6/6/6 103/103/98 105/105/101
f 107/107/102 108/108/103 106/106/104 105/105/101
f 105/105/101 106/106/104 136/136/2 2/2/1
f 109/109/105 111/111/106 108/108/103 107/107/102
f 107/107/102 104/104/100 110/110/107 109/109/105
f 109/109/105 110/110/107 112/112/108 111/111/106
f 111/111/106 113/113/109 115/115/110 108/108/103
f 111/111/106 112/112/108 116/116/111 113/113/109
f 113/113/109 114/114/112 128/128/113 115/115/110
f 113/113/109 116/116/111 117/117/114 114/114/112
f 116/116/111 118/118/115 119/119/116 117/117/114
f 112/112/108 120/120/117 118/118/115 116/116/111
f 118/118/115 40/40/40 37/37/38 119/119/116
f 120/120/117 42/42/42 40/40/40 118/118/115
f 46/46/43 42/42/42 120/120/117 121/121/118
f 110/110/107 121/121/118 120/120/117 112/112/108
f 102/102/99 49/49/46 46/46/43 121/121/118
f 104/104/100 102/102/99 121/121/118 110/110/107
f 119/119/116 37/37/38 34/34/35 122/122/119
f 117/117/114 119/119/116 122/122/119 123/123/120
f 34/34/35 26/26/30 23/23/29 122/122/119
f 123/123/120 122/122/119 23/23/29 124/124/31
f 114/114/112 117/117/114 123/123/120 125/125/121
f 125/125/121 123/123/120 124/124/31 126/126/122
f 114/114/112 125/125/121 126/126/122 128/128/113
f 128/128/113 126/126/122 127/127/123 129/129/124
f 126/126/122 124/124/31 24/24/28 127/127/123
f 115/115/110 128/128/113 129/129/124 130/130/125
f 130/130/125 129/129/124 131/131/126 134/134/127
f 129/129/124 127/127/123 133/133/128 131/131/126
f 131/131/126 133/133/128 137/137/129 132/132/130
f 134/134/127 131/131/126 132/132/130 135/135/13
f 136/136/2 134/134/127 135/135/13 3/3/3
f 106/106/104 130/130/125 134/134/127 136/136/2
f 132/132/130 15/15/19 8/8/11 135/135/13
f 133/133/128 21/21/25 18/18/22 137/137/129
f 127/127/123 24/24/28 21/21/25 133/133/128
f 137/137/129 18/18/22 15/15/19 132/132/130
f 108/108/103 115/115/110 130/130/125 106/106/104
f 140/140/131 155/155/132 139/139/133 138/138/134
f 138/138/134 139/139/133 143/143/135 141/141/136
f 141/141/136 144/144/137 140/140/131 138/138/134
f 142/142/138 146/146/139 144/144/137 141/141/136
f 141/141/136 143/143/135 163/163/140 142/142/138
f 144/144/137 146/146/139 232/232/141 145/145/142
f 147/147/143 144/144/137 145/145/142 149/149/144
f 144/144/137 147/147/143 150/150/145 140/140/131
f 148/148/146 147/147/143 149/149/144 230/230/147
f 147/147/143 148/148/146 151/151/148 150/150/145
f 150/150/145 152/152/149 155/155/132 140/140/131
f 151/151/148 153/153/150 152/152/149 150/150/145
f 153/153/150 209/209/151 154/154/152 152/152/149
f 152/152/149 154/154/152 156/156/153 155/155/132
f 155/155/132 156/156/153 158/158/154 139/139/133
f 156/156/153 157/157/155 159/159/156 158/158/154
f 154/154/152 208/208/157 157/157/155 156/156/153
f 139/139/133 158/158/154 160/160/158 143/143/135
f 158/158/154 159/159/156 161/161/159 160/160/158
f 160/160/158 161/161/159 164/164/160 162/162/161
f 143/143/135 160/160/158 162/162/161 163/163/140
f 163/163/140 162/162/161 165/165/162 166/166/163
f 162/162/161 164/164/160 168/168/164 165/165/162
f 166/166/163 165/165/162 167/167/165 240/240/166
f 165/165/162 168/168/164 170/170/167 167/167/165
f 164/164/160 204/204/168 169/169/169 168/168/164
f 168/168/164 169/169/169 172/172/170 170/170/167
f 167/167/165 170/170/167 171/171/171 238/238/172
f 170/170/167 172/172/170 173/173/173 171/171/171
f 173/173/173 172/172/170 169/169/169 174/174/174
f 175/175/175 173/173/173 174/174/174 177/177/176
f 171/171/171 173/173/173 175/175/175 176/176/177
f 176/176/177 175/175/175 178/178/178 180/180/179
f 178/178/178 175/175/175 177/177/176 179/179/180
f 181/181/181 178/178/178 179/179/180 183/183/182
f 180/180/179 178/178/178 181/181/181 182/182/183
f 182/182/183 181/181/181 183/183/182 185/185/184
f 183/183/182 179/179/180 200/200/185 184/184/186
f 185/185/184 183/183/182 184/184/186 187/187/187
f 220/220/188 182/182/183 185/185/184 186/186/189
f 186/186/189 185/185/184 187/187/187 188/188/190
f 188/188/190 187/187/187 189/189/191 191/191/192
f 187/187/187 184/184/186 190/190/193 189/189/191
f 189/189/191 190/190/193 195/195/194 192/192/195
f 191/191/192 189/189/191 192/192/195 193/193/196
f 193/193/196 192/192/195 194/194/197 209/209/151
f 192/192/195 195/195/194 196/196/198 194/194/197
f 190/190/193 198/198/199 196/196/198 195/195/194
f 198/198/199 199/199/200 197/197/201 196/196/198
f 194/194/197 196/196/198 197/197/201 208/208/157
f 200/200/185 201/201/202 199/199/200 198/198/199
f 184/184/186 200/200/185 198/198/199 190/190/193
f 179/179/180 177/177/176 201/201/202 200/200/185
f 201/201/202 202/202/203 203/203/204 199/199/200
f 177/177/176 174/174/174 202/202/203 201/201/202
f 202/202/203 204/204/168 205/205/205 203/203/204
f 174/174/174 169/169/169 204/204/168 202/202/203
f 161/161/159 205/205/205 204/204/168 164/164/160
f 159/159/156 206/206/206 205/205/205 161/161/159
f 203/203/204 205/205/205 206/206/206 207/207/207
f 157/157/155 207/207/207 206/206/206 159/159/156
f 208/208/157 197/197/201 207/207/207 157/157/155
f 199/199/200 203/203/204 207/207/207 197/197/201
f 209/209/151 194/194/197 208/208/157 154/154/152
f 210/210/208 193/193/196 209/209/151 153/153/150
f 211/211/209 191/191/192 193/193/196 210/210/208
f 213/213/210 211/211/209 210/210/208 212/212/211
f 212/212/211 210/210/208 153/153/150 151/151/148
f 148/148/146 213/213/210 212/212/211 151/151/148
f 216/216/212 214/214/213 213/213/210 148/148/146
f 214/214/213 217/217/214 211/211/209 213/213/210
f 225/225/215 215/215/216 214/214/213 216/216/212
f 215/215/216 218/218/217 217/217/214 214/214/213
f 218/218/217 186/186/189 188/188/190 217/217/214
f 217/217/214 188/188/190 191/191/192 211/211/209
f 219/219/218 220/220/188 186/186/189 218/218/217
f 222/222/219 219/219/218 218/218/217 215/215/216
f 221/221/220 242/242/221 220/220/188 219/219/218
f 223/223/222 221/221/220 219/219/218 222/222/219
f 223/223/222 222/222/219 215/215/216 225/225/215
f 224/224/223 223/223/222 225/225/215 226/226/224
f 224/224/223 239/239/225 221/221/220 223/223/222
f 226/226/224 225/225/215 227/227/226 228/228/227
f 225/225/215 216/216/212 229/229/228 227/227/226
f 216/216/212 148/148/146 230/230/147 229/229/228
f 233/233/229 226/226/224 228/228/227 231/231/230
f 146/146/139 233/233/229 231/231/230 232/232/141
f 234/234/231 233/233/229 146/146/139 142/142/138
f 236/236/232 235/235/233 233/233/229 234/234/231
f 235/235/233 224/224/223 226/226/224 233/233/229
f 236/236/232 240/240/166 237/237/234 235/235/233
f 235/235/233 237/237/234 239/239/225 224/224/223
f 240/240/166 167/167/165 238/238/172 237/237/234
f 237/237/234 238/238/172 241/241/235 239/239/225
f 234/234/231 166/166/163 240/240/166 236/236/232
f 239/239/225 241/241/235 242/242/221 221/221/220
f 238/238/172 171/171/171 176/176/177 241/241/235
f 241/241/235 176/176/177 180/180/179 242/242/221
f 242/242/221 180/180/179 182/182/183 220/220/188
f 142/142/138 163/163/140 166/166/163 234/234/231
f 244/244/236 354/354/237 245/245/238 243/243/239
f 247/247/240 244/244/236 243/243/239 246/246/241
f 245/245/238 248/248/242 246/246/241 243/243/239
f 251/251/243 247/247/240 246/246/241 249/249/244
f 246/246/241 248/248/242 252/252/245 249/249/244
f 250/250/246 249/249/244 252/252/245 254/254/247
f 251/251/243 249/249/244 250/250/246 364/364/248
f 254/254/247 252/252/245 253/253/249 256/256/250
f 248/248/242 329/329/251 253/253/249 252/252/245
f 258/258/252 255/255/253 254/254/247 256/256/250
f 255/255/253 366/366/254 250/250/246 254/254/247
f 816/816/255 258/258/252 256/256/250 815/815/256
f 815/815/256 827/827/152 331/331/152 257/257/256
f 262/262/257 255/255/253 258/258/252 260/260/258
f 817/817/259 816/816/255 259/259/255 261/261/259
f 818/818/161 817/817/259 261/261/259 265/265/161
f 264/264/260 262/262/257 260/260/258 263/263/261
f 269/269/262 264/264/260 263/263/261 266/266/263
f 819/819/264 818/818/161 265/265/161 268/268/264
f 267/267/265 270/270/266 269/269/262 266/266/263
f 829/829/267 267/267/265 266/266/263 819/819/264
f 270/270/266 274/274/268 271/271/269 269/269/262
f 271/271/269 272/272/270 264/264/260 269/269/262
f 273/273/271 363/363/272 272/272/270 271/271/269
f 275/275/273 273/273/271 271/271/269 274/274/268
f 275/275/273 274/274/268 270/270/266 277/277/274
f 276/276/275 275/275/273 277/277/274 279/279/276
f 276/276/275 362/362/277 273/273/271 275/275/273
f 277/277/274 270/270/266 267/267/265 278/278/278
f 279/279/276 277/277/274 278/278/278 281/281/279
f 279/279/276 281/281/279 282/282/280 280/280/281
f 276/276/275 279/279/276 280/280/281 367/367/282
f 820/820/235 283/283/235 284/284/283 830/830/283
f 820/820/235 821/821/284 286/286/284 283/283/235
f 283/283/235 285/285/285 371/371/286 284/284/283
f 283/283/235 286/286/284 288/288/287 285/285/285
f 821/821/284 829/829/267 287/287/267 286/286/284
f 286/286/284 287/287/267 290/290/288 288/288/287
f 288/288/287 290/290/288 291/291/289 289/289/290
f 285/285/285 288/288/287 289/289/290 302/302/291
f 290/290/288 287/287/267 268/268/264 292/292/292
f 291/291/289 290/290/288 292/292/292 294/294/293
f 268/268/264 265/265/161 293/293/294 292/292/292
f 292/292/292 293/293/294 295/295/295 294/294/293
f 299/299/296 291/291/289 294/294/293 296/296/297
f 294/294/293 295/295/295 297/297/298 296/296/297
f 296/296/297 297/297/298 347/347/299 298/298/300
f 299/299/296 296/296/297 298/298/300 300/300/301
f 289/289/290 291/291/289 299/299/296 300/300/301
f 300/300/301 298/298/300 303/303/302 301/301/303
f 302/302/291 289/289/290 300/300/301 301/301/303
f 302/302/291 301/301/303 304/304/304 306/306/305
f 304/304/304 301/301/303 303/303/302 307/307/306
f 305/305/307 304/304/304 307/307/306 309/309/308
f 306/306/305 304/304/304 305/305/307 313/313/309
f 309/309/308 307/307/306 308/308/310 310/310/311
f 305/305/307 309/309/308 311/311/312 313/313/309
f 311/311/312 309/309/308 310/310/311 312/312/313
f 314/314/314 311/311/312 312/312/313 316/316/315
f 313/313/309 311/311/312 314/314/314 315/315/316
f 315/315/316 314/314/314 317/317/317 318/318/318
f 317/317/317 314/314/314 316/316/315 320/320/190
f 828/828/318 822/822/317 319/319/319 370/370/320
f 822/822/317 317/317/317 320/320/190 823/823/190
f 320/320/190 316/316/315 324/324/321 322/322/322
f 823/823/190 320/320/190 322/322/322 824/824/322
f 824/824/322 322/322/322 325/325/323 825/825/323
f 322/322/322 324/324/321 326/326/324 325/325/323
f 326/326/324 330/330/325 328/328/326 325/325/323
f 825/825/323 826/826/326 329/329/251 327/327/327
f 826/826/326 328/328/326 331/331/152 827/827/152
f 328/328/326 330/330/325 332/332/328 331/331/152
f 257/257/256 331/331/152 332/332/328 333/333/329
f 333/333/329 332/332/328 334/334/330 337/337/331
f 330/330/325 336/336/332 334/334/330 332/332/328
f 340/340/333 338/338/334 337/337/331 334/334/330 335/335/335 343/343/336
f 351/351/337 350/350/338 335/335/335 334/334/330 336/336/332 352/352/339
f 338/338/334 341/341/340 333/333/329 337/337/331
f 342/342/341 341/341/340 338/338/334 339/339/342
f 339/339/342 338/338/334 340/340/333 344/344/343
f 341/341/340 259/259/255 257/257/256 333/333/329
f 261/261/259 259/259/255 341/341/340 342/342/341
f 265/265/161 261/261/259 342/342/341 293/293/294
f 293/293/294 342/342/341 339/339/342 295/295/295
f 344/344/343 340/340/333 343/343/336 345/345/344
f 295/295/295 339/339/342 344/344/343 297/297/298
f 297/297/298 344/344/343 345/345/344 347/347/299
f 345/345/344 343/343/336 335/335/335 346/346/345
f 348/348/346 346/346/345 335/335/335 350/350/338
f 310/310/311 308/308/310 348/348/346 349/349/347
f 349/349/347 348/348/346 350/350/338 351/351/337
f 353/353/348 349/349/347 351/351/337 352/352/339
f 352/352/339 336/336/332 330/330/325 326/326/324
f 324/324/321 353/353/348 352/352/339 326/326/324
f 312/312/313 310/310/311 349/349/347 353/353/348
f 316/316/315 312/312/313 353/353/348 324/324/321
f 327/327/327 329/329/251 248/248/242 245/245/238
f 354/354/237 323/323/349 327/327/327 245/245/238
f 355/355/350 321/321/351 323/323/349 354/354/237
f 357/357/352 355/355/350 354/354/237 244/244/236
f 356/356/353 319/319/319 321/321/351 355/355/350
f 358/358/354 356/356/353 355/355/350 357/357/352
f 359/359/355 357/357/352 244/244/236 247/247/240
f 360/360/356 358/358/354 357/357/352 359/359/355
f 362/362/277 360/360/356 359/359/355 361/361/125
f 361/361/125 359/359/355 247/247/240 251/251/243
f 362/362/277 361/361/125 363/363/272 273/273/271
f 361/361/125 251/251/243 364/364/248 363/363/272
f 363/363/272 364/364/248 365/365/357 272/272/270
f 364/364/248 250/250/246 366/366/254 365/365/357
f 272/272/270 365/365/357 262/262/257 264/264/260
f 365/365/357 366/366/254 255/255/253 262/262/257
f 276/276/275 367/367/282 360/360/356 362/362/277
f 367/367/282 368/368/358 358/358/354 360/360/356
f 367/367/282 280/280/281 369/369/359 368/368/358
f 369/369/359 356/356/353 358/358/354 368/368/358
f 370/370/320 319/319/319 356/356/353 369/369/359
f 280/280/281 282/282/280 370/370/320 369/369/359
f 830/830/283 284/284/283 318/318/318 828/828/318
f 284/284/283 371/371/286 315/315/316 318/318/318
f 371/371/286 306/306/305 313/313/309 315/315/316
f 285/285/285 302/302/291 306/306/305 371/371/286
f 373/373/360 372/372/361 374/374/362 504/504/363
f 378/378/364 375/375/365 372/372/361 373/373/360
f 376/376/366 374/374/362 372/372/361 375/375/365
f 479/479/367 376/376/366 375/375/365 377/377/368
f 379/379/369 377/377/368 375/375/365 378/378/364
f 380/380/370 378/378/364 373/373/360 381/381/371
f 382/382/372 379/379/369 378/378/364 380/380/370
f 383/383/373 380/380/370 381/381/371 384/384/374
f 385/385/375 382/382/372 380/380/370 383/383/373
f 386/386/376 383/383/373 384/384/374 387/387/377
f 388/388/378 385/385/375 383/383/373 386/386/376
f 389/389/379 386/386/376 387/387/377 390/390/201
f 391/391/152 388/388/378 386/386/376 389/389/379
f 392/392/380 389/389/379 390/390/201 394/394/381
f 395/395/382 391/391/152 389/389/379 392/392/380
f 397/397/383 395/395/382 392/392/380 393/393/384
f 393/393/384 392/392/380 394/394/381 403/403/385
f 398/398/386 396/396/387 395/395/382 397/397/383
f 396/396/387 437/437/388 391/391/152 395/395/382
f 400/400/389 398/398/386 397/397/383 399/399/390
f 399/399/390 397/397/383 393/393/384 401/401/391
f 401/401/391 393/393/384 403/403/385 402/402/392
f 402/402/392 403/403/385 405/405/393 404/404/394
f 404/404/394 405/405/393 408/408/395 406/406/396
f 406/406/396 408/408/395 410/410/397 407/407/398
f 405/405/393 520/520/399 409/409/400 408/408/395
f 408/408/395 409/409/400 411/411/401 410/410/397
f 410/410/397 411/411/401 413/413/402 412/412/403
f 407/407/398 410/410/397 412/412/403 414/414/404
f 412/412/403 413/413/402 416/416/405 415/415/406
f 414/414/404 412/412/403 415/415/406 418/418/407
f 415/415/406 416/416/405 452/452/408 417/417/409
f 418/418/407 415/415/406 417/417/409 419/419/410
f 419/419/410 417/417/409 421/421/411 420/420/412
f 420/420/412 421/421/411 423/423/413 422/422/414
f 422/422/414 423/423/413 425/425/415 424/424/416
f 424/424/416 425/425/415 428/428/417 426/426/418
f 426/426/418 428/428/417 430/430/419 427/427/420
f 425/425/415 449/449/421 429/429/422 428/428/417
f 428/428/417 429/429/422 431/431/423 430/430/419
f 430/430/419 431/431/423 434/434/424 432/432/425
f 427/427/420 430/430/419 432/432/425 433/433/426
f 433/433/426 432/432/425 398/398/386 400/400/389
f 432/432/425 434/434/424 396/396/387 398/398/386
f 434/434/424 435/435/145 437/437/388 396/396/387
f 431/431/423 438/438/427 435/435/145 434/434/424
f 435/435/145 436/436/428 498/498/429 437/437/388
f 438/438/427 440/440/430 436/436/428 435/435/145
f 429/429/422 439/439/125 438/438/427 431/431/423
f 439/439/125 442/442/431 440/440/430 438/438/427
f 440/440/430 441/441/432 496/496/433 436/436/428
f 442/442/431 443/443/434 441/441/432 440/440/430
f 444/444/435 445/445/436 443/443/434 442/442/431
f 447/447/437 444/444/435 442/442/431 439/439/125
f 446/446/438 463/463/439 445/445/436 444/444/435
f 448/448/223 446/446/438 444/444/435 447/447/437
f 450/450/440 448/448/223 447/447/437 449/449/421
f 449/449/421 447/447/437 439/439/125 429/429/422
f 423/423/413 450/450/440 449/449/421 425/425/415
f 421/421/411 451/451/441 450/450/440 423/423/413
f 451/451/441 453/453/442 448/448/223 450/450/440
f 417/417/409 452/452/408 451/451/441 421/421/411
f 452/452/408 455/455/235 453/453/442 451/451/441
f 455/455/235 457/457/443 454/454/444 453/453/442
f 453/453/442 454/454/444 446/446/438 448/448/223
f 416/416/405 456/456/445 455/455/235 452/452/408
f 456/456/445 458/458/446 457/457/443 455/455/235
f 458/458/446 460/460/447 459/459/448 457/457/443
f 457/457/443 459/459/448 462/462/449 454/454/444
f 460/460/447 522/522/450 461/461/451 459/459/448
f 459/459/448 461/461/451 464/464/452 462/462/449
f 462/462/449 464/464/452 465/465/453 463/463/439
f 454/454/444 462/462/449 463/463/439 446/446/438
f 464/464/452 466/466/454 467/467/455 465/465/453
f 461/461/451 468/468/456 466/466/454 464/464/452
f 466/466/454 469/469/457 470/470/458 467/467/455
f 468/468/456 472/472/459 469/469/457 466/466/454
f 470/470/458 469/469/457 471/471/460 494/494/461
f 469/469/457 472/472/459 474/474/462 471/471/460
f 523/523/463 473/473/464 472/472/459 468/468/456
f 472/472/459 473/473/464 475/475/465 474/474/462
f 474/474/462 475/475/465 478/478/466 476/476/190
f 471/471/460 474/474/462 476/476/190 477/477/467
f 477/477/467 476/476/190 479/479/367 480/480/468
f 476/476/190 478/478/466 376/376/366 479/479/367
f 480/480/468 479/479/367 377/377/368 482/482/469
f 481/481/470 480/480/468 482/482/469 483/483/471
f 495/495/472 477/477/467 480/480/468 481/481/470
f 486/486/473 483/483/471 482/482/469 484/484/474
f 484/484/474 482/482/469 377/377/368 379/379/369
f 485/485/475 484/484/474 379/379/369 382/382/372
f 487/487/476 486/486/473 484/484/474 485/485/475
f 488/488/477 481/481/470 483/483/471 486/486/473
f 490/490/478 488/488/477 486/486/473 487/487/476
f 489/489/479 495/495/472 481/481/470 488/488/477
f 491/491/480 489/489/479 488/488/477 490/490/478
f 443/443/434 491/491/480 490/490/478 441/441/432
f 441/441/432 490/490/478 487/487/476 496/496/433
f 445/445/436 492/492/481 491/491/480 443/443/434
f 492/492/481 493/493/482 489/489/479 491/491/480
f 463/463/439 465/465/453 492/492/481 445/445/436
f 465/465/453 467/467/455 493/493/482 492/492/481
f 493/493/482 494/494/461 495/495/472 489/489/479
f 467/467/455 470/470/458 494/494/461 493/493/482
f 494/494/461 471/471/460 477/477/467 495/495/472
f 496/496/433 487/487/476 485/485/475 497/497/483
f 436/436/428 496/496/433 497/497/483 498/498/429
f 498/498/429 497/497/483 385/385/375 388/388/378
f 497/497/483 485/485/475 382/382/372 385/385/375
f 437/437/388 498/498/429 388/388/378 391/391/152
f 475/475/465 500/500/484 499/499/485 478/478/466
f 478/478/466 499/499/485 374/374/362 376/376/366
f 504/504/363 374/374/362 499/499/485 501/501/486
f 501/501/486 499/499/485 500/500/484 503/503/487
f 505/505/488 504/504/363 501/501/486 502/502/489
f 502/502/489 501/501/486 503/503/487 511/511/490
f 381/381/371 373/373/360 504/504/363 505/505/488
f 384/384/374 381/381/371 505/505/488 506/506/491
f 506/506/491 505/505/488 502/502/489 508/508/492
f 387/387/377 384/384/374 506/506/491 507/507/493
f 507/507/493 506/506/491 508/508/492 509/509/494
f 509/509/494 508/508/492 510/510/495 512/512/496
f 508/508/492 502/502/489 511/511/490 510/510/495
f 510/510/495 511/511/490 514/514/497 513/513/498
f 512/512/496 510/510/495 513/513/498 515/515/499
f 513/513/498 514/514/497 522/522/450 460/460/447
f 515/515/499 513/513/498 460/460/447 458/458/446
f 516/516/175 515/515/499 458/458/446 456/456/445
f 517/517/500 512/512/496 515/515/499 516/516/175
f 413/413/402 516/516/175 456/456/445 416/416/405
f 411/411/401 517/517/500 516/516/175 413/413/402
f 409/409/400 518/518/202 517/517/500 411/411/401
f 518/518/202 509/509/494 512/512/496 517/517/500
f 520/520/399 519/519/501 518/518/202 409/409/400
f 519/519/501 507/507/493 509/509/494 518/518/202
f 394/394/381 390/390/201 519/519/501 520/520/399
f 390/390/201 387/387/377 507/507/493 519/519/501
f 403/403/385 394/394/381 520/520/399 405/405/393
f 511/511/490 503/503/487 521/521/502 514/514/497
f 514/514/497 521/521/502 523/523/463 522/522/450
f 522/522/450 523/523/463 468/468/456 461/461/451
f 521/521/502 524/524/503 473/473/464 523/523/463
f 503/503/487 500/500/484 524/524/503 521/521/502
f 473/473/464 524/524/503 500/500/484 475/475/465
f 526/526/504 525/525/505 527/527/506 540/540/507
f 525/525/505 526/526/504 531/531/508 528/528/509
f 527/527/506 525/525/505 528/528/509 530/530/510
f 528/528/509 531/531/508 532/532/511 529/529/512
f 530/530/510 528/528/509 529/529/512 639/639/513
f 531/531/508 533/533/514 534/534/515 532/532/511
f 526/526/504 536/536/516 533/533/514 531/531/508
f 533/533/514 535/535/517 638/638/518 534/534/515
f 536/536/516 537/537/519 535/535/517 533/533/514
f 537/537/519 536/536/516 538/538/124 541/541/520
f 536/536/516 526/526/504 540/540/507 538/538/124
f 541/541/520 538/538/124 539/539/125 542/542/110
f 538/538/124 540/540/507 654/654/127 539/539/125
f 543/543/521 541/541/520 542/542/110 546/546/522
f 545/545/523 537/537/519 541/541/520 543/543/521
f 545/545/523 543/543/521 544/544/524 637/637/525
f 543/543/521 546/546/522 548/548/526 544/544/524
f 546/546/522 542/542/110 657/657/527 547/547/528
f 546/546/522 547/547/528 550/550/529 548/548/526
f 544/544/524 548/548/526 549/549/530 635/635/531
f 548/548/526 550/550/529 552/552/532 549/549/530
f 547/547/528 659/659/533 551/551/534 550/550/529
f 550/550/529 551/551/534 554/554/535 552/552/532
f 552/552/532 553/553/536 598/598/537 549/549/530
f 552/552/532 554/554/535 556/556/538 553/553/536
f 551/551/534 660/660/539 555/555/540 554/554/535
f 555/555/540 558/558/541 556/556/538 554/554/535
f 553/553/536 556/556/538 557/557/542 600/600/543
f 556/556/538 558/558/541 560/560/544 557/557/542
f 558/558/541 559/559/545 562/562/546 560/560/544
f 661/661/547 559/559/545 558/558/541 555/555/540
f 560/560/544 562/562/546 563/563/546 561/561/544
f 557/557/542 560/560/544 561/561/544 603/603/542
f 559/559/545 565/565/548 564/564/549 562/562/546
f 562/562/546 564/564/549 566/566/549 563/563/546
f 565/565/548 568/568/550 567/567/551 564/564/549
f 564/564/549 567/567/551 569/569/551 566/566/549
f 568/568/550 572/572/552 570/570/553 567/567/551
f 567/567/551 570/570/553 571/571/553 569/569/551
f 570/570/553 573/573/554 575/575/554 571/571/553
f 572/572/552 574/574/555 573/573/554 570/570/553
f 574/574/555 577/577/556 576/576/557 573/573/554
f 573/573/554 576/576/557 578/578/557 575/575/554
f 577/577/556 581/581/558 579/579/559 576/576/557
f 576/576/557 579/579/559 580/580/559 578/578/557
f 579/579/559 582/582/560 583/583/560 580/580/559
f 581/581/558 584/584/561 582/582/560 579/579/559
f 582/582/560 585/585/562 587/587/562 583/583/560
f 584/584/561 586/586/563 585/585/562 582/582/560
f 586/586/563 589/589/564 588/588/565 585/585/562
f 585/585/562 588/588/565 590/590/565 587/587/562
f 589/589/564 592/592/566 591/591/567 588/588/565
f 588/588/565 591/591/567 593/593/567 590/590/565
f 592/592/566 596/596/568 594/594/569 591/591/567
f 591/591/567 594/594/569 595/595/569 593/593/567
f 594/594/569 597/597/570 599/599/570 595/595/569
f 596/596/568 598/598/537 597/597/570 594/594/569
f 598/598/537 553/553/536 600/600/543 597/597/570
f 597/597/570 600/600/543 601/601/543 599/599/570
f 600/600/543 557/557/542 603/603/542 601/601/543
f 601/601/543 602/602/571 610/610/572 599/599/570
f 601/601/543 603/603/542 604/604/573 602/602/571
f 561/561/544 605/605/574 604/604/573 603/603/542
f 879/879/575 894/894/576 607/607/577 606/606/573
f 880/880/578 879/879/575 606/606/573 608/608/571
f 881/881/579 880/880/578 608/608/571 609/609/572
f 882/882/580 881/881/579 609/609/572 611/611/581
f 883/883/582 882/882/580 611/611/581 612/612/583
f 595/595/569 613/613/584 614/614/583 593/593/567
f 599/599/570 610/610/572 613/613/584 595/595/569
f 884/884/585 883/883/582 612/612/583 617/617/586
f 590/590/565 593/593/567 614/614/583 615/615/586
f 885/885/587 884/884/585 617/617/586 618/618/588
f 590/590/565 615/615/586 616/616/588 587/587/562
f 886/886/589 885/885/587 618/618/588 619/619/590
f 887/887/591 886/886/589 619/619/590 621/621/592
f 888/888/593 887/887/591 621/621/592 623/623/594
f 889/889/595 888/888/593 623/623/594 624/624/596
f 578/578/557 580/580/559 622/622/597 625/625/594
f 578/578/557 625/625/594 626/626/598 575/575/554
f 575/575/554 626/626/598 627/627/599 571/571/553
f 890/890/600 889/889/595 624/624/596 628/628/601
f 891/891/602 890/890/600 628/628/601 630/630/603
f 571/571/553 627/627/599 629/629/604 569/569/551
f 892/892/605 891/891/602 630/630/603 632/632/606
f 566/566/549 569/569/551 629/629/604 631/631/607
f 893/893/608 892/892/605 632/632/606 634/634/609
f 566/566/549 631/631/607 633/633/610 563/563/546
f 894/894/576 893/893/608 634/634/609 607/607/577
f 563/563/546 633/633/610 605/605/574 561/561/544
f 583/583/560 620/620/611 622/622/597 580/580/559
f 587/587/562 616/616/588 620/620/611 583/583/560
f 549/549/530 598/598/537 596/596/568 635/635/531
f 635/635/531 596/596/568 592/592/566 636/636/612
f 637/637/525 544/544/524 635/635/531 636/636/612
f 535/535/517 637/637/525 636/636/612 638/638/518
f 638/638/518 636/636/612 592/592/566 589/589/564
f 638/638/518 589/589/564 586/586/563 534/534/515
f 537/537/519 545/545/523 637/637/525 535/535/517
f 534/534/515 586/586/563 584/584/561 532/532/511
f 532/532/511 584/584/561 581/581/558 529/529/512
f 639/639/513 529/529/512 581/581/558 577/577/556
f 639/639/513 577/577/556 574/574/555 640/640/613
f 641/641/614 530/530/510 639/639/513 640/640/613
f 643/643/615 641/641/614 640/640/613 642/642/616
f 640/640/613 574/574/555 572/572/552 642/642/616
f 642/642/616 572/572/552 568/568/550 644/644/617
f 646/646/618 643/643/615 642/642/616 644/644/617
f 648/648/619 646/646/618 644/644/617 645/645/620
f 645/645/620 644/644/617 568/568/550 565/565/548
f 647/647/621 655/655/622 643/643/615 646/646/618
f 650/650/623 647/647/621 646/646/618 648/648/619
f 649/649/624 648/648/619 645/645/620 661/661/547
f 651/651/625 650/650/623 648/648/619 649/649/624
f 653/653/104 652/652/626 650/650/623 651/651/625
f 652/652/626 655/655/622 647/647/621 650/650/623
f 539/539/125 654/654/127 652/652/626 653/653/104
f 654/654/127 656/656/627 655/655/622 652/652/626
f 655/655/622 656/656/627 641/641/614 643/643/615
f 540/540/507 527/527/506 656/656/627 654/654/127
f 656/656/627 527/527/506 530/530/510 641/641/614
f 657/657/527 653/653/104 651/651/625 658/658/628
f 542/542/110 539/539/125 653/653/104 657/657/527
f 547/547/528 657/657/527 658/658/628 659/659/533
f 658/658/628 651/651/625 649/649/624 660/660/539
f 659/659/533 658/658/628 660/660/539 551/551/534
f 660/660/539 649/649/624 661/661/547 555/555/540
f 645/645/620 565/565/548 559/559/545 661/661/547
f 663/663/629 757/757/630 664/664/631 662/662/632
f 668/668/633 663/663/629 662/662/632 665/665/634
f 666/666/635 665/665/634 662/662/632 664/664/631
f 742/742/636 667/667/637 665/665/634 666/666/635
f 669/669/638 668/668/633 665/665/634 667/667/637
f 670/670/639 671/671/640 663/663/629 668/668/633
f 672/672/641 670/670/639 668/668/633 669/669/638
f 673/673/642 674/674/643 671/671/640 670/670/639
f 675/675/644 673/673/642 670/670/639 672/672/641
f 676/676/645 679/679/646 674/674/643 673/673/642
f 677/677/647 676/676/645 673/673/642 675/675/644
f 812/812/152 678/678/379 676/676/645 677/677/647
f 678/678/379 681/681/201 679/679/646 676/676/645
f 679/679/646 680/680/648 763/763/649 674/674/643
f 681/681/201 683/683/501 680/680/648 679/679/646
f 814/814/650 682/682/651 681/681/201 678/678/379
f 682/682/651 684/684/652 683/683/501 681/681/201
f 683/683/501 685/685/202 687/687/653 680/680/648
f 684/684/652 688/688/654 685/685/202 683/683/501
f 688/688/654 689/689/655 686/686/500 685/685/202
f 685/685/202 686/686/500 766/766/656 687/687/653
f 691/691/657 689/689/655 688/688/654 690/690/658
f 690/690/658 688/688/654 684/684/652 693/693/659
f 792/792/660 691/691/657 690/690/658 692/692/661
f 692/692/661 690/690/658 693/693/659 695/695/662
f 693/693/659 684/684/652 682/682/651 694/694/663
f 695/695/662 693/693/659 694/694/663 696/696/664
f 696/696/664 694/694/663 698/698/665 697/697/666
f 697/697/666 698/698/665 700/700/667 699/699/668
f 699/699/668 700/700/667 702/702/669 701/701/670
f 701/701/670 702/702/669 704/704/671 703/703/672
f 703/703/672 704/704/671 707/707/673 705/705/674
f 705/705/674 707/707/673 708/708/675 706/706/676
f 704/704/671 711/711/677 709/709/678 707/707/673
f 707/707/673 709/709/678 710/710/679 708/708/675
f 710/710/679 709/709/678 712/712/427 715/715/125
f 709/709/678 711/711/677 714/714/145 712/712/427
f 715/715/125 712/712/427 713/713/680 716/716/681
f 712/712/427 714/714/145 810/810/682 713/713/680
f 717/717/437 715/715/125 716/716/681 720/720/683
f 719/719/684 710/710/679 715/715/125 717/717/437
f 780/780/685 719/719/684 717/717/437 718/718/223
f 718/718/223 717/717/437 720/720/683 721/721/686
f 721/721/686 720/720/683 722/722/687 723/723/688
f 720/720/683 716/716/681 724/724/689 722/722/687
f 723/723/688 722/722/687 725/725/690 726/726/691
f 722/722/687 724/724/689 728/728/692 725/725/690
f 726/726/691 725/725/690 727/727/693 805/805/694
f 725/725/690 728/728/692 729/729/695 727/727/693
f 728/728/692 730/730/696 732/732/697 729/729/695
f 724/724/689 731/731/698 730/730/696 728/728/692
f 731/731/698 734/734/699 733/733/700 730/730/696
f 730/730/696 733/733/700 736/736/701 732/732/697
f 734/734/699 807/807/702 735/735/703 733/733/700
f 733/733/700 735/735/703 737/737/704 736/736/701
f 732/732/697 736/736/701 738/738/705 739/739/706
f 736/736/701 737/737/704 740/740/707 738/738/705
f 739/739/706 738/738/705 740/740/707 741/741/708
f 737/737/704 669/669/638 667/667/637 740/740/707
f 741/741/708 740/740/707 667/667/637 742/742/636
f 743/743/709 741/741/708 742/742/636 745/745/161
f 744/744/710 739/739/706 741/741/708 743/743/709
f 748/748/711 744/744/710 743/743/709 746/746/712
f 746/746/712 743/743/709 745/745/161 749/749/713
f 806/806/714 748/748/711 746/746/712 747/747/715
f 747/747/715 746/746/712 749/749/713 750/750/716
f 750/750/716 749/749/713 751/751/717 752/752/718
f 749/749/713 745/745/161 754/754/719 751/751/717
f 752/752/718 751/751/717 753/753/720 803/803/721
f 751/751/717 754/754/719 755/755/722 753/753/720
f 745/745/161 742/742/636 666/666/635 754/754/719
f 754/754/719 666/666/635 664/664/631 755/755/722
f 757/757/630 756/756/723 755/755/722 664/664/631
f 756/756/723 758/758/724 753/753/720 755/755/722
f 761/761/725 759/759/726 756/756/723 757/757/630
f 759/759/726 760/760/727 758/758/724 756/756/723
f 762/762/728 764/764/729 760/760/727 759/759/726
f 763/763/649 762/762/728 759/759/726 761/761/725
f 680/680/648 687/687/653 762/762/728 763/763/649
f 687/687/653 766/766/656 764/764/729 762/762/728
f 764/764/729 765/765/730 804/804/731 760/760/727
f 766/766/656 767/767/732 765/765/730 764/764/729
f 686/686/500 768/768/175 767/767/732 766/766/656
f 768/768/175 771/771/445 769/769/733 767/767/732
f 767/767/732 769/769/733 770/770/734 765/765/730
f 769/769/733 772/772/735 773/773/736 770/770/734
f 771/771/445 774/774/235 772/772/735 769/769/733
f 772/772/735 775/775/737 776/776/738 773/773/736
f 774/774/235 777/777/442 775/775/737 772/772/735
f 775/775/737 721/721/686 723/723/688 776/776/738
f 777/777/442 718/718/223 721/721/686 775/775/737
f 779/779/739 778/778/740 777/777/442 774/774/235
f 778/778/740 780/780/685 718/718/223 777/777/442
f 781/781/741 778/778/740 779/779/739 783/783/742
f 784/784/743 780/780/685 778/778/740 781/781/741
f 785/785/744 784/784/743 781/781/741 782/782/745
f 782/782/745 781/781/741 783/783/742 789/789/746
f 787/787/747 786/786/748 784/784/743 785/785/744
f 786/786/748 719/719/684 780/780/685 784/784/743
f 708/708/675 710/710/679 719/719/684 786/786/748
f 706/706/676 708/708/675 786/786/748 787/787/747
f 783/783/742 779/779/739 795/795/749 788/788/750
f 789/789/746 783/783/742 788/788/750 790/790/751
f 790/790/751 788/788/750 793/793/752 791/791/753
f 791/791/753 793/793/752 691/691/657 792/792/660
f 788/788/750 795/795/749 794/794/754 793/793/752
f 793/793/752 794/794/754 689/689/655 691/691/657
f 794/794/754 795/795/749 771/771/445 768/768/175
f 689/689/655 794/794/754 768/768/175 686/686/500
f 795/795/749 779/779/739 774/774/235 771/771/445
f 776/776/738 723/723/688 726/726/691 796/796/755
f 773/773/736 776/776/738 796/796/755 798/798/756
f 796/796/755 726/726/691 805/805/694 797/797/757
f 798/798/756 796/796/755 797/797/757 800/800/758
f 770/770/734 773/773/736 798/798/756 799/799/759
f 799/799/759 798/798/756 800/800/758 801/801/760
f 801/801/760 800/800/758 750/750/716 752/752/718
f 800/800/758 797/797/757 747/747/715 750/750/716
f 804/804/731 799/799/759 801/801/760 802/802/761
f 802/802/761 801/801/760 752/752/718 803/803/721
f 758/758/724 802/802/761 803/803/721 753/753/720
f 760/760/727 804/804/731 802/802/761 758/758/724
f 765/765/730 770/770/734 799/799/759 804/804/731
f 797/797/757 805/805/694 806/806/714 747/747/715
f 805/805/694 727/727/693 748/748/711 806/806/714
f 674/674/643 763/763/649 761/761/725 671/671/640
f 671/671/640 761/761/725 757/757/630 663/663/629
f 727/727/693 729/729/695 744/744/710 748/748/711
f 729/729/695 732/732/697 739/739/706 744/744/710
f 735/735/703 672/672/641 669/669/638 737/737/704
f 807/807/702 675/675/644 672/672/641 735/735/703
f 808/808/762 677/677/647 675/675/644 807/807/702
f 810/810/682 808/808/762 807/807/702 734/734/699
f 809/809/388 812/812/152 677/677/647 808/808/762
f 714/714/145 809/809/388 808/808/762 810/810/682
f 713/713/680 810/810/682 734/734/699 731/731/698
f 811/811/763 813/813/764 812/812/152 809/809/388
f 711/711/677 811/811/763 809/809/388 714/714/145
f 813/813/764 814/814/650 678/678/379 812/812/152
f 698/698/665 814/814/650 813/813/764 700/700/667
f 700/700/667 813/813/764 811/811/763 702/702/669
f 694/694/663 682/682/651 814/814/650 698/698/665
f 702/702/669 811/811/763 711/711/677 704/704/671
f 716/716/681 713/713/680 731/731/698 724/724/689
f 282/282/280 830/830/283 828/828/318 370/370/320
f 329/329/251 826/826/326 827/827/152 253/253/249
f 325/325/323 328/328/326 826/826/326 825/825/323
f 323/323/349 824/824/322 825/825/323 327/327/327
f 321/321/351 823/823/190 824/824/322 323/323/349
f 319/319/319 822/822/317 823/823/190 321/321/351
f 318/318/318 317/317/317 822/822/317 828/828/318
f 278/278/278 267/267/265 829/829/267 821/821/284
f 281/281/279 278/278/278 821/821/284 820/820/235
f 281/281/279 820/820/235 830/830/283 282/282/280
f 287/287/267 829/829/267 819/819/264 268/268/264
f 266/266/263 263/263/261 818/818/161 819/819/264
f 263/263/261 260/260/258 817/817/259 818/818/161
f 260/260/258 258/258/252 816/816/255 817/817/259
f 256/256/250 253/253/249 827/827/152 815/815/256
f 259/259/255 816/816/255 815/815/256 257/257/256
f 606/606/573 607/607/577 848/848/544 847/847/165
f 80/80/73 82/82/75 838/838/41 837/837/39
f 608/608/571 606/606/573 847/847/165 849/849/543
f 82/82/75 83/83/77 839/839/765 838/838/41
f 72/72/64 71/71/62 831/831/766 832/832/767
f 609/609/572 608/608/571 849/849/543 850/850/570
f 618/618/588 617/617/586 853/853/565 854/854/562
f 71/71/62 73/73/61 833/833/768 831/831/766
f 617/617/586 612/612/583 852/852/769 853/853/565
f 607/607/577 634/634/609 862/862/770 848/848/544
f 92/92/85 93/93/88 843/843/154 842/842/49
f 611/611/581 609/609/572 850/850/570 851/851/569
f 634/634/609 632/632/606 861/861/771 862/862/770
f 73/73/61 74/74/67 834/834/32 833/833/768
f 89/89/81 92/92/85 842/842/49 841/841/47
f 612/612/583 611/611/581 851/851/569 852/852/769
f 99/99/95 72/72/64 832/832/767 846/846/54
f 619/619/590 618/618/588 854/854/562 855/855/560
f 632/632/606 630/630/603 860/860/772 861/861/771
f 93/93/88 94/94/90 844/844/52 843/843/154
f 95/95/92 99/99/95 846/846/54 845/845/53
f 630/630/603 628/628/601 859/859/553 860/860/772
f 74/74/67 76/76/69 835/835/188 834/834/32
f 621/621/592 619/619/590 855/855/560 856/856/196
f 628/628/601 624/624/596 858/858/554 859/859/553
f 94/94/90 95/95/92 845/845/53 844/844/52
f 87/87/79 89/89/81 841/841/47 840/840/45
f 76/76/69 78/78/71 836/836/37 835/835/188
f 83/83/77 87/87/79 840/840/45 839/839/765
f 623/623/594 621/621/592 856/856/196 857/857/557
f 624/624/596 623/623/594 857/857/557 858/858/554
f 78/78/71 80/80/73 837/837/39 836/836/37
f 67/67/56 878/878/65 877/877/94 98/98/57
f 98/98/57 877/877/94 876/876/91 97/97/93
f 97/97/93 876/876/91 875/875/89 96/96/90
f 96/96/90 875/875/89 874/874/87 91/91/86
f 91/91/86 874/874/87 873/873/84 90/90/83
f 90/90/83 873/873/84 872/872/82 88/88/81
f 88/88/81 872/872/82 871/871/80 86/86/79
f 86/86/79 871/871/80 870/870/76 85/85/77
f 85/85/77 870/870/76 869/869/74 84/84/78
f 84/84/78 869/869/74 868/868/72 81/81/73
f 81/81/73 868/868/72 867/867/70 79/79/71
f 79/79/71 867/867/70 866/866/68 77/77/69
f 77/77/69 866/866/68 865/865/66 75/75/96
f 75/75/96 865/865/66 864/864/60 70/70/59
f 69/69/58 863/863/63 878/878/65 67/67/56
f 70/70/59 864/864/60 863/863/63 69/69/58
f 605/605/574 633/633/610 893/893/608 894/894/576
f 633/633/610 631/631/607 892/892/605 893/893/608
f 631/631/607 629/629/604 891/891/602 892/892/605
f 629/629/604 627/627/599 890/890/600 891/891/602
f 627/627/599 626/626/598 889/889/595 890/890/600
f 626/626/598 625/625/594 888/888/593 889/889/595
f 625/625/594 622/622/597 887/887/591 888/888/593
f 622/622/597 620/620/611 886/886/589 887/887/591
f 620/620/611 616/616/588 885/885/587 886/886/589
f 616/616/588 615/615/586 884/884/585 885/885/587
f 615/615/586 614/614/583 883/883/582 884/884/585
f 614/614/583 613/613/584 882/882/580 883/883/582
f 613/613/584 610/610/572 881/881/579 882/882/580
f 610/610/572 602/602/571 880/880/578 881/881/579
f 602/602/571 604/604/573 879/879/575 880/880/578
f 604/604/573 605/605/574 894/894/576 879/879/575
