# Blender 4.3.2
# www.blender.org
mtllib Swoop.mtl
o Body
v -0.003259 0.006783 0.001516
v 0.003259 0.006783 0.001516
v -0.001755 0.012679 0.001875
v 0.001755 0.012679 0.001875
v -0.001755 0.012679 -0.000376
v 0.001755 0.012679 -0.000376
v -0.002668 0.009582 -0.001933
v 0.002668 0.009582 -0.001933
v -0.001231 0.001458 -0.000376
v 0.001231 0.001458 -0.000376
v 0.001231 0.001458 0.003817
v -0.001231 0.001458 0.003817
v -0.002851 0.004396 -0.001933
v 0.002851 0.004396 -0.001933
v 0.002851 0.004417 0.002261
v -0.002851 0.004417 0.002261
v -0.002955 0.009409 0.001516
v 0.002955 0.009409 0.001516
v 0.002439 0.009621 -0.001065
v -0.002439 0.009621 -0.001065
v -0.002490 0.011064 -0.000712
v 0.002490 0.011064 -0.000712
v 0.002527 0.010990 0.001543
v -0.002527 0.010990 0.001543
v -0.003223 0.008089 0.001516
v 0.003223 0.008089 0.001516
v 0.002618 0.009595 -0.001574
v -0.002618 0.009595 -0.001574
v -0.003044 0.005595 -0.001933
v 0.003044 0.005595 -0.001933
v 0.003128 0.005598 0.001757
v -0.003128 0.005598 0.001757
v -0.002120 0.002924 -0.001933
v -0.002120 0.003036 0.002872
v 0.002120 0.003036 0.002872
v 0.002120 0.002924 -0.001933
v -0.003117 0.009533 0.001593
v 0.003117 0.009533 0.001593
v 0.002665 0.011195 0.001620
v -0.002665 0.011195 0.001620
v 0.003293 0.004266 0.002338
v -0.003293 0.004266 0.002338
v -0.002628 0.002879 0.002949
v 0.002628 0.002879 0.002949
v 0.003612 0.005512 0.001835
v -0.003612 0.005512 0.001835
v -0.003400 0.008140 0.001593
v 0.003400 0.008140 0.001593
v 0.001851 0.012945 0.001953
v -0.001851 0.012945 0.001953
v -0.003708 0.006762 0.001593
v 0.003708 0.006762 0.001593
v -0.001299 0.001168 0.003894
v 0.001299 0.001168 0.003894
v -0.002449 0.008392 0.011562
v 0.002449 0.008392 0.011562
v 0.002094 0.009760 0.011562
v -0.002094 0.009760 0.011562
v 0.002588 0.004130 0.011562
v -0.002588 0.004130 0.011562
v -0.002065 0.002919 0.011562
v 0.002065 0.002919 0.011562
v 0.002838 0.005161 0.011562
v -0.002838 0.005161 0.011562
v -0.002672 0.007258 0.011562
v 0.002672 0.007258 0.011562
v 0.001455 0.011079 0.011562
v -0.001455 0.011079 0.011562
v -0.002914 0.006161 0.011562
v 0.002914 0.006161 0.011562
v -0.001021 0.001616 0.011562
v 0.001021 0.001616 0.011562
v -0.001961 0.008140 0.011562
v 0.001961 0.008140 0.011562
v 0.001677 0.009260 0.011562
v -0.001677 0.009260 0.011562
v 0.002072 0.004627 0.011562
v -0.002072 0.004627 0.011562
v -0.001654 0.003638 0.011562
v 0.001654 0.003638 0.011562
v 0.002272 0.005479 0.011562
v -0.002272 0.005479 0.011562
v -0.002139 0.007207 0.011562
v 0.002139 0.007207 0.011562
v 0.001165 0.010315 0.011562
v -0.001165 0.010315 0.011562
v -0.002333 0.006303 0.011562
v 0.002333 0.006303 0.011562
v -0.000817 0.002643 0.011562
v 0.000817 0.002643 0.011562
v -0.001667 0.007918 0.011562
v 0.001667 0.007918 0.011562
v 0.001426 0.008873 0.011562
v -0.001426 0.008873 0.011562
v 0.001761 0.004872 0.011562
v -0.001761 0.004872 0.011562
v -0.001406 0.004042 0.011562
v 0.001406 0.004042 0.011562
v 0.001932 0.005608 0.011562
v -0.001932 0.005608 0.011562
v -0.001819 0.007109 0.011562
v 0.001819 0.007109 0.011562
v 0.000990 0.009769 0.011562
v -0.000990 0.009769 0.011562
v -0.001983 0.006325 0.011562
v 0.001983 0.006325 0.011562
v -0.000695 0.003204 0.011562
v 0.000695 0.003204 0.011562
v -0.001535 0.007818 0.011026
v 0.001535 0.007818 0.011026
v 0.001313 0.008708 0.011026
v -0.001313 0.008708 0.011026
v 0.001622 0.004972 0.011026
v -0.001622 0.004972 0.011026
v -0.001294 0.004200 0.011026
v 0.001294 0.004200 0.011026
v 0.001779 0.005660 0.011026
v -0.001779 0.005660 0.011026
v -0.001674 0.007063 0.011026
v 0.001674 0.007063 0.011026
v 0.000912 0.009519 0.011026
v -0.000912 0.009519 0.011026
v -0.001826 0.006330 0.011026
v 0.001826 0.006330 0.011026
v -0.000640 0.003458 0.011026
v 0.000640 0.003458 0.011026
v 0.001928 0.008115 0.012120
v 0.001641 0.009221 0.012120
v 0.001440 0.008903 0.012120
v 0.001693 0.007938 0.012120
v -0.001928 0.008115 0.012120
v -0.001641 0.009221 0.012120
v -0.001693 0.007938 0.012120
v -0.001440 0.008903 0.012120
v -0.002032 0.004677 0.012120
v -0.001610 0.003675 0.012120
v -0.001411 0.004003 0.012120
v -0.001783 0.004875 0.012120
v 0.002032 0.004677 0.012120
v 0.001610 0.003675 0.012120
v 0.001783 0.004875 0.012120
v 0.001411 0.004003 0.012120
v -0.002233 0.005508 0.012120
v -0.001961 0.005614 0.012120
v 0.002233 0.005508 0.012120
v 0.001961 0.005614 0.012120
v 0.002110 0.007198 0.012120
v 0.001853 0.007120 0.012120
v -0.002110 0.007198 0.012120
v -0.001853 0.007120 0.012120
v 0.001063 0.010233 0.012120
v 0.000923 0.009793 0.012120
v -0.001063 0.010233 0.012120
v -0.000923 0.009793 0.012120
v 0.002288 0.006317 0.012120
v 0.002008 0.006336 0.012120
v -0.002288 0.006317 0.012120
v -0.002008 0.006336 0.012120
v -0.000768 0.002727 0.012120
v -0.000670 0.003177 0.012120
v 0.000768 0.002727 0.012120
v 0.000670 0.003177 0.012120
v -0.002748 0.008633 0.009216
v -0.003003 0.007464 0.009216
v -0.003280 0.006312 0.009216
v -0.003193 0.005267 0.009216
v -0.002906 0.004222 0.009216
v -0.002307 0.002987 0.009216
v -0.001110 0.001376 0.009216
v 0.001110 0.001376 0.009216
v 0.002307 0.002987 0.009216
v 0.002906 0.004222 0.009216
v 0.003193 0.005267 0.009216
v 0.003280 0.006312 0.009216
v 0.003003 0.007464 0.009216
v 0.002748 0.008633 0.009216
v 0.002341 0.010032 0.009216
v 0.001608 0.011788 0.009216
v -0.001608 0.011788 0.009216
v -0.002341 0.010032 0.009216
v -0.003135 0.009283 0.003701
v -0.003425 0.007953 0.003701
v -0.003742 0.006638 0.003701
v -0.003642 0.005445 0.003701
v -0.003316 0.004255 0.003701
v -0.002633 0.002908 0.003701
v -0.001267 0.001116 0.004646
v 0.001267 0.001116 0.004646
v 0.002633 0.002908 0.003701
v 0.003316 0.004255 0.003701
v 0.003642 0.005445 0.003701
v 0.003742 0.006638 0.003701
v 0.003425 0.007953 0.003701
v 0.003135 0.009283 0.003701
v 0.002671 0.010835 0.003701
v 0.001834 0.012908 0.003701
v -0.001834 0.012908 0.003701
v -0.002671 0.010835 0.003701
v -0.002989 0.008923 0.006730
v -0.002542 0.010384 0.006730
v -0.001738 0.012361 0.006730
v 0.001738 0.012361 0.006730
v 0.002542 0.010384 0.006730
v 0.002989 0.008923 0.006730
v 0.003269 0.007684 0.006730
v 0.003573 0.006459 0.006730
v 0.003478 0.005347 0.006730
v 0.003163 0.004238 0.006730
v 0.002506 0.002976 0.006730
v 0.001192 0.001218 0.006730
v -0.001192 0.001218 0.006730
v -0.002506 0.002976 0.006730
v -0.003163 0.004238 0.006730
v -0.003478 0.005347 0.006730
v -0.003573 0.006459 0.006730
v -0.003269 0.007684 0.006730
v -0.002648 0.005157 -0.003422
v 0.002648 0.005157 -0.003422
v 0.002120 0.003746 -0.003422
v -0.002120 0.003746 -0.003422
v -0.002713 0.005567 -0.003422
v 0.002713 0.005567 -0.003422
v -0.002668 0.009531 -0.003422
v 0.002668 0.009531 -0.003422
v -0.002873 0.005179 -0.011693
v 0.002873 0.005179 -0.011693
v 0.002600 0.003843 -0.011693
v -0.002600 0.003843 -0.011693
v -0.003128 0.005597 -0.011693
v 0.003128 0.005597 -0.011693
v -0.002155 0.009665 -0.011693
v 0.002155 0.009665 -0.011693
v -0.002851 0.005957 -0.016312
v 0.002851 0.005957 -0.016312
v 0.002905 0.003890 -0.012486
v -0.002905 0.003890 -0.012486
v -0.003128 0.006378 -0.016312
v 0.003128 0.006378 -0.016312
v -0.003259 0.007568 -0.016312
v 0.003259 0.007568 -0.016312
v -0.002837 0.007946 -0.018387
v 0.002837 0.007946 -0.018387
v 0.002851 0.007541 -0.018387
v -0.002851 0.007541 -0.018387
v -0.002155 0.009239 -0.018387
v 0.002155 0.009239 -0.018387
v -0.002155 0.009665 -0.015399
v 0.002155 0.009665 -0.015399
v 0.002155 0.009704 -0.016312
v -0.002155 0.009704 -0.016312
v 0.002155 0.009704 -0.018387
v -0.002155 0.009704 -0.018387
v -0.002851 0.005178 -0.008644
v -0.003033 0.005595 -0.008644
v -0.003044 0.008341 -0.009289
v 0.003044 0.008341 -0.009289
v 0.003033 0.005595 -0.008644
v 0.002851 0.005178 -0.008644
v 0.002120 0.003746 -0.008644
v -0.002120 0.003746 -0.008644
v 0.002318 0.009608 -0.001331
v -0.002318 0.009608 -0.001331
v 0.002393 0.009590 -0.001814
v -0.002393 0.009590 -0.001814
v 0.002441 0.009571 -0.002156
v -0.002441 0.009571 -0.002156
v 0.002441 0.009504 -0.003570
v -0.002441 0.009504 -0.003570
v -0.002807 0.008376 -0.009143
v 0.002807 0.008376 -0.009143
v 0.002047 0.009651 -0.011427
v -0.002047 0.009651 -0.011427
v 0.002318 0.006957 -0.001331
v -0.002318 0.006957 -0.001331
v 0.002527 0.006960 -0.001814
v -0.002527 0.006960 -0.001814
v 0.002555 0.006960 -0.002156
v -0.002555 0.006960 -0.002156
v 0.002555 0.006153 -0.003570
v -0.002555 0.006153 -0.003570
v -0.002245 0.006956 -0.009143
v 0.002245 0.006956 -0.009143
v 0.002047 0.006954 -0.010583
v -0.002047 0.006954 -0.010583
v -0.001689 0.009470 -0.011615
v 0.001689 0.009470 -0.011615
v -0.001689 0.007191 -0.011615
v 0.001689 0.007191 -0.011615
v -0.001689 0.009470 -0.014283
v 0.001689 0.009470 -0.014283
v -0.001689 0.007191 -0.014283
v 0.001689 0.007191 -0.014283
v -0.002690 0.005165 -0.004490
v -0.002779 0.005574 -0.004490
v -0.002745 0.009284 -0.004622
v -0.002516 0.009267 -0.004710
v -0.002491 0.006315 -0.004710
v 0.002491 0.006315 -0.004710
v 0.002516 0.009267 -0.004710
v 0.002745 0.009284 -0.004622
v 0.002779 0.005574 -0.004490
v 0.002690 0.005165 -0.004490
v 0.002120 0.003746 -0.004490
v -0.002120 0.003746 -0.004490
v -0.002778 0.005173 -0.006767
v -0.002120 0.003746 -0.006767
v 0.002120 0.003746 -0.006767
v 0.002778 0.005173 -0.006767
v 0.002918 0.005588 -0.006767
v 0.002908 0.008766 -0.007179
v 0.002675 0.008776 -0.007139
v 0.002356 0.006664 -0.007139
v -0.002356 0.006664 -0.007139
v -0.002675 0.008776 -0.007139
v -0.002908 0.008766 -0.007179
v -0.002918 0.005588 -0.006767
v -0.001523 0.012763 0.001875
v 0.001523 0.012763 0.001875
v -0.001607 0.013039 0.001953
v 0.001607 0.013039 0.001953
v 0.001592 0.013001 0.003701
v -0.001592 0.013001 0.003701
v -0.001508 0.012440 0.006730
v 0.001508 0.012440 0.006730
v 0.001395 0.011851 0.009216
v -0.001395 0.011851 0.009216
v -0.001263 0.011124 0.011562
v 0.001263 0.011124 0.011562
v -0.001011 0.010340 0.011562
v 0.001011 0.010340 0.011562
v -0.000923 0.010254 0.012120
v 0.000923 0.010254 0.012120
v -0.000801 0.009807 0.012120
v 0.000801 0.009807 0.012120
v -0.000859 0.009784 0.011562
v 0.000859 0.009784 0.011562
v -0.000791 0.009531 0.011026
v 0.000791 0.009531 0.011026
v 0.001139 0.008723 0.011026
v -0.001139 0.008723 0.011026
v -0.001332 0.007826 0.011026
v 0.001332 0.007826 0.011026
v -0.001453 0.007062 0.011026
v 0.001453 0.007062 0.011026
v -0.001585 0.006317 0.011026
v 0.001585 0.006317 0.011026
v 0.001544 0.005637 0.011026
v -0.001544 0.005637 0.011026
v 0.001408 0.004943 0.011026
v -0.001408 0.004943 0.011026
v -0.001123 0.004172 0.011026
v 0.001123 0.004172 0.011026
v -0.000555 0.003448 0.011026
v 0.000555 0.003448 0.011026
v -0.000603 0.003192 0.011562
v 0.000603 0.003192 0.011562
v -0.000581 0.003165 0.012120
v 0.000581 0.003165 0.012120
v -0.000666 0.002710 0.012120
v 0.000666 0.002710 0.012120
v -0.000709 0.002624 0.011562
v 0.000709 0.002624 0.011562
v -0.000886 0.001582 0.011562
v 0.000886 0.001582 0.011562
v -0.000963 0.001333 0.009216
v 0.000963 0.001333 0.009216
v 0.001035 0.001169 0.006730
v -0.001035 0.001169 0.006730
v -0.001100 0.001061 0.004646
v 0.001100 0.001061 0.004646
v -0.001127 0.001111 0.003894
v 0.001127 0.001111 0.003894
v -0.001069 0.001408 0.003817
v 0.001069 0.001408 0.003817
v -0.001069 0.001408 -0.000376
v 0.001069 0.001408 -0.000376
v 0.001840 0.002845 -0.001933
v -0.001840 0.002845 -0.001933
v 0.001840 0.003682 -0.003422
v -0.001840 0.003682 -0.003422
v 0.001840 0.003682 -0.004490
v -0.001840 0.003682 -0.004490
v -0.001840 0.003682 -0.006767
v 0.001840 0.003682 -0.006767
v 0.001840 0.003682 -0.008644
v -0.001840 0.003682 -0.008644
v 0.002320 0.003789 -0.011693
v -0.002320 0.003789 -0.011693
v 0.002625 0.003847 -0.013123
v -0.002625 0.003847 -0.013123
v -0.002475 0.005934 -0.016312
v 0.002475 0.005934 -0.016312
v -0.002475 0.007548 -0.018387
v 0.002475 0.007548 -0.018387
v -0.002423 0.007959 -0.018387
v 0.002423 0.007959 -0.018387
v -0.001870 0.009279 -0.018387
v 0.001870 0.009279 -0.018387
v -0.001870 0.009753 -0.018387
v 0.001870 0.009753 -0.018387
v -0.001870 0.009753 -0.016312
v 0.001870 0.009753 -0.016312
v -0.001870 0.009713 -0.015399
v 0.001870 0.009713 -0.015399
v -0.001870 0.009713 -0.011693
v 0.001870 0.009713 -0.011693
v -0.001777 0.009697 -0.011427
v 0.001777 0.009697 -0.011427
v -0.001466 0.009504 -0.011615
v 0.001466 0.009504 -0.011615
v -0.001466 0.009504 -0.014283
v 0.001466 0.009504 -0.014283
v -0.001466 0.007066 -0.014283
v 0.001466 0.007066 -0.014283
v -0.001466 0.007066 -0.011615
v 0.001466 0.007066 -0.011615
v -0.001949 0.007066 -0.009143
v 0.001949 0.007066 -0.009143
v 0.002045 0.006655 -0.007139
v -0.002045 0.006655 -0.007139
v -0.002162 0.006298 -0.004710
v 0.002162 0.006298 -0.004710
v -0.002217 0.006133 -0.003570
v 0.002217 0.006133 -0.003570
v -0.002217 0.006956 -0.002156
v 0.002217 0.006956 -0.002156
v 0.002193 0.006956 -0.001814
v -0.002193 0.006956 -0.001814
v 0.002011 0.006954 -0.001331
v -0.002011 0.006954 -0.001331
v 0.002011 0.009657 -0.001331
v -0.002011 0.009657 -0.001331
v 0.002117 0.009672 -0.001065
v -0.002117 0.009672 -0.001065
v -0.002161 0.011144 -0.000712
v 0.002161 0.011144 -0.000712
v -0.001523 0.012763 -0.000376
v 0.001523 0.012763 -0.000376
v -0.002773 0.008436 -0.001933
v -0.002681 0.008427 -0.003422
v -0.002754 0.008251 -0.004585
v -0.002911 0.007880 -0.007063
v -0.003041 0.007571 -0.009107
v -0.002428 0.008463 -0.011693
v -0.003222 0.007235 -0.016312
v -0.002428 0.008857 -0.018387
v -0.002108 0.008892 -0.018387
v 0.002108 0.008892 -0.018387
v 0.002428 0.008857 -0.018387
v 0.003222 0.007235 -0.016312
v 0.002428 0.008463 -0.011693
v 0.003041 0.007571 -0.009107
v 0.002911 0.007880 -0.007063
v 0.002754 0.008251 -0.004585
v 0.002681 0.008427 -0.003422
v 0.002773 0.008436 -0.001933
v 0.003222 0.006450 0.001584
v 0.003681 0.006411 0.001661
v 0.003714 0.006302 0.003701
v 0.003546 0.006146 0.006730
v 0.003255 0.006018 0.009216
v 0.002892 0.005881 0.011562
v 0.002316 0.006072 0.011562
v 0.002273 0.006090 0.012120
v 0.001995 0.006133 0.012120
v 0.001969 0.006124 0.011562
v 0.001813 0.006142 0.011026
v 0.001573 0.006127 0.011026
v -0.001573 0.006127 0.011026
v -0.001813 0.006142 0.011026
v -0.001969 0.006124 0.011562
v -0.001995 0.006133 0.012120
v -0.002273 0.006090 0.012120
v -0.002316 0.006072 0.011562
v -0.002892 0.005881 0.011562
v -0.003255 0.006018 0.009216
v -0.003546 0.006146 0.006730
v -0.003714 0.006302 0.003701
v -0.003681 0.006411 0.001661
v -0.003222 0.006450 0.001584
v -0.002364 0.003432 -0.001933
v -0.002296 0.004228 -0.003422
v -0.002310 0.004231 -0.004490
v -0.002340 0.004236 -0.006767
v -0.002364 0.004240 -0.008644
v -0.002753 0.004299 -0.011693
v -0.003149 0.004601 -0.013760
v -0.002837 0.004572 -0.013123
v 0.002837 0.004572 -0.013123
v 0.003149 0.004601 -0.013760
v 0.002753 0.004299 -0.011693
v 0.002364 0.004240 -0.008644
v 0.002340 0.004236 -0.006767
v 0.002310 0.004231 -0.004490
v 0.002296 0.004228 -0.003422
v 0.002364 0.003432 -0.001933
v 0.002364 0.003544 0.002668
v 0.002850 0.003374 0.002746
v 0.002860 0.003389 0.003701
v 0.002725 0.003429 0.006730
v 0.002507 0.003431 0.009216
v 0.002239 0.003332 0.011562
v 0.001793 0.003981 0.011562
v 0.001750 0.004014 0.012120
v 0.001535 0.004305 0.012120
v 0.001524 0.004320 0.011562
v 0.001403 0.004460 0.011026
v 0.001218 0.004431 0.011026
v -0.001218 0.004431 0.011026
v -0.001403 0.004460 0.011026
v -0.001524 0.004320 0.011562
v -0.001535 0.004305 0.012120
v -0.001750 0.004014 0.012120
v -0.001793 0.003981 0.011562
v -0.002239 0.003332 0.011562
v -0.002507 0.003431 0.009216
v -0.002725 0.003429 0.006730
v -0.002860 0.003389 0.003701
v -0.002850 0.003374 0.002746
v -0.002364 0.003544 0.002668
v -0.003149 0.004615 -0.016196
v -0.002837 0.004601 -0.016196
v -0.002625 0.003896 -0.014922
v -0.002905 0.003922 -0.014922
v -0.002475 0.005962 -0.018748
v -0.002475 0.007540 -0.021034
v -0.002851 0.005973 -0.018748
v -0.002851 0.007535 -0.020936
v -0.002837 0.007941 -0.021020
v -0.002423 0.007951 -0.021251
v -0.002428 0.008857 -0.021823
v -0.002108 0.008892 -0.021901
v 0.002108 0.008892 -0.021901
v 0.002423 0.007951 -0.021251
v 0.002428 0.008857 -0.021823
v 0.002837 0.007941 -0.021020
v 0.002475 0.007540 -0.021034
v 0.002851 0.007535 -0.020936
v 0.002475 0.005962 -0.018748
v 0.002851 0.005973 -0.018748
v 0.002837 0.004601 -0.016196
v 0.002625 0.003896 -0.014922
v 0.003149 0.004615 -0.016196
v 0.002905 0.003922 -0.014922
v -0.002155 0.009239 -0.021839
v -0.001870 0.009279 -0.021901
v 0.001870 0.009279 -0.021901
v 0.002155 0.009239 -0.021839
v 0.000000 0.013083 0.001875
v 0.000000 0.013408 0.001953
v -0.000000 0.013361 0.003701
v 0.000000 0.012735 0.006730
v 0.000000 0.012079 0.009216
v 0.000000 0.011285 0.011562
v 0.000000 0.010425 0.011562
v 0.000000 0.010323 0.012120
v 0.000000 0.009852 0.012120
v 0.000000 0.009836 0.011562
v 0.000000 0.009571 0.011026
v 0.000000 0.008776 0.011026
v 0.000000 0.007857 0.011026
v 0.000000 0.007058 0.011026
v 0.000000 0.006267 0.011026
v 0.000000 0.006066 0.011026
v 0.000000 0.005550 0.011026
v 0.000000 0.004835 0.011026
v 0.000000 0.004329 0.011026
v 0.000000 0.004076 0.011026
v 0.000000 0.003418 0.011026
v 0.000000 0.003153 0.011562
v 0.000000 0.003130 0.012120
v 0.000000 0.002658 0.012120
v 0.000000 0.002564 0.011562
v 0.000000 0.001468 0.011562
v 0.000000 0.001193 0.009216
v 0.000000 0.001004 0.006730
v 0.000000 0.000872 0.004646
v 0.000000 0.000914 0.003894
v 0.000000 0.001240 0.003817
v 0.000000 0.001240 -0.000376
v 0.000000 0.002506 -0.001933
v 0.000000 0.003409 -0.003422
v 0.000000 0.003409 -0.004490
v 0.000000 0.003409 -0.006767
v 0.000000 0.003409 -0.008644
v -0.000000 0.003409 -0.011693
v -0.000000 0.003409 -0.013123
v 0.000000 0.004200 -0.013123
v 0.000000 0.005785 -0.016312
v 0.000000 0.007599 -0.018387
v 0.000000 0.008072 -0.018387
v 0.000000 0.009064 -0.018387
v 0.000000 0.009064 -0.021901
v 0.000000 0.009452 -0.021901
v 0.000000 0.009452 -0.018387
v 0.000000 0.009965 -0.018387
v 0.000000 0.009965 -0.016312
v 0.000000 0.009922 -0.015399
v 0.000000 0.009922 -0.011693
v 0.000000 0.009887 -0.011427
v 0.000000 0.009629 -0.011615
v 0.000000 0.009629 -0.014283
v 0.000000 0.007039 -0.014283
v 0.000000 0.007039 -0.011615
v 0.000000 0.007039 -0.009143
v 0.000000 0.006609 -0.007139
v 0.000000 0.006212 -0.004710
v 0.000000 0.006026 -0.003570
v 0.000000 0.006937 -0.002156
v 0.000000 0.006937 -0.001814
v 0.000000 0.006937 -0.001331
v 0.000000 0.009887 -0.001331
v 0.000000 0.009922 -0.001065
v 0.000000 0.011552 -0.000712
v 0.000000 0.013083 -0.000376
v 0.000796 0.013259 0.003701
v 0.000803 0.013304 0.001953
v 0.000762 0.012993 0.001875
v 0.000762 0.012993 -0.000376
v 0.001081 0.011424 -0.000712
v 0.001058 0.009844 -0.001065
v 0.001006 0.009817 -0.001331
v 0.001006 0.006942 -0.001331
v 0.001096 0.006943 -0.001814
v 0.001109 0.006943 -0.002156
v 0.001109 0.006060 -0.003570
v 0.001081 0.006239 -0.004710
v 0.001023 0.006623 -0.007139
v 0.000974 0.007039 -0.009143
v 0.000733 0.007039 -0.011615
v 0.000733 0.007039 -0.014283
v 0.000733 0.009595 -0.014283
v 0.000733 0.009595 -0.011615
v 0.000888 0.009832 -0.011427
v 0.000935 0.009860 -0.011693
v 0.000935 0.009860 -0.015399
v 0.000935 0.009902 -0.016312
v 0.000935 0.009902 -0.018387
v 0.000935 0.009401 -0.018387
v 0.000935 0.009401 -0.021901
v 0.001054 0.009011 -0.021901
v 0.001054 0.009011 -0.018387
v 0.001357 0.008031 -0.018387
v 0.001237 0.007582 -0.018387
v 0.001237 0.005836 -0.016312
v 0.001418 0.004340 -0.013123
v 0.001313 0.003564 -0.013123
v 0.001160 0.003533 -0.011693
v 0.000920 0.003490 -0.008644
v 0.000920 0.003490 -0.006767
v 0.000920 0.003490 -0.004490
v 0.000920 0.003490 -0.003422
v 0.000920 0.002606 -0.001933
v 0.000534 0.001284 -0.000376
v 0.000534 0.001284 0.003817
v 0.000564 0.000967 0.003894
v 0.000550 0.000922 0.004646
v 0.000517 0.001048 0.006730
v 0.000482 0.001230 0.009216
v 0.000443 0.001497 0.011562
v 0.000355 0.002580 0.011562
v 0.000333 0.002672 0.012120
v 0.000291 0.003139 0.012120
v 0.000301 0.003163 0.011562
v 0.000278 0.003426 0.011026
v 0.000562 0.004101 0.011026
v 0.000609 0.004356 0.011026
v 0.000704 0.004865 0.011026
v 0.000772 0.005575 0.011026
v 0.000787 0.006083 0.011026
v 0.000792 0.006281 0.011026
v 0.000727 0.007059 0.011026
v 0.000666 0.007849 0.011026
v 0.000570 0.008762 0.011026
v 0.000396 0.009561 0.011026
v 0.000430 0.009822 0.011562
v 0.000401 0.009840 0.012120
v 0.000461 0.010305 0.012120
v 0.000505 0.010402 0.011562
v 0.000631 0.011242 0.011562
v 0.000698 0.012017 0.009216
v 0.000754 0.012653 0.006730
v -0.000762 0.012993 0.001875
v -0.000803 0.013304 0.001953
v -0.000796 0.013259 0.003701
v -0.000754 0.012653 0.006730
v -0.000698 0.012017 0.009216
v -0.000631 0.011242 0.011562
v -0.000505 0.010402 0.011562
v -0.000461 0.010305 0.012120
v -0.000401 0.009840 0.012120
v -0.000430 0.009822 0.011562
v -0.000396 0.009561 0.011026
v -0.000570 0.008762 0.011026
v -0.000666 0.007849 0.011026
v -0.000727 0.007059 0.011026
v -0.000792 0.006281 0.011026
v -0.000787 0.006083 0.011026
v -0.000772 0.005575 0.011026
v -0.000704 0.004865 0.011026
v -0.000609 0.004356 0.011026
v -0.000562 0.004101 0.011026
v -0.000278 0.003426 0.011026
v -0.000301 0.003163 0.011562
v -0.000291 0.003139 0.012120
v -0.000333 0.002672 0.012120
v -0.000355 0.002580 0.011562
v -0.000443 0.001497 0.011562
v -0.000482 0.001230 0.009216
v -0.000517 0.001048 0.006730
v -0.000550 0.000922 0.004646
v -0.000564 0.000967 0.003894
v -0.000534 0.001284 0.003817
v -0.000534 0.001284 -0.000376
v -0.000920 0.002606 -0.001933
v -0.000920 0.003490 -0.003422
v -0.000920 0.003490 -0.004490
v -0.000920 0.003490 -0.006767
v -0.000920 0.003490 -0.008644
v -0.001160 0.003533 -0.011693
v -0.001313 0.003564 -0.013123
v -0.001418 0.004340 -0.013123
v -0.001237 0.005836 -0.016312
v -0.001237 0.007582 -0.018387
v -0.001357 0.008031 -0.018387
v -0.001054 0.009011 -0.018387
v -0.001054 0.009011 -0.021901
v -0.000935 0.009401 -0.021901
v -0.000935 0.009401 -0.018387
v -0.000935 0.009902 -0.018387
v -0.000935 0.009902 -0.016312
v -0.000935 0.009860 -0.015399
v -0.000935 0.009860 -0.011693
v -0.000888 0.009832 -0.011427
v -0.000733 0.009595 -0.011615
v -0.000733 0.009595 -0.014283
v -0.000733 0.007039 -0.014283
v -0.000733 0.007039 -0.011615
v -0.000974 0.007039 -0.009143
v -0.001023 0.006623 -0.007139
v -0.001081 0.006239 -0.004710
v -0.001109 0.006060 -0.003570
v -0.001109 0.006943 -0.002156
v -0.001096 0.006943 -0.001814
v -0.001006 0.006942 -0.001331
v -0.001006 0.009817 -0.001331
v -0.001058 0.009844 -0.001065
v -0.001081 0.011424 -0.000712
v -0.000762 0.012993 -0.000376
v -0.003352 0.005074 0.009736
v -0.003132 0.004273 0.009736
v -0.002888 0.004202 0.011534
v -0.003080 0.004992 0.011534
v 0.003132 0.004273 0.009736
v 0.003352 0.005074 0.009736
v 0.003080 0.004992 0.011534
v 0.002888 0.004202 0.011534
v 0.003170 0.007623 0.009740
v 0.002975 0.008519 0.009740
v 0.002746 0.008335 0.011538
v 0.002916 0.007465 0.011538
v -0.002975 0.008519 0.009740
v -0.003170 0.007623 0.009740
v -0.002916 0.007465 0.011538
v -0.002746 0.008335 0.011538
v -0.003355 0.004990 0.009891
v -0.003172 0.004322 0.009891
v -0.002969 0.004263 0.011389
v -0.003128 0.004922 0.011389
v 0.003172 0.004322 0.009891
v 0.003355 0.004990 0.009891
v 0.003128 0.004922 0.011389
v 0.002969 0.004263 0.011389
v 0.003177 0.007692 0.009896
v 0.003014 0.008439 0.009896
v 0.002824 0.008285 0.011394
v 0.002966 0.007561 0.011394
v -0.003014 0.008439 0.009896
v -0.003177 0.007692 0.009896
v -0.002966 0.007561 0.011394
v -0.002824 0.008285 0.011394
v -0.001777 0.007066 -0.010583
v -0.001777 0.007066 -0.010583
v -0.001777 0.007066 -0.010583
v -0.001777 0.007066 -0.010583
v 0.001777 0.007066 -0.010583
v 0.001777 0.007066 -0.010583
v 0.001777 0.007066 -0.010583
v 0.001777 0.007066 -0.010583
v 0.000000 0.007039 -0.010583
v 0.000000 0.007039 -0.010583
v 0.000000 0.007039 -0.010583
v 0.000000 0.007039 -0.010583
v 0.000888 0.007039 -0.010583
v 0.000888 0.007039 -0.010583
v 0.000888 0.007039 -0.010583
v 0.000888 0.007039 -0.010583
v -0.000888 0.007039 -0.010583
v -0.000888 0.007039 -0.010583
v -0.000888 0.007039 -0.010583
v -0.000888 0.007039 -0.010583
v -0.001777 0.007066 -0.010583
v -0.000888 0.007039 -0.010583
v -0.000897 0.006941 -0.011427
v -0.001785 0.006951 -0.011427
v 0.000000 0.007039 -0.010583
v 0.000888 0.007039 -0.010583
v 0.000897 0.006941 -0.011427
v 0.000000 0.006937 -0.011427
v 0.000888 0.007039 -0.010583
v 0.001777 0.007066 -0.010583
v 0.001785 0.006951 -0.011427
v 0.000897 0.006941 -0.011427
v -0.000888 0.007039 -0.010583
v -0.000000 0.007039 -0.010583
v -0.000000 0.006937 -0.011427
v -0.000897 0.006941 -0.011427
vn -0.0000 -0.0000 1.0000
vn -0.0000 1.0000 -0.0000
vn 0.2052 0.9787 -0.0000
vn -0.0000 0.2149 -0.9766
vn -0.0000 0.2143 -0.9768
vn 0.0394 0.2192 -0.9749
vn 0.0346 0.2198 -0.9749
vn -0.0000 -1.0000 -0.0000
vn 0.1556 -0.9878 -0.0000
vn 0.9703 0.2222 -0.0955
vn 0.9648 0.2459 -0.0929
vn 0.9613 0.2695 -0.0565
vn 0.9556 0.2905 -0.0487
vn -0.9648 0.2459 -0.0929
vn -0.9703 0.2222 -0.0955
vn -0.9556 0.2905 -0.0487
vn -0.9613 0.2695 -0.0565
vn -0.0000 -0.0000 -1.0000
vn 0.8961 -0.4405 -0.0546
vn 0.8930 -0.4499 0.0086
vn 0.8723 -0.4890 0.0069
vn 0.8836 -0.4682 -0.0105
vn -0.8930 -0.4499 0.0086
vn -0.8961 -0.4405 -0.0546
vn -0.8835 -0.4682 -0.0105
vn -0.8723 -0.4890 0.0069
vn 0.9963 -0.0360 -0.0783
vn 0.9963 -0.0781 -0.0355
vn 0.9306 -0.3659 0.0005
vn 0.9414 -0.3312 -0.0633
vn -0.9963 -0.0780 -0.0352
vn -0.9963 -0.0361 -0.0783
vn -0.9414 -0.3312 -0.0633
vn -0.9306 -0.3659 0.0005
vn 0.9784 0.1771 -0.1065
vn 0.9831 0.1457 -0.1108
vn -0.0000 1.0000 0.0003
vn -0.0000 1.0000 0.0004
vn -0.0082 1.0000 0.0002
vn -0.0089 1.0000 0.0001
vn -0.9831 0.1457 -0.1108
vn -0.9784 0.1771 -0.1065
vn -0.0000 0.2139 -0.9769
vn 0.0382 0.2171 -0.9754
vn 0.9099 0.4149 -0.0005
vn -0.9099 0.4149 -0.0005
vn 0.9913 0.0558 -0.1194
vn 0.9944 0.0616 -0.0859
vn -0.0000 1.0000 0.0001
vn -0.0089 1.0000 -0.0000
vn -0.9944 0.0616 -0.0859
vn -0.9913 0.0558 -0.1194
vn 0.9941 0.0472 -0.0972
vn 0.9966 0.0443 -0.0690
vn -0.9966 0.0443 -0.0690
vn -0.9941 0.0472 -0.0972
vn -0.8656 -0.5007 0.0063
vn 0.8656 -0.5007 0.0063
vn -0.0000 -0.7739 -0.6333
vn -0.0000 -0.8179 -0.5754
vn 0.1421 -0.8150 -0.5618
vn 0.1237 -0.7719 -0.6236
vn 0.3700 0.0922 -0.9244
vn 0.2816 0.1600 -0.9461
vn 0.1938 0.2139 -0.9574
vn 0.3637 0.1007 -0.9261
vn -0.2816 0.1600 -0.9461
vn -0.3700 0.0921 -0.9244
vn -0.3637 0.1007 -0.9261
vn -0.1938 0.2139 -0.9574
vn -0.0101 -0.4081 -0.9129
vn -0.0106 -0.4067 -0.9135
vn 0.0728 -0.4282 -0.9007
vn 0.0640 -0.4241 -0.9034
vn -0.0728 -0.4282 -0.9007
vn 0.0106 -0.4067 -0.9135
vn 0.0101 -0.4081 -0.9129
vn -0.0640 -0.4241 -0.9034
vn -0.0865 -0.3172 -0.9444
vn -0.0322 -0.4061 -0.9132
vn -0.0312 -0.4067 -0.9130
vn -0.0838 -0.3235 -0.9425
vn 0.0321 -0.4062 -0.9132
vn 0.0865 -0.3172 -0.9444
vn 0.0838 -0.3235 -0.9425
vn 0.0312 -0.4067 -0.9130
vn 0.2885 0.0469 -0.9563
vn 0.2976 0.0498 -0.9534
vn -0.2885 0.0469 -0.9563
vn -0.2976 0.0498 -0.9534
vn 0.1306 0.2476 -0.9600
vn 0.1233 0.2472 -0.9611
vn -0.0792 0.2408 -0.9673
vn -0.0795 0.2409 -0.9673
vn -0.1306 0.2476 -0.9600
vn -0.1233 0.2472 -0.9611
vn 0.2170 -0.0324 -0.9756
vn 0.2133 -0.0427 -0.9760
vn -0.2170 -0.0324 -0.9756
vn -0.2133 -0.0427 -0.9760
vn -0.1375 -0.2052 -0.9690
vn -0.1377 -0.2052 -0.9690
vn 0.1378 -0.2052 -0.9690
vn 0.1375 -0.2052 -0.9690
vn 0.0962 -0.4348 -0.8954
vn 0.0828 -0.4204 -0.9035
vn -0.0000 -0.2334 -0.9724
vn 0.0398 -0.2348 -0.9712
vn 0.0381 -0.2347 -0.9713
vn -0.0962 -0.4348 -0.8954
vn -0.0828 -0.4204 -0.9035
vn 0.9614 0.2539 0.1064
vn 0.9307 0.3385 0.1384
vn 0.9296 0.3361 0.1510
vn 0.9547 0.2629 0.1396
vn -0.9307 0.3385 0.1384
vn -0.9614 0.2539 0.1064
vn -0.9547 0.2629 0.1396
vn -0.9296 0.3361 0.1510
vn -0.9055 -0.4143 0.0915
vn -0.8977 -0.4321 0.0862
vn -0.8215 -0.5654 0.0731
vn -0.8170 -0.5711 0.0799
vn 0.8215 -0.5654 0.0731
vn 0.8977 -0.4321 0.0862
vn 0.9055 -0.4143 0.0915
vn 0.8170 -0.5711 0.0799
vn -0.9639 -0.2513 0.0883
vn -0.9635 -0.2509 0.0934
vn -0.9553 -0.2451 0.1652
vn -0.9560 -0.2455 0.1605
vn 0.9635 -0.2509 0.0934
vn 0.9639 -0.2513 0.0883
vn 0.9560 -0.2455 0.1605
vn 0.9553 -0.2451 0.1652
vn 0.9726 0.2028 0.1141
vn 0.9730 0.2031 0.1098
vn 0.9631 0.1984 0.1819
vn 0.9623 0.1981 0.1862
vn -0.9730 0.2031 0.1098
vn -0.9726 0.2028 0.1141
vn -0.9623 0.1981 0.1862
vn -0.9631 0.1984 0.1819
vn 0.9111 0.3868 0.1425
vn 0.9013 0.4023 0.1608
vn 0.1378 0.9399 0.3124
vn 0.1562 0.9481 0.2769
vn -0.0000 0.9591 0.2830
vn -0.0000 0.9480 0.3182
vn -0.9111 0.3868 0.1425
vn -0.9013 0.4023 0.1608
vn 0.9758 0.1686 0.1393
vn 0.9684 0.2247 0.1083
vn 0.9619 0.2220 0.1598
vn 0.9743 0.1602 0.1586
vn -0.9684 0.2247 0.1083
vn -0.9756 0.1686 0.1405
vn -0.9743 0.1602 0.1586
vn -0.9619 0.2220 0.1598
vn -0.9860 -0.0784 0.1473
vn -0.9884 -0.0812 0.1281
vn -0.9817 -0.1702 0.0860
vn -0.9860 -0.0784 0.1469
vn 0.9817 -0.1702 0.0860
vn 0.9884 -0.0813 0.1280
vn 0.9859 -0.0785 0.1476
vn 0.9860 -0.0784 0.1469
vn -0.7957 -0.6015 0.0710
vn -0.7901 -0.6080 0.0782
vn -0.0000 -0.9933 0.1153
vn -0.0000 -0.9956 0.0938
vn 0.1432 -0.9854 0.0923
vn 0.1349 -0.9843 0.1137
vn 0.7957 -0.6015 0.0710
vn 0.7901 -0.6080 0.0782
vn 0.0121 0.0024 0.9999
vn -0.0121 0.0024 0.9999
vn -0.0164 -0.0040 0.9999
vn -0.0144 -0.0035 0.9999
vn 0.0145 -0.0035 0.9999
vn 0.0164 -0.0040 0.9999
vn -0.9630 -0.2170 0.1597
vn -0.9225 -0.3545 0.1529
vn -0.9025 -0.3169 0.2918
vn -0.9406 -0.2058 0.2701
vn 0.9225 -0.3545 0.1529
vn 0.9630 -0.2170 0.1597
vn 0.9406 -0.2058 0.2701
vn 0.9025 -0.3168 0.2918
vn 0.8784 0.3746 0.2967
vn 0.9079 0.3876 0.1595
vn 0.7835 0.5933 0.1850
vn 0.7576 0.5592 0.3367
vn -0.7835 0.5933 0.1850
vn -0.9079 0.3876 0.1595
vn -0.8784 0.3746 0.2967
vn -0.7576 0.5592 0.3367
vn 0.9731 0.1629 0.1631
vn 0.9395 0.3018 0.1622
vn 0.9139 0.2822 0.2919
vn 0.9463 0.1532 0.2846
vn -0.9395 0.3018 0.1622
vn -0.9731 0.1629 0.1631
vn -0.9463 0.1532 0.2846
vn -0.9139 0.2822 0.2919
vn -0.9680 -0.1910 0.1626
vn -0.9445 -0.1864 0.2704
vn 0.9680 -0.1910 0.1627
vn 0.9445 -0.1864 0.2704
vn -0.8822 -0.4548 0.1218
vn -0.8526 -0.4176 0.3141
vn -0.0486 -0.8967 0.4400
vn -0.0552 -0.9678 0.2455
vn -0.0000 -0.9690 0.2469
vn -0.0000 -0.8970 0.4419
vn 0.8822 -0.4548 0.1218
vn 0.8526 -0.4176 0.3141
vn -0.9761 -0.1447 0.1621
vn -0.9502 -0.1453 0.2755
vn 0.9761 -0.1447 0.1621
vn 0.9502 -0.1453 0.2758
vn 0.9572 0.0685 0.2812
vn 0.9842 0.0690 0.1629
vn -0.9842 0.0690 0.1630
vn -0.9572 0.0685 0.2812
vn 0.7441 0.6467 0.1673
vn 0.7096 0.6134 0.3467
vn -0.0000 0.8968 0.4425
vn -0.0000 0.9679 0.2514
vn -0.0590 0.9663 0.2505
vn -0.0526 0.8959 0.4411
vn -0.7441 0.6467 0.1673
vn -0.7096 0.6134 0.3467
vn 0.9725 0.2226 0.0681
vn 0.9249 0.3615 0.1180
vn 0.9274 0.3556 0.1157
vn 0.9728 0.2214 0.0678
vn -0.9737 -0.2217 0.0517
vn -0.9304 -0.3663 0.0133
vn -0.9249 0.3615 0.1180
vn -0.9725 0.2226 0.0681
vn -0.9728 0.2214 0.0678
vn -0.9274 0.3556 0.1157
vn 0.9304 -0.3664 0.0132
vn 0.9737 -0.2217 0.0517
vn -0.9169 -0.3874 0.0961
vn -0.9170 -0.3872 0.0960
vn -0.7945 -0.5942 0.1257
vn -0.7958 -0.5924 0.1254
vn 0.9191 0.3928 0.0317
vn 0.7956 0.6052 0.0274
vn 0.7945 -0.5942 0.1257
vn 0.9170 -0.3872 0.0960
vn 0.9169 -0.3874 0.0961
vn 0.7958 -0.5924 0.1254
vn -0.9190 0.3929 0.0317
vn -0.7956 0.6052 0.0274
vn -0.9823 -0.1686 0.0816
vn -0.9470 -0.3080 0.0907
vn -0.9491 -0.3018 0.0902
vn -0.9830 -0.1646 0.0814
vn 0.9855 0.1636 0.0452
vn 0.9519 0.3042 0.0378
vn 0.9470 -0.3080 0.0907
vn 0.9823 -0.1686 0.0816
vn 0.9830 -0.1646 0.0814
vn 0.9491 -0.3018 0.0902
vn -0.9519 0.3042 0.0378
vn -0.9855 0.1636 0.0452
vn 0.9785 0.1967 0.0624
vn 0.9785 0.1968 0.0624
vn -0.9794 -0.1937 0.0573
vn -0.9785 0.1967 0.0624
vn -0.9784 0.1971 0.0625
vn 0.9794 -0.1937 0.0573
vn 0.8735 0.4608 0.1570
vn -0.8823 -0.4704 -0.0178
vn 0.0764 0.9816 0.1750
vn 0.0797 0.9813 0.1749
vn -0.0000 0.9843 0.1763
vn -0.0000 -0.9995 0.0303
vn -0.0567 -0.9979 0.0301
vn -0.8735 0.4608 0.1570
vn 0.8823 -0.4704 -0.0178
vn 0.9867 0.1477 0.0679
vn 0.9862 0.1510 0.0677
vn -0.9876 -0.1472 0.0543
vn -0.9867 0.1477 0.0679
vn -0.9862 0.1510 0.0677
vn 0.9876 -0.1472 0.0543
vn -0.9945 -0.0703 0.0773
vn -0.9945 -0.0703 0.0772
vn 0.9965 0.0687 0.0473
vn 0.9945 -0.0703 0.0772
vn -0.9965 0.0686 0.0474
vn -0.7502 -0.6478 0.1328
vn 0.7533 0.6572 0.0257
vn -0.0000 -0.9863 0.1647
vn 0.0805 -0.9832 0.1637
vn 0.0793 -0.9833 0.1638
vn -0.0616 0.9972 0.0428
vn -0.0000 0.9991 0.0430
vn 0.7502 -0.6478 0.1328
vn -0.7533 0.6572 0.0257
vn -0.9665 0.2507 0.0546
vn -0.9741 0.2221 0.0436
vn -0.9696 0.2261 0.0934
vn -0.9624 0.2540 0.0962
vn -0.9844 0.1718 0.0383
vn -0.9806 0.1735 0.0913
vn -0.9935 -0.0839 0.0768
vn -0.9963 -0.0831 0.0214
vn -0.9820 -0.1874 0.0217
vn -0.9785 -0.1933 0.0724
vn -0.9363 -0.3504 0.0241
vn -0.9313 -0.3582 0.0657
vn -0.8894 -0.4530 0.0607
vn -0.8904 -0.4540 0.0309
vn -0.8289 -0.5582 0.0367
vn -0.8254 -0.5615 0.0585
vn -0.8024 -0.5951 0.0450
vn -0.8019 -0.5946 0.0582
vn -0.0000 -0.9976 0.0690
vn -0.0000 -0.9996 0.0298
vn 0.1651 -0.9858 0.0294
vn 0.1563 -0.9854 0.0678
vn 0.8024 -0.5951 0.0450
vn 0.8289 -0.5582 0.0367
vn 0.8254 -0.5615 0.0585
vn 0.8019 -0.5946 0.0582
vn 0.8904 -0.4540 0.0309
vn 0.8894 -0.4530 0.0607
vn 0.9363 -0.3504 0.0241
vn 0.9821 -0.1874 0.0216
vn 0.9785 -0.1933 0.0724
vn 0.9313 -0.3582 0.0657
vn 0.9963 -0.0831 0.0214
vn 0.9935 -0.0839 0.0768
vn 0.9844 0.1718 0.0383
vn 0.9741 0.2221 0.0436
vn 0.9696 0.2261 0.0934
vn 0.9806 0.1735 0.0917
vn 0.9665 0.2507 0.0546
vn 0.9624 0.2540 0.0962
vn 0.9386 0.3378 0.0703
vn 0.9352 0.3378 0.1062
vn 0.9213 0.3815 0.0747
vn 0.9205 0.3752 0.1093
vn 0.1900 0.9577 0.2163
vn 0.2099 0.9688 0.1315
vn -0.0000 0.9907 0.1359
vn -0.0000 0.9749 0.2227
vn -0.9213 0.3815 0.0747
vn -0.9386 0.3378 0.0703
vn -0.9352 0.3378 0.1062
vn -0.9205 0.3752 0.1093
vn -0.9691 0.2453 0.0249
vn -0.9765 0.2154 0.0075
vn -0.9844 0.1762 -0.0008
vn -0.9964 -0.0818 -0.0203
vn -0.9869 -0.1599 -0.0210
vn -0.9499 -0.3119 -0.0197
vn -0.8933 -0.4494 -0.0087
vn -0.8336 -0.5524 0.0048
vn -0.7940 -0.6079 0.0055
vn -0.0000 -0.9984 -0.0566
vn 0.1714 -0.9837 -0.0552
vn 0.7940 -0.6079 0.0055
vn 0.8336 -0.5524 0.0048
vn 0.8933 -0.4494 -0.0087
vn 0.9499 -0.3119 -0.0197
vn 0.9869 -0.1599 -0.0210
vn 0.9964 -0.0818 -0.0203
vn 0.9844 0.1762 -0.0008
vn 0.9765 0.2154 0.0075
vn 0.9691 0.2453 0.0249
vn 0.9394 0.3405 0.0397
vn 0.9186 0.3927 0.0436
vn 0.2220 0.9747 0.0258
vn -0.0000 0.9996 0.0268
vn -0.9186 0.3927 0.0436
vn -0.9394 0.3405 0.0397
vn 0.9262 -0.3716 0.0646
vn -0.9262 -0.3716 0.0646
vn 0.9100 -0.3810 -0.1633
vn 0.9160 -0.3728 -0.1484
vn 0.1502 -0.9344 -0.3229
vn -0.0000 -0.8573 -0.5148
vn -0.9100 -0.3810 -0.1632
vn -0.9160 -0.3728 -0.1484
vn 0.9482 -0.2806 -0.1487
vn 0.9973 -0.0026 -0.0735
vn -0.9973 -0.0026 -0.0735
vn -0.9482 -0.2806 -0.1487
vn -0.0000 0.8444 -0.5356
vn -0.0243 0.8501 -0.5260
vn -0.0241 0.8500 -0.5262
vn 0.9986 0.0358 -0.0400
vn -0.9986 0.0358 -0.0400
vn 0.9849 -0.1416 0.0997
vn 0.9231 -0.3805 0.0564
vn 0.9132 -0.4007 0.0739
vn 0.9417 -0.2996 0.1530
vn 0.1582 -0.9874 -0.0010
vn 0.1501 -0.9887 -0.0008
vn -0.0000 -1.0000 -0.0021
vn -0.0000 -1.0000 -0.0040
vn -0.9132 -0.4007 0.0739
vn -0.9231 -0.3805 0.0564
vn -0.9849 -0.1416 0.0997
vn -0.9417 -0.2996 0.1530
vn 0.9999 -0.0107 -0.0032
vn 0.9215 -0.3863 0.0397
vn 0.9739 -0.2249 0.0310
vn 0.8590 -0.5092 -0.0528
vn -0.9215 -0.3863 0.0397
vn -0.9999 -0.0107 -0.0032
vn -0.8590 -0.5092 -0.0528
vn -0.9739 -0.2249 0.0310
vn -0.0000 0.9921 0.1253
vn -0.0167 0.9920 0.1249
vn 0.9894 0.1450 0.0045
vn 0.9952 0.0890 -0.0397
vn 0.9888 0.1487 0.0091
vn -0.9952 0.0890 -0.0397
vn -0.9894 0.1450 0.0045
vn -0.9888 0.1487 0.0091
vn 0.9986 0.0159 0.0512
vn 0.9741 -0.1634 0.1564
vn 0.1662 -0.9861 -0.0003
vn -0.0000 -1.0000 -0.0048
vn -0.9986 0.0159 0.0512
vn -0.9741 -0.1634 0.1564
vn 0.9993 -0.0172 -0.0330
vn 0.9998 0.0203 0.0050
vn -0.9998 0.0203 0.0050
vn -0.9993 -0.0172 -0.0330
vn -0.0000 0.9999 0.0142
vn -0.0000 1.0000 0.0092
vn 0.1111 0.9938 0.0090
vn 0.1122 0.9936 0.0139
vn 0.9848 0.1658 0.0507
vn -0.9848 0.1658 0.0507
vn 0.9982 -0.0408 -0.0445
vn 0.9727 0.2219 -0.0676
vn 0.0153 -0.7680 -0.6403
vn 0.0584 -0.8531 -0.5184
vn -0.0000 -0.8487 -0.5289
vn -0.0000 -0.7590 -0.6511
vn -0.9727 0.2219 -0.0676
vn -0.9982 -0.0408 -0.0445
vn 0.1123 0.9937 -0.0000
vn 0.9140 0.4026 -0.0496
vn -0.9140 0.4026 -0.0496
vn -0.0000 1.0000 0.0081
vn 0.1110 0.9938 0.0081
vn 0.9721 0.2347 -0.0005
vn 0.9487 0.3145 0.0325
vn 0.8983 0.4385 -0.0285
vn 0.8856 0.4645 0.0039
vn -0.9487 0.3145 0.0325
vn -0.9721 0.2347 -0.0005
vn -0.8856 0.4645 0.0039
vn -0.8983 0.4385 -0.0285
vn 0.8963 0.4377 -0.0709
vn 0.9170 0.3892 -0.0873
vn -0.8963 0.4377 -0.0709
vn -0.9170 0.3892 -0.0873
vn -0.9373 -0.3472 0.0298
vn -0.9979 -0.0236 0.0596
vn -0.9975 -0.0372 0.0595
vn -0.9211 -0.3882 0.0296
vn -0.9980 0.0114 0.0614
vn -0.9980 0.0111 0.0615
vn -0.0000 0.9837 0.1799
vn -0.0000 0.9873 0.1588
vn -0.0351 0.9872 0.1553
vn -0.0251 0.9839 0.1772
vn 0.9980 0.0111 0.0615
vn 0.9980 0.0114 0.0614
vn 0.9979 -0.0236 0.0596
vn 0.9975 -0.0372 0.0595
vn 0.9373 -0.3472 0.0298
vn 0.9211 -0.3882 0.0296
vn 0.9098 -0.4146 0.0167
vn 0.9228 -0.3849 0.0167
vn 0.9266 -0.3761 0.0056
vn 0.9146 -0.4044 0.0055
vn 0.1467 -0.9892 -0.0000
vn -0.9266 -0.3761 0.0056
vn -0.9228 -0.3849 0.0167
vn -0.9098 -0.4146 0.0167
vn -0.9146 -0.4044 0.0055
vn -0.0000 0.9926 -0.1216
vn 0.1194 0.9853 -0.1219
vn 0.1094 0.9865 -0.1218
vn 0.0865 0.9929 -0.0812
vn 0.0103 0.9990 -0.0429
vn 0.0103 0.9990 -0.0435
vn 0.0627 0.9956 -0.0691
vn -0.0103 0.9990 -0.0429
vn -0.0865 0.9929 -0.0812
vn -0.0627 0.9956 -0.0691
vn -0.0103 0.9990 -0.0435
vn -0.0236 0.9988 -0.0420
vn -0.0435 0.9982 -0.0408
vn 0.0236 0.9988 -0.0420
vn 0.0435 0.9982 -0.0408
vn -0.0323 0.9956 -0.0883
vn -0.0119 0.9894 -0.1449
vn 0.0323 0.9956 -0.0883
vn 0.0119 0.9894 -0.1449
vn 0.4313 0.8447 0.3169
vn 0.2340 0.9688 0.0823
vn 0.4109 0.8604 0.3016
vn 0.1035 0.9870 0.1225
vn -0.0000 0.9924 0.1230
vn -0.2340 0.9688 0.0823
vn -0.4313 0.8447 0.3169
vn -0.4108 0.8604 0.3016
vn 0.0068 0.9800 -0.1989
vn 0.0074 0.9798 -0.1997
vn 0.0131 0.9804 -0.1966
vn 0.0111 0.9803 -0.1970
vn -0.0111 0.9803 -0.1970
vn -0.0131 0.9804 -0.1966
vn -0.0074 0.9798 -0.1997
vn -0.0068 0.9800 -0.1989
vn -0.9591 -0.0242 -0.2822
vn -0.9759 -0.0331 -0.2157
vn -0.9766 -0.0336 -0.2123
vn 0.9759 -0.0331 -0.2157
vn 0.9591 -0.0242 -0.2822
vn 0.9766 -0.0336 -0.2123
vn -0.9991 -0.0399 -0.0107
vn -0.9992 -0.0394 -0.0049
vn 0.9991 -0.0404 -0.0106
vn 0.9992 -0.0394 -0.0049
vn -0.9996 -0.0282 0.0050
vn -0.9997 -0.0253 0.0030
vn 0.9996 -0.0282 0.0050
vn 0.9997 -0.0254 0.0030
vn -0.9630 0.2167 0.1603
vn -0.9073 0.1463 0.3943
vn -0.9219 0.1689 0.3487
vn -0.9643 0.2185 0.1494
vn 0.9073 0.1463 0.3943
vn 0.9630 0.2167 0.1603
vn 0.9643 0.2185 0.1494
vn 0.9219 0.1689 0.3487
vn -0.9994 0.0339 -0.0060
vn -0.9995 0.0324 -0.0060
vn -0.9923 0.1234 -0.0084
vn -0.9920 0.1260 -0.0085
vn 0.9920 0.1260 -0.0085
vn 0.9923 0.1234 -0.0084
vn 0.9995 0.0324 -0.0060
vn 0.9994 0.0339 -0.0060
vn -0.0522 -0.6005 0.7979
vn -0.0650 -0.6017 0.7960
vn -0.0000 -0.5988 0.8009
vn 0.8577 0.0860 0.5069
vn -0.0173 0.9998 0.0011
vn -0.8577 0.0860 0.5069
vn -0.0850 -0.9964 -0.0000
vn 1.0000 -0.0000 -0.0000
vn -0.0184 0.9998 -0.0000
vn -1.0000 -0.0000 -0.0000
vn -0.0000 0.9873 0.1587
vn -0.0436 0.9870 0.1550
vn 0.0194 0.9805 -0.1955
vn -0.0194 0.9805 -0.1955
vn -0.3073 0.9432 0.1263
vn -0.3220 0.9464 0.0245
vn -0.3577 0.9335 0.0236
vn -0.3442 0.9309 0.1225
vn -0.2801 0.9371 0.2083
vn -0.3174 0.9265 0.2022
vn -0.2351 0.9340 0.2691
vn -0.2722 0.9257 0.2625
vn -0.2097 0.9292 0.3043
vn -0.2461 0.9225 0.2973
vn -0.1226 0.9772 0.1732
vn -0.1249 0.9769 0.1731
vn -0.1527 0.9733 0.1716
vn 0.1099 -0.9632 0.2452
vn 0.0882 -0.9655 0.2452
vn 0.0919 -0.9953 0.0296
vn 0.1163 -0.9928 0.0289
vn 0.0785 -0.8960 0.4370
vn 0.0994 -0.8954 0.4340
vn 0.1218 0.9607 0.2495
vn 0.0957 0.9635 0.2499
vn 0.0858 0.8943 0.4391
vn 0.1101 0.8927 0.4370
vn 0.1006 0.9940 0.0425
vn 0.1288 0.9908 0.0420
vn -0.1636 -0.9733 0.1612
vn -0.1298 -0.9782 0.1623
vn -0.1287 -0.9783 0.1624
vn -0.2758 -0.9571 0.0885
vn -0.2250 -0.9702 0.0903
vn -0.2129 -0.9707 0.1113
vn -0.2625 -0.9587 0.1093
vn -0.2961 -0.9530 0.0647
vn -0.2437 -0.9676 0.0661
vn -0.3091 -0.9506 0.0271
vn -0.2559 -0.9663 0.0282
vn -0.3155 -0.9475 -0.0513
vn -0.2633 -0.9633 -0.0532
vn -0.0623 -0.2367 -0.9696
vn -0.0616 -0.2366 -0.9696
vn -0.2931 -0.9561 -0.0000
vn -0.2420 -0.9703 -0.0000
vn -0.2201 -0.8257 -0.5195
vn -0.2037 -0.8177 -0.5384
vn -0.1962 -0.7692 -0.6081
vn -0.2240 -0.7697 -0.5978
vn -0.2121 -0.9283 -0.3053
vn -0.2255 -0.9293 -0.2926
vn -0.2087 -0.9780 -0.0000
vn -0.2215 -0.9752 -0.0000
vn -0.2094 -0.9778 0.0004
vn -0.2114 -0.9774 -0.0002
vn -0.2084 -0.9781 0.0015
vn -0.1920 -0.9814 -0.0002
vn -0.1844 -0.9828 -0.0051
vn -0.1654 -0.9862 -0.0039
vn -0.0403 -0.8802 -0.4728
vn -0.0409 -0.8802 -0.4728
vn -0.1139 -0.9733 -0.1991
vn -0.1087 -0.9675 -0.2283
vn -0.0818 -0.8157 -0.5727
vn -0.0586 -0.8482 -0.5264
vn -0.0573 -0.8499 -0.5238
vn -0.3349 -0.4161 -0.8454
vn -0.3206 -0.4677 -0.8237
vn -0.3628 -0.2965 -0.8834
vn -0.3081 -0.5088 -0.8039
vn -0.1682 0.9857 0.0130
vn -0.1596 0.9871 0.0134
vn -0.1600 0.9871 -0.0000
vn -0.1686 0.9857 -0.0000
vn -0.1664 0.9860 0.0084
vn -0.1579 0.9874 0.0087
vn -0.1576 0.9875 0.0071
vn -0.1537 0.9806 0.1213
vn 0.0852 -0.6044 0.7921
vn 0.0904 -0.6079 0.7888
vn 0.0983 -0.6133 0.7837
vn 0.1288 -0.9917 -0.0000
vn 0.1488 -0.9889 -0.0000
vn 0.3633 0.9309 0.0372
vn 0.1178 0.9930 0.0090
vn 0.1575 0.9875 -0.0000
vn 0.4902 0.8716 -0.0000
vn 0.0282 0.9920 0.1230
vn -0.2383 0.9675 0.0843
vn -0.0385 0.9925 0.1158
vn -0.3622 0.9309 -0.0473
vn -0.0449 0.9871 0.1537
vn 0.0164 0.9854 0.1694
vn 0.0457 0.9883 0.1454
vn 0.0475 0.9875 0.1503
vn 0.0550 0.9879 0.1448
vn 0.0583 0.9870 0.1497
vn 0.0280 0.9050 -0.4246
vn 0.0297 0.8999 -0.4350
vn 0.0327 0.8580 -0.5126
vn 0.0307 0.8659 -0.4992
vn 0.0112 0.9999 -0.0000
vn 0.0119 0.9999 -0.0001
vn 0.0115 0.9999 -0.0000
vn 0.0117 0.9999 -0.0001
vn -0.1570 0.9803 -0.1202
vn -0.1573 0.9801 -0.1212
vn -0.0532 0.2327 -0.9711
vn -0.0536 0.2260 -0.9726
vn -0.0473 0.2269 -0.9728
vn -0.0469 0.2340 -0.9711
vn -0.0672 0.2297 -0.9709
vn -0.0624 0.2237 -0.9727
vn 0.0536 0.2260 -0.9726
vn 0.0624 0.2237 -0.9727
vn 0.0672 0.2297 -0.9709
vn 0.0530 0.2327 -0.9711
vn 0.0473 0.2269 -0.9728
vn 0.0469 0.2340 -0.9711
vn 0.1573 0.9801 -0.1212
vn 0.1570 0.9802 -0.1202
vn -0.0119 0.9999 -0.0001
vn -0.0117 0.9999 -0.0001
vn -0.0115 0.9999 -0.0000
vn -0.0112 0.9999 -0.0000
vn -0.0297 0.8999 -0.4350
vn -0.0280 0.9050 -0.4246
vn -0.0327 0.8580 -0.5125
vn -0.0307 0.8659 -0.4992
vn -0.0475 0.9875 0.1503
vn -0.0583 0.9870 0.1497
vn -0.0550 0.9879 0.1448
vn -0.0456 0.9883 0.1454
vn -0.0164 0.9854 0.1694
vn 0.0449 0.9871 0.1537
vn 0.0385 0.9925 0.1158
vn 0.2383 0.9675 0.0843
vn 0.3622 0.9309 -0.0473
vn -0.1178 0.9930 0.0090
vn -0.0282 0.9920 0.1230
vn -0.3633 0.9309 0.0372
vn -0.1575 0.9875 -0.0000
vn -0.4902 0.8716 -0.0000
vn -0.1488 -0.9889 -0.0000
vn -0.1288 -0.9917 -0.0000
vn -0.0983 -0.6133 0.7837
vn -0.0904 -0.6079 0.7888
vn -0.0852 -0.6044 0.7921
vn 0.1576 0.9875 0.0071
vn 0.1537 0.9806 0.1213
vn 0.1579 0.9874 0.0087
vn 0.1664 0.9860 0.0084
vn 0.1596 0.9871 0.0134
vn 0.1682 0.9857 0.0130
vn 0.1600 0.9871 -0.0000
vn 0.1686 0.9857 -0.0000
vn 0.3206 -0.4677 -0.8237
vn 0.3081 -0.5088 -0.8039
vn 0.3349 -0.4161 -0.8454
vn 0.3628 -0.2965 -0.8834
vn 0.0572 -0.8500 -0.5237
vn 0.0585 -0.8482 -0.5264
vn 0.0818 -0.8157 -0.5727
vn 0.1139 -0.9733 -0.1991
vn 0.0409 -0.8802 -0.4728
vn 0.0403 -0.8802 -0.4728
vn 0.1087 -0.9675 -0.2283
vn 0.1920 -0.9814 -0.0002
vn 0.2084 -0.9781 0.0015
vn 0.1844 -0.9828 -0.0051
vn 0.1654 -0.9862 -0.0039
vn 0.2114 -0.9774 -0.0002
vn 0.2094 -0.9778 0.0004
vn 0.2215 -0.9752 -0.0000
vn 0.2087 -0.9780 -0.0000
vn 0.2255 -0.9293 -0.2926
vn 0.2121 -0.9283 -0.3053
vn 0.2201 -0.8257 -0.5194
vn 0.2037 -0.8177 -0.5384
vn 0.1962 -0.7692 -0.6081
vn 0.2240 -0.7697 -0.5978
vn 0.2420 -0.9703 -0.0000
vn 0.2931 -0.9561 -0.0000
vn 0.0616 -0.2366 -0.9696
vn 0.0623 -0.2367 -0.9696
vn 0.2559 -0.9663 0.0282
vn 0.2633 -0.9633 -0.0532
vn 0.3155 -0.9475 -0.0513
vn 0.3091 -0.9506 0.0271
vn 0.2437 -0.9676 0.0661
vn 0.2961 -0.9530 0.0647
vn 0.2250 -0.9702 0.0903
vn 0.2757 -0.9571 0.0885
vn 0.2129 -0.9707 0.1113
vn 0.2625 -0.9587 0.1093
vn 0.1287 -0.9783 0.1624
vn 0.1298 -0.9782 0.1623
vn 0.1636 -0.9733 0.1612
vn -0.1218 0.9607 0.2495
vn -0.0957 0.9635 0.2499
vn -0.1006 0.9940 0.0425
vn -0.1288 0.9908 0.0420
vn -0.0858 0.8943 0.4391
vn -0.1101 0.8927 0.4370
vn -0.1099 -0.9632 0.2452
vn -0.0882 -0.9655 0.2452
vn -0.0785 -0.8960 0.4370
vn -0.0994 -0.8954 0.4340
vn -0.0919 -0.9953 0.0296
vn -0.1163 -0.9928 0.0289
vn 0.1527 0.9733 0.1716
vn 0.1249 0.9769 0.1731
vn 0.1226 0.9772 0.1732
vn 0.2722 0.9257 0.2625
vn 0.2351 0.9340 0.2691
vn 0.2097 0.9292 0.3043
vn 0.2461 0.9225 0.2973
vn 0.3174 0.9265 0.2022
vn 0.2801 0.9371 0.2083
vn 0.3442 0.9309 0.1225
vn 0.3073 0.9432 0.1263
vn 0.3577 0.9335 0.0236
vn 0.3220 0.9464 0.0245
vn 0.0795 0.2409 -0.9673
vn 0.0792 0.2408 -0.9673
vn -0.9993 0.0366 0.0045
vn -0.9980 0.0115 0.0615
vn -0.9980 0.0112 0.0616
vn -0.9867 0.0783 -0.1426
vn -0.2393 0.1388 -0.9610
vn -0.0261 0.0151 -0.9995
vn -0.1028 0.0596 -0.9929
vn 0.2393 0.1388 -0.9610
vn 0.1028 0.0596 -0.9929
vn 0.0261 0.0151 -0.9995
vn 0.9867 0.0783 -0.1426
vn 0.9980 0.0112 0.0616
vn 0.9980 0.0115 0.0615
vn 0.9993 0.0366 0.0046
vn 0.0883 -0.9009 -0.4250
vn -0.0000 -0.8998 -0.4363
vn 0.9006 -0.4240 0.0953
vn -0.9006 -0.4240 0.0953
vn 0.9579 0.2872 0.0046
vn -0.9430 -0.3328 -0.0031
vn 0.9998 -0.0190 0.0001
vn 0.9776 -0.2106 -0.0022
vn 0.9992 -0.0407 -0.0004
vn 0.9982 -0.0608 0.0002
vn -0.9999 0.0160 -0.0000
vn -0.9995 0.0311 0.0002
vn 0.9633 -0.2684 0.0004
vn 0.9572 -0.2896 0.0004
vn -0.9380 0.3466 -0.0002
vn 0.9477 -0.3191 0.0004
vn -0.8685 0.4956 -0.0001
vn -0.9633 -0.2684 0.0004
vn -0.9477 -0.3191 0.0004
vn -0.9572 -0.2896 0.0004
vn 0.9380 0.3466 -0.0002
vn 0.8685 0.4956 -0.0001
vn -0.9998 -0.0190 0.0001
vn -0.9982 -0.0608 0.0002
vn 0.9999 0.0160 -0.0000
vn -0.9776 -0.2106 -0.0022
vn -0.9992 -0.0407 -0.0004
vn 0.9995 0.0311 0.0002
vn -0.9579 0.2872 0.0046
vn 0.9430 -0.3328 -0.0031
vn -0.1389 0.9903 -0.0000
vn -0.1316 0.9913 -0.0000
vn -0.1314 0.9913 -0.0000
vn -0.8128 0.5826 -0.0000
vn -0.0813 -0.9967 -0.0000
vn 0.0922 0.9957 -0.0000
vn 0.1316 0.9913 -0.0000
vn 0.1389 0.9903 -0.0000
vn 0.1314 0.9913 -0.0000
vn 0.8128 0.5826 -0.0000
vn 0.9650 -0.2622 -0.0027
vn -0.9763 0.2165 0.0013
vn -0.9650 -0.2622 -0.0027
vn 0.9763 0.2165 0.0013
vn 0.3015 0.9535 -0.0000
vn 0.3408 0.9401 -0.0000
vn -0.0000 0.2349 -0.9720
vn 0.0510 0.2371 -0.9702
vn 0.0530 0.2373 -0.9700
vn -0.3408 0.9401 -0.0000
vn -0.3015 0.9535 -0.0000
vn -0.0534 0.2373 -0.9700
vn -0.0510 0.2371 -0.9702
vn -0.2220 0.9747 0.0258
vn -0.2099 0.9688 0.1315
vn -0.1900 0.9577 0.2163
vn -0.1563 0.9481 0.2769
vn -0.1378 0.9399 0.3124
vn -0.0794 0.9814 0.1749
vn -0.0764 0.9816 0.1750
vn 0.0567 -0.9979 0.0301
vn 0.0552 -0.9678 0.2455
vn 0.0486 -0.8967 0.4400
vn 0.0526 0.8959 0.4411
vn 0.0590 0.9663 0.2505
vn 0.0616 0.9972 0.0428
vn -0.0793 -0.9833 0.1638
vn -0.0805 -0.9832 0.1637
vn -0.1349 -0.9843 0.1137
vn -0.1432 -0.9854 0.0923
vn -0.1563 -0.9854 0.0678
vn -0.1650 -0.9859 0.0294
vn -0.1712 -0.9837 -0.0552
vn -0.0381 -0.2347 -0.9713
vn -0.0398 -0.2348 -0.9712
vn -0.1556 -0.9878 -0.0000
vn -0.1237 -0.7719 -0.6236
vn -0.1421 -0.8150 -0.5618
vn -0.1502 -0.9344 -0.3229
vn -0.1465 -0.9892 -0.0000
vn -0.1501 -0.9887 -0.0008
vn -0.1582 -0.9874 -0.0010
vn -0.1662 -0.9861 -0.0003
vn -0.0883 -0.9009 -0.4250
vn -0.0584 -0.8531 -0.5184
vn -0.0152 -0.7678 -0.6405
vn 0.0813 -0.9967 -0.0000
vn -0.0922 0.9957 -0.0000
vn -0.1123 0.9937 -0.0000
vn -0.1122 0.9936 0.0139
vn -0.1110 0.9938 0.0090
vn -0.1110 0.9938 0.0081
vn -0.1035 0.9870 0.1225
vn 0.0650 -0.6017 0.7960
vn 0.0522 -0.6005 0.7979
vn 0.0850 -0.9964 -0.0000
vn 0.0184 0.9998 -0.0000
vn 0.0173 0.9998 0.0011
vn 0.0167 0.9920 0.1249
vn 0.0251 0.9839 0.1772
vn 0.0350 0.9872 0.1553
vn 0.0436 0.9870 0.1550
vn 0.0241 0.8500 -0.5262
vn 0.0243 0.8501 -0.5260
vn 0.0089 1.0000 -0.0000
vn 0.0089 1.0000 0.0001
vn 0.0082 1.0000 0.0002
vn -0.1094 0.9865 -0.1218
vn -0.1194 0.9853 -0.1219
vn -0.0346 0.2198 -0.9749
vn -0.0394 0.2192 -0.9749
vn -0.0383 0.2171 -0.9754
vn -0.2052 0.9787 -0.0000
vn -0.0289 0.9996 0.0026
vn -0.0332 0.9994 0.0075
vn -0.1118 -0.9937 -0.0000
vn 0.0205 -0.7770 -0.6292
vn 0.0753 -0.8588 -0.5067
vn 0.1124 -0.9032 -0.4142
vn -0.1124 -0.9032 -0.4142
vn -0.0753 -0.8588 -0.5067
vn -0.0205 -0.7770 -0.6292
vn 0.1118 -0.9937 -0.0000
vn 0.0332 0.9994 0.0075
vn 0.0289 0.9996 0.0026
vn -0.9069 -0.2488 -0.3400
vn -0.9059 -0.2485 -0.3429
vn -0.2325 -0.9726 -0.0065
vn -0.2581 -0.9661 -0.0028
vn -0.2517 -0.9678 -0.0037
vn -0.0976 -0.0237 0.9949
vn -0.5764 0.8077 0.1238
vn 0.9059 -0.2485 -0.3429
vn 0.9069 -0.2488 -0.3400
vn 0.5764 0.8077 0.1238
vn 0.0976 -0.0237 0.9949
vn 0.2325 -0.9726 -0.0065
vn 0.2517 -0.9678 -0.0037
vn 0.2581 -0.9661 -0.0028
vn 0.9227 0.2011 -0.3290
vn 0.9237 0.2013 -0.3261
vn 0.1989 0.9720 0.1251
vn 0.0812 0.0159 0.9966
vn 0.6468 -0.7622 0.0245
vn -0.9237 0.2013 -0.3261
vn -0.9227 0.2011 -0.3290
vn -0.6468 -0.7622 0.0245
vn -0.0812 0.0159 0.9966
vn -0.1989 0.9720 0.1251
vn -0.6723 -0.7377 0.0624
vn -0.8891 -0.2157 0.4038
vn -0.9335 0.3230 0.1560
vn 0.9335 0.3230 0.1560
vn 0.8891 -0.2157 0.4038
vn 0.6723 -0.7377 0.0624
vn 0.7231 0.6718 0.1610
vn 0.8902 0.1746 0.4208
vn 0.9391 -0.3275 0.1038
vn -0.9391 -0.3275 0.1038
vn -0.8902 0.1746 0.4208
vn -0.7231 0.6718 0.1610
vn 0.0206 0.9919 -0.1253
vn -0.0023 0.9931 -0.1176
vn -0.0206 0.9919 -0.1253
vn 0.0023 0.9931 -0.1176
vt 0.910647 0.807178
vt 0.910419 0.798297
vt 0.916856 0.798051
vt 0.916149 0.806902
vt 0.373904 0.938982
vt 0.351800 0.938982
vt 0.351800 0.931506
vt 0.373904 0.931506
vt 0.297204 0.890714
vt 0.281231 0.890714
vt 0.282491 0.880128
vt 0.297968 0.880346
vt 0.515369 0.252972
vt 0.515369 0.211242
vt 0.520686 0.211242
vt 0.520686 0.252972
vt 0.402395 0.447113
vt 0.408537 0.422099
vt 0.422148 0.427839
vt 0.417877 0.449863
vt 0.451317 0.040762
vt 0.445176 0.015749
vt 0.460658 0.012998
vt 0.464929 0.035022
vt 0.429160 0.355156
vt 0.421508 0.355156
vt 0.420157 0.341441
vt 0.427663 0.342463
vt 0.349118 0.403838
vt 0.342976 0.449208
vt 0.337669 0.450407
vt 0.344122 0.403038
vt 0.914915 0.761853
vt 0.915436 0.764302
vt 0.909542 0.764188
vt 0.909479 0.761744
vt 0.385757 0.013654
vt 0.391899 0.059023
vt 0.386902 0.059823
vt 0.380449 0.012454
vt 0.739326 0.437512
vt 0.734752 0.437512
vt 0.735148 0.424386
vt 0.739492 0.425547
vt 0.370357 0.407239
vt 0.364588 0.443493
vt 0.352192 0.446578
vt 0.358587 0.405354
vt 0.916479 0.769195
vt 0.917312 0.776042
vt 0.909846 0.775996
vt 0.909668 0.769082
vt 0.407368 0.019368
vt 0.413138 0.055623
vt 0.401367 0.057507
vt 0.394973 0.016283
vt 0.910220 0.790570
vt 0.917244 0.790400
vt 0.389427 0.445036
vt 0.409079 0.417063
vt 0.816465 0.482586
vt 0.816465 0.477821
vt 0.826384 0.477821
vt 0.827278 0.482586
vt 0.451859 0.045798
vt 0.432207 0.017825
vt 0.266239 0.890714
vt 0.267114 0.883254
vt 0.437492 0.433673
vt 0.433951 0.455786
vt 0.910845 0.814864
vt 0.914666 0.814668
vt 0.476731 0.007075
vt 0.480272 0.029189
vt 0.910024 0.782928
vt 0.917687 0.782868
vt 0.376601 0.442983
vt 0.409515 0.413509
vt 0.816465 0.485957
vt 0.827398 0.485957
vt 0.452296 0.049353
vt 0.419381 0.019879
vt 0.725155 0.437512
vt 0.725673 0.427322
vt 0.398265 0.411707
vt 0.373225 0.443126
vt 0.917582 0.780951
vt 0.909974 0.780980
vt 0.416006 0.019735
vt 0.441046 0.051154
vt 0.370061 0.046835
vt 0.363467 0.005653
vt 0.912001 0.755393
vt 0.909316 0.755388
vt 0.320687 0.457208
vt 0.327280 0.416026
vt 0.515369 0.195746
vt 0.524527 0.195746
vt 0.195679 0.570107
vt 0.194776 0.553531
vt 0.196587 0.551789
vt 0.197551 0.569224
vt 0.144681 0.542846
vt 0.137093 0.557610
vt 0.135745 0.556041
vt 0.143739 0.540516
vt 0.125370 0.617666
vt 0.130548 0.617008
vt 0.131888 0.622557
vt 0.126521 0.623034
vt 0.173931 0.631525
vt 0.177418 0.627006
vt 0.181876 0.629719
vt 0.178636 0.634150
vt 0.127315 0.595023
vt 0.127560 0.607321
vt 0.122860 0.607880
vt 0.122341 0.594851
vt 0.184098 0.619381
vt 0.189341 0.608254
vt 0.193951 0.610126
vt 0.188161 0.621809
vt 0.195547 0.583765
vt 0.197411 0.583633
vt 0.131641 0.570134
vt 0.129993 0.569252
vt 0.190700 0.535147
vt 0.192218 0.532714
vt 0.158135 0.524470
vt 0.158381 0.527382
vt 0.155905 0.527725
vt 0.155511 0.524884
vt 0.193142 0.596787
vt 0.197550 0.597941
vt 0.128523 0.583004
vt 0.124028 0.582259
vt 0.123554 0.585797
vt 0.128183 0.586381
vt 0.192074 0.600009
vt 0.196539 0.601365
vt 0.137367 0.640079
vt 0.136082 0.642813
vt 0.148423 0.648073
vt 0.149111 0.644847
vt 0.154502 0.645536
vt 0.154121 0.648748
vt 0.161779 0.645287
vt 0.161836 0.648306
vt 0.223770 0.575943
vt 0.223770 0.590042
vt 0.200124 0.587307
vt 0.200124 0.573515
vt 0.401432 0.538278
vt 0.401432 0.524179
vt 0.425078 0.521751
vt 0.425078 0.535543
vt 0.425078 0.470736
vt 0.401432 0.471730
vt 0.401432 0.467253
vt 0.425078 0.466566
vt 0.223770 0.519017
vt 0.223770 0.523493
vt 0.200124 0.522499
vt 0.200124 0.518329
vt 0.408233 0.487444
vt 0.408233 0.480713
vt 0.423340 0.480121
vt 0.423340 0.486760
vt 0.216969 0.532477
vt 0.216969 0.539208
vt 0.201862 0.538524
vt 0.201862 0.531885
vt 0.216917 0.566456
vt 0.216917 0.573989
vt 0.201810 0.572437
vt 0.201810 0.565133
vt 0.408285 0.522225
vt 0.408285 0.514692
vt 0.423392 0.513369
vt 0.423392 0.520673
vt 0.223770 0.607754
vt 0.200124 0.600602
vt 0.889795 0.005653
vt 0.890454 0.028923
vt 0.883532 0.028923
vt 0.883532 0.005653
vt 0.401432 0.555990
vt 0.425078 0.548838
vt 0.223770 0.552538
vt 0.223770 0.564153
vt 0.200124 0.562082
vt 0.200124 0.551018
vt 0.401432 0.512389
vt 0.401432 0.500775
vt 0.425078 0.499254
vt 0.425078 0.510318
vt 0.425078 0.496428
vt 0.401432 0.497814
vt 0.401432 0.490240
vt 0.425078 0.489170
vt 0.223770 0.542004
vt 0.223770 0.549578
vt 0.200124 0.548192
vt 0.200124 0.540933
vt 0.401432 0.451007
vt 0.425078 0.453434
vt 0.916752 0.752567
vt 0.916752 0.729641
vt 0.921461 0.729641
vt 0.921082 0.752567
vt 0.223770 0.502770
vt 0.200124 0.505198
vt 0.807455 0.789625
vt 0.803158 0.802600
vt 0.799448 0.797508
vt 0.802904 0.786884
vt 0.762739 0.799930
vt 0.760186 0.786503
vt 0.765058 0.784384
vt 0.767087 0.795371
vt 0.769332 0.744355
vt 0.765438 0.737811
vt 0.767381 0.733931
vt 0.770895 0.741133
vt 0.807238 0.736564
vt 0.808654 0.740666
vt 0.803933 0.746641
vt 0.802807 0.743241
vt 0.758497 0.755073
vt 0.761566 0.745287
vt 0.766227 0.750410
vt 0.763752 0.758503
vt 0.811508 0.748587
vt 0.813264 0.758691
vt 0.807603 0.761400
vt 0.806214 0.753052
vt 0.810324 0.778825
vt 0.805217 0.777989
vt 0.758763 0.775419
vt 0.763935 0.775262
vt 0.796145 0.814916
vt 0.793834 0.807357
vt 0.787416 0.807782
vt 0.788095 0.815960
vt 0.781977 0.815976
vt 0.782525 0.807674
vt 0.768071 0.813062
vt 0.771356 0.805872
vt 0.813358 0.768390
vt 0.807663 0.769391
vt 0.757128 0.764676
vt 0.762641 0.766417
vt 0.762953 0.764197
vt 0.757512 0.761985
vt 0.813331 0.765672
vt 0.807646 0.767150
vt 0.778291 0.722030
vt 0.779600 0.732067
vt 0.787535 0.731828
vt 0.788234 0.721246
vt 0.792489 0.721813
vt 0.790947 0.732202
vt 0.797988 0.723331
vt 0.795370 0.733109
vt 0.358646 0.334771
vt 0.356603 0.345624
vt 0.354456 0.342693
vt 0.356261 0.333215
vt 0.324930 0.347765
vt 0.321445 0.337286
vt 0.323598 0.335423
vt 0.326663 0.344572
vt 0.322748 0.300268
vt 0.320484 0.297599
vt 0.321620 0.294245
vt 0.323747 0.297278
vt 0.352680 0.292145
vt 0.354257 0.295316
vt 0.352373 0.298265
vt 0.350980 0.295437
vt 0.316799 0.312332
vt 0.318199 0.304179
vt 0.320726 0.305936
vt 0.319496 0.313174
vt 0.357406 0.301529
vt 0.359891 0.309419
vt 0.357332 0.310617
vt 0.355139 0.303610
vt 0.359800 0.325803
vt 0.357275 0.325223
vt 0.319094 0.328555
vt 0.321518 0.327640
vt 0.351683 0.355772
vt 0.350049 0.351617
vt 0.345037 0.352414
vt 0.345924 0.356859
vt 0.341485 0.357334
vt 0.341178 0.352787
vt 0.331170 0.357159
vt 0.332231 0.352821
vt 0.360947 0.317186
vt 0.358261 0.317552
vt 0.316797 0.320170
vt 0.319509 0.320171
vt 0.319505 0.318209
vt 0.316798 0.317971
vt 0.360651 0.315006
vt 0.358000 0.315606
vt 0.329123 0.284542
vt 0.330362 0.288819
vt 0.336794 0.287928
vt 0.336486 0.283381
vt 0.339710 0.283292
vt 0.339604 0.287826
vt 0.343939 0.283541
vt 0.343287 0.287945
vt 0.182233 0.581971
vt 0.182233 0.591684
vt 0.176789 0.590008
vt 0.176789 0.580956
vt 0.170805 0.969299
vt 0.170805 0.959586
vt 0.176248 0.958571
vt 0.176248 0.967623
vt 0.176248 0.924414
vt 0.170805 0.922994
vt 0.170805 0.920163
vt 0.176248 0.921769
vt 0.182233 0.542548
vt 0.182233 0.545379
vt 0.176789 0.546799
vt 0.176789 0.544154
vt 0.170805 0.936093
vt 0.170805 0.928605
vt 0.176248 0.929629
vt 0.176248 0.936625
vt 0.182233 0.550990
vt 0.182233 0.558478
vt 0.176789 0.559010
vt 0.176789 0.552014
vt 0.182233 0.573742
vt 0.176789 0.573276
vt 0.170805 0.951357
vt 0.176248 0.950891
vt 0.182233 0.600799
vt 0.176789 0.598261
vt 0.569590 0.011567
vt 0.574914 0.011228
vt 0.574914 0.015502
vt 0.569590 0.015502
vt 0.170805 0.978414
vt 0.176248 0.975876
vt 0.182233 0.565766
vt 0.176789 0.565824
vt 0.170805 0.943381
vt 0.176248 0.943439
vt 0.176248 0.941529
vt 0.170805 0.941338
vt 0.182233 0.563723
vt 0.176789 0.563913
vt 0.170805 0.911637
vt 0.176248 0.914225
vt 0.798266 0.014165
vt 0.792940 0.014165
vt 0.792940 0.011165
vt 0.798266 0.011403
vt 0.182233 0.534022
vt 0.176789 0.536610
vt 0.917472 0.410479
vt 0.917472 0.421781
vt 0.911833 0.421381
vt 0.911833 0.410223
vt 0.187916 0.582177
vt 0.187916 0.591995
vt 0.721266 0.970640
vt 0.721266 0.959337
vt 0.726905 0.959082
vt 0.726905 0.970240
vt 0.165122 0.969610
vt 0.165122 0.959792
vt 0.726905 0.917686
vt 0.721266 0.917358
vt 0.721266 0.913895
vt 0.726905 0.914273
vt 0.165122 0.922837
vt 0.165122 0.919770
vt 0.917472 0.365036
vt 0.917472 0.368499
vt 0.911833 0.368827
vt 0.911833 0.365414
vt 0.187916 0.545222
vt 0.187916 0.542155
vt 0.721266 0.932475
vt 0.721266 0.923877
vt 0.726905 0.924378
vt 0.726905 0.932769
vt 0.165122 0.936152
vt 0.165122 0.928642
vt 0.917472 0.375018
vt 0.917472 0.383616
vt 0.911833 0.383910
vt 0.911833 0.375519
vt 0.187916 0.551027
vt 0.187916 0.558536
vt 0.917472 0.401057
vt 0.911833 0.400966
vt 0.187916 0.573861
vt 0.721266 0.949915
vt 0.726905 0.949824
vt 0.165122 0.951476
vt 0.917472 0.432423
vt 0.911833 0.431602
vt 0.187916 0.601047
vt 0.659040 0.273288
vt 0.664498 0.272857
vt 0.664498 0.277795
vt 0.659040 0.277795
vt 0.580471 0.015502
vt 0.580471 0.011516
vt 0.721266 0.981282
vt 0.726905 0.980461
vt 0.165122 0.978663
vt 0.917472 0.391934
vt 0.911833 0.392072
vt 0.187916 0.565880
vt 0.721266 0.940793
vt 0.726905 0.940931
vt 0.165122 0.943495
vt 0.726905 0.938641
vt 0.721266 0.938460
vt 0.165122 0.941435
vt 0.917472 0.389601
vt 0.911833 0.389782
vt 0.187916 0.563820
vt 0.721266 0.903855
vt 0.726905 0.904698
vt 0.165122 0.911362
vt 0.738387 0.244449
vt 0.732934 0.244449
vt 0.732934 0.240987
vt 0.738387 0.241196
vt 0.787381 0.011272
vt 0.787381 0.014165
vt 0.917472 0.354996
vt 0.911833 0.355839
vt 0.187916 0.533747
vt 0.345822 0.530728
vt 0.345822 0.517320
vt 0.376364 0.514611
vt 0.376364 0.527105
vt 0.345822 0.504059
vt 0.376364 0.502255
vt 0.376364 0.499106
vt 0.345822 0.500679
vt 0.345822 0.492031
vt 0.376364 0.491048
vt 0.345822 0.480034
vt 0.376364 0.479869
vt 0.376364 0.471713
vt 0.345822 0.471303
vt 0.345822 0.466460
vt 0.376364 0.467144
vt 0.355350 0.448393
vt 0.376364 0.449422
vt 0.916752 0.705334
vt 0.916752 0.684960
vt 0.922126 0.684960
vt 0.921809 0.705334
vt 0.269852 0.500157
vt 0.279380 0.518224
vt 0.248838 0.518908
vt 0.248838 0.501186
vt 0.279380 0.523066
vt 0.248838 0.523477
vt 0.279380 0.531798
vt 0.279380 0.543795
vt 0.248838 0.542811
vt 0.248838 0.531632
vt 0.279380 0.552443
vt 0.248838 0.550870
vt 0.279380 0.555823
vt 0.279380 0.569083
vt 0.248838 0.566375
vt 0.248838 0.554019
vt 0.279380 0.582492
vt 0.248838 0.578869
vt 0.279380 0.598145
vt 0.248838 0.593595
vt 0.279380 0.619043
vt 0.248838 0.613531
vt 0.891015 0.053593
vt 0.891430 0.083650
vt 0.883532 0.083650
vt 0.883532 0.053593
vt 0.345822 0.567279
vt 0.345822 0.546381
vt 0.376364 0.541831
vt 0.376364 0.561767
vt 0.324576 0.533248
vt 0.324576 0.519204
vt 0.324576 0.505314
vt 0.325260 0.501774
vt 0.327012 0.492716
vt 0.332086 0.480150
vt 0.336194 0.471152
vt 0.338246 0.466169
vt 0.347774 0.448913
vt 0.916752 0.677614
vt 0.922262 0.677614
vt 0.277428 0.500677
vt 0.286956 0.517933
vt 0.289008 0.522915
vt 0.293116 0.531913
vt 0.298190 0.544480
vt 0.299942 0.553538
vt 0.300626 0.557078
vt 0.300626 0.570967
vt 0.300626 0.585012
vt 0.300355 0.601772
vt 0.297002 0.619420
vt 0.891503 0.100992
vt 0.883532 0.100992
vt 0.328200 0.567656
vt 0.324847 0.550008
vt 0.223770 0.531469
vt 0.401432 0.479705
vt 0.359276 0.390472
vt 0.354537 0.389713
vt 0.524527 0.180933
vt 0.515369 0.180933
vt 0.402057 0.072390
vt 0.397317 0.073149
vt 0.368397 0.391932
vt 0.372421 0.392576
vt 0.415201 0.070285
vt 0.411177 0.070930
vt 0.816465 0.499901
vt 0.827398 0.499901
vt 0.400513 0.397074
vt 0.443293 0.065787
vt 0.372981 0.309350
vt 0.367605 0.339198
vt 0.362750 0.338420
vt 0.368497 0.308632
vt 0.526912 0.098619
vt 0.524527 0.128958
vt 0.515369 0.128958
vt 0.515369 0.098619
vt 0.405530 0.124441
vt 0.410385 0.123664
vt 0.415761 0.153511
vt 0.411277 0.154229
vt 0.380917 0.341329
vt 0.376814 0.340672
vt 0.381618 0.310733
vt 0.385724 0.311391
vt 0.419594 0.122189
vt 0.423697 0.121532
vt 0.428505 0.151471
vt 0.424399 0.152128
vt 0.816465 0.569065
vt 0.816465 0.554864
vt 0.826074 0.554864
vt 0.825226 0.569065
vt 0.413879 0.315899
vt 0.401054 0.339886
vt 0.443834 0.122975
vt 0.456659 0.146963
vt 0.379195 0.289518
vt 0.370211 0.300917
vt 0.528433 0.084384
vt 0.515369 0.084384
vt 0.421975 0.173344
vt 0.412992 0.161944
vt 0.396530 0.266583
vt 0.400667 0.267245
vt 0.443448 0.195616
vt 0.439310 0.196279
vt 0.036102 0.518302
vt 0.036102 0.509163
vt 0.045452 0.509163
vt 0.045452 0.518302
vt 0.409080 0.268592
vt 0.451860 0.194269
vt 0.415344 0.248694
vt 0.419321 0.249331
vt 0.845718 0.655151
vt 0.867546 0.655151
vt 0.867546 0.668169
vt 0.845718 0.668169
vt 0.462101 0.213531
vt 0.458125 0.214167
vt 0.036102 0.539049
vt 0.045452 0.539049
vt 0.428277 0.250765
vt 0.471057 0.212097
vt 0.036102 0.472107
vt 0.045452 0.472107
vt 0.425684 0.317789
vt 0.412348 0.269116
vt 0.433332 0.272475
vt 0.431512 0.281390
vt 0.455129 0.193746
vt 0.468464 0.145073
vt 0.474293 0.181471
vt 0.476112 0.190386
vt 0.432025 0.251365
vt 0.436595 0.252097
vt 0.787988 0.601501
vt 0.792835 0.601501
vt 0.792338 0.610543
vt 0.787381 0.610543
vt 0.474805 0.211496
vt 0.479375 0.210765
vt 0.412940 0.081407
vt 0.416953 0.080765
vt 0.420667 0.103103
vt 0.416600 0.103754
vt 0.443392 0.077486
vt 0.443653 0.102412
vt 0.816465 0.535103
vt 0.816465 0.511143
vt 0.827127 0.511143
vt 0.826550 0.535103
vt 0.400873 0.360449
vt 0.400612 0.385375
vt 0.374172 0.382096
vt 0.377887 0.359758
vt 0.370160 0.381454
vt 0.373820 0.359107
vt 0.364611 0.357633
vt 0.360980 0.379984
vt 0.356217 0.379222
vt 0.359797 0.356862
vt 0.524527 0.147645
vt 0.524527 0.170302
vt 0.515369 0.170302
vt 0.515369 0.147645
vt 0.398997 0.083640
vt 0.403760 0.082877
vt 0.407391 0.105229
vt 0.402577 0.106000
vt 0.036102 0.368497
vt 0.036102 0.365838
vt 0.046684 0.365838
vt 0.046158 0.368497
vt 0.060489 0.365838
vt 0.062276 0.370924
vt 0.060032 0.373328
vt 0.059276 0.368497
vt 0.009927 0.370924
vt 0.011714 0.365838
vt 0.012927 0.368497
vt 0.012171 0.373328
vt 0.062777 0.374521
vt 0.060508 0.376746
vt 0.009426 0.374521
vt 0.011695 0.376746
vt 0.062777 0.389404
vt 0.060508 0.390884
vt 0.009426 0.389404
vt 0.011695 0.390884
vt 0.066535 0.448068
vt 0.057649 0.472107
vt 0.056571 0.469448
vt 0.064165 0.446611
vt 0.044984 0.469448
vt 0.036102 0.469448
vt 0.014554 0.472107
vt 0.005668 0.448068
vt 0.008038 0.446611
vt 0.015632 0.469448
vt 0.061256 0.402282
vt 0.063546 0.401403
vt 0.065184 0.426976
vt 0.062850 0.426575
vt 0.009353 0.426575
vt 0.007019 0.426976
vt 0.008657 0.401403
vt 0.010947 0.402282
vt 0.609790 0.921722
vt 0.581258 0.921722
vt 0.581935 0.911997
vt 0.609740 0.911997
vt 0.852495 0.699000
vt 0.852294 0.703740
vt 0.826483 0.703631
vt 0.826480 0.698890
vt 0.863961 0.128012
vt 0.864162 0.132752
vt 0.838148 0.132862
vt 0.838150 0.128120
vt 0.852096 0.707094
vt 0.826471 0.706985
vt 0.863763 0.124658
vt 0.838138 0.124766
vt 0.851380 0.720966
vt 0.818494 0.720827
vt 0.863047 0.110786
vt 0.830162 0.110925
vt 0.840080 0.775611
vt 0.852502 0.798075
vt 0.826066 0.789683
vt 0.826149 0.775552
vt 0.223459 0.934751
vt 0.248174 0.934751
vt 0.248510 0.941839
vt 0.223459 0.941839
vt 0.864169 0.033677
vt 0.851747 0.056141
vt 0.837816 0.056200
vt 0.837733 0.042069
vt 0.820038 0.732020
vt 0.849002 0.732142
vt 0.844091 0.755964
vt 0.823364 0.755876
vt 0.835031 0.075875
vt 0.855758 0.075788
vt 0.860669 0.099609
vt 0.831705 0.099732
vt 0.137145 0.183608
vt 0.139014 0.182067
vt 0.139014 0.190880
vt 0.137145 0.190880
vt 0.840016 0.031930
vt 0.862384 0.031836
vt 0.221865 0.909019
vt 0.211791 0.909019
vt 0.211791 0.900350
vt 0.221865 0.901865
vt 0.850717 0.799916
vt 0.828349 0.799821
vt 0.110674 0.183608
vt 0.110674 0.190880
vt 0.839906 0.005748
vt 0.862273 0.005653
vt 0.247904 0.909019
vt 0.247904 0.901865
vt 0.850606 0.826099
vt 0.828238 0.826004
vt 0.867736 0.083650
vt 0.867590 0.100992
vt 0.865164 0.100992
vt 0.865332 0.083650
vt 0.868566 0.053593
vt 0.866288 0.053593
vt 0.869689 0.028923
vt 0.867582 0.028923
vt 0.871006 0.005653
vt 0.869099 0.005653
vt 0.772825 0.806214
vt 0.769897 0.813623
vt 0.659040 0.286808
vt 0.664498 0.287670
vt 0.664498 0.289173
vt 0.659040 0.288180
vt 0.333417 0.352876
vt 0.332539 0.357269
vt 0.574914 0.025350
vt 0.574914 0.024049
vt 0.580471 0.023473
vt 0.580471 0.024687
vt 0.569590 0.023372
vt 0.569590 0.024570
vt 0.897942 0.806849
vt 0.899622 0.806954
vt 0.903186 0.814680
vt 0.902019 0.814592
vt 0.895570 0.798301
vt 0.897533 0.798333
vt 0.894035 0.791036
vt 0.896173 0.790970
vt 0.892388 0.783992
vt 0.894716 0.783807
vt 0.894946 0.777225
vt 0.894781 0.781960
vt 0.892470 0.782173
vt 0.892680 0.777504
vt 0.896088 0.770478
vt 0.894024 0.770816
vt 0.898644 0.762951
vt 0.897793 0.765477
vt 0.896008 0.765805
vt 0.896998 0.763265
vt 0.903957 0.755818
vt 0.903143 0.755933
vt 0.792940 0.021077
vt 0.792940 0.020164
vt 0.798266 0.019688
vt 0.798266 0.020529
vt 0.787381 0.019949
vt 0.787381 0.020830
vt 0.330091 0.284318
vt 0.331208 0.288651
vt 0.732934 0.252426
vt 0.732934 0.251372
vt 0.738387 0.250954
vt 0.738387 0.251944
vt 0.779615 0.721780
vt 0.780654 0.731954
vt 0.905901 0.729641
vt 0.907335 0.729641
vt 0.908093 0.752567
vt 0.906775 0.752567
vt 0.905099 0.705334
vt 0.906639 0.705334
vt 0.904367 0.684960
vt 0.906004 0.684960
vt 0.904055 0.677614
vt 0.905732 0.677614
vt 0.138874 0.640918
vt 0.137662 0.643745
vt 0.503116 0.211242
vt 0.504735 0.211242
vt 0.504735 0.252972
vt 0.503116 0.252972
vt 0.494266 0.195746
vt 0.497054 0.195746
vt 0.497054 0.180933
vt 0.494266 0.180933
vt 0.497054 0.170302
vt 0.494266 0.170302
vt 0.497054 0.147645
vt 0.494266 0.147645
vt 0.497054 0.128958
vt 0.494266 0.128958
vt 0.492284 0.098619
vt 0.489495 0.098619
vt 0.489241 0.084384
vt 0.486453 0.090725
vt 0.484030 0.053798
vt 0.487138 0.053798
vt 0.489241 0.066481
vt 0.486453 0.066481
vt 0.490740 0.005653
vt 0.490740 0.028396
vt 0.486990 0.028396
vt 0.486990 0.006625
vt 0.783144 0.652311
vt 0.783044 0.648150
vt 0.787189 0.648668
vt 0.787234 0.652461
vt 0.773924 0.648202
vt 0.773572 0.644973
vt 0.789430 0.628628
vt 0.794015 0.628628
vt 0.794400 0.631381
vt 0.789901 0.631381
vt 0.014554 0.518302
vt 0.017401 0.518302
vt 0.017401 0.539049
vt 0.014554 0.539049
vt 0.014554 0.509163
vt 0.017401 0.509163
vt 0.017401 0.472107
vt 0.018337 0.469448
vt 0.137145 0.205425
vt 0.139014 0.208507
vt 0.139014 0.211190
vt 0.137145 0.207639
vt 0.110674 0.205425
vt 0.110674 0.207639
vt 0.223719 0.956015
vt 0.247298 0.956015
vt 0.246974 0.958173
vt 0.224933 0.958173
vt 0.221865 0.925505
vt 0.221865 0.923326
vt 0.247904 0.923326
vt 0.247904 0.925505
vt 0.211791 0.928997
vt 0.211791 0.926358
vt 0.794323 0.554864
vt 0.797248 0.554864
vt 0.798944 0.569065
vt 0.796277 0.569064
vt 0.793226 0.535103
vt 0.796296 0.535103
vt 0.791895 0.511143
vt 0.795141 0.511143
vt 0.791270 0.499901
vt 0.794599 0.499901
vt 0.791270 0.485957
vt 0.794599 0.485957
vt 0.791547 0.482586
vt 0.794839 0.482586
vt 0.793609 0.477821
vt 0.796629 0.477821
vt 0.583956 0.944133
vt 0.583479 0.941173
vt 0.609625 0.941173
vt 0.609590 0.944133
vt 0.014936 0.365838
vt 0.015989 0.368497
vt 0.286020 0.915110
vt 0.285236 0.911887
vt 0.299656 0.911451
vt 0.300151 0.914607
vt 0.270190 0.907906
vt 0.269367 0.905635
vt 0.285236 0.869542
vt 0.269367 0.875794
vt 0.270190 0.873523
vt 0.286020 0.866319
vt 0.299656 0.869978
vt 0.300151 0.866822
vt 0.056214 0.368497
vt 0.057267 0.365838
vt 0.609625 0.902272
vt 0.583479 0.902272
vt 0.583956 0.899312
vt 0.609590 0.899312
vt 0.838091 0.482586
vt 0.836302 0.477821
vt 0.839321 0.477821
vt 0.841383 0.482586
vt 0.838332 0.485957
vt 0.841660 0.485957
vt 0.838332 0.499901
vt 0.841660 0.499901
vt 0.837790 0.511143
vt 0.841036 0.511143
vt 0.836635 0.535103
vt 0.839705 0.535103
vt 0.835682 0.554864
vt 0.838607 0.554864
vt 0.833986 0.569064
vt 0.836654 0.569064
vt 0.221865 0.894712
vt 0.211791 0.891680
vt 0.211791 0.889041
vt 0.221865 0.892534
vt 0.247904 0.894712
vt 0.247904 0.892534
vt 0.246974 0.925505
vt 0.247298 0.927662
vt 0.223719 0.927662
vt 0.224933 0.925505
vt 0.137145 0.174121
vt 0.137145 0.176335
vt 0.110674 0.176335
vt 0.110674 0.174121
vt 0.139014 0.170570
vt 0.139014 0.173254
vt 0.054802 0.472107
vt 0.053867 0.469448
vt 0.054802 0.509163
vt 0.057649 0.509163
vt 0.054802 0.518302
vt 0.057649 0.518302
vt 0.054802 0.539049
vt 0.057649 0.539049
vt 0.794400 0.589706
vt 0.794015 0.592459
vt 0.789430 0.592459
vt 0.789901 0.589706
vt 0.783044 0.599361
vt 0.773572 0.602539
vt 0.773924 0.599309
vt 0.783144 0.595200
vt 0.787189 0.598843
vt 0.787234 0.595050
vt 0.543748 0.028396
vt 0.539998 0.028396
vt 0.539998 0.005653
vt 0.543748 0.006625
vt 0.541497 0.066481
vt 0.543600 0.053798
vt 0.546708 0.053798
vt 0.544286 0.066481
vt 0.541243 0.098619
vt 0.538455 0.098619
vt 0.541497 0.084384
vt 0.544286 0.090725
vt 0.536472 0.128958
vt 0.533684 0.128958
vt 0.536472 0.147645
vt 0.533684 0.147645
vt 0.536472 0.170302
vt 0.533684 0.170302
vt 0.536472 0.180933
vt 0.533684 0.180933
vt 0.536472 0.195746
vt 0.533684 0.195746
vt 0.526004 0.211242
vt 0.527623 0.211242
vt 0.526004 0.252972
vt 0.527623 0.252972
vt 0.160013 0.648512
vt 0.160061 0.645437
vt 0.927501 0.684960
vt 0.927772 0.677614
vt 0.929449 0.677614
vt 0.929137 0.684960
vt 0.926865 0.705334
vt 0.928405 0.705334
vt 0.926169 0.729641
vt 0.927603 0.729641
vt 0.925411 0.752567
vt 0.926729 0.752567
vt 0.794340 0.732858
vt 0.796709 0.722909
vt 0.738387 0.237944
vt 0.732934 0.237526
vt 0.732934 0.236472
vt 0.738387 0.236953
vt 0.342426 0.287893
vt 0.342950 0.283449
vt 0.792940 0.007253
vt 0.792940 0.008166
vt 0.787381 0.008380
vt 0.787381 0.007500
vt 0.798266 0.008641
vt 0.798266 0.007801
vt 0.922022 0.762622
vt 0.920362 0.762393
vt 0.914690 0.755543
vt 0.915509 0.755615
vt 0.923141 0.765108
vt 0.921342 0.764872
vt 0.927066 0.776620
vt 0.924789 0.776458
vt 0.923302 0.769778
vt 0.925380 0.770010
vt 0.927516 0.781272
vt 0.925197 0.781179
vt 0.924269 0.790248
vt 0.925356 0.783019
vt 0.927691 0.783084
vt 0.926408 0.790204
vt 0.923290 0.797671
vt 0.925248 0.797538
vt 0.921646 0.806388
vt 0.923318 0.806196
vt 0.918483 0.814287
vt 0.919645 0.814139
vt 0.574914 0.005653
vt 0.574914 0.006954
vt 0.569590 0.007632
vt 0.569590 0.006434
vt 0.580471 0.007530
vt 0.580471 0.006317
vt 0.350342 0.356065
vt 0.348881 0.351831
vt 0.664498 0.266416
vt 0.664498 0.267920
vt 0.659040 0.268781
vt 0.659040 0.267409
vt 0.794261 0.815233
vt 0.792333 0.807503
vt 0.899482 0.028923
vt 0.897375 0.028923
vt 0.896059 0.005653
vt 0.897966 0.005653
vt 0.900776 0.053593
vt 0.898498 0.053593
vt 0.901733 0.083650
vt 0.899328 0.083650
vt 0.901901 0.100992
vt 0.899474 0.100992
vt 0.188579 0.533824
vt 0.189992 0.531265
vt 0.454138 0.064051
vt 0.453601 0.076225
vt 0.452530 0.102159
vt 0.451672 0.123544
vt 0.770084 0.645449
vt 0.769681 0.642583
vt 0.768453 0.614342
vt 0.772379 0.613147
vt 0.771840 0.623756
vt 0.767936 0.623756
vt 0.769681 0.604928
vt 0.770084 0.602062
vt 0.408892 0.339317
vt 0.409749 0.360703
vt 0.410820 0.386637
vt 0.411358 0.398811
vt 0.901100 0.653248
vt 0.901100 0.668169
vt 0.200124 0.530543
vt 0.425078 0.478779
vt 0.585297 0.846848
vt 0.581258 0.841000
vt 0.596043 0.831371
vt 0.610253 0.829956
vt 0.425944 0.197247
vt 0.417133 0.185820
vt 0.644357 0.841529
vt 0.618621 0.840066
vt 0.638429 0.826714
vt 0.665660 0.826713
vt 0.462080 0.239208
vt 0.443297 0.220179
vt 0.646644 0.844841
vt 0.669712 0.828821
vt 0.466202 0.239393
vt 0.651845 0.852372
vt 0.680195 0.832794
vt 0.476460 0.245839
vt 0.603274 0.156994
vt 0.610806 0.162195
vt 0.591227 0.190545
vt 0.587255 0.180062
vt 0.423421 0.223468
vt 0.433680 0.217022
vt 0.599963 0.154707
vt 0.585147 0.176010
vt 0.419300 0.223654
vt 0.598500 0.128972
vt 0.585148 0.148780
vt 0.400517 0.242682
vt 0.599433 0.091608
vt 0.605282 0.095647
vt 0.588390 0.120604
vt 0.589804 0.106394
vt 0.374353 0.277041
vt 0.383164 0.265614
vt 0.729044 0.937661
vt 0.729044 0.934900
vt 0.763117 0.934900
vt 0.762517 0.937661
vt 0.480232 0.245399
vt 0.837940 0.907412
vt 0.871982 0.907412
vt 0.871982 0.917622
vt 0.837940 0.917622
vt 0.763117 0.916764
vt 0.729044 0.916764
vt 0.729044 0.907696
vt 0.763117 0.907696
vt 0.729044 0.898629
vt 0.729044 0.895868
vt 0.762517 0.895868
vt 0.763117 0.898629
vt 0.437452 0.217462
vt 0.373904 0.924030
vt 0.351800 0.924030
vt 0.351800 0.921754
vt 0.373904 0.921754
vt 0.174155 0.527437
vt 0.174843 0.524211
vt 0.182588 0.526940
vt 0.181516 0.529933
vt 0.351800 0.956211
vt 0.351800 0.953934
vt 0.373904 0.953934
vt 0.373904 0.956211
vt 0.166417 0.526712
vt 0.166659 0.523542
vt 0.875561 0.100992
vt 0.875634 0.083650
vt 0.876049 0.053593
vt 0.876611 0.028923
vt 0.877269 0.005653
vt 0.775913 0.815156
vt 0.777662 0.807138
vt 0.664498 0.282732
vt 0.659040 0.282302
vt 0.337023 0.357461
vt 0.337305 0.352937
vt 0.580471 0.019488
vt 0.574914 0.019776
vt 0.569590 0.019437
vt 0.907018 0.814864
vt 0.905138 0.807185
vt 0.903977 0.798382
vt 0.903197 0.790761
vt 0.902367 0.783261
vt 0.902374 0.781342
vt 0.902391 0.776425
vt 0.902872 0.769545
vt 0.903662 0.764604
vt 0.904056 0.762132
vt 0.906635 0.755531
vt 0.798266 0.016927
vt 0.792940 0.017164
vt 0.787381 0.017057
vt 0.333995 0.288205
vt 0.333280 0.283727
vt 0.738387 0.247702
vt 0.732934 0.247910
vt 0.784104 0.731750
vt 0.783942 0.721249
vt 0.912423 0.752567
vt 0.912044 0.729641
vt 0.911695 0.705334
vt 0.911378 0.684960
vt 0.911242 0.677614
vt 0.142945 0.646364
vt 0.143908 0.643276
vt 0.510052 0.252972
vt 0.510052 0.211242
vt 0.506212 0.195746
vt 0.506212 0.180933
vt 0.506212 0.170302
vt 0.506212 0.147645
vt 0.506212 0.128958
vt 0.503826 0.098619
vt 0.502305 0.084384
vt 0.427663 0.367849
vt 0.420157 0.368871
vt 0.901100 0.683089
vt 0.867546 0.681186
vt 0.845718 0.681186
vt 0.739492 0.449478
vt 0.735148 0.450639
vt 0.725673 0.447703
vt 0.871982 0.927831
vt 0.837940 0.927831
vt 0.772379 0.634364
vt 0.768453 0.633169
vt 0.763117 0.925832
vt 0.729044 0.925832
vt 0.792835 0.619586
vt 0.787988 0.619586
vt 0.026751 0.539049
vt 0.026751 0.518302
vt 0.026751 0.509163
vt 0.026751 0.472107
vt 0.027219 0.469448
vt 0.139014 0.199693
vt 0.137145 0.198152
vt 0.110674 0.198152
vt 0.248174 0.948927
vt 0.223459 0.948927
vt 0.247904 0.916173
vt 0.221865 0.916173
vt 0.211791 0.917689
vt 0.807705 0.569065
vt 0.806857 0.554864
vt 0.806381 0.535103
vt 0.805803 0.511143
vt 0.805532 0.499901
vt 0.805532 0.485957
vt 0.805652 0.482586
vt 0.806547 0.477821
vt 0.609740 0.931448
vt 0.581935 0.931448
vt 0.026045 0.368497
vt 0.025519 0.365838
vt 0.297968 0.901083
vt 0.282491 0.901300
vt 0.267114 0.898175
vt 0.373904 0.946458
vt 0.351800 0.946458
vt 0.871982 0.897203
vt 0.837940 0.897203
vt 0.726819 0.417132
vt 0.735846 0.414080
vt 0.739814 0.413582
vt 0.845718 0.642134
vt 0.867546 0.642134
vt 0.901100 0.638327
vt 0.417915 0.327726
vt 0.424924 0.329769
vt 0.424924 0.380543
vt 0.417915 0.382586
vt 0.901100 0.698010
vt 0.867546 0.694203
vt 0.845718 0.694203
vt 0.739814 0.461443
vt 0.735846 0.460945
vt 0.726819 0.457893
vt 0.871982 0.938041
vt 0.837940 0.938041
vt 0.406670 0.480215
vt 0.406670 0.488292
vt 0.549138 0.005653
vt 0.549138 0.028861
vt 0.546256 0.028195
vt 0.546256 0.010402
vt 0.756268 0.753293
vt 0.758622 0.745791
vt 0.424798 0.487471
vt 0.218532 0.540056
vt 0.218532 0.531979
vt 0.200404 0.539235
vt 0.814361 0.749473
vt 0.815707 0.757219
vt 0.394580 0.011909
vt 0.417787 0.011910
vt 0.413038 0.014792
vt 0.395246 0.014791
vt 0.218486 0.574794
vt 0.218486 0.565755
vt 0.546256 0.079274
vt 0.546256 0.056086
vt 0.549113 0.056679
vt 0.549113 0.074457
vt 0.812553 0.780978
vt 0.810354 0.789258
vt 0.200358 0.564168
vt 0.406715 0.513992
vt 0.406715 0.523030
vt 0.424844 0.512404
vt 0.757361 0.785757
vt 0.756270 0.777260
vt 0.433325 0.017495
vt 0.410136 0.017496
vt 0.414954 0.014639
vt 0.432732 0.014639
vt 0.424798 0.479505
vt 0.200404 0.531269
vt 0.200358 0.572933
vt 0.424844 0.521169
vt 0.818494 0.101522
vt 0.818494 0.092897
vt 0.826688 0.092983
vt 0.826688 0.101608
vt 0.818494 0.110313
vt 0.818494 0.101693
vt 0.826682 0.101608
vt 0.826682 0.110313
vt 0.799049 0.046234
vt 0.799049 0.037609
vt 0.807242 0.037523
vt 0.807242 0.046149
vt 0.795159 0.109128
vt 0.795159 0.100508
vt 0.803348 0.100508
vt 0.803348 0.109213
s 1
usemtl Swoop
f 560/1/1 561/2/1 673/3/1 674/4/1
f 615/5/2 549/6/2 618/7/3 619/8/3
f 613/9/4 614/10/5 620/11/6 621/12/7
f 579/13/8 580/14/8 654/15/9 655/16/9
f 18/17/10 19/18/11 22/19/12 23/20/13
f 20/21/14 17/22/15 24/23/16 21/24/17
f 587/25/18 588/26/18 646/27/18 647/28/18
f 496/29/19 497/30/20 35/31/21 36/32/22
f 666/33/1 667/34/1 567/35/1 568/36/1
f 520/37/23 481/38/24 33/39/25 34/40/26
f 590/41/18 591/42/18 643/43/18 644/44/18
f 30/45/27 31/46/28 15/47/29 14/48/30
f 668/49/1 669/50/1 565/51/1 566/52/1
f 32/53/31 29/54/32 13/55/33 16/56/34
f 561/2/1 562/57/1 672/58/1 673/3/1
f 26/59/35 27/60/36 19/18/11 18/17/10
f 610/61/37 611/62/38 623/63/39 624/64/40
f 28/65/41 25/66/42 17/22/15 20/21/14
f 614/10/5 615/67/43 619/68/44 620/11/6
f 23/20/13 22/19/12 6/69/45 4/70/45
f 559/71/1 560/1/1 674/4/1 675/72/1
f 21/24/17 24/23/16 3/73/46 5/74/46
f 562/57/1 563/75/1 671/76/1 672/58/1
f 2/77/47 8/78/48 27/60/36 26/59/35
f 609/79/49 610/61/37 624/64/40 625/80/50
f 7/81/51 1/82/52 25/66/42 28/65/41
f 591/42/18 592/83/18 642/84/18 643/43/18
f 456/85/53 457/86/54 31/46/28 30/45/27
f 669/50/1 670/87/1 564/88/1 565/51/1
f 480/89/55 439/90/56 29/54/32 32/53/31
f 34/40/26 33/39/25 9/91/57 12/92/57
f 665/93/1 666/33/1 568/36/1 569/94/1
f 36/32/22 35/31/21 11/95/58 10/96/58
f 580/14/59 581/97/60 653/98/61 654/15/62
f 18/99/63 23/100/64 39/101/65 38/102/66
f 24/103/67 17/104/68 37/105/69 40/106/70
f 519/107/71 520/108/72 34/109/73 43/110/74
f 35/111/75 497/112/76 498/113/77 44/114/78
f 32/115/79 16/116/80 42/117/81 46/118/82
f 15/119/83 31/120/84 45/121/85 41/122/86
f 26/123/87 18/99/63 38/102/66 48/124/88
f 17/104/68 25/125/89 47/126/90 37/105/69
f 23/100/64 4/127/91 49/128/92 39/101/65
f 319/129/93 317/130/94 3/131/95 50/132/96
f 3/131/95 24/103/67 40/106/70 50/132/96
f 2/133/97 26/123/87 48/124/88 52/134/98
f 25/125/89 1/135/99 51/136/100 47/126/90
f 479/137/101 480/138/102 32/115/79 46/118/82
f 31/120/84 457/139/103 458/140/104 45/121/85
f 34/109/73 12/141/105 53/142/106 43/110/74
f 578/143/107 579/144/107 655/145/108 656/146/109
f 11/147/110 35/111/75 44/114/78 54/148/111
f 176/149/112 177/150/113 57/151/114 56/152/115
f 180/153/116 163/154/117 55/155/118 58/156/119
f 515/157/120 516/158/121 168/159/122 61/160/123
f 171/161/124 501/162/125 502/163/126 62/164/127
f 766/165/128 767/166/129 768/167/130 769/168/131
f 770/169/132 771/170/133 772/171/134 773/172/135
f 774/173/136 775/174/137 776/175/138 777/176/139
f 778/177/140 779/178/141 780/179/142 781/180/143
f 177/150/113 178/181/144 67/182/145 57/151/114
f 680/183/146 681/184/147 553/185/148 554/186/149
f 179/187/150 180/153/116 58/156/119 68/188/151
f 174/189/152 175/190/153 66/191/154 70/192/155
f 164/193/156 165/194/157 69/195/158 65/196/159
f 475/197/160 476/198/161 166/199/162 64/200/163
f 173/201/164 461/202/165 462/203/166 63/204/167
f 168/159/122 169/205/168 71/206/169 61/160/123
f 574/207/170 575/208/171 659/209/172 660/210/173
f 170/211/174 171/161/124 62/164/127 72/212/175
f 56/213/176 57/214/1 75/215/1 74/216/1
f 58/217/1 55/218/177 73/219/1 76/220/1
f 514/221/1 515/222/1 61/223/1 79/224/1
f 62/225/1 502/226/1 503/227/1 80/228/1
f 64/229/178 60/230/179 78/231/1 82/232/1
f 59/233/180 63/234/181 81/235/1 77/236/1
f 66/237/176 56/213/176 74/216/1 84/238/1
f 55/218/177 65/239/177 83/240/1 73/219/1
f 57/214/1 67/241/1 85/242/1 75/215/1
f 679/243/1 680/244/1 554/245/1 555/246/1
f 68/247/1 58/217/1 76/220/1 86/248/1
f 70/249/1 66/237/176 84/238/1 88/250/1
f 65/239/177 69/251/1 87/252/1 83/240/1
f 474/253/1 475/254/1 64/229/178 82/232/1
f 63/234/181 462/255/1 463/256/1 81/235/1
f 61/223/1 71/257/1 89/258/1 79/224/1
f 573/259/1 574/260/1 660/261/1 661/262/1
f 72/263/1 62/225/1 80/228/1 90/264/1
f 127/265/1 128/266/1 129/267/1 130/268/1
f 132/269/1 131/270/1 133/271/1 134/272/1
f 512/273/1 513/274/1 136/275/1 137/276/1
f 140/277/1 504/278/1 505/279/1 142/280/1
f 143/281/1 135/282/1 138/283/1 144/284/1
f 139/285/1 145/286/1 146/287/1 141/288/1
f 147/289/1 127/265/1 130/268/1 148/290/1
f 131/270/1 149/291/1 150/292/1 133/271/1
f 128/266/1 151/293/1 152/294/1 129/267/1
f 677/295/1 678/296/1 556/297/1 557/298/1
f 153/299/1 132/269/1 134/272/1 154/300/1
f 155/301/1 147/289/1 148/290/1 156/302/1
f 149/291/1 157/303/1 158/304/1 150/292/1
f 472/305/1 473/306/1 143/281/1 144/284/1
f 145/286/1 464/307/1 465/308/1 146/287/1
f 136/275/1 159/309/1 160/310/1 137/276/1
f 571/311/1 572/312/1 662/313/1 663/314/1
f 161/315/1 140/277/1 142/280/1 162/316/1
f 92/317/182 93/318/183 111/319/184 110/320/185
f 94/321/186 91/322/187 109/323/188 112/324/189
f 510/325/190 511/326/191 97/327/192 115/328/193
f 98/329/194 506/330/195 507/331/196 116/332/197
f 100/333/198 96/334/199 114/335/200 118/336/201
f 95/337/202 99/338/203 117/339/204 113/340/205
f 102/341/206 92/317/182 110/320/185 120/342/207
f 91/322/187 101/343/208 119/344/209 109/323/188
f 93/318/183 103/345/210 121/346/211 111/319/184
f 675/347/212 676/348/213 558/349/214 559/350/215
f 104/351/216 94/321/186 112/324/189 122/352/217
f 106/353/218 102/341/206 120/342/207 124/354/219
f 101/343/208 105/355/220 123/356/221 119/344/209
f 470/357/222 471/358/223 100/333/198 118/336/201
f 99/338/203 466/359/224 467/360/225 117/339/204
f 97/327/192 107/361/226 125/362/227 115/328/193
f 569/363/228 570/364/229 664/365/230 665/366/231
f 108/367/232 98/329/194 116/332/197 126/368/233
f 74/369/234 75/370/235 128/371/236 127/372/237
f 93/318/183 92/317/182 130/373/238 129/374/239
f 76/375/240 73/376/241 131/377/242 132/378/243
f 91/322/187 94/321/186 134/379/244 133/380/245
f 513/381/246 514/382/247 79/383/248 136/384/249
f 97/327/192 511/326/191 512/385/250 137/386/251
f 80/387/252 503/388/253 504/389/254 140/390/255
f 505/391/256 506/330/195 98/329/194 142/392/257
f 82/393/258 78/394/259 135/395/260 143/396/261
f 96/334/199 100/333/198 144/397/262 138/398/263
f 77/399/264 81/400/265 145/401/266 139/402/267
f 99/338/203 95/337/202 141/403/268 146/404/269
f 84/405/270 74/369/234 127/372/237 147/406/271
f 92/317/182 102/341/206 148/407/272 130/373/238
f 73/376/241 83/408/273 149/409/274 131/377/242
f 101/343/208 91/322/187 133/380/245 150/410/275
f 75/370/235 85/411/276 151/412/276 128/371/236
f 103/345/210 93/318/183 129/374/239 152/413/277
f 678/414/278 679/415/279 555/416/280 556/417/280
f 557/418/281 558/349/214 676/348/213 677/419/282
f 86/420/283 76/375/240 132/378/243 153/421/283
f 94/321/186 104/351/216 154/422/284 134/379/244
f 88/423/285 84/405/270 147/406/271 155/424/286
f 102/341/206 106/353/218 156/425/287 148/407/272
f 83/408/273 87/426/288 157/427/289 149/409/274
f 105/355/220 101/343/208 150/410/275 158/428/290
f 473/429/291 474/430/292 82/393/258 143/396/261
f 100/333/198 471/358/223 472/431/293 144/397/262
f 81/400/265 463/432/294 464/433/294 145/401/266
f 465/434/295 466/359/224 99/338/203 146/404/269
f 79/383/248 89/435/296 159/436/296 136/384/249
f 107/361/226 97/327/192 137/386/251 160/437/297
f 572/438/298 573/439/298 661/440/299 662/441/300
f 663/442/301 664/365/230 570/364/229 571/443/302
f 90/444/303 80/387/252 140/390/255 161/445/303
f 98/329/194 108/367/232 162/446/304 142/392/257
f 181/447/305 182/448/306 216/449/307 199/450/308
f 182/448/306 183/451/309 215/452/310 216/449/307
f 477/453/311 478/454/312 184/455/313 214/456/314
f 184/455/313 185/457/315 213/458/316 214/456/314
f 517/459/317 518/460/318 186/461/319 212/462/320
f 186/461/319 187/463/321 211/464/322 212/462/320
f 576/465/323 577/466/324 657/467/325 658/468/326
f 188/469/327 189/470/328 209/471/329 210/472/330
f 189/470/328 499/473/331 500/474/332 209/471/329
f 190/475/333 191/476/334 207/477/335 208/478/336
f 191/476/334 459/479/337 460/480/338 207/477/335
f 192/481/339 193/482/340 205/483/341 206/484/342
f 193/482/340 194/485/343 204/486/344 205/483/341
f 194/485/343 195/487/345 203/488/346 204/486/344
f 195/487/345 196/489/347 202/490/348 203/488/346
f 682/491/349 616/492/350 551/493/351 552/494/352
f 197/495/353 198/496/354 200/497/355 201/498/356
f 198/496/354 181/447/305 199/450/308 200/497/355
f 37/499/357 47/500/358 182/448/306 181/447/305
f 47/500/358 51/501/359 183/451/309 182/448/306
f 478/454/312 479/502/360 46/503/361 184/455/313
f 46/503/361 42/504/362 185/457/315 184/455/313
f 518/460/318 519/505/363 43/506/364 186/461/319
f 43/506/364 53/507/365 187/463/321 186/461/319
f 577/466/324 578/508/366 656/509/367 657/467/325
f 54/510/368 44/511/369 189/470/328 188/469/327
f 44/511/369 498/512/370 499/473/331 189/470/328
f 41/513/371 45/514/372 191/476/334 190/475/333
f 45/514/372 458/515/373 459/479/337 191/476/334
f 52/516/374 48/517/375 193/482/340 192/481/339
f 48/517/375 38/518/376 194/485/343 193/482/340
f 38/518/376 39/519/377 195/487/345 194/485/343
f 39/519/377 49/520/378 196/489/347 195/487/345
f 616/492/350 617/521/379 550/522/380 551/493/351
f 50/523/381 40/524/382 198/496/354 197/495/353
f 40/524/382 37/499/357 181/447/305 198/496/354
f 200/497/355 199/450/308 163/154/117 180/153/116
f 201/498/356 200/497/355 180/153/116 179/187/150
f 681/184/147 682/491/349 552/494/352 553/185/148
f 203/488/346 202/490/348 178/181/144 177/150/113
f 204/486/344 203/488/346 177/150/113 176/149/112
f 205/483/341 204/486/344 176/149/112 175/190/153
f 206/484/342 205/483/341 175/190/153 174/189/152
f 207/477/335 460/480/338 461/202/165 173/201/164
f 208/478/336 207/477/335 173/201/164 172/525/383
f 209/471/329 500/474/332 501/162/125 171/161/124
f 210/472/330 209/471/329 171/161/124 170/211/174
f 575/208/171 576/465/323 658/468/326 659/209/172
f 212/462/320 211/464/322 169/205/168 168/159/122
f 516/158/121 517/459/317 212/462/320 168/159/122
f 214/456/314 213/458/316 167/526/384 166/199/162
f 476/198/161 477/453/311 214/456/314 166/199/162
f 216/449/307 215/452/310 165/194/157 164/193/156
f 199/450/308 216/449/307 164/193/156 163/154/117
f 495/527/385 496/29/19 36/32/22 219/528/386
f 652/529/387 653/98/61 581/97/60 582/530/388
f 33/39/25 481/38/24 482/531/389 220/532/390
f 30/45/27 14/48/30 218/533/391 222/534/392
f 13/55/33 29/54/32 221/535/393 217/536/394
f 608/537/395 609/79/395 625/80/396 626/538/397
f 455/539/398 456/85/53 30/45/27 222/534/392
f 29/54/32 439/90/56 440/540/399 221/535/393
f 491/541/400 492/542/401 259/543/402 227/544/403
f 648/545/404 649/546/405 585/547/406 586/548/407
f 260/549/408 485/550/409 486/551/410 228/552/411
f 257/553/412 258/554/413 226/555/414 230/556/415
f 253/557/416 254/558/417 229/559/418 225/560/419
f 792/561/2 605/562/420 629/563/421 796/564/2
f 451/565/422 452/566/423 257/553/412 230/556/424
f 254/558/417 443/567/425 444/568/426 229/559/427
f 490/569/428 491/541/400 227/544/403 235/570/429
f 647/571/430 648/545/404 586/548/407 587/572/431
f 228/552/411 486/551/410 487/573/432 236/574/433
f 230/556/415 226/555/414 234/575/434 238/576/435
f 225/560/419 229/559/418 237/577/436 233/578/437
f 597/579/438 598/580/439 636/581/440 637/582/441
f 450/583/442 451/565/422 230/556/424 238/576/435
f 229/559/427 444/568/426 445/584/443 237/577/436
f 238/576/435 234/575/434 243/585/444 242/586/445
f 644/587/446 645/588/447 589/589/448 590/590/449
f 233/578/437 237/577/436 241/591/450 244/592/451
f 596/593/2 597/579/438 637/582/441 638/594/452
f 449/595/453 450/583/442 238/576/435 242/586/445
f 237/577/436 445/584/443 446/596/454 241/591/450
f 598/580/439 599/597/455 635/598/456 636/581/440
f 232/599/457 240/600/458 249/601/459 248/602/460
f 239/603/461 231/604/462 247/605/463 250/606/464
f 240/600/458 246/607/465 251/608/466 249/601/459
f 638/609/18 639/610/18 595/611/18 596/612/18
f 245/613/467 239/603/461 250/606/464 252/614/468
f 293/615/469 294/616/470 316/617/471 305/618/472
f 294/616/470 441/619/473 442/620/474 316/617/471
f 606/621/475 607/622/476 627/623/477 628/624/478
f 453/625/479 454/626/480 301/627/481 309/628/482
f 301/627/481 302/629/483 308/630/484 309/628/482
f 493/631/485 494/632/486 303/633/487 307/634/488
f 650/635/489 651/636/489 583/637/8 584/638/8
f 304/639/490 483/640/491 484/641/492 306/642/493
f 612/643/494 613/644/494 621/645/495 622/646/496
f 19/647/497 27/648/498 263/649/499 261/650/500
f 28/651/501 20/652/502 262/653/503 264/654/504
f 27/648/498 8/655/505 265/656/506 263/649/499
f 7/657/507 28/651/501 264/654/504 266/658/508
f 8/655/505 224/659/509 267/660/510 265/656/506
f 223/661/511 7/657/507 266/658/508 268/662/512
f 256/663/513 232/664/514 271/665/515 270/666/513
f 634/667/516 635/598/456 599/597/455 600/668/517
f 231/669/518 255/670/519 269/671/519 272/672/520
f 299/673/521 300/674/522 310/675/523 311/676/524
f 314/677/525 315/678/526 295/679/527 296/680/528
f 611/681/18 612/682/18 622/683/18 623/684/18
f 261/685/529 263/686/530 275/687/531 273/688/529
f 264/689/532 262/690/533 274/691/533 276/692/534
f 263/686/530 265/693/535 277/694/536 275/687/531
f 266/695/537 264/689/532 276/692/534 278/696/538
f 265/693/535 267/697/539 279/698/540 277/694/536
f 268/699/541 266/695/537 278/696/538 280/700/542
f 270/701/543 271/702/544 283/703/545 282/704/546
f 631/705/1 632/706/1 602/707/1 603/708/1
f 272/709/547 269/710/548 281/711/549 284/712/550
f 298/713/551 299/714/552 311/715/553 312/716/554
f 313/717/555 314/718/556 296/719/557 297/720/558
f 633/721/559 634/722/560 600/723/561 601/724/561
f 272/709/547 284/712/550 287/725/562 285/726/562
f 604/727/2 793/728/2 794/729/2 630/730/563
f 283/703/545 271/702/544 286/731/564 288/732/564
f 632/733/565 633/721/565 601/724/8 602/734/8
f 285/726/566 287/725/566 291/735/566 289/736/566
f 603/737/2 604/727/2 630/730/563 631/738/567
f 288/732/568 286/731/568 290/739/568 292/740/568
f 217/536/394 221/535/393 294/616/470 293/615/469
f 221/535/393 440/540/399 441/619/473 294/616/470
f 296/680/528 295/679/527 223/661/511 268/662/512
f 297/720/558 296/719/557 268/699/541 280/700/542
f 607/622/476 608/537/569 626/538/570 627/623/477
f 267/697/539 299/714/552 298/713/551 279/698/540
f 224/659/509 300/674/522 299/673/521 267/660/510
f 454/626/480 455/539/398 222/534/392 301/627/481
f 222/534/392 218/533/391 302/629/483 301/627/481
f 494/632/486 495/527/385 219/528/386 303/633/487
f 651/636/489 652/529/387 582/530/8 583/637/8
f 220/532/390 482/531/389 483/640/491 304/639/490
f 306/642/493 484/641/492 485/550/409 260/549/408
f 649/546/405 650/635/489 584/638/8 585/547/406
f 492/542/401 493/631/485 307/634/488 259/543/402
f 309/628/482 308/630/484 258/554/413 257/553/412
f 452/566/423 453/625/479 309/628/482 257/553/412
f 311/676/524 310/675/523 256/663/571 270/666/571
f 312/716/554 311/715/553 270/701/543 282/704/546
f 605/562/420 606/621/475 628/624/478 629/563/421
f 269/710/548 314/718/556 313/717/555 281/711/549
f 255/670/572 315/678/526 314/677/525 269/671/572
f 316/617/471 442/620/474 443/567/425 254/558/417
f 305/618/472 316/617/471 254/558/417 253/557/416
f 322/741/573 319/742/574 50/743/575 197/744/576
f 323/745/577 322/741/573 197/744/576 201/746/578
f 326/747/579 323/745/577 201/746/578 179/748/580
f 327/749/581 326/747/579 179/748/580 68/750/582
f 329/751/1 327/752/1 68/247/1 86/248/1
f 331/753/583 329/754/584 86/755/585 153/756/585
f 333/757/1 331/758/1 153/299/1 154/300/1
f 104/759/586 335/760/587 333/761/588 154/762/589
f 337/763/590 335/760/587 104/759/586 122/764/591
f 112/765/1 340/766/1 337/767/1 122/768/1
f 109/769/1 341/770/1 340/766/1 112/765/1
f 119/771/1 343/772/1 341/770/1 109/769/1
f 123/773/1 345/774/1 343/772/1 119/771/1
f 348/775/1 469/776/1 470/777/1 118/778/1
f 350/779/1 348/775/1 118/778/1 114/780/1
f 351/781/1 509/782/1 510/783/1 115/784/1
f 353/785/1 351/781/1 115/784/1 125/786/1
f 107/787/592 355/788/593 353/789/594 125/790/595
f 357/791/596 355/788/593 107/787/592 160/792/597
f 159/309/1 359/793/1 357/794/1 160/310/1
f 89/795/598 361/796/599 359/797/600 159/798/598
f 71/257/1 363/799/1 361/800/1 89/258/1
f 169/801/601 365/802/602 363/803/603 71/804/604
f 211/805/605 368/806/606 365/802/602 169/801/601
f 187/807/607 369/808/608 368/806/606 211/805/605
f 53/809/609 371/810/610 369/808/608 187/807/607
f 12/141/105 373/811/611 371/812/612 53/142/106
f 9/813/613 375/814/614 373/815/614 12/816/613
f 33/817/615 378/818/616 375/814/617 9/813/618
f 380/819/619 378/818/616 33/817/615 220/820/620
f 382/821/621 380/819/619 220/820/620 304/822/622
f 383/823/621 382/821/621 304/822/622 306/824/622
f 386/825/623 383/823/621 306/824/622 260/826/624
f 388/827/625 386/825/623 260/826/624 228/828/626
f 390/829/627 388/827/625 228/828/626 236/830/628
f 521/831/629 522/832/630 523/833/631 524/834/632
f 526/835/633 525/836/634 527/837/635 528/838/633
f 529/839/636 530/840/637 526/841/638 528/842/638
f 531/843/639 532/844/639 530/840/637 529/839/636
f 399/845/18 397/846/18 245/847/18 252/848/18
f 250/849/640 401/850/641 399/851/642 252/852/643
f 247/853/644 403/854/645 401/850/641 250/849/640
f 231/669/518 405/855/646 403/854/645 247/853/644
f 407/856/647 405/855/646 231/669/518 272/672/520
f 409/857/648 407/858/649 272/859/650 285/860/650
f 411/861/651 409/857/651 285/860/652 289/862/652
f 413/863/1 411/864/1 289/865/1 291/866/1
f 287/867/653 415/868/654 413/869/655 291/870/656
f 284/871/657 785/872/657 415/868/654 287/867/653
f 281/873/658 417/874/659 783/875/660 284/876/660
f 313/877/661 420/878/662 417/874/659 281/873/658
f 297/879/663 421/880/664 420/878/662 313/877/661
f 280/881/665 423/882/666 421/880/664 297/879/663
f 278/883/667 425/884/668 423/882/669 280/881/670
f 276/885/671 428/886/672 425/884/668 278/883/667
f 274/887/673 430/888/674 428/886/672 276/885/671
f 262/889/18 432/890/18 430/891/18 274/892/18
f 20/652/502 434/893/675 432/894/676 262/653/503
f 21/895/677 435/896/678 434/897/679 20/898/680
f 5/899/681 437/900/682 435/896/678 21/895/677
f 436/901/683 438/902/684 6/903/685 22/904/686
f 433/905/687 436/901/683 22/904/686 19/906/688
f 431/907/689 433/908/690 19/647/497 261/650/500
f 429/909/18 431/910/18 261/911/18 273/912/18
f 427/913/691 429/914/692 273/915/693 275/916/694
f 426/917/695 427/913/691 275/916/694 277/918/696
f 424/919/697 426/917/695 277/918/696 279/920/698
f 422/921/699 424/919/700 279/920/701 298/922/702
f 419/923/703 422/921/699 298/922/702 312/924/704
f 418/925/705 419/923/703 312/924/704 282/926/706
f 789/927/707 418/925/705 282/926/706 283/928/707
f 416/929/708 788/930/709 283/931/709 288/932/710
f 414/933/711 416/929/708 288/932/710 292/934/712
f 290/935/1 412/936/1 414/937/1 292/938/1
f 286/939/713 410/940/714 412/941/714 290/942/713
f 271/943/715 408/944/716 410/940/717 286/939/715
f 232/664/514 406/945/718 408/946/719 271/665/515
f 404/947/720 406/945/718 232/664/514 248/948/721
f 402/949/722 404/947/720 248/948/721 249/950/723
f 400/951/724 402/949/722 249/950/723 251/952/725
f 246/953/18 398/954/18 400/955/18 251/956/18
f 534/957/726 533/958/727 535/959/727 536/960/728
f 537/961/729 534/957/726 536/960/728 538/962/729
f 540/963/730 539/964/731 537/965/732 538/966/732
f 542/967/733 541/968/734 543/969/735 544/970/736
f 227/971/737 387/972/738 389/973/739 235/974/740
f 259/975/741 385/976/742 387/972/738 227/971/737
f 307/977/743 384/978/744 385/976/742 259/975/741
f 303/979/743 381/980/744 384/978/744 307/977/743
f 219/981/745 379/982/746 381/980/744 303/979/743
f 36/983/747 377/984/748 379/982/746 219/981/745
f 376/985/749 377/984/748 36/983/747 10/986/750
f 374/987/751 376/985/751 10/986/752 11/988/752
f 372/989/753 374/990/754 11/147/110 54/148/111
f 370/991/755 372/992/756 54/993/757 188/994/758
f 367/995/759 370/991/755 188/994/758 210/996/760
f 366/997/761 367/995/759 210/996/760 170/998/762
f 364/999/763 366/997/761 170/998/762 72/1000/764
f 362/1001/1 364/1002/1 72/263/1 90/264/1
f 360/1003/765 362/1004/766 90/1005/767 161/1006/767
f 358/1007/1 360/1008/1 161/315/1 162/316/1
f 108/1009/768 356/1010/769 358/1011/770 162/1012/771
f 354/1013/772 356/1010/769 108/1009/768 126/1014/773
f 116/1015/1 352/1016/1 354/1017/1 126/1018/1
f 507/1019/1 508/1020/1 352/1016/1 116/1015/1
f 117/1021/1 347/1022/1 349/1023/1 113/1024/1
f 467/1025/1 468/1026/1 347/1022/1 117/1021/1
f 344/1027/1 346/1028/1 124/1029/1 120/1030/1
f 342/1031/1 344/1027/1 120/1030/1 110/1032/1
f 339/1033/1 342/1031/1 110/1032/1 111/1034/1
f 338/1035/1 339/1033/1 111/1034/1 121/1036/1
f 103/1037/774 336/1038/775 338/1039/776 121/1040/777
f 334/1041/778 336/1038/775 103/1037/774 152/1042/779
f 151/293/1 332/1043/1 334/1044/1 152/294/1
f 85/1045/780 330/1046/781 332/1047/782 151/1048/780
f 67/241/1 328/1049/1 330/1050/1 85/242/1
f 178/1051/783 325/1052/784 328/1053/785 67/1054/786
f 202/1055/787 324/1056/788 325/1052/784 178/1051/783
f 196/1057/789 321/1058/790 324/1056/788 202/1055/787
f 49/1059/791 320/1060/792 321/1058/790 196/1057/789
f 4/127/91 318/1061/793 320/1062/794 49/128/92
f 440/540/399 439/90/56 7/81/51 223/1063/795
f 441/619/473 440/540/399 223/1063/795 295/1064/796
f 442/620/474 441/619/473 295/1064/796 315/1065/797
f 443/567/425 442/620/474 315/1065/797 255/1066/798
f 444/568/426 443/567/425 255/1066/798 231/604/462
f 445/584/443 444/568/426 231/604/462 239/603/461
f 446/596/454 445/584/443 239/603/461 245/613/467
f 545/1067/799 546/1068/800 532/844/801 531/843/799
f 640/1069/18 641/1070/18 593/1071/18 594/1072/18
f 535/959/802 533/958/803 547/1073/804 548/1074/802
f 240/600/458 450/583/442 449/595/453 246/607/465
f 232/599/457 451/565/422 450/583/442 240/600/458
f 256/1075/805 452/566/423 451/565/422 232/599/457
f 310/1076/806 453/625/479 452/566/423 256/1075/805
f 300/1077/807 454/626/480 453/625/479 310/1076/806
f 224/1078/808 455/539/398 454/626/480 300/1077/807
f 8/78/48 456/85/53 455/539/398 224/1078/808
f 8/78/48 2/77/47 457/86/54 456/85/53
f 458/140/104 457/139/103 2/133/97 52/134/98
f 459/479/337 458/515/373 52/516/374 192/481/339
f 460/480/338 459/479/337 192/481/339 206/484/342
f 461/202/165 460/480/338 206/484/342 174/189/152
f 462/203/166 461/202/165 174/189/152 70/192/155
f 463/256/1 462/255/1 70/249/1 88/250/1
f 464/433/294 463/432/294 88/423/285 155/424/286
f 465/308/1 464/307/1 155/301/1 156/302/1
f 106/353/218 466/359/224 465/434/295 156/425/287
f 467/360/225 466/359/224 106/353/218 124/354/219
f 124/1029/1 346/1028/1 468/1026/1 467/1025/1
f 563/75/1 564/88/1 670/87/1 671/76/1
f 470/777/1 469/776/1 345/774/1 123/773/1
f 105/355/220 471/358/223 470/357/222 123/356/221
f 472/431/293 471/358/223 105/355/220 158/428/290
f 157/303/1 473/306/1 472/305/1 158/304/1
f 87/426/288 474/430/292 473/429/291 157/427/289
f 69/251/1 475/254/1 474/253/1 87/252/1
f 165/194/157 476/198/161 475/197/160 69/195/158
f 215/452/310 477/453/311 476/198/161 165/194/157
f 183/451/309 478/454/312 477/453/311 215/452/310
f 51/501/359 479/502/360 478/454/312 183/451/309
f 1/135/99 480/138/102 479/137/101 51/136/100
f 1/82/52 7/81/51 439/90/56 480/89/55
f 482/531/389 481/38/24 13/55/33 217/536/394
f 483/640/491 482/531/389 217/536/394 293/615/469
f 484/641/492 483/640/491 293/615/469 305/618/472
f 485/550/409 484/641/492 305/618/472 253/557/416
f 486/551/410 485/550/409 253/557/416 225/560/419
f 487/573/432 486/551/410 225/560/419 233/578/437
f 527/837/635 525/836/634 522/832/630 521/831/629
f 645/588/447 646/1079/809 588/1080/810 589/589/448
f 543/969/735 541/968/734 539/964/731 540/963/730
f 226/555/414 491/541/400 490/569/428 234/575/434
f 258/554/413 492/542/401 491/541/400 226/555/414
f 308/630/484 493/631/485 492/542/401 258/554/413
f 302/629/483 494/632/486 493/631/485 308/630/484
f 218/533/391 495/527/385 494/632/486 302/629/483
f 14/48/30 496/29/19 495/527/385 218/533/391
f 14/48/30 15/47/29 497/30/20 496/29/19
f 498/113/77 497/112/76 15/119/83 41/122/86
f 499/473/331 498/512/370 41/513/371 190/475/333
f 500/474/332 499/473/331 190/475/333 208/478/336
f 501/162/125 500/474/332 208/478/336 172/525/383
f 502/163/126 501/162/125 172/525/383 59/1081/811
f 503/227/1 502/226/1 59/233/180 77/236/1
f 504/389/254 503/388/253 77/399/264 139/402/267
f 505/279/1 504/278/1 139/285/1 141/288/1
f 95/337/202 506/330/195 505/391/256 141/403/268
f 507/331/196 506/330/195 95/337/202 113/340/205
f 113/1024/1 349/1023/1 508/1020/1 507/1019/1
f 566/52/1 567/35/1 667/34/1 668/49/1
f 510/783/1 509/782/1 350/779/1 114/780/1
f 96/334/199 511/326/191 510/325/190 114/335/200
f 512/385/250 511/326/191 96/334/199 138/398/263
f 135/282/1 513/274/1 512/273/1 138/283/1
f 78/394/259 514/382/247 513/381/246 135/395/260
f 60/230/179 515/222/1 514/221/1 78/231/1
f 167/526/384 516/158/121 515/157/120 60/1082/812
f 213/458/316 517/459/317 516/158/121 167/526/384
f 185/457/315 518/460/318 517/459/317 213/458/316
f 42/504/362 519/505/363 518/460/318 185/457/315
f 16/116/80 520/108/72 519/107/71 42/117/81
f 16/56/34 13/55/33 481/38/24 520/37/23
f 488/1083/813 390/1084/813 523/1085/813 522/1086/813
f 390/829/627 236/830/628 524/834/632 523/833/631
f 236/574/433 487/573/432 521/1087/814 524/1088/814
f 393/1089/815 391/1090/816 525/1091/817 526/1092/818
f 233/578/437 244/592/451 528/1093/819 527/1094/820
f 395/1095/821 393/1089/815 526/1092/818 530/1096/822
f 244/592/451 241/591/450 529/1097/823 528/1093/819
f 447/1098/824 395/1095/821 530/1096/822 532/1099/824
f 241/591/450 446/596/454 531/1100/825 529/1097/823
f 396/1101/826 448/1102/827 533/1103/827 534/1104/828
f 449/595/453 242/586/445 536/1105/829 535/1106/830
f 394/1107/831 396/1101/826 534/1104/828 537/1108/832
f 242/586/445 243/585/444 538/1109/833 536/1105/829
f 392/1110/834 394/1107/831 537/1108/832 539/1111/835
f 243/585/444 234/575/434 540/1112/836 538/1109/833
f 389/1113/837 489/1114/837 541/1115/837 542/1116/837
f 490/569/428 235/570/429 544/1117/838 543/1118/838
f 235/974/740 389/973/739 542/967/733 544/970/736
f 245/1119/839 397/1120/840 546/1121/841 545/1122/839
f 446/596/454 245/613/467 545/1123/842 531/1100/825
f 641/1124/843 642/1125/843 592/1126/8 593/1127/8
f 594/1128/2 595/1129/2 639/1130/844 640/1131/844
f 398/1132/845 246/1133/846 548/1134/846 547/1135/847
f 246/607/465 449/595/453 535/1106/830 548/1136/848
f 391/1090/816 488/1083/849 522/1086/849 525/1091/817
f 487/573/432 233/578/437 527/1094/820 521/1087/850
f 489/1114/851 392/1110/834 539/1111/835 541/1115/851
f 234/575/434 490/569/428 543/1118/852 540/1112/836
f 438/1137/853 318/1138/853 4/1139/854 6/1140/854
f 549/1141/855 550/1142/855 617/1143/856 618/1144/857
f 3/1145/858 317/1146/859 437/1147/859 5/1148/858
f 683/1149/860 684/1150/861 550/1142/855 549/1141/855
f 551/493/351 550/522/380 684/1151/862 685/1152/863
f 552/494/352 551/493/351 685/1152/863 686/1153/864
f 553/185/148 552/494/352 686/1153/864 687/1154/865
f 554/186/149 553/185/148 687/1154/865 688/1155/866
f 555/246/1 554/245/1 688/1156/1 689/1157/1
f 556/417/280 555/416/280 689/1158/867 690/1159/868
f 557/298/1 556/297/1 690/1160/1 691/1161/1
f 691/1162/869 692/1163/870 558/349/214 557/418/281
f 559/350/215 558/349/214 692/1163/870 693/1164/871
f 693/1165/1 694/1166/1 560/1/1 559/71/1
f 694/1166/1 695/1167/1 561/2/1 560/1/1
f 695/1167/1 696/1168/1 562/57/1 561/2/1
f 696/1168/1 697/1169/1 563/75/1 562/57/1
f 697/1169/1 698/1170/1 564/88/1 563/75/1
f 565/51/1 564/88/1 698/1170/1 699/1171/1
f 566/52/1 565/51/1 699/1171/1 700/1172/1
f 700/1172/1 701/1173/1 567/35/1 566/52/1
f 568/36/1 567/35/1 701/1173/1 702/1174/1
f 569/94/1 568/36/1 702/1174/1 703/1175/1
f 703/1176/872 704/1177/873 570/364/229 569/363/228
f 571/443/302 570/364/229 704/1177/873 705/1178/874
f 705/1179/1 706/1180/1 572/312/1 571/311/1
f 706/1181/875 707/1182/876 573/439/298 572/438/298
f 707/1183/1 708/1184/1 574/260/1 573/259/1
f 708/1185/877 709/1186/878 575/208/171 574/207/170
f 709/1186/878 710/1187/879 576/465/323 575/208/171
f 710/1187/879 711/1188/880 577/466/324 576/465/323
f 711/1188/880 712/1189/881 578/508/366 577/466/324
f 712/1190/882 713/1191/883 579/144/107 578/143/107
f 713/1192/884 714/1193/884 580/14/8 579/13/8
f 714/1193/885 715/1194/886 581/97/60 580/14/59
f 582/530/388 581/97/60 715/1194/886 716/1195/887
f 583/637/8 582/530/8 716/1195/887 717/1196/888
f 584/638/8 583/637/8 717/1196/888 718/1197/888
f 585/547/406 584/638/8 718/1197/888 719/1198/889
f 586/548/407 585/547/406 719/1198/889 720/1199/890
f 587/572/431 586/548/407 720/1199/890 721/1200/891
f 721/1201/18 722/1202/18 588/26/18 587/25/18
f 589/589/448 588/1080/810 722/1203/892 723/1204/893
f 590/590/449 589/589/448 723/1204/893 724/1205/894
f 724/1206/18 725/1207/18 591/42/18 590/41/18
f 725/1207/18 726/1208/18 592/83/18 591/42/18
f 593/1127/8 592/1126/8 726/1209/895 727/1210/895
f 594/1072/18 593/1071/18 727/1211/18 728/1212/18
f 728/1213/896 729/1214/896 595/1129/2 594/1128/2
f 596/612/18 595/611/18 729/1215/18 730/1216/18
f 730/1217/897 731/1218/898 597/579/438 596/593/2
f 731/1218/898 732/1219/899 598/580/439 597/579/438
f 732/1219/899 733/1220/900 599/597/455 598/580/439
f 600/668/517 599/597/455 733/1220/900 734/1221/901
f 601/724/561 600/723/561 734/1222/902 735/1223/903
f 602/734/8 601/724/8 735/1223/904 736/1224/904
f 603/708/1 602/707/1 736/1225/1 737/1226/1
f 737/1227/905 738/1228/906 604/727/2 603/737/2
f 738/1228/906 800/1229/2 790/728/2 604/727/2
f 798/1230/2 739/1231/907 605/562/420 791/561/2
f 739/1231/907 740/1232/908 606/621/475 605/562/420
f 740/1232/908 741/1233/909 607/622/476 606/621/475
f 741/1233/909 742/1234/910 608/537/569 607/622/476
f 742/1234/911 743/1235/912 609/79/395 608/537/395
f 743/1235/913 744/1236/914 610/61/37 609/79/49
f 744/1236/914 745/1237/915 611/62/38 610/61/37
f 745/1238/18 746/1239/18 612/682/18 611/681/18
f 746/1240/916 747/1241/917 613/644/494 612/643/494
f 747/1242/918 748/1243/919 614/10/5 613/9/4
f 748/1243/919 749/1244/920 615/67/43 614/10/5
f 749/1245/921 683/1246/921 549/6/2 615/5/2
f 321/1058/790 320/1060/792 617/521/379 616/492/350
f 618/1144/857 617/1143/856 320/1062/794 318/1061/793
f 619/8/3 618/7/3 318/1138/853 438/1137/853
f 620/11/6 619/68/44 438/902/684 436/901/683
f 621/12/7 620/11/6 436/901/683 433/905/687
f 622/646/496 621/645/495 433/908/690 431/907/689
f 623/684/18 622/683/18 431/910/18 429/909/18
f 624/64/40 623/63/39 429/914/692 427/913/691
f 625/80/50 624/64/40 427/913/691 426/917/695
f 626/538/397 625/80/396 426/917/695 424/919/697
f 627/623/477 626/538/570 424/919/700 422/921/699
f 628/624/478 627/623/477 422/921/699 419/923/703
f 629/563/421 628/624/478 419/923/703 418/925/705
f 797/564/922 629/563/421 418/925/705 787/927/922
f 630/730/563 795/729/923 786/930/923 416/929/708
f 631/738/567 630/730/563 416/929/708 414/933/711
f 414/937/1 412/936/1 632/706/1 631/705/1
f 412/941/714 410/940/714 633/721/565 632/733/565
f 410/940/717 408/944/716 634/722/560 633/721/559
f 408/946/719 406/945/718 635/598/456 634/667/516
f 636/581/440 635/598/456 406/945/718 404/947/720
f 637/582/441 636/581/440 404/947/720 402/949/722
f 638/594/452 637/582/441 402/949/722 400/951/724
f 400/955/18 398/954/18 639/610/18 638/609/18
f 640/1131/844 639/1130/844 398/1132/845 547/1135/847
f 533/958/803 641/1070/18 640/1069/18 547/1073/804
f 448/1247/924 642/1125/843 641/1124/843 533/1248/924
f 643/43/18 642/84/18 448/1249/18 396/1250/18
f 644/44/18 643/43/18 396/1250/18 394/1251/18
f 394/1252/925 392/1253/926 645/588/447 644/587/446
f 489/1254/927 646/1079/809 645/588/447 392/1253/926
f 647/28/18 646/27/18 489/1255/18 389/1256/18
f 389/973/739 387/972/738 648/545/404 647/571/430
f 387/972/738 385/976/742 649/546/405 648/545/404
f 385/976/742 384/978/744 650/635/489 649/546/405
f 384/978/744 381/980/744 651/636/489 650/635/489
f 381/980/744 379/982/746 652/529/387 651/636/489
f 379/982/746 377/984/748 653/98/61 652/529/387
f 654/15/62 653/98/61 377/984/748 376/985/749
f 655/16/9 654/15/9 376/985/751 374/987/751
f 656/146/109 655/145/108 374/990/754 372/989/753
f 657/467/325 656/509/367 372/992/756 370/991/755
f 658/468/326 657/467/325 370/991/755 367/995/759
f 659/209/172 658/468/326 367/995/759 366/997/761
f 660/210/173 659/209/172 366/997/761 364/999/763
f 661/262/1 660/261/1 364/1002/1 362/1001/1
f 662/441/300 661/440/299 362/1004/766 360/1003/765
f 663/314/1 662/313/1 360/1008/1 358/1007/1
f 358/1011/770 356/1010/769 664/365/230 663/442/301
f 665/366/231 664/365/230 356/1010/769 354/1013/772
f 354/1017/1 352/1016/1 666/33/1 665/93/1
f 352/1016/1 508/1020/1 667/34/1 666/33/1
f 668/49/1 667/34/1 508/1020/1 349/1023/1
f 349/1023/1 347/1022/1 669/50/1 668/49/1
f 347/1022/1 468/1026/1 670/87/1 669/50/1
f 671/76/1 670/87/1 468/1026/1 346/1028/1
f 672/58/1 671/76/1 346/1028/1 344/1027/1
f 673/3/1 672/58/1 344/1027/1 342/1031/1
f 674/4/1 673/3/1 342/1031/1 339/1033/1
f 675/72/1 674/4/1 339/1033/1 338/1035/1
f 338/1039/776 336/1038/775 676/348/213 675/347/212
f 677/419/282 676/348/213 336/1038/775 334/1041/778
f 334/1044/1 332/1043/1 678/296/1 677/295/1
f 332/1047/782 330/1046/781 679/415/279 678/414/278
f 330/1050/1 328/1049/1 680/244/1 679/243/1
f 328/1053/785 325/1052/784 681/184/147 680/183/146
f 325/1052/784 324/1056/788 682/491/349 681/184/147
f 324/1056/788 321/1058/790 616/492/350 682/491/349
f 319/129/93 684/1150/861 683/1149/860 317/130/94
f 685/1152/863 684/1151/862 319/742/574 322/741/573
f 686/1153/864 685/1152/863 322/741/573 323/745/577
f 687/1154/865 686/1153/864 323/745/577 326/747/579
f 688/1155/866 687/1154/865 326/747/579 327/749/581
f 689/1157/1 688/1156/1 327/752/1 329/751/1
f 690/1159/868 689/1158/867 329/754/584 331/753/583
f 691/1161/1 690/1160/1 331/758/1 333/757/1
f 333/761/588 335/760/587 692/1163/870 691/1162/869
f 693/1164/871 692/1163/870 335/760/587 337/763/590
f 337/767/1 340/766/1 694/1166/1 693/1165/1
f 340/766/1 341/770/1 695/1167/1 694/1166/1
f 341/770/1 343/772/1 696/1168/1 695/1167/1
f 343/772/1 345/774/1 697/1169/1 696/1168/1
f 469/776/1 698/1170/1 697/1169/1 345/774/1
f 699/1171/1 698/1170/1 469/776/1 348/775/1
f 700/1172/1 699/1171/1 348/775/1 350/779/1
f 509/782/1 701/1173/1 700/1172/1 350/779/1
f 702/1174/1 701/1173/1 509/782/1 351/781/1
f 703/1175/1 702/1174/1 351/781/1 353/785/1
f 353/789/594 355/788/593 704/1177/873 703/1176/872
f 705/1178/874 704/1177/873 355/788/593 357/791/596
f 357/794/1 359/793/1 706/1180/1 705/1179/1
f 359/797/600 361/796/599 707/1182/876 706/1181/875
f 361/800/1 363/799/1 708/1184/1 707/1183/1
f 363/803/603 365/802/602 709/1186/878 708/1185/877
f 365/802/602 368/806/606 710/1187/879 709/1186/878
f 368/806/606 369/808/608 711/1188/880 710/1187/879
f 369/808/608 371/810/610 712/1189/881 711/1188/880
f 371/812/612 373/811/611 713/1191/883 712/1190/882
f 373/815/614 375/814/614 714/1193/884 713/1192/884
f 375/814/617 378/818/616 715/1194/886 714/1193/885
f 716/1195/887 715/1194/886 378/818/616 380/819/619
f 717/1196/888 716/1195/887 380/819/619 382/821/621
f 718/1197/888 717/1196/888 382/821/621 383/823/621
f 719/1198/889 718/1197/888 383/823/621 386/825/623
f 720/1199/890 719/1198/889 386/825/623 388/827/625
f 721/1200/891 720/1199/890 388/827/625 390/829/627
f 390/1257/18 488/1258/18 722/1202/18 721/1201/18
f 723/1204/893 722/1203/892 488/1259/928 391/1260/929
f 724/1205/894 723/1204/893 391/1260/929 393/1261/930
f 393/1262/18 395/1263/18 725/1207/18 724/1206/18
f 395/1263/18 447/1264/18 726/1208/18 725/1207/18
f 727/1210/895 726/1209/895 447/1265/931 532/1266/931
f 728/1212/18 727/1211/18 532/844/801 546/1068/800
f 397/1120/840 729/1214/896 728/1213/896 546/1121/841
f 730/1216/18 729/1215/18 397/846/18 399/845/18
f 399/851/642 401/850/641 731/1218/898 730/1217/897
f 401/850/641 403/854/645 732/1219/899 731/1218/898
f 403/854/645 405/855/646 733/1220/900 732/1219/899
f 734/1221/901 733/1220/900 405/855/646 407/856/647
f 735/1223/903 734/1222/902 407/858/649 409/857/648
f 736/1224/904 735/1223/904 409/857/651 411/861/651
f 737/1226/1 736/1225/1 411/864/1 413/863/1
f 413/869/655 415/868/654 738/1228/906 737/1227/905
f 415/868/654 784/872/932 801/1229/932 738/1228/906
f 782/875/933 417/874/659 739/1231/907 799/1230/933
f 417/874/659 420/878/662 740/1232/908 739/1231/907
f 420/878/662 421/880/664 741/1233/909 740/1232/908
f 421/880/664 423/882/666 742/1234/910 741/1233/909
f 423/882/669 425/884/668 743/1235/912 742/1234/911
f 425/884/668 428/886/672 744/1236/914 743/1235/913
f 428/886/672 430/888/674 745/1237/915 744/1236/914
f 430/891/18 432/890/18 746/1239/18 745/1238/18
f 432/894/676 434/893/675 747/1241/917 746/1240/916
f 434/897/679 435/896/678 748/1243/919 747/1242/918
f 435/896/678 437/900/682 749/1244/920 748/1243/919
f 437/1147/859 317/1146/859 683/1246/921 749/1245/921
f 166/199/162 167/526/384 751/1267/934 750/1268/935
f 167/1269/936 60/1270/936 752/1271/937 751/1272/938
f 60/230/179 64/229/178 753/1273/939 752/1274/939
f 64/200/940 166/199/940 750/1268/940 753/1275/940
f 172/525/383 173/201/164 755/1276/941 754/1277/942
f 173/201/943 63/204/943 756/1278/943 755/1276/943
f 63/234/181 59/233/180 757/1279/944 756/1280/944
f 59/1281/945 172/1282/945 754/1283/946 757/1284/947
f 175/190/153 176/149/112 759/1285/948 758/1286/949
f 176/1287/950 56/1288/950 760/1289/950 759/1290/950
f 56/213/176 66/237/176 761/1291/951 760/1292/951
f 66/191/952 175/190/952 758/1286/952 761/1293/952
f 163/154/117 164/193/156 763/1294/953 762/1295/954
f 164/193/955 65/196/955 764/1296/955 763/1294/955
f 65/239/177 55/218/177 765/1297/956 764/1298/956
f 55/1299/957 163/1300/957 762/1301/957 765/1302/957
f 750/1268/935 751/1267/934 767/166/129 766/165/128
f 751/1267/938 752/1303/937 768/167/958 767/166/958
f 752/1303/959 753/1275/959 769/168/131 768/167/130
f 753/1275/960 750/1268/960 766/165/960 769/168/960
f 754/1277/942 755/1276/941 771/170/133 770/169/132
f 755/1276/961 756/1278/961 772/171/961 771/170/961
f 756/1278/962 757/1304/962 773/172/135 772/171/134
f 757/1304/947 754/1277/946 770/169/963 773/172/963
f 758/1286/949 759/1285/948 775/174/137 774/173/136
f 759/1285/964 760/1305/964 776/175/964 775/174/964
f 760/1305/965 761/1293/965 777/176/139 776/175/138
f 761/1293/966 758/1286/966 774/173/966 777/176/966
f 762/1295/954 763/1294/953 779/178/141 778/177/140
f 763/1294/967 764/1296/967 780/179/967 779/178/967
f 764/1296/968 765/1306/968 781/180/143 780/179/142
f 765/1306/969 762/1295/969 778/177/969 781/180/969
f 802/1307/970 803/1308/970 804/1309/970 805/1310/970
f 806/1311/971 807/1312/971 808/1313/971 809/1314/971
f 810/1315/972 811/1316/972 812/1317/972 813/1318/972
f 814/1319/973 815/1320/973 816/1321/973 817/1322/973
o pCube1
v -0.000176 0.011651 -0.011046
v 0.000176 0.011651 -0.011046
v -0.000176 0.011899 -0.011046
v 0.000176 0.011899 -0.011046
v -0.000176 0.011899 -0.011368
v 0.000176 0.011899 -0.011368
v -0.000176 0.011651 -0.011368
v 0.000176 0.011651 -0.011368
v -0.000176 0.011898 -0.013213
v 0.000176 0.011898 -0.013213
v 0.000176 0.011652 -0.013189
v -0.000176 0.011652 -0.013189
v -0.000176 0.011670 -0.015550
v 0.000176 0.011670 -0.015550
v 0.000176 0.011423 -0.015526
v -0.000176 0.011423 -0.015526
v -0.000176 0.011475 -0.017007
v 0.000176 0.011475 -0.017007
v 0.000176 0.011235 -0.016946
v -0.000176 0.011235 -0.016946
v -0.000176 0.011132 -0.018338
v 0.000176 0.011132 -0.018338
v 0.000176 0.010892 -0.018276
v -0.000176 0.010892 -0.018276
v -0.000176 0.010618 -0.020328
v 0.000176 0.010618 -0.020328
v 0.000176 0.010386 -0.020241
v -0.000176 0.010386 -0.020241
v -0.000176 0.010026 -0.021914
v 0.000176 0.010026 -0.021914
v 0.000176 0.009794 -0.021827
v -0.000176 0.009794 -0.021827
v -0.000176 0.009922 -0.022194
v 0.000176 0.009922 -0.022194
v 0.000176 0.009689 -0.022107
v -0.000176 0.009689 -0.022107
v 0.000478 0.011639 -0.011366
v 0.000470 0.011638 -0.011044
v 0.000507 0.011883 -0.011365
v 0.000499 0.011883 -0.011043
v 0.000520 0.011640 -0.013186
v 0.000549 0.011883 -0.013209
v 0.000547 0.011415 -0.015523
v 0.000577 0.011658 -0.015546
v 0.000558 0.011229 -0.016943
v 0.000588 0.011466 -0.017004
v 0.000549 0.010891 -0.018275
v 0.000579 0.011128 -0.018336
v 0.000536 0.010392 -0.020242
v 0.000565 0.010622 -0.020327
v 0.000503 0.009808 -0.021830
v 0.000532 0.010038 -0.021915
v 0.000498 0.009705 -0.022110
v 0.000527 0.009934 -0.022196
v -0.000478 0.011639 -0.011366
v -0.000470 0.011638 -0.011044
v -0.000499 0.011883 -0.011043
v -0.000507 0.011883 -0.011365
v -0.000549 0.011883 -0.013209
v -0.000520 0.011640 -0.013186
v -0.000577 0.011658 -0.015546
v -0.000547 0.011415 -0.015523
v -0.000588 0.011466 -0.017004
v -0.000558 0.011229 -0.016943
v -0.000579 0.011128 -0.018336
v -0.000549 0.010891 -0.018275
v -0.000565 0.010622 -0.020327
v -0.000536 0.010392 -0.020242
v -0.000532 0.010038 -0.021915
v -0.000503 0.009808 -0.021830
v -0.000527 0.009934 -0.022196
v -0.000498 0.009705 -0.022110
v 0.000995 0.011547 -0.011352
v 0.000988 0.011550 -0.011029
v 0.001074 0.011770 -0.011350
v 0.001067 0.011773 -0.011028
v 0.001035 0.011532 -0.013172
v 0.001115 0.011753 -0.013194
v 0.001014 0.011305 -0.015509
v 0.001094 0.011527 -0.015532
v 0.000985 0.011124 -0.016928
v 0.001063 0.011339 -0.016989
v 0.000905 0.010804 -0.018260
v 0.000983 0.011019 -0.018321
v 0.000786 0.010332 -0.020227
v 0.000862 0.010540 -0.020312
v 0.000632 0.009786 -0.021815
v 0.000708 0.009994 -0.021901
v 0.000604 0.009690 -0.022096
v 0.000681 0.009898 -0.022181
v -0.000995 0.011547 -0.011352
v -0.000988 0.011550 -0.011029
v -0.001067 0.011773 -0.011028
v -0.001074 0.011770 -0.011350
v -0.001115 0.011753 -0.013194
v -0.001035 0.011532 -0.013172
v -0.001094 0.011527 -0.015532
v -0.001014 0.011305 -0.015509
v -0.001063 0.011339 -0.016989
v -0.000985 0.011124 -0.016928
v -0.000983 0.011019 -0.018321
v -0.000905 0.010804 -0.018260
v -0.000862 0.010540 -0.020312
v -0.000786 0.010332 -0.020227
v -0.000708 0.009994 -0.021901
v -0.000632 0.009786 -0.021815
v -0.000681 0.009898 -0.022181
v -0.000604 0.009690 -0.022096
v 0.001531 0.011208 -0.011334
v 0.001525 0.011214 -0.011012
v 0.001656 0.011386 -0.011333
v 0.001650 0.011392 -0.011011
v 0.001566 0.011175 -0.013154
v 0.001691 0.011352 -0.013177
v 0.001495 0.010969 -0.015491
v 0.001620 0.011146 -0.015514
v 0.001427 0.010809 -0.016911
v 0.001549 0.010980 -0.016972
v 0.001278 0.010539 -0.018243
v 0.001401 0.010710 -0.018304
v 0.001060 0.010140 -0.020210
v 0.001179 0.010305 -0.020295
v 0.000790 0.009686 -0.021798
v 0.000909 0.009852 -0.021883
v 0.000742 0.009606 -0.022078
v 0.000862 0.009772 -0.022164
v -0.001531 0.011208 -0.011334
v -0.001525 0.011214 -0.011012
v -0.001650 0.011392 -0.011011
v -0.001656 0.011386 -0.011333
v -0.001691 0.011352 -0.013177
v -0.001566 0.011175 -0.013154
v -0.001620 0.011146 -0.015514
v -0.001495 0.010969 -0.015491
v -0.001549 0.010980 -0.016972
v -0.001427 0.010809 -0.016911
v -0.001401 0.010710 -0.018304
v -0.001278 0.010539 -0.018243
v -0.001179 0.010305 -0.020295
v -0.001060 0.010140 -0.020210
v -0.000909 0.009852 -0.021883
v -0.000790 0.009686 -0.021798
v -0.000862 0.009772 -0.022164
v -0.000742 0.009606 -0.022078
v 0.002017 0.010562 -0.011317
v 0.002013 0.010570 -0.010994
v 0.002186 0.010649 -0.011315
v 0.002182 0.010658 -0.010993
v 0.002039 0.010512 -0.013137
v 0.002207 0.010598 -0.013159
v 0.001910 0.010367 -0.015474
v 0.002079 0.010454 -0.015497
v 0.001799 0.010262 -0.016893
v 0.001963 0.010345 -0.016954
v 0.001581 0.010104 -0.018225
v 0.001745 0.010187 -0.018286
v 0.001260 0.009871 -0.020192
v 0.001419 0.009951 -0.020277
v 0.000875 0.009619 -0.021780
v 0.001034 0.009699 -0.021866
v 0.000807 0.009574 -0.022061
v 0.000966 0.009654 -0.022146
v -0.002017 0.010562 -0.011317
v -0.002013 0.010570 -0.010994
v -0.002182 0.010658 -0.010993
v -0.002186 0.010649 -0.011315
v -0.002207 0.010598 -0.013159
v -0.002039 0.010512 -0.013137
v -0.002079 0.010454 -0.015497
v -0.001910 0.010367 -0.015474
v -0.001963 0.010345 -0.016954
v -0.001799 0.010262 -0.016893
v -0.001745 0.010187 -0.018286
v -0.001581 0.010104 -0.018225
v -0.001419 0.009951 -0.020277
v -0.001260 0.009871 -0.020192
v -0.001034 0.009699 -0.021866
v -0.000875 0.009619 -0.021780
v -0.000966 0.009654 -0.022146
v -0.000807 0.009574 -0.022061
v 0.002181 0.010103 -0.011309
v 0.002178 0.010113 -0.010987
v 0.002358 0.010150 -0.011308
v 0.002355 0.010159 -0.010986
v 0.002196 0.010049 -0.013129
v 0.002372 0.010095 -0.013152
v 0.002051 0.009937 -0.015466
v 0.002228 0.009982 -0.015489
v 0.001928 0.009860 -0.016886
v 0.002101 0.009903 -0.016947
v 0.001694 0.009756 -0.018218
v 0.001866 0.009799 -0.018279
v 0.001348 0.009603 -0.020185
v 0.001515 0.009644 -0.020270
v 0.000938 0.009445 -0.021773
v 0.001105 0.009486 -0.021858
v 0.000866 0.009418 -0.022053
v 0.001032 0.009458 -0.022139
v -0.002181 0.010103 -0.011309
v -0.002178 0.010113 -0.010987
v -0.002355 0.010159 -0.010986
v -0.002358 0.010150 -0.011308
v -0.002372 0.010095 -0.013152
v -0.002196 0.010049 -0.013129
v -0.002228 0.009982 -0.015489
v -0.002051 0.009937 -0.015466
v -0.002101 0.009903 -0.016947
v -0.001928 0.009860 -0.016886
v -0.001866 0.009799 -0.018279
v -0.001694 0.009756 -0.018218
v -0.001515 0.009644 -0.020270
v -0.001348 0.009603 -0.020185
v -0.001105 0.009486 -0.021858
v -0.000938 0.009445 -0.021773
v -0.001032 0.009458 -0.022139
v -0.000866 0.009418 -0.022053
v -0.000177 0.011965 -0.011054
v 0.000177 0.011965 -0.011054
v 0.000177 0.011965 -0.011360
v -0.000177 0.011965 -0.011360
v -0.000176 0.010086 -0.021944
v 0.000176 0.010086 -0.021944
v 0.000176 0.009986 -0.022210
v -0.000176 0.009986 -0.022210
v 0.000507 0.011948 -0.011051
v 0.000514 0.011948 -0.011357
v 0.000534 0.010096 -0.021945
v 0.000528 0.009998 -0.022211
v -0.000514 0.011948 -0.011357
v -0.000507 0.011948 -0.011051
v -0.000528 0.009998 -0.022211
v -0.000534 0.010096 -0.021945
v 0.001081 0.011832 -0.011036
v 0.001088 0.011829 -0.011342
v 0.000723 0.010048 -0.021930
v 0.000697 0.009957 -0.022197
v -0.001088 0.011829 -0.011342
v -0.001081 0.011832 -0.011036
v -0.000697 0.009957 -0.022197
v -0.000723 0.010048 -0.021930
v 0.001677 0.011440 -0.011019
v 0.001683 0.011435 -0.011325
v 0.000933 0.009900 -0.021912
v 0.000888 0.009824 -0.022179
v -0.001683 0.011435 -0.011325
v -0.001677 0.011440 -0.011019
v -0.000888 0.009824 -0.022179
v -0.000933 0.009900 -0.021912
v 0.002216 0.010698 -0.011001
v 0.002220 0.010689 -0.011335
v 0.001074 0.009735 -0.021871
v 0.001004 0.009690 -0.022161
v -0.002220 0.010689 -0.011335
v -0.002216 0.010698 -0.011001
v -0.001004 0.009690 -0.022161
v -0.001074 0.009735 -0.021871
v 0.002395 0.010200 -0.010994
v 0.002397 0.010190 -0.011327
v 0.002253 0.010612 -0.013168
v 0.002410 0.010134 -0.013161
v 0.002126 0.010469 -0.015492
v 0.002268 0.010021 -0.015485
v 0.002009 0.010359 -0.016964
v 0.002139 0.009939 -0.016957
v 0.001790 0.010202 -0.018310
v 0.001905 0.009833 -0.018303
v 0.001463 0.009968 -0.020291
v 0.001554 0.009676 -0.020284
v 0.001149 0.009519 -0.021864
v 0.001074 0.009489 -0.022155
v -0.002397 0.010190 -0.011327
v -0.002395 0.010200 -0.010994
v -0.002253 0.010612 -0.013168
v -0.002410 0.010134 -0.013161
v -0.002126 0.010469 -0.015492
v -0.002268 0.010021 -0.015485
v -0.002009 0.010359 -0.016964
v -0.002139 0.009939 -0.016957
v -0.001790 0.010202 -0.018310
v -0.001905 0.009833 -0.018303
v -0.001463 0.009968 -0.020291
v -0.001554 0.009676 -0.020284
v -0.001149 0.009519 -0.021864
v -0.001074 0.009489 -0.022155
vn 0.0040 -0.0011 1.0000
vn -0.0040 -0.0011 1.0000
vn -0.0032 0.0260 0.9997
vn 0.0028 0.0260 0.9997
vn -0.0250 0.9997 0.0004
vn 0.0250 0.9997 0.0004
vn 0.0246 0.9997 0.0003
vn -0.0246 0.9997 0.0003
vn -0.0034 -0.3269 -0.9451
vn 0.0034 -0.3269 -0.9451
vn 0.0039 -0.3498 -0.9368
vn -0.0039 -0.3498 -0.9368
vn 0.0182 -0.9998 -0.0005
vn -0.0182 -0.9998 -0.0005
vn -0.0192 -0.9998 -0.0003
vn 0.0192 -0.9998 -0.0003
vn 0.2524 -0.9671 0.0308
vn -0.2524 -0.9671 0.0309
vn -0.2524 -0.9671 0.0308
vn -0.0219 0.9998 -0.0000
vn 0.0219 0.9998 -0.0000
vn 0.0199 0.9983 -0.0555
vn -0.0199 0.9983 -0.0555
vn 0.2524 -0.9671 0.0309
vn 0.0161 -0.9983 0.0556
vn -0.0161 -0.9983 0.0556
vn 0.0167 0.9937 -0.1106
vn -0.0167 0.9937 -0.1106
vn 0.3633 -0.9314 0.0211
vn 0.0128 -0.9938 0.1100
vn -0.0128 -0.9938 0.1100
vn -0.3633 -0.9314 0.0211
vn 0.0116 0.9819 -0.1889
vn -0.0116 0.9819 -0.1889
vn 0.3611 -0.9324 0.0149
vn 0.0075 -0.9819 0.1890
vn -0.0075 -0.9819 0.1891
vn -0.3611 -0.9324 0.0150
vn 0.0048 0.9685 -0.2489
vn -0.0044 0.9685 -0.2489
vn 0.3440 -0.9389 0.0126
vn -0.0000 -0.9686 0.2485
vn -0.3440 -0.9389 0.0126
vn -0.0036 0.9559 -0.2936
vn 0.0036 0.9559 -0.2937
vn 0.3444 -0.9388 0.0092
vn -0.0084 -0.9559 0.2936
vn 0.0084 -0.9559 0.2936
vn -0.3444 -0.9388 0.0092
vn -0.0095 0.9373 -0.3485
vn 0.0092 0.9372 -0.3485
vn 0.3352 -0.9421 0.0071
vn -0.0156 -0.9372 0.3485
vn 0.0156 -0.9372 0.3485
vn -0.3352 -0.9421 0.0071
vn 0.0147 0.9372 -0.3485
vn -0.0147 0.9372 -0.3485
vn -0.0146 0.9372 -0.3485
vn 0.0146 0.9372 -0.3485
vn 0.3415 -0.9399 0.0053
vn -0.0222 -0.9371 0.3484
vn 0.0222 -0.9371 0.3484
vn -0.3415 -0.9399 0.0053
vn -0.1307 -0.9914 -0.0004
vn -0.1240 -0.9923 0.0001
vn 0.1459 0.9893 0.0004
vn 0.1464 0.9892 0.0004
vn -0.0199 -0.0005 0.9998
vn -0.0156 0.0292 0.9995
vn -0.1366 -0.9892 0.0538
vn 0.1474 0.9891 0.0002
vn 0.1518 0.9870 -0.0534
vn -0.1397 -0.9843 0.1076
vn 0.1547 0.9820 -0.1080
vn -0.1349 -0.9736 0.1840
vn 0.1508 0.9714 -0.1836
vn -0.1175 -0.9621 0.2459
vn 0.1363 0.9596 -0.2461
vn -0.0900 -0.9540 0.2861
vn 0.1148 0.9512 -0.2864
vn -0.0540 -0.9365 0.3466
vn 0.0914 0.9336 -0.3466
vn -0.0130 -0.9379 0.3466
vn 0.0137 -0.3268 -0.9450
vn 0.0139 -0.3554 -0.9346
vn 0.0689 0.9354 -0.3469
vn 0.0658 0.9354 -0.3475
vn 0.1240 -0.9923 0.0001
vn 0.1307 -0.9914 -0.0005
vn 0.0156 0.0292 0.9995
vn 0.0199 -0.0004 0.9998
vn -0.1464 0.9892 0.0004
vn -0.1459 0.9893 0.0004
vn -0.1518 0.9870 -0.0534
vn -0.1474 0.9891 0.0002
vn 0.1366 -0.9892 0.0538
vn -0.1547 0.9820 -0.1080
vn 0.1397 -0.9843 0.1076
vn -0.1508 0.9714 -0.1836
vn 0.1349 -0.9736 0.1840
vn -0.1365 0.9596 -0.2460
vn 0.1175 -0.9621 0.2459
vn -0.1148 0.9512 -0.2864
vn 0.0900 -0.9540 0.2861
vn -0.0914 0.9336 -0.3466
vn 0.0540 -0.9365 0.3466
vn -0.0658 0.9356 -0.3470
vn -0.0689 0.9352 -0.3475
vn -0.0139 -0.3554 -0.9346
vn -0.0137 -0.3268 -0.9450
vn 0.0130 -0.9379 0.3466
vn -0.3902 -0.9207 -0.0002
vn -0.3768 -0.9263 0.0004
vn 0.4000 0.9165 0.0002
vn 0.3998 0.9166 0.0002
vn -0.0266 0.0038 0.9996
vn -0.0117 0.0361 0.9993
vn -0.4053 -0.9128 0.0503
vn 0.4096 0.9122 0.0001
vn 0.4214 0.9055 -0.0499
vn -0.4210 -0.9012 0.1028
vn 0.4364 0.8939 -0.1029
vn -0.4309 -0.8855 0.1737
vn 0.4459 0.8782 -0.1732
vn -0.4313 -0.8710 0.2350
vn 0.4483 0.8626 -0.2344
vn -0.4265 -0.8641 0.2672
vn 0.4483 0.8529 -0.2675
vn -0.4089 -0.8502 0.3316
vn 0.4412 0.8347 -0.3295
vn -0.3853 -0.8607 0.3328
vn -0.0510 -0.3283 -0.9432
vn -0.0649 -0.3623 -0.9298
vn 0.4370 0.8369 -0.3296
vn 0.4327 0.8390 -0.3300
vn 0.3768 -0.9263 0.0004
vn 0.3902 -0.9207 -0.0002
vn 0.0117 0.0361 0.9993
vn 0.0266 0.0038 0.9996
vn -0.3998 0.9166 0.0002
vn -0.4000 0.9165 0.0002
vn -0.4214 0.9055 -0.0499
vn -0.4096 0.9122 0.0001
vn 0.4054 -0.9128 0.0503
vn -0.4364 0.8939 -0.1029
vn 0.4210 -0.9012 0.1028
vn -0.4459 0.8782 -0.1731
vn 0.4309 -0.8855 0.1737
vn -0.4483 0.8626 -0.2344
vn 0.4313 -0.8710 0.2350
vn -0.4483 0.8529 -0.2675
vn 0.4265 -0.8641 0.2672
vn -0.4412 0.8347 -0.3295
vn 0.4089 -0.8502 0.3316
vn -0.4327 0.8390 -0.3299
vn -0.4370 0.8369 -0.3296
vn 0.0649 -0.3623 -0.9298
vn 0.0510 -0.3283 -0.9432
vn 0.3853 -0.8607 0.3328
vn -0.7019 -0.7122 0.0004
vn -0.6925 -0.7214 0.0010
vn 0.7106 0.7036 -0.0007
vn 0.7124 0.7017 -0.0007
vn -0.0222 0.0096 0.9997
vn 0.0062 0.0363 0.9993
vn -0.7109 -0.7018 0.0458
vn 0.7182 0.6959 -0.0003
vn 0.7249 0.6874 -0.0453
vn -0.7190 -0.6887 0.0932
vn 0.7327 0.6742 -0.0931
vn -0.7181 -0.6779 0.1574
vn 0.7324 0.6627 -0.1566
vn -0.7055 -0.6755 0.2142
vn 0.7235 0.6566 -0.2131
vn -0.6831 -0.6885 0.2436
vn 0.7104 0.6604 -0.2435
vn -0.6294 -0.7139 0.3071
vn 0.6853 0.6622 -0.3031
vn -0.5396 -0.7827 0.3101
vn -0.1345 -0.3383 -0.9314
vn -0.1490 -0.3757 -0.9147
vn 0.6588 0.6881 -0.3040
vn 0.6539 0.6925 -0.3048
vn 0.6925 -0.7214 0.0010
vn 0.7019 -0.7122 0.0004
vn -0.0062 0.0363 0.9993
vn 0.0223 0.0095 0.9997
vn -0.7124 0.7017 -0.0009
vn -0.7106 0.7036 -0.0007
vn -0.7249 0.6874 -0.0453
vn -0.7182 0.6959 -0.0003
vn 0.7109 -0.7018 0.0458
vn -0.7327 0.6742 -0.0931
vn 0.7190 -0.6887 0.0932
vn -0.7324 0.6627 -0.1566
vn 0.7181 -0.6779 0.1574
vn -0.7235 0.6566 -0.2131
vn 0.7055 -0.6755 0.2142
vn -0.7104 0.6604 -0.2435
vn 0.6830 -0.6885 0.2437
vn -0.6853 0.6622 -0.3031
vn 0.6294 -0.7139 0.3071
vn -0.6539 0.6925 -0.3047
vn -0.6589 0.6881 -0.3039
vn 0.1490 -0.3757 -0.9147
vn 0.1345 -0.3383 -0.9314
vn 0.5396 -0.7827 0.3101
vn -0.8660 -0.5000 0.0005
vn -0.8603 -0.5097 0.0010
vn 0.8673 0.4978 -0.0010
vn 0.9242 0.3819 -0.0004
vn -0.0167 0.0114 0.9998
vn 0.0178 0.0294 0.9994
vn -0.8719 -0.4879 0.0423
vn 0.8189 0.5739 -0.0007
vn 0.8245 0.5642 -0.0427
vn -0.8761 -0.4745 0.0858
vn 0.8297 0.5514 -0.0870
vn -0.8750 -0.4619 0.1451
vn 0.8292 0.5394 -0.1465
vn -0.8682 -0.4555 0.1971
vn 0.8209 0.5353 -0.1990
vn -0.8609 -0.4567 0.2240
vn 0.8101 0.5409 -0.2261
vn -0.8384 -0.4663 0.2824
vn 0.7878 0.5467 -0.2838
vn -0.5761 -0.7647 0.2887
vn -0.2909 -0.2451 -0.9248
vn -0.3111 -0.2863 -0.9063
vn 0.9074 0.3222 -0.2700
vn 0.8484 0.4492 -0.2802
vn 0.8603 -0.5097 0.0015
vn 0.8660 -0.5000 0.0005
vn -0.0178 0.0294 0.9994
vn 0.0166 0.0113 0.9998
vn -0.9242 0.3819 -0.0004
vn -0.8673 0.4978 -0.0010
vn -0.8245 0.5642 -0.0427
vn -0.8189 0.5739 -0.0007
vn 0.8719 -0.4879 0.0423
vn -0.8297 0.5514 -0.0870
vn 0.8761 -0.4745 0.0858
vn -0.8292 0.5394 -0.1465
vn 0.8750 -0.4619 0.1451
vn -0.8211 0.5349 -0.1989
vn 0.8682 -0.4555 0.1971
vn -0.8101 0.5409 -0.2261
vn 0.8609 -0.4567 0.2240
vn -0.7878 0.5467 -0.2838
vn 0.8384 -0.4663 0.2823
vn -0.8484 0.4492 -0.2802
vn -0.9074 0.3222 -0.2700
vn 0.3111 -0.2863 -0.9063
vn 0.2909 -0.2451 -0.9248
vn 0.5761 -0.7647 0.2886
vn -0.9437 -0.3308 -0.0001
vn -0.9411 -0.3382 0.0004
vn 0.9419 0.3358 -0.0003
vn 0.9455 0.3257 -0.0001
vn -0.0119 0.0111 0.9999
vn 0.0151 0.0205 0.9997
vn -0.9460 -0.3218 0.0405
vn 0.9485 0.3144 -0.0384
vn 0.9485 0.3142 -0.0394
vn -0.9465 -0.3120 0.0818
vn 0.9496 0.3026 -0.0816
vn 0.9496 0.3025 -0.0819
vn -0.9426 -0.3033 0.1399
vn 0.9459 0.2937 -0.1380
vn 0.9457 0.2936 -0.1394
vn -0.9351 -0.3003 0.1881
vn 0.9386 0.2893 -0.1879
vn 0.9387 0.2892 -0.1877
vn -0.9278 -0.3029 0.2178
vn 0.9316 0.2908 -0.2183
vn 0.9313 0.2908 -0.2192
vn -0.9134 -0.3064 0.2681
vn 0.9175 0.2946 -0.2672
vn -0.9082 -0.3209 0.2687
vn -0.3788 -0.1697 -0.9098
vn -0.4041 -0.1796 -0.8969
vn 0.9128 0.3079 -0.2682
vn 0.9411 -0.3382 0.0004
vn 0.9437 -0.3308 -0.0001
vn -0.0151 0.0205 0.9997
vn 0.0119 0.0111 0.9999
vn -0.9455 0.3257 -0.0001
vn -0.9419 0.3358 -0.0003
vn -0.9485 0.3144 -0.0384
vn -0.9485 0.3142 -0.0394
vn 0.9460 -0.3218 0.0405
vn -0.9496 0.3026 -0.0816
vn -0.9496 0.3025 -0.0819
vn 0.9465 -0.3120 0.0818
vn -0.9459 0.2937 -0.1380
vn -0.9457 0.2936 -0.1394
vn 0.9426 -0.3033 0.1399
vn -0.9387 0.2892 -0.1876
vn -0.9387 0.2892 -0.1877
vn 0.9350 -0.3007 0.1881
vn -0.9316 0.2908 -0.2182
vn -0.9313 0.2908 -0.2191
vn 0.9278 -0.3029 0.2178
vn -0.9175 0.2946 -0.2672
vn 0.9134 -0.3064 0.2681
vn -0.9128 0.3079 -0.2682
vn 0.4041 -0.1796 -0.8969
vn 0.3788 -0.1697 -0.9098
vn 0.9082 -0.3209 0.2687
vn -0.0017 0.1211 0.9926
vn 0.0017 0.1211 0.9926
vn 0.0080 0.1224 -0.9924
vn -0.0080 0.1224 -0.9924
vn -0.0078 0.1224 -0.9924
vn 0.0078 0.1224 -0.9924
vn 0.0053 0.4509 0.8926
vn -0.0053 0.4509 0.8926
vn -0.0019 -0.2397 -0.9708
vn 0.0019 -0.2397 -0.9708
vn -0.0013 0.1254 0.9921
vn 0.0374 0.1223 -0.9918
vn 0.0371 0.1224 -0.9918
vn 0.0088 0.4539 0.8910
vn 0.0060 0.4535 0.8912
vn 0.0109 -0.2416 -0.9703
vn -0.0374 0.1223 -0.9918
vn -0.0371 0.1224 -0.9918
vn 0.0013 0.1255 0.9921
vn -0.0110 -0.2416 -0.9703
vn -0.0088 0.4539 0.8910
vn -0.0060 0.4535 0.8912
vn 0.0253 0.1276 0.9915
vn 0.0792 0.1150 -0.9902
vn 0.0739 0.1163 -0.9905
vn 0.1521 0.4359 0.8870
vn 0.1318 0.4406 0.8880
vn -0.0230 -0.2428 -0.9698
vn -0.0792 0.1150 -0.9902
vn -0.0739 0.1163 -0.9905
vn -0.0253 0.1276 0.9915
vn 0.0230 -0.2428 -0.9698
vn -0.1521 0.4359 0.8870
vn -0.1318 0.4405 0.8880
vn 0.0799 0.1171 0.9899
vn -0.0122 0.0022 -0.9999
vn 0.0194 0.0321 -0.9993
vn 0.1767 0.3528 0.9189
vn 0.1932 0.3775 0.9056
vn -0.0896 -0.2388 -0.9669
vn 0.0122 0.0022 -0.9999
vn -0.0194 0.0321 -0.9993
vn -0.0799 0.1171 0.9899
vn 0.0896 -0.2388 -0.9669
vn -0.1767 0.3528 0.9189
vn -0.1932 0.3775 0.9056
vn 0.1202 0.0953 0.9882
vn -0.0848 -0.0665 -0.9942
vn 0.1336 0.2878 0.9483
vn -0.1895 -0.1927 -0.9628
vn 0.0847 -0.0665 -0.9942
vn -0.1202 0.0953 0.9882
vn 0.1895 -0.1926 -0.9628
vn -0.1336 0.2878 0.9483
vn 0.1476 0.0666 0.9868
vn 0.7208 -0.6926 0.0269
vn 0.7201 -0.6934 0.0264
vn -0.4276 0.9031 -0.0405
vn -0.5603 0.8275 -0.0369
vn -0.4019 0.9147 -0.0410
vn 0.7119 -0.7023 0.0079
vn 0.7107 -0.7035 0.0053
vn -0.2962 0.9541 -0.0450
vn -0.2958 0.9542 -0.0445
vn 0.6979 -0.7161 -0.0126
vn -0.3088 0.9497 -0.0526
vn -0.3103 0.9492 -0.0533
vn 0.6711 -0.7404 -0.0379
vn -0.3381 0.9395 -0.0553
vn -0.3438 0.9375 -0.0542
vn 0.6410 -0.7658 -0.0528
vn -0.4374 0.8988 -0.0285
vn -0.4421 0.8966 -0.0271
vn 0.6189 -0.7830 -0.0626
vn -0.5377 0.8431 0.0019
vn 0.5993 -0.7970 -0.0750
vn 0.5836 -0.8091 -0.0698
vn -0.2708 -0.1271 -0.9542
vn -0.7201 -0.6934 0.0264
vn -0.7208 -0.6926 0.0269
vn -0.1475 0.0666 0.9868
vn 0.5603 0.8275 -0.0369
vn 0.4276 0.9031 -0.0405
vn 0.4019 0.9148 -0.0410
vn -0.7119 -0.7023 0.0080
vn -0.7106 -0.7035 0.0052
vn 0.2962 0.9541 -0.0449
vn 0.2958 0.9542 -0.0445
vn -0.6979 -0.7161 -0.0126
vn 0.3090 0.9496 -0.0527
vn 0.3100 0.9493 -0.0532
vn -0.6711 -0.7404 -0.0379
vn 0.3381 0.9395 -0.0553
vn 0.3438 0.9375 -0.0542
vn -0.6410 -0.7658 -0.0528
vn 0.4374 0.8988 -0.0285
vn 0.4421 0.8966 -0.0271
vn -0.6189 -0.7830 -0.0626
vn 0.5377 0.8431 0.0019
vn -0.5993 -0.7970 -0.0750
vn 0.2708 -0.1271 -0.9542
vn -0.5836 -0.8091 -0.0698
vt 0.782825 0.042848
vt 0.782825 0.039433
vt 0.785226 0.039433
vt 0.785226 0.042848
vt 0.550317 0.017954
vt 0.550317 0.014514
vt 0.553297 0.014514
vt 0.553297 0.017954
vt 0.679248 0.269339
vt 0.679248 0.265808
vt 0.681573 0.265808
vt 0.681573 0.269339
vt 0.593581 0.471519
vt 0.597044 0.471519
vt 0.597044 0.474686
vt 0.593581 0.474686
vt 0.977948 0.524552
vt 0.978347 0.521406
vt 0.980076 0.521625
vt 0.979677 0.524770
vt 0.794634 0.943789
vt 0.791489 0.944188
vt 0.791270 0.942459
vt 0.794415 0.942060
vt 0.805918 0.249324
vt 0.809728 0.249324
vt 0.809728 0.269251
vt 0.805918 0.269251
vt 0.980603 0.503654
vt 0.982354 0.503636
vt 0.593581 0.453641
vt 0.597044 0.453641
vt 0.812405 0.939782
vt 0.812387 0.941533
vt 0.809728 0.294493
vt 0.805918 0.294493
vt 0.981902 0.480666
vt 0.983652 0.480648
vt 0.593581 0.430694
vt 0.597044 0.430694
vt 0.835392 0.938484
vt 0.835374 0.940235
vt 0.809728 0.310231
vt 0.805918 0.310231
vt 0.982345 0.466662
vt 0.984096 0.466270
vt 0.593581 0.416758
vt 0.597044 0.416758
vt 0.849771 0.938040
vt 0.849379 0.939791
vt 0.809728 0.324606
vt 0.805918 0.324606
vt 0.981600 0.453383
vt 0.983350 0.452991
vt 0.593581 0.403690
vt 0.597044 0.403690
vt 0.863050 0.938786
vt 0.862657 0.940537
vt 0.809728 0.346095
vt 0.805918 0.346095
vt 0.980504 0.433782
vt 0.982231 0.433140
vt 0.593581 0.384398
vt 0.597044 0.384398
vt 0.882900 0.939906
vt 0.882259 0.941633
vt 0.809728 0.363224
vt 0.805918 0.363224
vt 0.978337 0.417798
vt 0.980064 0.417157
vt 0.593581 0.368827
vt 0.597044 0.368827
vt 0.898884 0.942073
vt 0.898242 0.943800
vt 0.927529 0.087672
vt 0.927529 0.084145
vt 0.930198 0.084145
vt 0.930198 0.087672
vt 0.977954 0.414975
vt 0.979681 0.414334
vt 0.593581 0.366077
vt 0.597044 0.366077
vt 0.901707 0.942455
vt 0.901065 0.944182
vt 0.600005 0.471538
vt 0.599931 0.474704
vt 0.550286 0.011306
vt 0.553265 0.011237
vt 0.782704 0.036586
vt 0.785074 0.036306
vt 0.600419 0.453669
vt 0.813297 0.249289
vt 0.813757 0.269206
vt 0.600688 0.430722
vt 0.814052 0.294449
vt 0.600794 0.416782
vt 0.814171 0.310190
vt 0.600704 0.403703
vt 0.814072 0.324577
vt 0.600571 0.384395
vt 0.813922 0.346085
vt 0.600254 0.368801
vt 0.813573 0.363239
vt 0.600198 0.366047
vt 0.679121 0.262302
vt 0.681416 0.262593
vt 0.927537 0.080555
vt 0.930210 0.080609
vt 0.590693 0.474704
vt 0.590620 0.471538
vt 0.785074 0.045974
vt 0.782704 0.045695
vt 0.553265 0.021231
vt 0.550286 0.021162
vt 0.801890 0.269206
vt 0.802349 0.249289
vt 0.590206 0.453669
vt 0.801594 0.294449
vt 0.589937 0.430722
vt 0.801475 0.310190
vt 0.589830 0.416782
vt 0.801574 0.324577
vt 0.589921 0.403703
vt 0.801724 0.346085
vt 0.590053 0.384395
vt 0.802073 0.363239
vt 0.590371 0.368801
vt 0.930210 0.091208
vt 0.927537 0.091262
vt 0.681416 0.272554
vt 0.679121 0.272845
vt 0.590427 0.366047
vt 0.605080 0.471682
vt 0.605009 0.474848
vt 0.550145 0.005719
vt 0.553123 0.005653
vt 0.781851 0.031579
vt 0.784006 0.030809
vt 0.605478 0.453813
vt 0.819425 0.249131
vt 0.819865 0.269048
vt 0.605268 0.430865
vt 0.819634 0.294290
vt 0.604985 0.416926
vt 0.819309 0.310032
vt 0.604195 0.403847
vt 0.818440 0.324419
vt 0.603031 0.384539
vt 0.817138 0.345927
vt 0.601513 0.368945
vt 0.815469 0.363081
vt 0.601245 0.366191
vt 0.679489 0.260761
vt 0.681569 0.261525
vt 0.927390 0.078659
vt 0.930063 0.078919
vt 0.585615 0.474848
vt 0.585545 0.471682
vt 0.784006 0.051471
vt 0.781851 0.050701
vt 0.553123 0.026814
vt 0.550145 0.026748
vt 0.795781 0.269048
vt 0.796221 0.249131
vt 0.585147 0.453813
vt 0.796012 0.294290
vt 0.585357 0.430865
vt 0.796338 0.310032
vt 0.585640 0.416926
vt 0.797206 0.324419
vt 0.586430 0.403847
vt 0.798508 0.345927
vt 0.587594 0.384539
vt 0.800177 0.363081
vt 0.589112 0.368945
vt 0.930063 0.092898
vt 0.927390 0.093158
vt 0.681569 0.273621
vt 0.679489 0.274386
vt 0.589380 0.366191
vt 0.920004 0.455610
vt 0.920197 0.459183
vt 0.916422 0.459228
vt 0.916261 0.455653
vt 0.489727 0.144636
vt 0.489534 0.147775
vt 0.485507 0.147668
vt 0.485672 0.144526
vt 0.778590 0.026379
vt 0.780314 0.025164
vt 0.921290 0.479350
vt 0.917334 0.479407
vt 0.825713 0.248945
vt 0.826090 0.268861
vt 0.920416 0.505393
vt 0.916682 0.505436
vt 0.825322 0.294104
vt 0.919394 0.521243
vt 0.915893 0.521271
vt 0.824556 0.309845
vt 0.916779 0.536219
vt 0.913829 0.536213
vt 0.822955 0.324233
vt 0.912926 0.558328
vt 0.910787 0.558271
vt 0.820556 0.345740
vt 0.907988 0.576299
vt 0.906870 0.576177
vt 0.817645 0.362894
vt 0.907116 0.579473
vt 0.906178 0.579340
vt 0.680751 0.258948
vt 0.682405 0.260142
vt 0.478404 0.032099
vt 0.479149 0.034895
vt 0.477618 0.034967
vt 0.477031 0.032182
vt 0.084035 0.476836
vt 0.083843 0.480409
vt 0.080100 0.480365
vt 0.080261 0.476790
vt 0.780314 0.057116
vt 0.778590 0.055901
vt 0.214594 0.260428
vt 0.211453 0.260597
vt 0.211375 0.256541
vt 0.214518 0.256400
vt 0.789556 0.268861
vt 0.789933 0.248945
vt 0.085129 0.456668
vt 0.081172 0.456611
vt 0.790324 0.294104
vt 0.084255 0.430626
vt 0.080521 0.430582
vt 0.791090 0.309845
vt 0.083232 0.414776
vt 0.079732 0.414747
vt 0.792691 0.324233
vt 0.080618 0.399799
vt 0.077668 0.399805
vt 0.795090 0.345740
vt 0.076764 0.377690
vt 0.074626 0.377748
vt 0.798001 0.362894
vt 0.071827 0.359719
vt 0.070709 0.359841
vt 0.101797 0.249178
vt 0.099007 0.248411
vt 0.099101 0.247039
vt 0.101881 0.247647
vt 0.682405 0.275005
vt 0.680751 0.276199
vt 0.070954 0.356545
vt 0.070017 0.356678
vt 0.909252 0.459482
vt 0.909126 0.455905
vt 0.477894 0.147311
vt 0.478038 0.143890
vt 0.772363 0.021651
vt 0.773211 0.020017
vt 0.909971 0.479674
vt 0.831429 0.248753
vt 0.831657 0.268669
vt 0.909998 0.505659
vt 0.830273 0.293912
vt 0.909821 0.521456
vt 0.829025 0.309653
vt 0.909004 0.536319
vt 0.826671 0.324041
vt 0.907800 0.558261
vt 0.823147 0.345548
vt 0.906110 0.576028
vt 0.818995 0.362702
vt 0.905811 0.579166
vt 0.681928 0.257900
vt 0.682726 0.259492
vt 0.475897 0.035271
vt 0.475645 0.032265
vt 0.072964 0.480113
vt 0.073091 0.476536
vt 0.773211 0.062263
vt 0.772363 0.060629
vt 0.210797 0.248902
vt 0.214219 0.248785
vt 0.783989 0.268669
vt 0.784217 0.248753
vt 0.073810 0.456345
vt 0.785373 0.293912
vt 0.073837 0.430359
vt 0.786621 0.309653
vt 0.073660 0.414562
vt 0.788975 0.324041
vt 0.072843 0.399699
vt 0.792499 0.345548
vt 0.071639 0.377757
vt 0.796651 0.362702
vt 0.069949 0.359991
vt 0.099194 0.245653
vt 0.102198 0.245928
vt 0.682726 0.275654
vt 0.681928 0.277247
vt 0.069650 0.356853
vt 0.904173 0.459721
vt 0.904055 0.456143
vt 0.472785 0.147025
vt 0.472922 0.143603
vt 0.767936 0.020053
vt 0.768384 0.018337
vt 0.904843 0.479915
vt 0.478580 0.125050
vt 0.473674 0.124775
vt 0.905231 0.505878
vt 0.478792 0.101140
vt 0.474203 0.100888
vt 0.905364 0.521655
vt 0.478734 0.085986
vt 0.474427 0.085753
vt 0.905145 0.536481
vt 0.478099 0.072090
vt 0.474317 0.071895
vt 0.904823 0.558367
vt 0.477142 0.051629
vt 0.474147 0.051489
vt 0.904183 0.576068
vt 0.473675 0.035185
vt 0.904070 0.579194
vt 0.683886 0.257241
vt 0.684294 0.258910
vt 0.473586 0.032190
vt 0.067894 0.479875
vt 0.068012 0.476298
vt 0.768384 0.063943
vt 0.767936 0.062227
vt 0.210550 0.243784
vt 0.213973 0.243674
vt 0.191954 0.249300
vt 0.191716 0.244392
vt 0.068682 0.456103
vt 0.168043 0.249329
vt 0.167826 0.244738
vt 0.069069 0.430140
vt 0.152889 0.249154
vt 0.152689 0.244845
vt 0.069202 0.414363
vt 0.138999 0.248413
vt 0.138833 0.244630
vt 0.068983 0.399537
vt 0.118545 0.247299
vt 0.118428 0.244303
vt 0.068661 0.377651
vt 0.102128 0.243706
vt 0.068022 0.359951
vt 0.099135 0.243594
vt 0.684294 0.276237
vt 0.683886 0.277906
vt 0.067909 0.356825
vt 0.785864 0.039428
vt 0.785864 0.042853
vt 0.601347 0.130811
vt 0.601347 0.134253
vt 0.600703 0.134258
vt 0.600703 0.130806
vt 0.351260 0.369271
vt 0.351260 0.365667
vt 0.351868 0.365673
vt 0.351868 0.369265
vt 0.678600 0.269333
vt 0.678600 0.265814
vt 0.785699 0.036234
vt 0.601499 0.127587
vt 0.600869 0.127518
vt 0.351375 0.362029
vt 0.351970 0.362015
vt 0.678486 0.262285
vt 0.601499 0.137478
vt 0.600869 0.137547
vt 0.785699 0.046046
vt 0.678486 0.272861
vt 0.351375 0.372909
vt 0.351970 0.372923
vt 0.784579 0.030672
vt 0.602604 0.122050
vt 0.602026 0.121916
vt 0.350930 0.360235
vt 0.351485 0.360084
vt 0.678897 0.260599
vt 0.602604 0.143015
vt 0.602026 0.143149
vt 0.784579 0.051608
vt 0.678897 0.274548
vt 0.350930 0.374703
vt 0.351485 0.374855
vt 0.780784 0.024903
vt 0.606354 0.116370
vt 0.605877 0.116110
vt 0.349475 0.358177
vt 0.349970 0.357933
vt 0.680226 0.258685
vt 0.606354 0.148695
vt 0.605877 0.148955
vt 0.780784 0.057378
vt 0.680226 0.276462
vt 0.349475 0.376762
vt 0.349970 0.377006
vt 0.773601 0.019684
vt 0.613542 0.111206
vt 0.613156 0.110868
vt 0.347910 0.356900
vt 0.348283 0.356493
vt 0.681568 0.257529
vt 0.613542 0.153859
vt 0.613156 0.154197
vt 0.773601 0.062597
vt 0.681568 0.277618
vt 0.347910 0.378039
vt 0.348283 0.378445
vt 0.768778 0.017958
vt 0.472362 0.147080
vt 0.472497 0.143771
vt 0.831803 0.248960
vt 0.832154 0.268766
vt 0.473268 0.124842
vt 0.830789 0.293868
vt 0.473811 0.100822
vt 0.829517 0.309764
vt 0.474049 0.085835
vt 0.827154 0.324295
vt 0.473952 0.072115
vt 0.823623 0.345693
vt 0.473805 0.051606
vt 0.819424 0.362763
vt 0.473339 0.035223
vt 0.473256 0.032330
vt 0.683575 0.256826
vt 0.210721 0.243361
vt 0.214031 0.243252
vt 0.768778 0.064323
vt 0.783492 0.268766
vt 0.783843 0.248960
vt 0.191787 0.243987
vt 0.784857 0.293868
vt 0.167763 0.244345
vt 0.786129 0.309764
vt 0.152775 0.244469
vt 0.788492 0.324295
vt 0.139056 0.244266
vt 0.792023 0.345693
vt 0.118548 0.243962
vt 0.796222 0.362763
vt 0.102170 0.243370
vt 0.683575 0.278320
vt 0.099277 0.243265
s 1
usemtl Swoop
f 818/1323/974 819/1324/975 821/1325/976 820/1326/977
f 1034/1327/978 1035/1328/979 1036/1329/980 1037/1330/981
f 850/1331/982 851/1332/983 852/1333/984 853/1334/985
f 824/1335/986 825/1336/987 819/1337/988 818/1338/989
f 999/1339/990 998/1340/990 1000/1341/990 1001/1342/990
f 1016/1343/991 1017/1344/992 1018/1345/992 1019/1346/991
f 822/1347/993 823/1348/994 827/1349/995 826/1350/996
f 1000/1341/990 998/1340/990 1002/1351/997 1003/1352/997
f 825/1336/987 824/1335/986 829/1353/998 828/1354/999
f 1016/1343/991 1019/1346/991 1020/1355/991 1021/1356/991
f 826/1350/996 827/1349/995 831/1357/1000 830/1358/1001
f 1003/1352/997 1002/1351/997 1004/1359/997 1005/1360/1002
f 828/1354/999 829/1353/998 833/1361/1003 832/1362/1004
f 1021/1356/991 1020/1355/991 1022/1363/1005 1023/1364/991
f 830/1358/1001 831/1357/1000 835/1365/1006 834/1366/1007
f 1005/1360/1002 1004/1359/997 1006/1367/990 1007/1368/1008
f 832/1362/1004 833/1361/1003 837/1369/1009 836/1370/1010
f 1023/1364/991 1022/1363/1005 1024/1371/1011 1025/1372/992
f 834/1366/1007 835/1365/1006 839/1373/1012 838/1374/1013
f 1007/1368/1008 1006/1367/990 1008/1375/990 1009/1376/1014
f 836/1370/1010 837/1369/1009 841/1377/1015 840/1378/1015
f 1025/1372/992 1024/1371/1011 1026/1379/1016 1027/1380/992
f 838/1374/1013 839/1373/1012 843/1381/1017 842/1382/1018
f 1009/1376/1014 1008/1375/990 1010/1383/990 1011/1384/1019
f 840/1378/1015 841/1377/1015 845/1385/1020 844/1386/1021
f 1027/1380/992 1026/1379/1016 1028/1387/1022 1029/1388/991
f 842/1382/1018 843/1381/1017 847/1389/1023 846/1390/1024
f 1011/1384/1019 1010/1383/990 1012/1391/997 1013/1392/1025
f 844/1386/1021 845/1385/1020 849/1393/1026 848/1394/1027
f 1029/1388/991 1028/1387/1022 1030/1395/1028 1031/1396/992
f 1038/1397/1029 1039/1398/1030 1040/1399/1031 1041/1400/1032
f 1013/1392/1025 1012/1391/997 1014/1401/997 1015/1402/1033
f 848/1394/1027 849/1393/1026 853/1403/1034 852/1404/1035
f 1031/1396/992 1030/1395/1028 1032/1405/1036 1033/1406/992
f 819/1337/988 825/1336/987 854/1407/1037 855/1408/1038
f 1036/1329/980 1035/1328/979 1042/1409/1039 1043/1410/1040
f 821/1325/976 819/1324/975 855/1411/1041 857/1412/1042
f 825/1336/987 828/1354/999 858/1413/1043 854/1407/1037
f 827/1349/995 823/1348/994 856/1414/1044 859/1415/1045
f 828/1354/999 832/1362/1004 860/1416/1046 858/1413/1043
f 831/1357/1000 827/1349/995 859/1415/1045 861/1417/1047
f 832/1362/1004 836/1370/1010 862/1418/1048 860/1416/1046
f 835/1365/1006 831/1357/1000 861/1417/1047 863/1419/1049
f 836/1370/1010 840/1378/1015 864/1420/1050 862/1418/1048
f 839/1373/1012 835/1365/1006 863/1419/1049 865/1421/1051
f 840/1378/1015 844/1386/1021 866/1422/1052 864/1420/1050
f 843/1381/1017 839/1373/1012 865/1421/1051 867/1423/1053
f 844/1386/1021 848/1394/1027 868/1424/1054 866/1422/1052
f 847/1389/1023 843/1381/1017 867/1423/1053 869/1425/1055
f 848/1394/1027 852/1404/1035 870/1426/1056 868/1424/1054
f 852/1333/984 851/1332/983 871/1427/1057 870/1428/1058
f 1040/1399/1031 1039/1398/1030 1044/1429/1059 1045/1430/1060
f 824/1335/986 818/1338/989 873/1431/1061 872/1432/1062
f 818/1323/974 820/1326/977 874/1433/1063 873/1434/1064
f 1034/1327/978 1037/1330/981 1046/1435/1065 1047/1436/1066
f 822/1347/993 826/1350/996 876/1437/1067 875/1438/1068
f 829/1353/998 824/1335/986 872/1432/1062 877/1439/1069
f 826/1350/996 830/1358/1001 878/1440/1070 876/1437/1067
f 833/1361/1003 829/1353/998 877/1439/1069 879/1441/1071
f 830/1358/1001 834/1366/1007 880/1442/1072 878/1440/1070
f 837/1369/1009 833/1361/1003 879/1441/1071 881/1443/1073
f 834/1366/1007 838/1374/1013 882/1444/1074 880/1442/1072
f 841/1377/1015 837/1369/1009 881/1443/1073 883/1445/1075
f 838/1374/1013 842/1382/1018 884/1446/1076 882/1444/1074
f 845/1385/1020 841/1377/1015 883/1445/1075 885/1447/1077
f 842/1382/1018 846/1390/1024 886/1448/1078 884/1446/1076
f 849/1393/1026 845/1385/1020 885/1447/1077 887/1449/1079
f 1038/1397/1029 1041/1400/1032 1048/1450/1080 1049/1451/1081
f 850/1331/982 853/1334/985 889/1452/1082 888/1453/1083
f 853/1403/1034 849/1393/1026 887/1449/1079 889/1454/1084
f 855/1408/1038 854/1407/1037 890/1455/1085 891/1456/1086
f 1043/1410/1040 1042/1409/1039 1050/1457/1087 1051/1458/1088
f 857/1412/1042 855/1411/1041 891/1459/1089 893/1460/1090
f 854/1407/1037 858/1413/1043 894/1461/1091 890/1455/1085
f 859/1415/1045 856/1414/1044 892/1462/1092 895/1463/1093
f 858/1413/1043 860/1416/1046 896/1464/1094 894/1461/1091
f 861/1417/1047 859/1415/1045 895/1463/1093 897/1465/1095
f 860/1416/1046 862/1418/1048 898/1466/1096 896/1464/1094
f 863/1419/1049 861/1417/1047 897/1465/1095 899/1467/1097
f 862/1418/1048 864/1420/1050 900/1468/1098 898/1466/1096
f 865/1421/1051 863/1419/1049 899/1467/1097 901/1469/1099
f 864/1420/1050 866/1422/1052 902/1470/1100 900/1468/1098
f 867/1423/1053 865/1421/1051 901/1469/1099 903/1471/1101
f 866/1422/1052 868/1424/1054 904/1472/1102 902/1470/1100
f 869/1425/1055 867/1423/1053 903/1471/1101 905/1473/1103
f 868/1424/1054 870/1426/1056 906/1474/1104 904/1472/1102
f 870/1428/1058 871/1427/1057 907/1475/1105 906/1476/1106
f 1045/1430/1060 1044/1429/1059 1052/1477/1107 1053/1478/1108
f 872/1432/1062 873/1431/1061 909/1479/1109 908/1480/1110
f 873/1434/1064 874/1433/1063 910/1481/1111 909/1482/1112
f 1047/1436/1066 1046/1435/1065 1054/1483/1113 1055/1484/1114
f 875/1438/1068 876/1437/1067 912/1485/1115 911/1486/1116
f 877/1439/1069 872/1432/1062 908/1480/1110 913/1487/1117
f 876/1437/1067 878/1440/1070 914/1488/1118 912/1485/1115
f 879/1441/1071 877/1439/1069 913/1487/1117 915/1489/1119
f 878/1440/1070 880/1442/1072 916/1490/1120 914/1488/1118
f 881/1443/1073 879/1441/1071 915/1489/1119 917/1491/1121
f 880/1442/1072 882/1444/1074 918/1492/1122 916/1490/1120
f 883/1445/1075 881/1443/1073 917/1491/1121 919/1493/1123
f 882/1444/1074 884/1446/1076 920/1494/1124 918/1492/1122
f 885/1447/1077 883/1445/1075 919/1493/1123 921/1495/1125
f 884/1446/1076 886/1448/1078 922/1496/1126 920/1494/1124
f 887/1449/1079 885/1447/1077 921/1495/1125 923/1497/1127
f 1049/1451/1081 1048/1450/1080 1056/1498/1128 1057/1499/1129
f 888/1453/1083 889/1452/1082 925/1500/1130 924/1501/1131
f 889/1454/1084 887/1449/1079 923/1497/1127 925/1502/1132
f 891/1503/1086 890/1504/1085 926/1505/1133 927/1506/1134
f 1051/1507/1088 1050/1508/1087 1058/1509/1135 1059/1510/1136
f 893/1460/1090 891/1459/1089 927/1511/1137 929/1512/1138
f 890/1504/1085 894/1513/1091 930/1514/1139 926/1505/1133
f 895/1463/1093 892/1462/1092 928/1515/1140 931/1516/1141
f 894/1513/1091 896/1517/1094 932/1518/1142 930/1514/1139
f 897/1465/1095 895/1463/1093 931/1516/1141 933/1519/1143
f 896/1517/1094 898/1520/1096 934/1521/1144 932/1518/1142
f 899/1467/1097 897/1465/1095 933/1519/1143 935/1522/1145
f 898/1520/1096 900/1523/1098 936/1524/1146 934/1521/1144
f 901/1469/1099 899/1467/1097 935/1522/1145 937/1525/1147
f 900/1523/1098 902/1526/1100 938/1527/1148 936/1524/1146
f 903/1471/1101 901/1469/1099 937/1525/1147 939/1528/1149
f 902/1526/1100 904/1529/1102 940/1530/1150 938/1527/1148
f 905/1473/1103 903/1471/1101 939/1528/1149 941/1531/1151
f 904/1529/1102 906/1532/1104 942/1533/1152 940/1530/1150
f 906/1476/1106 907/1475/1105 943/1534/1153 942/1535/1154
f 1053/1536/1108 1052/1537/1107 1060/1538/1155 1061/1539/1156
f 908/1540/1110 909/1541/1109 945/1542/1157 944/1543/1158
f 909/1482/1112 910/1481/1111 946/1544/1159 945/1545/1160
f 1055/1546/1114 1054/1547/1113 1062/1548/1161 1063/1549/1162
f 911/1486/1116 912/1485/1115 948/1550/1163 947/1551/1164
f 913/1552/1117 908/1540/1110 944/1543/1158 949/1553/1165
f 912/1485/1115 914/1488/1118 950/1554/1166 948/1550/1163
f 915/1555/1119 913/1552/1117 949/1553/1165 951/1556/1167
f 914/1488/1118 916/1490/1120 952/1557/1168 950/1554/1166
f 917/1558/1121 915/1555/1119 951/1556/1167 953/1559/1169
f 916/1490/1120 918/1492/1122 954/1560/1170 952/1557/1168
f 919/1561/1123 917/1558/1121 953/1559/1169 955/1562/1171
f 918/1492/1122 920/1494/1124 956/1563/1172 954/1560/1170
f 921/1564/1125 919/1561/1123 955/1562/1171 957/1565/1173
f 920/1494/1124 922/1496/1126 958/1566/1174 956/1563/1172
f 923/1567/1127 921/1564/1125 957/1565/1173 959/1568/1175
f 1057/1569/1129 1056/1570/1128 1064/1571/1176 1065/1572/1177
f 924/1501/1131 925/1500/1130 961/1573/1178 960/1574/1179
f 925/1575/1132 923/1567/1127 959/1568/1175 961/1576/1180
f 927/1506/1134 926/1505/1133 962/1577/1181 963/1578/1182
f 1059/1510/1136 1058/1509/1135 1066/1579/1183 1067/1580/1184
f 929/1512/1138 927/1511/1137 963/1581/1185 965/1582/1186
f 926/1505/1133 930/1514/1139 966/1583/1187 962/1577/1181
f 931/1516/1141 928/1515/1140 964/1584/1188 967/1585/1189
f 930/1514/1139 932/1518/1142 968/1586/1190 966/1583/1187
f 933/1519/1143 931/1516/1141 967/1585/1189 969/1587/1191
f 932/1518/1142 934/1521/1144 970/1588/1192 968/1586/1190
f 935/1522/1145 933/1519/1143 969/1587/1191 971/1589/1193
f 934/1521/1144 936/1524/1146 972/1590/1194 970/1588/1192
f 937/1525/1147 935/1522/1145 971/1589/1193 973/1591/1195
f 936/1524/1146 938/1527/1148 974/1592/1196 972/1590/1194
f 939/1528/1149 937/1525/1147 973/1591/1195 975/1593/1197
f 938/1527/1148 940/1530/1150 976/1594/1198 974/1592/1196
f 941/1531/1151 939/1528/1149 975/1593/1197 977/1595/1199
f 940/1530/1150 942/1533/1152 978/1596/1200 976/1594/1198
f 942/1535/1154 943/1534/1153 979/1597/1201 978/1598/1202
f 1061/1539/1156 1060/1538/1155 1068/1599/1203 1069/1600/1204
f 944/1543/1158 945/1542/1157 981/1601/1205 980/1602/1206
f 945/1545/1160 946/1544/1159 982/1603/1207 981/1604/1208
f 1063/1549/1162 1062/1548/1161 1070/1605/1209 1071/1606/1210
f 947/1551/1164 948/1550/1163 984/1607/1211 983/1608/1212
f 949/1553/1165 944/1543/1158 980/1602/1206 985/1609/1213
f 948/1550/1163 950/1554/1166 986/1610/1214 984/1607/1211
f 951/1556/1167 949/1553/1165 985/1609/1213 987/1611/1215
f 950/1554/1166 952/1557/1168 988/1612/1216 986/1610/1214
f 953/1559/1169 951/1556/1167 987/1611/1215 989/1613/1217
f 952/1557/1168 954/1560/1170 990/1614/1218 988/1612/1216
f 955/1562/1171 953/1559/1169 989/1613/1217 991/1615/1219
f 954/1560/1170 956/1563/1172 992/1616/1220 990/1614/1218
f 957/1565/1173 955/1562/1171 991/1615/1219 993/1617/1221
f 956/1563/1172 958/1566/1174 994/1618/1222 992/1616/1220
f 959/1568/1175 957/1565/1173 993/1617/1221 995/1619/1223
f 1065/1572/1177 1064/1571/1176 1072/1620/1224 1073/1621/1225
f 960/1574/1179 961/1573/1178 997/1622/1226 996/1623/1227
f 961/1576/1180 959/1568/1175 995/1619/1223 997/1624/1228
f 963/1578/1182 962/1577/1181 998/1625/1229 999/1626/1230
f 1067/1580/1184 1066/1579/1183 1074/1627/1231 1075/1628/1232
f 965/1582/1186 963/1581/1185 999/1629/1233 1001/1630/1234
f 962/1577/1181 966/1583/1187 1002/1631/1235 998/1625/1229
f 1076/1632/1236 1067/1580/1184 1075/1628/1232 1077/1633/1237
f 966/1583/1187 968/1586/1190 1004/1634/1238 1002/1631/1235
f 1078/1635/1239 1076/1632/1236 1077/1633/1237 1079/1636/1240
f 968/1586/1190 970/1588/1192 1006/1637/1241 1004/1634/1238
f 1080/1638/1242 1078/1635/1239 1079/1636/1240 1081/1639/1243
f 970/1588/1192 972/1590/1194 1008/1640/1244 1006/1637/1241
f 1082/1641/1245 1080/1638/1242 1081/1639/1243 1083/1642/1246
f 972/1590/1194 974/1592/1196 1010/1643/1247 1008/1640/1244
f 1084/1644/1248 1082/1641/1245 1083/1642/1246 1085/1645/1249
f 974/1592/1196 976/1594/1198 1012/1646/1250 1010/1643/1247
f 1068/1599/1203 1084/1644/1248 1085/1645/1249 1086/1647/1251
f 976/1594/1198 978/1596/1252 1014/1648/1252 1012/1646/1250
f 978/1598/1202 979/1597/1201 1015/1649/1253 1014/1650/1254
f 1069/1600/1204 1068/1599/1203 1086/1647/1251 1087/1651/1255
f 980/1602/1206 981/1601/1205 1017/1652/1256 1016/1653/1257
f 981/1604/1208 982/1603/1207 1018/1654/1258 1017/1655/1259
f 1071/1606/1210 1070/1605/1209 1088/1656/1260 1089/1657/1261
f 1070/1605/1209 1090/1658/1262 1091/1659/1263 1088/1656/1260
f 985/1609/1213 980/1602/1206 1016/1653/1257 1021/1660/1264
f 1090/1658/1262 1092/1661/1265 1093/1662/1266 1091/1659/1263
f 987/1611/1215 985/1609/1213 1021/1660/1264 1023/1663/1267
f 1092/1661/1265 1094/1664/1268 1095/1665/1269 1093/1662/1266
f 989/1613/1217 987/1611/1215 1023/1663/1267 1025/1666/1270
f 1094/1664/1268 1096/1667/1271 1097/1668/1272 1095/1665/1269
f 991/1615/1219 989/1613/1217 1025/1666/1270 1027/1669/1273
f 1096/1667/1271 1098/1670/1274 1099/1671/1275 1097/1668/1272
f 993/1617/1221 991/1615/1219 1027/1669/1273 1029/1672/1276
f 1098/1670/1274 1073/1621/1225 1100/1673/1277 1099/1671/1275
f 995/1619/1223 993/1617/1221 1029/1672/1276 1031/1674/1278
f 1073/1621/1225 1072/1620/1224 1101/1675/1279 1100/1673/1277
f 996/1623/1227 997/1622/1226 1033/1676/1280 1032/1677/1281
f 997/1624/1282 995/1619/1223 1031/1674/1278 1033/1678/1282
f 820/1326/977 821/1325/976 1035/1679/1283 1034/1680/1284
f 823/1681/1285 822/1682/1286 1037/1683/1287 1036/1684/1288
f 846/1685/1289 847/1686/1290 1039/1687/1290 1038/1688/1289
f 851/1332/983 850/1331/982 1041/1689/1291 1040/1690/1292
f 821/1325/976 857/1412/1042 1042/1691/1293 1035/1679/1283
f 856/1692/1294 823/1681/1285 1036/1684/1288 1043/1693/1295
f 847/1686/1290 869/1694/1296 1044/1695/1297 1039/1687/1290
f 871/1427/1057 851/1332/983 1040/1690/1292 1045/1696/1298
f 822/1682/1286 875/1697/1299 1046/1698/1300 1037/1683/1287
f 874/1433/1063 820/1326/977 1034/1680/1284 1047/1699/1301
f 850/1331/982 888/1453/1083 1048/1700/1302 1041/1689/1291
f 886/1701/1303 846/1685/1289 1038/1688/1289 1049/1702/1304
f 857/1412/1042 893/1460/1090 1050/1703/1305 1042/1691/1293
f 892/1704/1306 856/1692/1294 1043/1693/1295 1051/1705/1307
f 869/1694/1296 905/1706/1308 1052/1707/1309 1044/1695/1297
f 907/1475/1105 871/1427/1057 1045/1696/1298 1053/1708/1310
f 875/1697/1299 911/1709/1311 1054/1710/1312 1046/1698/1300
f 910/1481/1111 874/1433/1063 1047/1699/1301 1055/1711/1313
f 888/1453/1083 924/1501/1131 1056/1712/1314 1048/1700/1302
f 922/1713/1315 886/1701/1303 1049/1702/1304 1057/1714/1316
f 893/1460/1090 929/1512/1138 1058/1715/1317 1050/1703/1305
f 928/1716/1318 892/1704/1306 1051/1705/1307 1059/1717/1319
f 905/1706/1308 941/1718/1320 1060/1719/1321 1052/1707/1309
f 943/1534/1153 907/1475/1105 1053/1708/1310 1061/1720/1322
f 911/1709/1311 947/1721/1323 1062/1722/1324 1054/1710/1312
f 946/1544/1159 910/1481/1111 1055/1711/1313 1063/1723/1325
f 924/1501/1131 960/1574/1179 1064/1724/1326 1056/1712/1314
f 958/1725/1327 922/1713/1315 1057/1714/1316 1065/1726/1328
f 929/1512/1138 965/1582/1186 1066/1727/1329 1058/1715/1317
f 964/1728/1330 928/1716/1318 1059/1717/1319 1067/1729/1330
f 941/1718/1320 977/1730/1331 1068/1731/1331 1060/1719/1321
f 979/1597/1201 943/1534/1153 1061/1720/1322 1069/1732/1332
f 947/1721/1323 983/1733/1333 1070/1734/1333 1062/1722/1324
f 982/1603/1207 946/1544/1159 1063/1723/1325 1071/1735/1334
f 960/1574/1179 996/1623/1227 1072/1736/1335 1064/1724/1326
f 994/1737/1336 958/1725/1327 1065/1726/1328 1073/1738/1336
f 965/1582/1186 1001/1630/1234 1074/1739/1337 1066/1727/1329
f 1001/1740/1338 1000/1741/1339 1075/1628/1339 1074/1627/1338
f 967/1585/1340 964/1584/1341 1067/1742/1341 1076/1743/1342
f 1000/1741/1339 1003/1744/1343 1077/1633/1344 1075/1628/1339
f 969/1587/1345 967/1585/1340 1076/1743/1342 1078/1745/1346
f 1003/1744/1343 1005/1746/1002 1079/1636/1347 1077/1633/1344
f 971/1589/1348 969/1587/1345 1078/1745/1346 1080/1747/1349
f 1005/1746/1002 1007/1748/1008 1081/1639/1350 1079/1636/1347
f 973/1591/1351 971/1589/1348 1080/1747/1349 1082/1749/1352
f 1007/1748/1008 1009/1750/1014 1083/1642/1353 1081/1639/1350
f 975/1593/1354 973/1591/1351 1082/1749/1352 1084/1751/1355
f 1009/1750/1014 1011/1752/1019 1085/1645/1356 1083/1642/1353
f 977/1595/1357 975/1593/1354 1084/1751/1355 1068/1753/1357
f 1011/1752/1019 1013/1754/1025 1086/1647/1358 1085/1645/1356
f 1013/1754/1025 1015/1755/1033 1087/1651/1359 1086/1647/1358
f 1015/1649/1253 979/1597/1201 1069/1732/1332 1087/1756/1360
f 1019/1757/1361 1018/1758/1362 1089/1657/1362 1088/1656/1361
f 1018/1654/1258 982/1603/1207 1071/1735/1334 1089/1759/1363
f 983/1608/1364 984/1607/1365 1090/1760/1366 1070/1761/1364
f 1020/1762/1367 1019/1757/1361 1088/1656/1361 1091/1659/1368
f 984/1607/1365 986/1610/1369 1092/1763/1370 1090/1760/1366
f 1022/1764/1005 1020/1762/1367 1091/1659/1368 1093/1662/1371
f 986/1610/1369 988/1612/1372 1094/1765/1373 1092/1763/1370
f 1024/1766/1011 1022/1764/1005 1093/1662/1371 1095/1665/1374
f 988/1612/1372 990/1614/1375 1096/1767/1376 1094/1765/1373
f 1026/1768/1016 1024/1766/1011 1095/1665/1374 1097/1668/1377
f 990/1614/1375 992/1616/1378 1098/1769/1379 1096/1767/1376
f 1028/1770/1022 1026/1768/1016 1097/1668/1377 1099/1671/1380
f 992/1616/1378 994/1618/1381 1073/1771/1381 1098/1769/1379
f 1030/1772/1028 1028/1770/1022 1099/1671/1380 1100/1673/1382
f 996/1623/1227 1032/1677/1281 1101/1773/1383 1072/1736/1335
f 1032/1774/1036 1030/1772/1028 1100/1673/1382 1101/1675/1384
o pCube2
v -0.002367 0.004739 -0.004293
v 0.002367 0.004739 -0.004293
v -0.002661 0.007338 -0.004293
v 0.002661 0.007338 -0.004293
v -0.002793 0.007338 -0.009867
v 0.002793 0.007338 -0.009867
v -0.002367 0.004739 -0.009867
v 0.002367 0.004739 -0.009867
v -0.002793 0.006094 -0.015454
v 0.002793 0.006094 -0.015454
v 0.002793 0.005747 -0.015454
v -0.002793 0.005747 -0.015454
v -0.002793 0.004739 -0.000387
v 0.002793 0.004739 -0.000387
v 0.002661 0.006291 -0.000387
v -0.002661 0.006291 -0.000387
v 0.005154 0.004739 -0.009867
v 0.005154 0.004739 -0.004293
v 0.005154 0.007338 -0.009867
v 0.005154 0.007338 -0.004293
v 0.005154 0.005747 -0.014666
v 0.005154 0.006094 -0.014666
v 0.005154 0.006291 -0.000387
v 0.005154 0.004739 -0.000387
v -0.005154 0.004739 -0.009867
v -0.005154 0.004739 -0.004293
v -0.005154 0.007338 -0.004293
v -0.005154 0.007338 -0.009867
v -0.005154 0.006094 -0.014666
v -0.005154 0.005747 -0.014666
v -0.005154 0.004739 -0.000387
v -0.005154 0.006291 -0.000387
v 0.008833 0.004739 -0.009334
v 0.008833 0.004739 -0.005285
v 0.008833 0.007338 -0.009334
v 0.008833 0.007338 -0.005285
v 0.008833 0.005747 -0.013359
v 0.008833 0.006094 -0.013359
v 0.008833 0.006291 -0.002447
v 0.008833 0.004739 -0.002447
v -0.008833 0.004739 -0.009334
v -0.008833 0.004739 -0.005285
v -0.008833 0.007338 -0.005285
v -0.008833 0.007338 -0.009334
v -0.008833 0.006094 -0.013359
v -0.008833 0.005747 -0.013359
v -0.008833 0.004739 -0.002447
v -0.008833 0.006291 -0.002447
v 0.002793 0.006641 -0.012442
v 0.005154 0.006641 -0.012079
v 0.008833 0.006641 -0.011189
v 0.008833 0.005355 -0.011189
v 0.005154 0.005355 -0.012079
v 0.002563 0.005355 -0.012442
v -0.002793 0.006641 -0.012442
v -0.005154 0.006641 -0.012079
v -0.008833 0.006641 -0.011189
v -0.008833 0.005355 -0.011189
v -0.005154 0.005355 -0.012079
v -0.002563 0.005355 -0.012442
v 0.002588 0.004739 -0.002269
v 0.005154 0.004739 -0.002269
v 0.008833 0.004739 -0.003814
v 0.008833 0.007021 -0.003814
v 0.005154 0.007021 -0.002269
v 0.002661 0.007021 -0.002269
v -0.002588 0.004739 -0.002269
v -0.005154 0.004739 -0.002269
v -0.008833 0.004739 -0.003814
v -0.008833 0.007021 -0.003814
v -0.005154 0.007021 -0.002269
v -0.002661 0.007021 -0.002269
v 0.002965 0.004951 -0.000387
v 0.002853 0.006083 -0.000387
v 0.005200 0.004950 -0.000464
v 0.005200 0.006082 -0.000464
v 0.008557 0.004949 -0.002293
v 0.008557 0.006081 -0.002293
v -0.002965 0.004951 -0.000387
v -0.002853 0.006083 -0.000387
v -0.005200 0.006082 -0.000464
v -0.005200 0.004950 -0.000464
v -0.008557 0.006081 -0.002293
v -0.008557 0.004949 -0.002293
v 0.002945 0.004950 -0.000971
v 0.002833 0.006082 -0.000971
v 0.005051 0.004949 -0.001013
v 0.005051 0.006082 -0.001013
v 0.008277 0.004949 -0.002806
v 0.008277 0.006081 -0.002806
v -0.002945 0.004950 -0.000971
v -0.002833 0.006082 -0.000971
v -0.005051 0.006082 -0.001013
v -0.005051 0.004949 -0.001013
v -0.008277 0.006081 -0.002806
v -0.008277 0.004949 -0.002806
vn 1.0000 -0.0000 -0.0000
vn -1.0000 -0.0000 -0.0000
vn -0.0000 -1.0000 -0.0000
vn 0.0049 -0.9973 -0.0726
vn 0.0127 -0.9960 -0.0889
vn 0.0065 0.9964 -0.0845
vn -0.0000 0.9991 0.0430
vn 0.0115 0.9985 0.0526
vn 0.0152 0.9947 -0.1015
vn 0.0392 -0.9778 -0.2058
vn 0.0249 -0.9816 -0.1896
vn 0.0319 -0.9900 -0.1375
vn 0.0394 -0.9881 -0.1488
vn 0.3165 -0.0000 -0.9486
vn 0.3276 -0.0000 -0.9448
vn 0.0467 0.9803 -0.1918
vn 0.0362 0.9728 -0.2288
vn 0.0519 0.9662 -0.2524
vn 0.0561 0.9768 -0.2068
vn 0.0836 0.9518 0.2950
vn -0.0000 0.9659 0.2588
vn -0.0000 0.9324 0.3614
vn 0.0952 0.9189 0.3828
vn 0.0193 0.0010 0.9998
vn 0.3223 0.0005 0.9466
vn 0.3223 0.0004 0.9466
vn -0.0049 -0.9973 -0.0726
vn -0.0127 -0.9960 -0.0889
vn -0.0065 0.9964 -0.0845
vn -0.0152 0.9947 -0.1015
vn -0.0115 0.9985 0.0526
vn -0.0362 0.9728 -0.2288
vn -0.0519 0.9662 -0.2524
vn -0.3165 -0.0000 -0.9486
vn -0.3276 -0.0000 -0.9448
vn -0.0392 -0.9778 -0.2058
vn -0.0249 -0.9816 -0.1896
vn -0.0193 0.0010 0.9998
vn -0.3223 0.0005 0.9466
vn -0.3223 0.0004 0.9466
vn -0.0836 0.9518 0.2950
vn 0.0152 -0.9968 -0.0789
vn 0.0129 0.9992 0.0374
vn 0.0172 0.9959 -0.0892
vn 0.0527 -0.9713 -0.2319
vn 0.0485 -0.9855 -0.1626
vn 0.3347 -0.0000 -0.9423
vn 0.0646 0.9584 -0.2780
vn 0.0668 0.9723 -0.2239
vn 0.1152 0.9566 0.2675
vn 0.1968 0.8944 0.4016
vn 0.4858 -0.0000 0.8741
vn -0.0152 -0.9968 -0.0789
vn -0.0172 0.9959 -0.0892
vn -0.0129 0.9992 0.0374
vn -0.0646 0.9584 -0.2781
vn -0.3347 -0.0000 -0.9423
vn -0.0527 -0.9713 -0.2319
vn -0.4858 -0.0000 0.8741
vn -0.1152 0.9566 0.2675
vn -0.0467 0.9803 -0.1918
vn -0.0561 0.9768 -0.2068
vn -0.0668 0.9723 -0.2239
vn -0.0394 -0.9881 -0.1488
vn -0.0485 -0.9855 -0.1626
vn -0.0319 -0.9900 -0.1375
vn -0.0952 0.9189 0.3828
vn -0.1968 0.8944 0.4016
vn 0.0113 -0.1260 0.9920
vn 0.0117 0.1204 0.9927
vn 0.0110 0.1131 0.9935
vn 0.0104 -0.1148 0.9933
vn 0.0117 0.1205 0.9926
vn 0.2768 0.1377 0.9510
vn 0.3549 0.1251 0.9265
vn 0.2708 -0.1398 0.9524
vn 0.3508 -0.1268 0.9278
vn 0.4852 0.0556 0.8726
vn 0.4839 0.0718 0.8721
vn 0.4852 -0.0557 0.8726
vn 0.4839 -0.0721 0.8721
vn -0.0117 0.1205 0.9926
vn -0.0114 -0.1259 0.9920
vn -0.0114 -0.1147 0.9933
vn -0.0110 0.1131 0.9935
vn -0.0114 -0.1260 0.9920
vn -0.2708 -0.1398 0.9524
vn -0.3508 -0.1268 0.9278
vn -0.0104 -0.1149 0.9933
vn -0.2768 0.1377 0.9510
vn -0.3549 0.1251 0.9265
vn -0.4852 -0.0557 0.8726
vn -0.4839 -0.0721 0.8721
vn -0.4852 0.0556 0.8726
vn -0.4839 0.0718 0.8721
vn 0.9945 0.0988 -0.0337
vn 0.0002 1.0000 -0.0013
vn -0.0000 1.0000 -0.0006
vn 0.0001 1.0000 -0.0009
vn -0.0001 -1.0000 0.0009
vn -0.0002 -1.0000 0.0013
vn -0.0000 -1.0000 0.0006
vn -0.0001 1.0000 -0.0004
vn -0.8781 -0.0000 0.4784
vn 0.0001 -1.0000 0.0004
vn -0.9945 0.0988 -0.0337
vn 0.0002 -1.0000 0.0013
vn -0.0002 1.0000 -0.0013
vn -0.0001 1.0000 -0.0009
vn -0.0001 -1.0000 0.0004
vn 0.8781 -0.0000 0.4784
vn 0.0001 1.0000 -0.0004
vt 0.550145 0.083735
vt 0.550145 0.044575
vt 0.575278 0.044575
vt 0.575278 0.083735
vt 0.441249 0.878952
vt 0.441249 0.839792
vt 0.466383 0.839792
vt 0.466383 0.878952
vt 0.568543 0.026637
vt 0.556101 0.026637
vt 0.559898 0.005653
vt 0.563246 0.005653
vt 0.459647 0.896890
vt 0.447206 0.896890
vt 0.550145 0.097954
vt 0.572212 0.097954
vt 0.565158 0.111173
vt 0.550145 0.111173
vt 0.441249 0.825573
vt 0.463316 0.825573
vt 0.585147 0.328112
vt 0.585147 0.273970
vt 0.612211 0.273970
vt 0.612211 0.328112
vt 0.621446 0.454543
vt 0.620149 0.399888
vt 0.644590 0.399888
vt 0.644590 0.454543
vt 0.612211 0.252485
vt 0.587054 0.248960
vt 0.589285 0.219702
vt 0.612211 0.227351
vt 0.876387 0.363780
vt 0.872942 0.363780
vt 0.872942 0.340298
vt 0.876387 0.340298
vt 0.621446 0.509326
vt 0.621446 0.479791
vt 0.644590 0.476233
vt 0.644590 0.501605
vt 0.644590 0.380043
vt 0.620149 0.380043
vt 0.620149 0.361593
vt 0.644590 0.361593
vt 0.538228 0.060524
vt 0.526817 0.059391
vt 0.526814 0.038171
vt 0.538225 0.038171
vt 0.589285 0.366047
vt 0.587291 0.347770
vt 0.612211 0.347770
vt 0.612211 0.366047
vt 0.679059 0.148189
vt 0.679059 0.202331
vt 0.651995 0.202331
vt 0.651995 0.148189
vt 0.680664 0.536915
vt 0.679366 0.591570
vt 0.656223 0.591570
vt 0.656223 0.536915
vt 0.679366 0.616818
vt 0.656223 0.613260
vt 0.861275 0.038884
vt 0.864720 0.038884
vt 0.864720 0.062366
vt 0.861275 0.062366
vt 0.651995 0.126704
vt 0.677152 0.123179
vt 0.676915 0.221989
vt 0.651995 0.221989
vt 0.530706 0.213342
vt 0.542117 0.212209
vt 0.542114 0.234562
vt 0.530703 0.234562
vt 0.656223 0.517070
vt 0.680664 0.517070
vt 0.647946 0.279140
vt 0.647946 0.318476
vt 0.680664 0.409616
vt 0.680664 0.449324
vt 0.647946 0.261122
vt 0.647946 0.240045
vt 0.872942 0.303697
vt 0.876387 0.303697
vt 0.680664 0.467513
vt 0.680664 0.488790
vt 0.680664 0.395198
vt 0.680664 0.381794
vt 0.526810 0.005653
vt 0.538221 0.005653
vt 0.647946 0.332758
vt 0.647946 0.346036
vt 0.616260 0.192695
vt 0.616260 0.153359
vt 0.620149 0.586352
vt 0.620149 0.546643
vt 0.620149 0.604540
vt 0.864720 0.098968
vt 0.861275 0.098968
vt 0.616260 0.135341
vt 0.616260 0.206977
vt 0.542111 0.267079
vt 0.530699 0.267079
vt 0.620149 0.532225
vt 0.679366 0.646353
vt 0.656223 0.638632
vt 0.620149 0.625818
vt 0.454351 0.917873
vt 0.451002 0.917873
vt 0.651995 0.101570
vt 0.616260 0.114264
vt 0.674921 0.093921
vt 0.674921 0.240265
vt 0.651995 0.240265
vt 0.616260 0.220255
vt 0.441249 0.812354
vt 0.456263 0.812354
vt 0.656223 0.498621
vt 0.620149 0.518821
vt 0.680664 0.498621
vt 0.958613 0.067929
vt 0.942946 0.066594
vt 0.945085 0.064860
vt 0.956510 0.065995
vt 0.942946 0.042777
vt 0.945077 0.042304
vt 0.958613 0.042777
vt 0.956502 0.042304
vt 0.942946 0.005653
vt 0.945068 0.008438
vt 0.958613 0.005653
vt 0.956493 0.008438
vt 0.927390 0.156779
vt 0.944335 0.155335
vt 0.942060 0.157427
vt 0.929703 0.158655
vt 0.944335 0.182540
vt 0.942051 0.183051
vt 0.927390 0.182540
vt 0.929694 0.183051
vt 0.944335 0.222693
vt 0.942042 0.219682
vt 0.927390 0.222693
vt 0.929685 0.219682
vt 0.771825 0.043359
vt 0.771825 0.032380
vt 0.777486 0.032371
vt 0.777486 0.043349
vt 0.557923 0.722980
vt 0.578601 0.716638
vt 0.578963 0.722123
vt 0.559584 0.728379
vt 0.768224 0.451887
vt 0.761679 0.473639
vt 0.756268 0.472015
vt 0.762737 0.451563
vt 0.615046 0.722771
vt 0.614109 0.728342
vt 0.773229 0.064316
vt 0.773229 0.076000
vt 0.767936 0.076000
vt 0.767936 0.064316
vt 0.761840 0.415485
vt 0.756276 0.416461
vt 0.909716 0.106691
vt 0.909716 0.117669
vt 0.904055 0.117660
vt 0.904055 0.106681
vt 0.316615 0.329799
vt 0.294863 0.336345
vt 0.294539 0.330858
vt 0.314992 0.324389
vt 0.200124 0.648852
vt 0.206449 0.628169
vt 0.211849 0.629825
vt 0.205609 0.649209
vt 0.258461 0.329961
vt 0.259436 0.324397
vt 0.760157 0.104781
vt 0.760157 0.093097
vt 0.765451 0.093097
vt 0.765451 0.104781
vt 0.206285 0.685292
vt 0.211854 0.684351
s 1
usemtl Swoop
f 1135/1775/1385 1134/1776/1385 1136/1777/1385 1137/1778/1385
f 1142/1779/1386 1143/1780/1386 1144/1781/1386 1145/1782/1386
f 1152/1783/1385 1153/1784/1385 1138/1785/1385 1139/1786/1385
f 1142/1779/1386 1145/1782/1386 1158/1787/1386 1159/1788/1386
f 1164/1789/1385 1165/1790/1385 1140/1791/1385 1141/1792/1385
f 1144/1781/1386 1143/1780/1386 1170/1793/1386 1171/1794/1386
f 1103/1795/1387 1109/1796/1388 1118/1797/1389 1119/1798/1387
f 1107/1799/1390 1105/1800/1391 1121/1801/1392 1120/1802/1393
f 1154/1803/1394 1155/1804/1395 1112/1805/1396 1122/1806/1397
f 1112/1807/1398 1111/1808/1398 1123/1809/1399 1122/1810/1399
f 1111/1811/1400 1150/1812/1401 1151/1813/1402 1123/1814/1403
f 1166/1815/1404 1167/1816/1405 1116/1817/1406 1124/1818/1407
f 1187/1819/1408 1186/1820/1408 1188/1821/1409 1189/1822/1410
f 1115/1823/1387 1162/1824/1387 1163/1825/1387 1125/1826/1387
f 1108/1827/1411 1102/1828/1387 1127/1829/1387 1126/1830/1412
f 1104/1831/1391 1106/1832/1413 1129/1833/1414 1128/1834/1415
f 1106/1832/1413 1156/1835/1416 1157/1836/1417 1129/1833/1414
f 1110/1837/1418 1113/1838/1418 1131/1839/1419 1130/1840/1419
f 1160/1841/1420 1161/1842/1421 1108/1827/1411 1126/1830/1412
f 1102/1828/1387 1168/1843/1387 1169/1844/1387 1127/1829/1387
f 1192/1845/1422 1193/1846/1422 1194/1847/1423 1195/1848/1424
f 1172/1849/1425 1173/1850/1405 1104/1831/1391 1128/1834/1415
f 1119/1798/1387 1118/1797/1389 1134/1851/1426 1135/1852/1387
f 1120/1802/1393 1121/1801/1392 1137/1853/1427 1136/1854/1428
f 1153/1855/1429 1154/1803/1394 1122/1806/1397 1138/1856/1430
f 1122/1810/1399 1123/1809/1399 1139/1857/1431 1138/1858/1431
f 1123/1814/1403 1151/1813/1402 1152/1859/1432 1139/1860/1433
f 1165/1861/1434 1166/1815/1404 1124/1818/1407 1140/1862/1435
f 1189/1822/1410 1188/1821/1409 1190/1863/1436 1191/1864/1436
f 1125/1826/1387 1163/1825/1387 1164/1865/1387 1141/1866/1387
f 1126/1830/1412 1127/1829/1387 1143/1867/1387 1142/1868/1437
f 1128/1834/1415 1129/1833/1414 1145/1869/1438 1144/1870/1439
f 1129/1833/1414 1157/1836/1417 1158/1871/1440 1145/1869/1438
f 1130/1840/1419 1131/1839/1419 1147/1872/1441 1146/1873/1441
f 1159/1874/1442 1160/1841/1420 1126/1830/1412 1142/1868/1437
f 1127/1829/1387 1169/1844/1387 1170/1875/1387 1143/1867/1387
f 1195/1848/1424 1194/1847/1423 1196/1876/1443 1197/1877/1443
f 1171/1878/1444 1172/1849/1425 1128/1834/1415 1144/1870/1439
f 1151/1813/1402 1150/1812/1401 1107/1799/1390 1120/1802/1393
f 1152/1859/1432 1151/1813/1402 1120/1802/1393 1136/1854/1428
f 1136/1777/1385 1134/1776/1385 1153/1784/1385 1152/1783/1385
f 1118/1797/1389 1154/1803/1394 1153/1855/1429 1134/1851/1426
f 1109/1796/1388 1155/1804/1395 1154/1803/1394 1118/1797/1389
f 1157/1836/1417 1156/1835/1416 1110/1879/1445 1130/1880/1446
f 1158/1871/1440 1157/1836/1417 1130/1880/1446 1146/1881/1447
f 1159/1788/1386 1158/1787/1386 1146/1882/1386 1147/1883/1386
f 1131/1884/1448 1160/1841/1420 1159/1874/1442 1147/1885/1449
f 1113/1886/1450 1161/1842/1421 1160/1841/1420 1131/1884/1448
f 1163/1825/1387 1162/1824/1387 1103/1795/1387 1119/1798/1387
f 1164/1865/1387 1163/1825/1387 1119/1798/1387 1135/1852/1387
f 1135/1775/1385 1137/1778/1385 1165/1790/1385 1164/1789/1385
f 1121/1801/1392 1166/1815/1404 1165/1861/1434 1137/1853/1427
f 1105/1800/1391 1167/1816/1405 1166/1815/1404 1121/1801/1392
f 1169/1844/1387 1168/1843/1387 1114/1887/1387 1132/1888/1387
f 1170/1875/1387 1169/1844/1387 1132/1888/1387 1148/1889/1387
f 1171/1794/1386 1170/1793/1386 1148/1890/1386 1149/1891/1386
f 1133/1892/1451 1172/1849/1425 1171/1878/1444 1149/1893/1452
f 1117/1894/1406 1173/1850/1405 1172/1849/1425 1133/1892/1451
f 1116/1895/1453 1115/1896/1454 1174/1897/1455 1175/1898/1456
f 1115/1896/1457 1125/1899/1458 1176/1900/1459 1174/1897/1455
f 1124/1901/1460 1116/1895/1453 1175/1898/1456 1177/1902/1461
f 1125/1899/1458 1141/1903/1462 1178/1904/1463 1176/1900/1459
f 1141/1903/1462 1140/1905/1464 1179/1906/1465 1178/1904/1463
f 1140/1905/1464 1124/1901/1460 1177/1902/1461 1179/1906/1465
f 1114/1907/1466 1117/1908/1467 1181/1909/1468 1180/1910/1469
f 1117/1908/1470 1133/1911/1471 1182/1912/1472 1181/1909/1473
f 1132/1913/1474 1114/1907/1466 1180/1910/1469 1183/1914/1475
f 1133/1911/1471 1149/1915/1476 1184/1916/1477 1182/1912/1472
f 1149/1915/1476 1148/1917/1478 1185/1918/1479 1184/1916/1477
f 1148/1917/1478 1132/1913/1474 1183/1914/1475 1185/1918/1479
f 1175/1919/1480 1174/1920/1480 1186/1921/1480 1187/1922/1480
f 1174/1923/1481 1176/1924/1482 1188/1925/1483 1186/1926/1481
f 1177/1927/1484 1175/1928/1485 1187/1929/1485 1189/1930/1486
f 1176/1924/1482 1178/1931/1487 1190/1932/1487 1188/1925/1483
f 1178/1933/1488 1179/1934/1488 1191/1935/1488 1190/1936/1488
f 1179/1937/1489 1177/1927/1484 1189/1930/1486 1191/1938/1489
f 1180/1939/1490 1181/1940/1490 1193/1941/1490 1192/1942/1490
f 1181/1943/1491 1182/1944/1486 1194/1945/1486 1193/1946/1491
f 1183/1947/1482 1180/1948/1492 1192/1949/1492 1195/1950/1493
f 1182/1944/1486 1184/1951/1494 1196/1952/1494 1194/1945/1486
f 1184/1953/1495 1185/1954/1495 1197/1955/1495 1196/1956/1495
f 1185/1957/1496 1183/1947/1482 1195/1950/1493 1197/1958/1496
o pCylinder2
v 0.016387 0.004297 -0.006870
v 0.015784 0.003113 -0.006870
v 0.014845 0.002174 -0.006870
v 0.013661 0.001571 -0.006870
v 0.012349 0.001363 -0.006870
v 0.011037 0.001571 -0.006870
v 0.009853 0.002174 -0.006870
v 0.008914 0.003113 -0.006870
v 0.008310 0.004297 -0.006870
v 0.008103 0.005609 -0.006870
v 0.008310 0.006922 -0.006870
v 0.008914 0.008105 -0.006870
v 0.009853 0.009045 -0.006870
v 0.011037 0.009648 -0.006870
v 0.012349 0.009856 -0.006870
v 0.013661 0.009648 -0.006870
v 0.014845 0.009045 -0.006870
v 0.015784 0.008105 -0.006870
v 0.016387 0.006922 -0.006870
v 0.016595 0.005609 -0.006870
v 0.016387 0.004297 -0.007784
v 0.015784 0.003113 -0.007784
v 0.014845 0.002174 -0.007784
v 0.013661 0.001571 -0.007784
v 0.012349 0.001363 -0.007784
v 0.011037 0.001571 -0.007784
v 0.009853 0.002174 -0.007784
v 0.008914 0.003113 -0.007784
v 0.008310 0.004297 -0.007784
v 0.008103 0.005609 -0.007784
v 0.008310 0.006922 -0.007784
v 0.008914 0.008105 -0.007784
v 0.009853 0.009045 -0.007784
v 0.011037 0.009648 -0.007784
v 0.012349 0.009856 -0.007784
v 0.013661 0.009648 -0.007784
v 0.014845 0.009045 -0.007784
v 0.015784 0.008105 -0.007784
v 0.016387 0.006922 -0.007784
v 0.016595 0.005609 -0.007784
v 0.016873 0.004139 -0.007784
v 0.016197 0.002813 -0.007784
v 0.015145 0.001761 -0.007784
v 0.013819 0.001086 -0.007784
v 0.012349 0.000853 -0.007784
v 0.010879 0.001086 -0.007784
v 0.009553 0.001761 -0.007784
v 0.008501 0.002813 -0.007784
v 0.007825 0.004139 -0.007784
v 0.007592 0.005609 -0.007784
v 0.007825 0.007079 -0.007784
v 0.008501 0.008405 -0.007784
v 0.009553 0.009458 -0.007784
v 0.010879 0.010133 -0.007784
v 0.012349 0.010366 -0.007784
v 0.013819 0.010133 -0.007784
v 0.015145 0.009458 -0.007784
v 0.016197 0.008405 -0.007784
v 0.016873 0.007079 -0.007784
v 0.017106 0.005609 -0.007784
v 0.016873 0.004139 -0.008764
v 0.016197 0.002813 -0.008764
v 0.015145 0.001761 -0.008764
v 0.013819 0.001086 -0.008764
v 0.012349 0.000853 -0.008764
v 0.010879 0.001086 -0.008764
v 0.009553 0.001761 -0.008764
v 0.008501 0.002813 -0.008764
v 0.007825 0.004139 -0.008764
v 0.007592 0.005609 -0.008764
v 0.007825 0.007079 -0.008764
v 0.008501 0.008405 -0.008764
v 0.009553 0.009458 -0.008764
v 0.010879 0.010133 -0.008764
v 0.012349 0.010366 -0.008764
v 0.013819 0.010133 -0.008764
v 0.015145 0.009458 -0.008764
v 0.016197 0.008405 -0.008764
v 0.016873 0.007079 -0.008764
v 0.017106 0.005609 -0.008764
v 0.016562 0.004240 -0.008764
v 0.015933 0.003006 -0.008764
v 0.014953 0.002026 -0.008764
v 0.013718 0.001396 -0.008764
v 0.012349 0.001179 -0.008764
v 0.010980 0.001396 -0.008764
v 0.009745 0.002026 -0.008764
v 0.008765 0.003006 -0.008764
v 0.008136 0.004240 -0.008764
v 0.007919 0.005609 -0.008764
v 0.008136 0.006978 -0.008764
v 0.008765 0.008213 -0.008764
v 0.009745 0.009193 -0.008764
v 0.010980 0.009822 -0.008764
v 0.012349 0.010039 -0.008764
v 0.013718 0.009822 -0.008764
v 0.014953 0.009193 -0.008764
v 0.015933 0.008213 -0.008764
v 0.016562 0.006978 -0.008764
v 0.016779 0.005609 -0.008764
v 0.015838 0.004476 -0.013391
v 0.015317 0.003453 -0.013391
v 0.014505 0.002641 -0.013391
v 0.013483 0.002120 -0.013391
v 0.012349 0.001941 -0.013391
v 0.011215 0.002120 -0.013391
v 0.010192 0.002641 -0.013391
v 0.009381 0.003453 -0.013391
v 0.008860 0.004476 -0.013391
v 0.008680 0.005609 -0.013391
v 0.008860 0.006743 -0.013391
v 0.009381 0.007766 -0.013391
v 0.010192 0.008577 -0.013391
v 0.011215 0.009098 -0.013391
v 0.012349 0.009278 -0.013391
v 0.013483 0.009098 -0.013391
v 0.014505 0.008577 -0.013391
v 0.015317 0.007766 -0.013391
v 0.015838 0.006743 -0.013391
v 0.016018 0.005609 -0.013391
v 0.016282 0.004331 -0.013619
v 0.015695 0.003178 -0.013619
v 0.014780 0.002263 -0.013619
v 0.013627 0.001676 -0.013619
v 0.012349 0.001473 -0.013619
v 0.011071 0.001676 -0.013619
v 0.009918 0.002263 -0.013619
v 0.009003 0.003178 -0.013619
v 0.008415 0.004331 -0.013619
v 0.008213 0.005609 -0.013619
v 0.008415 0.006887 -0.013619
v 0.009003 0.008040 -0.013619
v 0.009918 0.008955 -0.013619
v 0.011071 0.009543 -0.013619
v 0.012349 0.009745 -0.013619
v 0.013627 0.009543 -0.013619
v 0.014780 0.008955 -0.013619
v 0.015695 0.008040 -0.013619
v 0.016282 0.006887 -0.013619
v 0.016485 0.005609 -0.013619
v 0.016282 0.004331 -0.013867
v 0.015695 0.003178 -0.013867
v 0.014780 0.002263 -0.013867
v 0.013627 0.001676 -0.013867
v 0.012349 0.001473 -0.013867
v 0.011071 0.001676 -0.013867
v 0.009918 0.002263 -0.013867
v 0.009003 0.003178 -0.013867
v 0.008415 0.004331 -0.013867
v 0.008213 0.005609 -0.013867
v 0.008415 0.006887 -0.013867
v 0.009003 0.008040 -0.013867
v 0.009918 0.008955 -0.013867
v 0.011071 0.009543 -0.013867
v 0.012349 0.009745 -0.013867
v 0.013627 0.009543 -0.013867
v 0.014780 0.008955 -0.013867
v 0.015695 0.008040 -0.013867
v 0.016282 0.006887 -0.013867
v 0.016485 0.005609 -0.013867
v 0.015338 0.004638 -0.014892
v 0.014891 0.003762 -0.014892
v 0.014196 0.003067 -0.014892
v 0.013320 0.002621 -0.014892
v 0.012349 0.002467 -0.014892
v 0.011378 0.002621 -0.014892
v 0.010502 0.003067 -0.014892
v 0.009806 0.003762 -0.014892
v 0.009360 0.004638 -0.014892
v 0.009206 0.005609 -0.014892
v 0.009360 0.006580 -0.014892
v 0.009806 0.007457 -0.014892
v 0.010502 0.008152 -0.014892
v 0.011378 0.008598 -0.014892
v 0.012349 0.008752 -0.014892
v 0.013320 0.008598 -0.014892
v 0.014196 0.008152 -0.014892
v 0.014891 0.007457 -0.014892
v 0.015338 0.006580 -0.014892
v 0.015492 0.005609 -0.014892
v 0.014708 0.004843 -0.014892
v 0.014356 0.004151 -0.014892
v 0.013807 0.003602 -0.014892
v 0.013115 0.003250 -0.014892
v 0.012349 0.003129 -0.014892
v 0.011582 0.003250 -0.014892
v 0.010891 0.003602 -0.014892
v 0.010342 0.004151 -0.014892
v 0.009990 0.004843 -0.014892
v 0.009868 0.005609 -0.014892
v 0.009990 0.006376 -0.014892
v 0.010342 0.007068 -0.014892
v 0.010891 0.007616 -0.014892
v 0.011582 0.007969 -0.014892
v 0.012349 0.008090 -0.014892
v 0.013115 0.007969 -0.014892
v 0.013807 0.007616 -0.014892
v 0.014356 0.007068 -0.014892
v 0.014708 0.006376 -0.014892
v 0.014830 0.005609 -0.014892
v 0.014708 0.004843 -0.015590
v 0.014356 0.004151 -0.015590
v 0.013807 0.003602 -0.015590
v 0.013115 0.003250 -0.015590
v 0.012349 0.003129 -0.015590
v 0.011582 0.003250 -0.015590
v 0.010891 0.003602 -0.015590
v 0.010342 0.004151 -0.015590
v 0.009990 0.004843 -0.015590
v 0.009868 0.005609 -0.015590
v 0.009990 0.006376 -0.015590
v 0.010342 0.007068 -0.015590
v 0.010891 0.007616 -0.015590
v 0.011582 0.007969 -0.015590
v 0.012349 0.008090 -0.015590
v 0.013115 0.007969 -0.015590
v 0.013807 0.007616 -0.015590
v 0.014356 0.007068 -0.015590
v 0.014708 0.006376 -0.015590
v 0.014830 0.005609 -0.015590
v 0.014427 0.004934 -0.015590
v 0.014117 0.004325 -0.015590
v 0.013633 0.003842 -0.015590
v 0.013024 0.003531 -0.015590
v 0.012349 0.003424 -0.015590
v 0.011674 0.003531 -0.015590
v 0.011065 0.003842 -0.015590
v 0.010581 0.004325 -0.015590
v 0.010271 0.004934 -0.015590
v 0.010164 0.005609 -0.015590
v 0.010271 0.006285 -0.015590
v 0.010581 0.006894 -0.015590
v 0.011065 0.007377 -0.015590
v 0.011674 0.007687 -0.015590
v 0.012349 0.007794 -0.015590
v 0.013024 0.007687 -0.015590
v 0.013633 0.007377 -0.015590
v 0.014117 0.006894 -0.015590
v 0.014427 0.006285 -0.015590
v 0.014534 0.005609 -0.015590
v 0.014427 0.004934 -0.015918
v 0.014117 0.004325 -0.015918
v 0.013633 0.003842 -0.015918
v 0.013024 0.003531 -0.015918
v 0.012349 0.003424 -0.015918
v 0.011674 0.003531 -0.015918
v 0.011065 0.003842 -0.015918
v 0.010581 0.004325 -0.015918
v 0.010271 0.004934 -0.015918
v 0.010164 0.005609 -0.015918
v 0.010271 0.006285 -0.015918
v 0.010581 0.006894 -0.015918
v 0.011065 0.007377 -0.015918
v 0.011674 0.007687 -0.015918
v 0.012349 0.007794 -0.015918
v 0.013024 0.007687 -0.015918
v 0.013633 0.007377 -0.015918
v 0.014117 0.006894 -0.015918
v 0.014427 0.006285 -0.015918
v 0.014534 0.005609 -0.015918
v 0.014671 0.004855 -0.015918
v 0.014324 0.004175 -0.015918
v 0.013784 0.003634 -0.015918
v 0.013103 0.003288 -0.015918
v 0.012349 0.003168 -0.015918
v 0.011595 0.003288 -0.015918
v 0.010914 0.003634 -0.015918
v 0.010374 0.004175 -0.015918
v 0.010027 0.004855 -0.015918
v 0.009908 0.005609 -0.015918
v 0.010027 0.006364 -0.015918
v 0.010374 0.007044 -0.015918
v 0.010914 0.007584 -0.015918
v 0.011595 0.007931 -0.015918
v 0.012349 0.008051 -0.015918
v 0.013103 0.007931 -0.015918
v 0.013784 0.007584 -0.015918
v 0.014324 0.007044 -0.015918
v 0.014671 0.006364 -0.015918
v 0.014790 0.005609 -0.015918
v 0.014671 0.004855 -0.016330
v 0.014324 0.004175 -0.016330
v 0.013784 0.003634 -0.016330
v 0.013103 0.003288 -0.016330
v 0.012349 0.003168 -0.016330
v 0.011595 0.003288 -0.016330
v 0.010914 0.003634 -0.016330
v 0.010374 0.004175 -0.016330
v 0.010027 0.004855 -0.016330
v 0.009908 0.005609 -0.016330
v 0.010027 0.006364 -0.016330
v 0.010374 0.007044 -0.016330
v 0.010914 0.007584 -0.016330
v 0.011595 0.007931 -0.016330
v 0.012349 0.008051 -0.016330
v 0.013103 0.007931 -0.016330
v 0.013784 0.007584 -0.016330
v 0.014324 0.007044 -0.016330
v 0.014671 0.006364 -0.016330
v 0.014790 0.005609 -0.016330
v 0.014470 0.004920 -0.016563
v 0.014153 0.004298 -0.016563
v 0.013660 0.003805 -0.016563
v 0.013038 0.003488 -0.016563
v 0.012349 0.003379 -0.016563
v 0.011660 0.003488 -0.016563
v 0.011038 0.003805 -0.016563
v 0.010544 0.004298 -0.016563
v 0.010227 0.004920 -0.016563
v 0.010118 0.005609 -0.016563
v 0.010227 0.006299 -0.016563
v 0.010544 0.006920 -0.016563
v 0.011038 0.007414 -0.016563
v 0.011660 0.007731 -0.016563
v 0.012349 0.007840 -0.016563
v 0.013038 0.007731 -0.016563
v 0.013660 0.007414 -0.016563
v 0.014153 0.006920 -0.016563
v 0.014470 0.006299 -0.016563
v 0.014579 0.005609 -0.016563
v 0.014470 0.004920 -0.018131
v 0.014153 0.004298 -0.018131
v 0.013660 0.003805 -0.018131
v 0.013038 0.003488 -0.018131
v 0.012349 0.003379 -0.018131
v 0.011660 0.003488 -0.018131
v 0.011038 0.003805 -0.018131
v 0.010544 0.004298 -0.018131
v 0.010227 0.004920 -0.018131
v 0.010118 0.005609 -0.018131
v 0.010227 0.006299 -0.018131
v 0.010544 0.006920 -0.018131
v 0.011038 0.007414 -0.018131
v 0.011660 0.007731 -0.018131
v 0.012349 0.007840 -0.018131
v 0.013038 0.007731 -0.018131
v 0.013660 0.007414 -0.018131
v 0.014153 0.006920 -0.018131
v 0.014470 0.006299 -0.018131
v 0.014579 0.005609 -0.018131
v 0.014861 0.004793 -0.018131
v 0.014486 0.004057 -0.018131
v 0.013901 0.003473 -0.018131
v 0.013165 0.003098 -0.018131
v 0.012349 0.002968 -0.018131
v 0.011533 0.003098 -0.018131
v 0.010797 0.003473 -0.018131
v 0.010212 0.004057 -0.018131
v 0.009837 0.004793 -0.018131
v 0.009708 0.005609 -0.018131
v 0.009837 0.006426 -0.018131
v 0.010212 0.007162 -0.018131
v 0.010797 0.007746 -0.018131
v 0.011533 0.008121 -0.018131
v 0.012349 0.008250 -0.018131
v 0.013165 0.008121 -0.018131
v 0.013901 0.007746 -0.018131
v 0.014486 0.007162 -0.018131
v 0.014861 0.006426 -0.018131
v 0.014990 0.005609 -0.018131
v 0.021972 0.003744 -0.018264
v 0.021579 0.003556 -0.018264
v 0.020966 0.003406 -0.018264
v 0.013205 0.002974 -0.018264
v 0.012349 0.002838 -0.018264
v 0.011493 0.002974 -0.018264
v 0.010720 0.003367 -0.018264
v 0.010107 0.003981 -0.018264
v 0.009713 0.004753 -0.018264
v 0.009578 0.005609 -0.018264
v 0.009713 0.006466 -0.018264
v 0.010107 0.007238 -0.018264
v 0.010720 0.007851 -0.018264
v 0.011493 0.008245 -0.018264
v 0.012349 0.008380 -0.018264
v 0.013205 0.008245 -0.018264
v 0.013978 0.007851 -0.018264
v 0.021579 0.004350 -0.018264
v 0.021972 0.004162 -0.018264
v 0.022108 0.003953 -0.018264
v 0.021185 0.003771 -0.033881
v 0.020922 0.003646 -0.033881
v 0.020514 0.003546 -0.033881
v 0.012827 0.003855 -0.033881
v 0.012257 0.003764 -0.033881
v 0.011686 0.003855 -0.033881
v 0.011172 0.004117 -0.033881
v 0.010763 0.004525 -0.033881
v 0.010501 0.005040 -0.033881
v 0.010411 0.005610 -0.033881
v 0.010501 0.006181 -0.033881
v 0.010763 0.006695 -0.033881
v 0.011172 0.007104 -0.033881
v 0.011686 0.007366 -0.033881
v 0.012257 0.007456 -0.033881
v 0.012827 0.007366 -0.033881
v 0.013342 0.007104 -0.033881
v 0.020922 0.004175 -0.033881
v 0.021185 0.004049 -0.033881
v 0.021275 0.003910 -0.033881
v 0.021284 0.003799 -0.033843
v 0.020993 0.003660 -0.033843
v 0.020540 0.003549 -0.033843
v 0.012982 0.003662 -0.033843
v 0.012349 0.003562 -0.033843
v 0.011716 0.003662 -0.033843
v 0.011146 0.003953 -0.033843
v 0.010693 0.004406 -0.033843
v 0.010402 0.004977 -0.033843
v 0.010302 0.005609 -0.033843
v 0.010402 0.006242 -0.033843
v 0.010693 0.006813 -0.033843
v 0.011146 0.007266 -0.033843
v 0.011716 0.007556 -0.033843
v 0.012349 0.007657 -0.033843
v 0.012982 0.007556 -0.033843
v 0.013552 0.007266 -0.033843
v 0.020993 0.004246 -0.033843
v 0.021284 0.004107 -0.033843
v 0.021384 0.003953 -0.033843
v 0.021284 0.003799 -0.034226
v 0.020993 0.003660 -0.034226
v 0.020540 0.003549 -0.034226
v 0.012982 0.003662 -0.034226
v 0.012349 0.003562 -0.034226
v 0.011716 0.003662 -0.034226
v 0.011146 0.003953 -0.034226
v 0.010693 0.004406 -0.034226
v 0.010402 0.004977 -0.034226
v 0.010302 0.005609 -0.034226
v 0.010402 0.006242 -0.034226
v 0.010693 0.006813 -0.034226
v 0.011146 0.007266 -0.034226
v 0.011716 0.007556 -0.034226
v 0.012349 0.007657 -0.034226
v 0.012982 0.007556 -0.034226
v 0.013552 0.007266 -0.034226
v 0.020993 0.004246 -0.034226
v 0.021284 0.004107 -0.034226
v 0.021384 0.003953 -0.034226
v 0.021171 0.003808 -0.034226
v 0.020897 0.003677 -0.034226
v 0.020471 0.003573 -0.034226
v 0.012945 0.003775 -0.034226
v 0.012349 0.003681 -0.034226
v 0.011753 0.003775 -0.034226
v 0.011215 0.004049 -0.034226
v 0.010788 0.004476 -0.034226
v 0.010514 0.005013 -0.034226
v 0.010420 0.005609 -0.034226
v 0.010514 0.006205 -0.034226
v 0.010788 0.006743 -0.034226
v 0.011215 0.007170 -0.034226
v 0.011753 0.007444 -0.034226
v 0.012349 0.007538 -0.034226
v 0.012945 0.007444 -0.034226
v 0.013483 0.007170 -0.034226
v 0.020897 0.004229 -0.034226
v 0.021171 0.004098 -0.034226
v 0.021266 0.003953 -0.034226
v 0.021171 0.003808 -0.034510
v 0.020897 0.003677 -0.034510
v 0.020471 0.003573 -0.034510
v 0.012945 0.003775 -0.034510
v 0.012349 0.003681 -0.034510
v 0.011753 0.003775 -0.034510
v 0.011215 0.004049 -0.034510
v 0.010788 0.004476 -0.034510
v 0.010514 0.005013 -0.034510
v 0.010420 0.005609 -0.034510
v 0.010514 0.006205 -0.034510
v 0.010788 0.006743 -0.034510
v 0.011215 0.007170 -0.034510
v 0.011753 0.007444 -0.034510
v 0.012349 0.007538 -0.034510
v 0.012945 0.007444 -0.034510
v 0.013483 0.007170 -0.034510
v 0.020897 0.004229 -0.034510
v 0.021171 0.004098 -0.034510
v 0.021266 0.003953 -0.034510
v 0.021340 0.003794 -0.034510
v 0.021041 0.003651 -0.034510
v 0.020575 0.003537 -0.034510
v 0.013000 0.003606 -0.034510
v 0.012349 0.003503 -0.034510
v 0.011698 0.003606 -0.034510
v 0.011111 0.003905 -0.034510
v 0.010645 0.004371 -0.034510
v 0.010345 0.004958 -0.034510
v 0.010242 0.005609 -0.034510
v 0.010345 0.006260 -0.034510
v 0.010645 0.006848 -0.034510
v 0.011111 0.007314 -0.034510
v 0.011698 0.007613 -0.034510
v 0.012349 0.007716 -0.034510
v 0.013000 0.007613 -0.034510
v 0.013587 0.007314 -0.034510
v 0.021041 0.004255 -0.034510
v 0.021340 0.004112 -0.034510
v 0.021443 0.003953 -0.034510
v 0.021340 0.003794 -0.034944
v 0.021041 0.003651 -0.034944
v 0.020575 0.003537 -0.034944
v 0.013000 0.003606 -0.034944
v 0.012349 0.003503 -0.034944
v 0.011698 0.003606 -0.034944
v 0.011111 0.003905 -0.034944
v 0.010645 0.004371 -0.034944
v 0.010345 0.004958 -0.034944
v 0.010242 0.005609 -0.034944
v 0.010345 0.006260 -0.034944
v 0.010645 0.006848 -0.034944
v 0.011111 0.007314 -0.034944
v 0.011698 0.007613 -0.034944
v 0.012349 0.007716 -0.034944
v 0.013000 0.007613 -0.034944
v 0.013587 0.007314 -0.034944
v 0.021041 0.004255 -0.034944
v 0.021340 0.004112 -0.034944
v 0.021443 0.003953 -0.034944
v 0.021283 0.003799 -0.034944
v 0.020993 0.003660 -0.034944
v 0.020540 0.003549 -0.034944
v 0.012981 0.003663 -0.034944
v 0.012349 0.003563 -0.034944
v 0.011716 0.003663 -0.034944
v 0.011146 0.003954 -0.034944
v 0.010693 0.004406 -0.034944
v 0.010402 0.004977 -0.034944
v 0.010302 0.005609 -0.034944
v 0.010402 0.006242 -0.034944
v 0.010693 0.006812 -0.034944
v 0.011146 0.007265 -0.034944
v 0.011716 0.007556 -0.034944
v 0.012349 0.007656 -0.034944
v 0.012981 0.007556 -0.034944
v 0.013552 0.007265 -0.034944
v 0.020993 0.004246 -0.034944
v 0.021283 0.004107 -0.034944
v 0.021383 0.003953 -0.034944
v 0.021283 0.003799 -0.035028
v 0.020993 0.003660 -0.035028
v 0.020540 0.003549 -0.035028
v 0.012981 0.003663 -0.035028
v 0.012349 0.003563 -0.035028
v 0.011716 0.003663 -0.035028
v 0.011146 0.003954 -0.035028
v 0.010693 0.004406 -0.035028
v 0.010402 0.004977 -0.035028
v 0.010302 0.005609 -0.035028
v 0.010402 0.006242 -0.035028
v 0.010693 0.006812 -0.035028
v 0.011146 0.007265 -0.035028
v 0.011716 0.007556 -0.035028
v 0.012349 0.007656 -0.035028
v 0.012981 0.007556 -0.035028
v 0.013552 0.007265 -0.035028
v 0.020993 0.004246 -0.035028
v 0.021283 0.004107 -0.035028
v 0.021383 0.003953 -0.035028
v 0.021385 0.003791 -0.035028
v 0.021079 0.003644 -0.035028
v 0.020603 0.003528 -0.035028
v 0.013014 0.003561 -0.035028
v 0.012349 0.003456 -0.035028
v 0.011683 0.003561 -0.035028
v 0.011083 0.003867 -0.035028
v 0.010607 0.004344 -0.035028
v 0.010301 0.004944 -0.035028
v 0.010195 0.005609 -0.035028
v 0.010301 0.006275 -0.035028
v 0.010607 0.006875 -0.035028
v 0.011083 0.007352 -0.035028
v 0.011683 0.007657 -0.035028
v 0.012349 0.007763 -0.035028
v 0.013014 0.007657 -0.035028
v 0.013615 0.007352 -0.035028
v 0.021079 0.004261 -0.035028
v 0.021385 0.004115 -0.035028
v 0.021490 0.003953 -0.035028
v 0.021385 0.003791 -0.035983
v 0.021079 0.003644 -0.035983
v 0.020603 0.003528 -0.035983
v 0.013014 0.003561 -0.035983
v 0.012349 0.003456 -0.035983
v 0.011683 0.003561 -0.035983
v 0.011083 0.003867 -0.035983
v 0.010607 0.004344 -0.035983
v 0.010301 0.004944 -0.035983
v 0.010195 0.005609 -0.035983
v 0.010301 0.006275 -0.035983
v 0.010607 0.006875 -0.035983
v 0.011083 0.007352 -0.035983
v 0.011683 0.007657 -0.035983
v 0.012349 0.007763 -0.035983
v 0.013014 0.007657 -0.035983
v 0.013615 0.007352 -0.035983
v 0.021079 0.004261 -0.035983
v 0.021385 0.004115 -0.035983
v 0.021490 0.003953 -0.035983
v 0.021204 0.003805 -0.035983
v 0.020925 0.003672 -0.035983
v 0.020491 0.003566 -0.035983
v 0.012956 0.003742 -0.035983
v 0.012349 0.003646 -0.035983
v 0.011742 0.003742 -0.035983
v 0.011195 0.004021 -0.035983
v 0.010761 0.004455 -0.035983
v 0.010482 0.005003 -0.035983
v 0.010386 0.005609 -0.035983
v 0.010482 0.006216 -0.035983
v 0.010761 0.006763 -0.035983
v 0.011195 0.007198 -0.035983
v 0.011742 0.007477 -0.035983
v 0.012349 0.007573 -0.035983
v 0.012956 0.007477 -0.035983
v 0.013503 0.007198 -0.035983
v 0.020925 0.004234 -0.035983
v 0.021204 0.004101 -0.035983
v 0.021300 0.003953 -0.035983
v 0.021204 0.003805 -0.036855
v 0.020925 0.003672 -0.036855
v 0.020491 0.003566 -0.036855
v 0.012956 0.003742 -0.036855
v 0.012349 0.003646 -0.036855
v 0.011742 0.003742 -0.036855
v 0.011195 0.004021 -0.036855
v 0.010761 0.004455 -0.036855
v 0.010482 0.005003 -0.036855
v 0.010386 0.005609 -0.036855
v 0.010482 0.006216 -0.036855
v 0.010761 0.006763 -0.036855
v 0.011195 0.007198 -0.036855
v 0.011742 0.007477 -0.036855
v 0.012349 0.007573 -0.036855
v 0.012956 0.007477 -0.036855
v 0.013503 0.007198 -0.036855
v 0.020925 0.004234 -0.036855
v 0.021204 0.004101 -0.036855
v 0.021300 0.003953 -0.036855
v 0.021330 0.003795 -0.036855
v 0.021032 0.003653 -0.036855
v 0.020569 0.003540 -0.036855
v 0.012996 0.003616 -0.036855
v 0.012349 0.003514 -0.036855
v 0.011701 0.003616 -0.036855
v 0.011117 0.003914 -0.036855
v 0.010654 0.004378 -0.036855
v 0.010356 0.004962 -0.036855
v 0.010253 0.005609 -0.036855
v 0.010356 0.006257 -0.036855
v 0.010654 0.006841 -0.036855
v 0.011117 0.007305 -0.036855
v 0.011701 0.007602 -0.036855
v 0.012349 0.007705 -0.036855
v 0.012996 0.007602 -0.036855
v 0.013581 0.007305 -0.036855
v 0.021032 0.004253 -0.036855
v 0.021330 0.004111 -0.036855
v 0.021432 0.003953 -0.036855
v 0.021330 0.003795 -0.037749
v 0.021032 0.003653 -0.037749
v 0.020569 0.003540 -0.037749
v 0.012996 0.003616 -0.037749
v 0.012349 0.003514 -0.037749
v 0.011701 0.003616 -0.037749
v 0.011117 0.003914 -0.037749
v 0.010654 0.004378 -0.037749
v 0.010356 0.004962 -0.037749
v 0.010253 0.005609 -0.037749
v 0.010356 0.006257 -0.037749
v 0.010654 0.006841 -0.037749
v 0.011117 0.007305 -0.037749
v 0.011701 0.007602 -0.037749
v 0.012349 0.007705 -0.037749
v 0.012996 0.007602 -0.037749
v 0.013581 0.007305 -0.037749
v 0.021032 0.004253 -0.037749
v 0.021330 0.004111 -0.037749
v 0.021432 0.003953 -0.037749
v 0.021169 0.003808 -0.037749
v 0.020896 0.003677 -0.037749
v 0.020469 0.003573 -0.037749
v 0.012944 0.003777 -0.037749
v 0.012349 0.003682 -0.037749
v 0.011753 0.003777 -0.037749
v 0.011216 0.004050 -0.037749
v 0.010790 0.004477 -0.037749
v 0.010516 0.005014 -0.037749
v 0.010422 0.005609 -0.037749
v 0.010516 0.006205 -0.037749
v 0.010790 0.006742 -0.037749
v 0.011216 0.007168 -0.037749
v 0.011753 0.007442 -0.037749
v 0.012349 0.007536 -0.037749
v 0.012944 0.007442 -0.037749
v 0.013482 0.007168 -0.037749
v 0.020896 0.004229 -0.037749
v 0.021169 0.004098 -0.037749
v 0.021264 0.003953 -0.037749
v 0.021169 0.003808 -0.039858
v 0.020896 0.003677 -0.039858
v 0.020469 0.003573 -0.039858
v 0.012944 0.003777 -0.039858
v 0.012349 0.003682 -0.039858
v 0.011753 0.003777 -0.039858
v 0.011216 0.004050 -0.039858
v 0.010790 0.004477 -0.039858
v 0.010516 0.005014 -0.039858
v 0.010422 0.005609 -0.039858
v 0.010516 0.006205 -0.039858
v 0.010790 0.006742 -0.039858
v 0.011216 0.007168 -0.039858
v 0.011753 0.007442 -0.039858
v 0.012349 0.007536 -0.039858
v 0.012944 0.007442 -0.039858
v 0.013482 0.007168 -0.039858
v 0.020896 0.004229 -0.039858
v 0.021169 0.004098 -0.039858
v 0.021264 0.003953 -0.039858
v 0.021291 0.003798 -0.039858
v 0.021000 0.003658 -0.039858
v 0.020545 0.003548 -0.039858
v 0.012984 0.003655 -0.039858
v 0.012349 0.003554 -0.039858
v 0.011714 0.003655 -0.039858
v 0.011141 0.003947 -0.039858
v 0.008205 0.006160 -0.039858
v 0.007913 0.006474 -0.039858
v 0.007812 0.006823 -0.039858
v 0.007913 0.007171 -0.039858
v 0.008205 0.007486 -0.039858
v 0.008659 0.007735 -0.039858
v 0.011714 0.007564 -0.039858
v 0.012349 0.007665 -0.039858
v 0.012984 0.007564 -0.039858
v 0.013557 0.007272 -0.039858
v 0.021000 0.004247 -0.039858
v 0.021291 0.004108 -0.039858
v 0.021392 0.003953 -0.039858
v 0.014029 0.006216 -0.062522
v 0.014006 0.006205 -0.062522
v 0.010623 0.007316 -0.065780
v 0.013968 0.006195 -0.062522
v 0.010675 0.007156 -0.065780
v 0.010623 0.007148 -0.065780
v 0.010572 0.007156 -0.065780
v 0.010525 0.007180 -0.065780
v 0.008006 0.007705 -0.065780
v 0.007982 0.007731 -0.065780
v 0.007974 0.007759 -0.065780
v 0.007982 0.007788 -0.065780
v 0.008006 0.007813 -0.065780
v 0.008043 0.007834 -0.065780
v 0.010572 0.007476 -0.065780
v 0.010623 0.007484 -0.065780
v 0.010675 0.007476 -0.065780
v 0.010722 0.007452 -0.065780
v 0.014006 0.006253 -0.062522
v 0.014029 0.006241 -0.062522
v 0.014038 0.006229 -0.062522
v 0.022028 0.003766 -0.022822
v 0.021655 0.003597 -0.022822
v 0.021074 0.003463 -0.022822
v 0.012966 0.003245 -0.022822
v 0.012154 0.003123 -0.022822
v 0.011343 0.003245 -0.022822
v 0.010611 0.003598 -0.022822
v 0.010031 0.004148 -0.022822
v 0.009658 0.004841 -0.022822
v 0.009529 0.005609 -0.022822
v 0.009658 0.006378 -0.022822
v 0.010031 0.007071 -0.022822
v 0.010611 0.007621 -0.022822
v 0.011343 0.007974 -0.022822
v 0.012154 0.008096 -0.022822
v 0.012966 0.007974 -0.022822
v 0.013697 0.007621 -0.022822
v 0.021655 0.004309 -0.022822
v 0.022028 0.004140 -0.022822
v 0.022156 0.003953 -0.022822
v 0.021960 0.003775 -0.024920
v 0.022083 0.003953 -0.024920
v 0.021960 0.004130 -0.024920
v 0.021603 0.004290 -0.024920
v 0.013593 0.007515 -0.024920
v 0.012892 0.007850 -0.024920
v 0.012116 0.007965 -0.024920
v 0.011339 0.007850 -0.024920
v 0.010639 0.007515 -0.024920
v 0.010083 0.006994 -0.024920
v 0.009726 0.006337 -0.024920
v 0.009603 0.005609 -0.024920
v 0.009726 0.004881 -0.024920
v 0.010083 0.004225 -0.024920
v 0.010639 0.003704 -0.024920
v 0.011339 0.003369 -0.024920
v 0.012116 0.003254 -0.024920
v 0.012892 0.003369 -0.024920
v 0.021047 0.003488 -0.024920
v 0.021603 0.003615 -0.024920
v 0.021932 0.003787 -0.027332
v 0.022049 0.003953 -0.027332
v 0.021932 0.004119 -0.027332
v 0.021591 0.004269 -0.027332
v 0.013449 0.007393 -0.027332
v 0.012780 0.007706 -0.027332
v 0.012038 0.007814 -0.027332
v 0.011296 0.007706 -0.027332
v 0.010626 0.007393 -0.027332
v 0.010095 0.006905 -0.027332
v 0.009754 0.006291 -0.027332
v 0.009636 0.005609 -0.027332
v 0.009754 0.004928 -0.027332
v 0.010095 0.004313 -0.027332
v 0.010626 0.003825 -0.027332
v 0.011296 0.003512 -0.027332
v 0.012038 0.003404 -0.027332
v 0.012780 0.003512 -0.027332
v 0.021059 0.003518 -0.027332
v 0.021591 0.003637 -0.027332
v 0.021876 0.003795 -0.029176
v 0.021988 0.003953 -0.029176
v 0.021876 0.004110 -0.029176
v 0.021549 0.004252 -0.029176
v 0.013350 0.007300 -0.029176
v 0.012708 0.007597 -0.029176
v 0.011998 0.007699 -0.029176
v 0.011287 0.007597 -0.029176
v 0.010646 0.007300 -0.029176
v 0.010137 0.006838 -0.029176
v 0.009810 0.006255 -0.029176
v 0.009698 0.005609 -0.029176
v 0.009810 0.004964 -0.029176
v 0.010137 0.004381 -0.029176
v 0.010646 0.003919 -0.029176
v 0.011287 0.003622 -0.029176
v 0.011998 0.003519 -0.029176
v 0.012708 0.003622 -0.029176
v 0.021040 0.003541 -0.029176
v 0.021549 0.003653 -0.029176
v 0.021695 0.003757 -0.030942
v 0.021800 0.003910 -0.030942
v 0.021695 0.004063 -0.030942
v 0.021389 0.004201 -0.030942
v 0.013304 0.007252 -0.030942
v 0.012704 0.007540 -0.030942
v 0.012038 0.007640 -0.030942
v 0.011373 0.007540 -0.030942
v 0.010773 0.007252 -0.030942
v 0.010296 0.006803 -0.030942
v 0.009991 0.006237 -0.030942
v 0.009885 0.005610 -0.030942
v 0.009991 0.004983 -0.030942
v 0.010296 0.004417 -0.030942
v 0.010773 0.003968 -0.030942
v 0.011373 0.003680 -0.030942
v 0.012038 0.003581 -0.030942
v 0.012704 0.003680 -0.030942
v 0.020913 0.003510 -0.030942
v 0.021389 0.003619 -0.030942
v 0.021556 0.003803 -0.030799
v 0.021256 0.003668 -0.030799
v 0.020790 0.003561 -0.030799
v 0.012788 0.003718 -0.030799
v 0.012136 0.003621 -0.030799
v 0.011484 0.003718 -0.030799
v 0.010896 0.004001 -0.030799
v 0.010429 0.004441 -0.030799
v 0.010130 0.004995 -0.030799
v 0.010026 0.005609 -0.030799
v 0.010130 0.006224 -0.030799
v 0.010429 0.006778 -0.030799
v 0.010896 0.007218 -0.030799
v 0.011484 0.007501 -0.030799
v 0.012136 0.007598 -0.030799
v 0.012788 0.007501 -0.030799
v 0.013376 0.007218 -0.030799
v 0.021256 0.004238 -0.030799
v 0.021556 0.004103 -0.030799
v 0.021659 0.003953 -0.030799
v 0.018990 0.004624 -0.050703
v 0.018828 0.004546 -0.050703
v 0.018574 0.004484 -0.050703
v 0.011872 0.005341 -0.052338
v 0.011518 0.005284 -0.052338
v 0.011164 0.005341 -0.052338
v 0.010844 0.005503 -0.052338
v 0.008109 0.006904 -0.052338
v 0.007946 0.007079 -0.052338
v 0.007890 0.007274 -0.052338
v 0.007946 0.007468 -0.052338
v 0.008109 0.007643 -0.052338
v 0.008363 0.007783 -0.052338
v 0.011164 0.007521 -0.052338
v 0.011518 0.007578 -0.052338
v 0.011872 0.007521 -0.052338
v 0.012192 0.007359 -0.052338
v 0.018828 0.004874 -0.050703
v 0.018990 0.004796 -0.050703
v 0.019047 0.004710 -0.050703
v 0.020989 0.003787 -0.027443
v 0.021097 0.003953 -0.027443
v 0.020932 0.003795 -0.029064
v 0.021036 0.003953 -0.029064
v 0.020989 0.004119 -0.027443
v 0.020932 0.004110 -0.029064
v 0.020674 0.004269 -0.027443
v 0.020631 0.004252 -0.029064
v 0.013168 0.007393 -0.027443
v 0.013071 0.007300 -0.029064
v 0.012551 0.007706 -0.027443
v 0.012480 0.007597 -0.029064
v 0.011866 0.007814 -0.027443
v 0.011824 0.007699 -0.029064
v 0.011182 0.007706 -0.027443
v 0.011169 0.007597 -0.029064
v 0.010565 0.007393 -0.027443
v 0.010578 0.007300 -0.029064
v 0.010075 0.006905 -0.027443
v 0.010109 0.006838 -0.029064
v 0.009761 0.006291 -0.027443
v 0.009808 0.006255 -0.029064
v 0.009652 0.005609 -0.027443
v 0.009704 0.005609 -0.029064
v 0.009761 0.004928 -0.027443
v 0.009808 0.004964 -0.029064
v 0.010075 0.004313 -0.027443
v 0.010109 0.004381 -0.029064
v 0.010565 0.003825 -0.027443
v 0.010578 0.003919 -0.029064
v 0.011182 0.003512 -0.027443
v 0.011169 0.003622 -0.029064
v 0.011866 0.003404 -0.027443
v 0.011824 0.003519 -0.029064
v 0.012551 0.003512 -0.027443
v 0.012480 0.003622 -0.029064
v 0.020185 0.003518 -0.027443
v 0.020162 0.003541 -0.029064
v 0.020674 0.003637 -0.027443
v 0.020631 0.003653 -0.029064
v 0.021828 0.003465 -0.033843
v 0.021509 0.003301 -0.033843
v 0.021509 0.003301 -0.034226
v 0.021828 0.003465 -0.034226
v 0.021010 0.003170 -0.033843
v 0.021010 0.003170 -0.034226
v 0.012695 0.003304 -0.033843
v 0.012695 0.003304 -0.034226
v 0.011999 0.003185 -0.033843
v 0.011999 0.003185 -0.034226
v 0.011303 0.003304 -0.033843
v 0.011303 0.003304 -0.034226
v 0.010675 0.003648 -0.033843
v 0.010675 0.003648 -0.034226
v 0.010177 0.004184 -0.033843
v 0.010177 0.004184 -0.034226
v 0.009857 0.004860 -0.033843
v 0.009857 0.004860 -0.034226
v 0.009747 0.005609 -0.033843
v 0.009747 0.005609 -0.034226
v 0.009857 0.006358 -0.033843
v 0.009857 0.006358 -0.034226
v 0.010177 0.007034 -0.033843
v 0.010177 0.007034 -0.034226
v 0.010675 0.007571 -0.033843
v 0.010675 0.007571 -0.034226
v 0.011303 0.007915 -0.033843
v 0.011303 0.007915 -0.034226
v 0.011999 0.008034 -0.033843
v 0.011999 0.008034 -0.034226
v 0.012695 0.007915 -0.033843
v 0.012695 0.007915 -0.034226
v 0.013323 0.007571 -0.033843
v 0.013323 0.007571 -0.034226
v 0.021509 0.003995 -0.033843
v 0.021509 0.003995 -0.034226
v 0.021828 0.003831 -0.033843
v 0.021828 0.003831 -0.034226
v 0.021939 0.003648 -0.033843
v 0.021939 0.003648 -0.034226
v 0.021890 0.003460 -0.034510
v 0.021561 0.003291 -0.034510
v 0.021561 0.003291 -0.034944
v 0.021890 0.003460 -0.034944
v 0.021049 0.003156 -0.034510
v 0.021049 0.003156 -0.034944
v 0.012715 0.003237 -0.034510
v 0.012715 0.003237 -0.034944
v 0.011999 0.003115 -0.034510
v 0.011999 0.003115 -0.034944
v 0.011283 0.003237 -0.034510
v 0.011283 0.003237 -0.034944
v 0.010637 0.003591 -0.034510
v 0.010637 0.003591 -0.034944
v 0.010124 0.004143 -0.034510
v 0.010124 0.004143 -0.034944
v 0.009795 0.004839 -0.034510
v 0.009795 0.004839 -0.034944
v 0.009682 0.005609 -0.034510
v 0.009682 0.005609 -0.034944
v 0.009795 0.006380 -0.034510
v 0.009795 0.006380 -0.034944
v 0.010124 0.007076 -0.034510
v 0.010124 0.007076 -0.034944
v 0.010637 0.007627 -0.034510
v 0.010637 0.007627 -0.034944
v 0.011283 0.007982 -0.034510
v 0.011283 0.007982 -0.034944
v 0.011999 0.008104 -0.034510
v 0.011999 0.008104 -0.034944
v 0.012715 0.007982 -0.034510
v 0.012715 0.007982 -0.034944
v 0.013361 0.007627 -0.034510
v 0.013361 0.007627 -0.034944
v 0.021561 0.004005 -0.034510
v 0.021561 0.004005 -0.034944
v 0.021890 0.003836 -0.034510
v 0.021890 0.003836 -0.034944
v 0.022004 0.003648 -0.034510
v 0.022004 0.003648 -0.034944
v 0.021940 0.003456 -0.035028
v 0.021603 0.003283 -0.035028
v 0.021603 0.003283 -0.035983
v 0.021940 0.003456 -0.035983
v 0.021079 0.003145 -0.035028
v 0.021079 0.003145 -0.035983
v 0.012731 0.003184 -0.035028
v 0.012731 0.003184 -0.035983
v 0.011999 0.003059 -0.035028
v 0.011999 0.003059 -0.035983
v 0.011267 0.003184 -0.035028
v 0.011267 0.003184 -0.035983
v 0.010607 0.003546 -0.035028
v 0.010607 0.003546 -0.035983
v 0.010083 0.004111 -0.035028
v 0.010083 0.004111 -0.035983
v 0.009746 0.004821 -0.035028
v 0.009746 0.004821 -0.035983
v 0.009630 0.005609 -0.035028
v 0.009630 0.005609 -0.035983
v 0.009746 0.006397 -0.035028
v 0.009746 0.006397 -0.035983
v 0.010083 0.007108 -0.035028
v 0.010083 0.007108 -0.035983
v 0.010607 0.007672 -0.035028
v 0.010607 0.007672 -0.035983
v 0.011267 0.008034 -0.035028
v 0.011267 0.008034 -0.035983
v 0.011999 0.008159 -0.035028
v 0.011999 0.008159 -0.035983
v 0.012731 0.008034 -0.035028
v 0.012731 0.008034 -0.035983
v 0.013392 0.007672 -0.035028
v 0.013392 0.007672 -0.035983
v 0.021603 0.004013 -0.035028
v 0.021603 0.004013 -0.035983
v 0.021940 0.003840 -0.035028
v 0.021940 0.003840 -0.035983
v 0.022056 0.003648 -0.035028
v 0.022056 0.003648 -0.035983
v 0.021879 0.003461 -0.036855
v 0.021552 0.003292 -0.036855
v 0.021552 0.003292 -0.037749
v 0.021879 0.003461 -0.037749
v 0.021042 0.003159 -0.036855
v 0.021042 0.003159 -0.037749
v 0.012712 0.003249 -0.036855
v 0.012712 0.003249 -0.037749
v 0.011999 0.003128 -0.036855
v 0.011999 0.003128 -0.037749
v 0.011287 0.003249 -0.036855
v 0.011287 0.003249 -0.037749
v 0.010644 0.003602 -0.036855
v 0.010644 0.003602 -0.037749
v 0.010134 0.004151 -0.036855
v 0.010134 0.004151 -0.037749
v 0.009807 0.004843 -0.036855
v 0.009807 0.004843 -0.037749
v 0.009694 0.005609 -0.036855
v 0.009694 0.005609 -0.037749
v 0.009807 0.006376 -0.036855
v 0.009807 0.006376 -0.037749
v 0.010134 0.007068 -0.036855
v 0.010134 0.007068 -0.037749
v 0.010644 0.007617 -0.036855
v 0.010644 0.007617 -0.037749
v 0.011287 0.007969 -0.036855
v 0.011287 0.007969 -0.037749
v 0.011999 0.008091 -0.036855
v 0.011999 0.008091 -0.037749
v 0.012712 0.007969 -0.036855
v 0.012712 0.007969 -0.037749
v 0.013354 0.007617 -0.036855
v 0.013354 0.007617 -0.037749
v 0.021552 0.004003 -0.036855
v 0.021552 0.004003 -0.037749
v 0.021879 0.003835 -0.036855
v 0.021879 0.003835 -0.037749
v 0.021992 0.003648 -0.036855
v 0.021992 0.003648 -0.037749
v 0.020830 0.004085 -0.044300
v 0.020591 0.003970 -0.044300
v 0.020219 0.003879 -0.044300
v 0.012529 0.004345 -0.044970
v 0.012009 0.004263 -0.044970
v 0.011489 0.004345 -0.044970
v 0.011019 0.004584 -0.044970
v 0.008166 0.006465 -0.044970
v 0.007926 0.006722 -0.044970
v 0.007844 0.007008 -0.044970
v 0.007926 0.007293 -0.044970
v 0.008166 0.007550 -0.044970
v 0.008538 0.007755 -0.044970
v 0.011489 0.007547 -0.044970
v 0.012009 0.007629 -0.044970
v 0.012529 0.007547 -0.044970
v 0.012998 0.007308 -0.044970
v 0.020591 0.004452 -0.044300
v 0.020830 0.004338 -0.044300
v 0.020912 0.004211 -0.044300
v 0.017114 0.005148 -0.055941
v 0.017150 0.005204 -0.055941
v 0.017114 0.005259 -0.055941
v 0.017010 0.005309 -0.055941
v 0.011573 0.007398 -0.058003
v 0.011368 0.007502 -0.058003
v 0.011141 0.007538 -0.058003
v 0.010914 0.007502 -0.058003
v 0.008228 0.007804 -0.058003
v 0.008066 0.007715 -0.058003
v 0.007961 0.007603 -0.058003
v 0.007925 0.007478 -0.058003
v 0.007961 0.007354 -0.058003
v 0.008066 0.007241 -0.058003
v 0.010710 0.006210 -0.058003
v 0.010914 0.006106 -0.058003
v 0.011141 0.006070 -0.058003
v 0.011368 0.006106 -0.058003
v 0.016848 0.005059 -0.055941
v 0.017010 0.005098 -0.055941
v 0.020051 0.004352 -0.047474
v 0.020121 0.004459 -0.047474
v 0.020051 0.004565 -0.047474
v 0.019850 0.004662 -0.047474
v 0.012598 0.007333 -0.048623
v 0.012203 0.007534 -0.048623
v 0.011765 0.007603 -0.048623
v 0.011328 0.007534 -0.048623
v 0.008451 0.007768 -0.048623
v 0.008138 0.007596 -0.048623
v 0.007936 0.007380 -0.048623
v 0.007867 0.007139 -0.048623
v 0.007936 0.006899 -0.048623
v 0.008138 0.006682 -0.048623
v 0.010933 0.005040 -0.048623
v 0.011328 0.004839 -0.048623
v 0.011765 0.004769 -0.048623
v 0.012203 0.004839 -0.048623
v 0.019536 0.004179 -0.047474
v 0.019850 0.004256 -0.047474
v 0.017953 0.004915 -0.053607
v 0.017823 0.004852 -0.053607
v 0.017620 0.004803 -0.053607
v 0.011593 0.005765 -0.055480
v 0.011309 0.005720 -0.055480
v 0.011025 0.005765 -0.055480
v 0.010770 0.005895 -0.055480
v 0.008085 0.007091 -0.055480
v 0.007955 0.007231 -0.055480
v 0.007910 0.007387 -0.055480
v 0.007955 0.007543 -0.055480
v 0.008085 0.007683 -0.055480
v 0.008288 0.007794 -0.055480
v 0.011025 0.007511 -0.055480
v 0.011309 0.007556 -0.055480
v 0.011593 0.007511 -0.055480
v 0.011849 0.007380 -0.055480
v 0.017823 0.005115 -0.053607
v 0.017953 0.005053 -0.053607
v 0.017998 0.004984 -0.053607
v 0.015943 0.005695 -0.059314
v 0.015965 0.005729 -0.059314
v 0.015943 0.005762 -0.059314
v 0.015880 0.005793 -0.059314
v 0.011137 0.007426 -0.061989
v 0.011013 0.007489 -0.061989
v 0.010876 0.007510 -0.061989
v 0.010739 0.007489 -0.061989
v 0.008133 0.007819 -0.061989
v 0.008035 0.007765 -0.061989
v 0.007972 0.007697 -0.061989
v 0.007950 0.007622 -0.061989
v 0.007972 0.007547 -0.061989
v 0.008035 0.007479 -0.061989
v 0.010615 0.006707 -0.061989
v 0.010739 0.006644 -0.061989
v 0.010876 0.006622 -0.061989
v 0.011013 0.006644 -0.061989
v 0.015782 0.005641 -0.059314
v 0.015880 0.005665 -0.059314
v 0.016857 0.004144 -0.006870
v 0.016184 0.002823 -0.006870
v 0.015135 0.001774 -0.006870
v 0.013814 0.001101 -0.006870
v 0.012349 0.000869 -0.006870
v 0.010884 0.001101 -0.006870
v 0.009562 0.001774 -0.006870
v 0.008514 0.002823 -0.006870
v 0.007840 0.004144 -0.006870
v 0.007608 0.005609 -0.006870
v 0.007840 0.007074 -0.006870
v 0.008514 0.008396 -0.006870
v 0.009562 0.009445 -0.006870
v 0.010884 0.010118 -0.006870
v 0.012349 0.010350 -0.006870
v 0.013814 0.010118 -0.006870
v 0.015135 0.009445 -0.006870
v 0.016184 0.008396 -0.006870
v 0.016857 0.007074 -0.006870
v 0.017089 0.005609 -0.006870
v 0.016857 0.004144 -0.006246
v 0.016184 0.002823 -0.006246
v 0.015135 0.001774 -0.006246
v 0.013814 0.001101 -0.006246
v 0.012349 0.000869 -0.006246
v 0.010884 0.001101 -0.006246
v 0.009562 0.001774 -0.006246
v 0.008514 0.002823 -0.006246
v 0.007840 0.004144 -0.006246
v 0.007608 0.005609 -0.006246
v 0.007840 0.007074 -0.006246
v 0.008514 0.008396 -0.006246
v 0.009562 0.009445 -0.006246
v 0.010884 0.010118 -0.006246
v 0.012349 0.010350 -0.006246
v 0.013814 0.010118 -0.006246
v 0.015135 0.009445 -0.006246
v 0.016184 0.008396 -0.006246
v 0.016857 0.007074 -0.006246
v 0.017089 0.005609 -0.006246
v 0.016857 0.004144 -0.005259
v 0.016184 0.002823 -0.005259
v 0.015135 0.001774 -0.005259
v 0.013814 0.001101 -0.005259
v 0.012349 0.000869 -0.005259
v 0.010884 0.001101 -0.005259
v 0.009562 0.001774 -0.005259
v 0.008514 0.002823 -0.005259
v 0.007840 0.004144 -0.005259
v 0.007608 0.005609 -0.005259
v 0.007840 0.007074 -0.005259
v 0.008514 0.008396 -0.005259
v 0.009562 0.009445 -0.005259
v 0.010884 0.010118 -0.005259
v 0.012349 0.010350 -0.005259
v 0.013814 0.010118 -0.005259
v 0.015135 0.009445 -0.005259
v 0.016184 0.008396 -0.005259
v 0.016857 0.007074 -0.005259
v 0.017089 0.005609 -0.005259
v 0.016857 0.004144 -0.000986
v 0.016184 0.002823 -0.000986
v 0.015135 0.001774 -0.000986
v 0.013814 0.001101 -0.000986
v 0.012349 0.000869 -0.000986
v 0.010884 0.001101 -0.000986
v 0.009562 0.001774 -0.000986
v 0.008514 0.002823 -0.000986
v 0.007840 0.004144 -0.000986
v 0.007608 0.005609 -0.000986
v 0.007840 0.007074 -0.000986
v 0.008514 0.008396 -0.000986
v 0.009562 0.009445 -0.000986
v 0.010884 0.010118 -0.000986
v 0.012349 0.010350 -0.000986
v 0.013814 0.010118 -0.000986
v 0.015135 0.009445 -0.000986
v 0.016184 0.008396 -0.000986
v 0.016857 0.007074 -0.000986
v 0.017089 0.005609 -0.000986
v 0.015926 0.004447 -0.000590
v 0.015391 0.003399 -0.000590
v 0.014559 0.002567 -0.000590
v 0.013511 0.002033 -0.000590
v 0.012349 0.001849 -0.000590
v 0.011187 0.002033 -0.000590
v 0.010138 0.002567 -0.000590
v 0.009306 0.003399 -0.000590
v 0.008772 0.004447 -0.000590
v 0.008588 0.005609 -0.000590
v 0.008772 0.006772 -0.000590
v 0.009306 0.007820 -0.000590
v 0.010138 0.008652 -0.000590
v 0.011187 0.009186 -0.000590
v 0.012349 0.009370 -0.000590
v 0.013511 0.009186 -0.000590
v 0.014559 0.008652 -0.000590
v 0.015391 0.007820 -0.000590
v 0.015926 0.006772 -0.000590
v 0.016110 0.005609 -0.000590
v 0.015926 0.004447 -0.000147
v 0.015391 0.003399 -0.000147
v 0.014559 0.002567 -0.000147
v 0.013511 0.002033 -0.000147
v 0.012349 0.001849 -0.000147
v 0.011187 0.002033 -0.000147
v 0.010138 0.002567 -0.000147
v 0.009306 0.003399 -0.000147
v 0.008772 0.004447 -0.000147
v 0.008588 0.005609 -0.000147
v 0.008772 0.006772 -0.000147
v 0.009306 0.007820 -0.000147
v 0.010138 0.008652 -0.000147
v 0.011187 0.009186 -0.000147
v 0.012349 0.009370 -0.000147
v 0.013511 0.009186 -0.000147
v 0.014559 0.008652 -0.000147
v 0.015391 0.007820 -0.000147
v 0.015926 0.006772 -0.000147
v 0.016110 0.005609 -0.000147
v 0.016161 0.004371 -0.000147
v 0.015591 0.003254 -0.000147
v 0.014705 0.002367 -0.000147
v 0.013587 0.001797 -0.000147
v 0.012349 0.001601 -0.000147
v 0.011110 0.001797 -0.000147
v 0.009993 0.002367 -0.000147
v 0.009106 0.003254 -0.000147
v 0.008537 0.004371 -0.000147
v 0.008341 0.005609 -0.000147
v 0.008537 0.006848 -0.000147
v 0.009106 0.007965 -0.000147
v 0.009993 0.008852 -0.000147
v 0.011110 0.009421 -0.000147
v 0.012349 0.009617 -0.000147
v 0.013587 0.009421 -0.000147
v 0.014705 0.008852 -0.000147
v 0.015591 0.007965 -0.000147
v 0.016161 0.006848 -0.000147
v 0.016357 0.005609 -0.000147
v 0.016161 0.004371 0.000297
v 0.015591 0.003254 0.000297
v 0.014705 0.002367 0.000297
v 0.013587 0.001797 0.000297
v 0.012349 0.001601 0.000297
v 0.011110 0.001798 0.000297
v 0.009993 0.002367 0.000297
v 0.009106 0.003254 0.000297
v 0.008537 0.004371 0.000297
v 0.008341 0.005609 0.000297
v 0.008537 0.006848 0.000297
v 0.009106 0.007965 0.000297
v 0.009993 0.008852 0.000297
v 0.011110 0.009421 0.000297
v 0.012349 0.009617 0.000297
v 0.013587 0.009421 0.000297
v 0.014705 0.008852 0.000297
v 0.015591 0.007965 0.000297
v 0.016161 0.006848 0.000297
v 0.016357 0.005609 0.000297
v 0.015283 0.004656 0.002321
v 0.014845 0.003796 0.002321
v 0.014162 0.003114 0.002321
v 0.013302 0.002675 0.002321
v 0.012349 0.002524 0.002321
v 0.011396 0.002675 0.002321
v 0.010536 0.003114 0.002321
v 0.009853 0.003796 0.002321
v 0.009415 0.004656 0.002321
v 0.009264 0.005609 0.002321
v 0.009415 0.006563 0.002321
v 0.009853 0.007423 0.002321
v 0.010536 0.008105 0.002321
v 0.011396 0.008543 0.002321
v 0.012349 0.008694 0.002321
v 0.013302 0.008543 0.002321
v 0.014162 0.008105 0.002321
v 0.014845 0.007423 0.002321
v 0.015283 0.006563 0.002321
v 0.015434 0.005609 0.002321
v 0.014850 0.004797 0.002321
v 0.014477 0.004063 0.002321
v 0.013895 0.003481 0.002321
v 0.013162 0.003108 0.002321
v 0.012349 0.002979 0.002321
v 0.011536 0.003108 0.002321
v 0.010803 0.003481 0.002321
v 0.010221 0.004063 0.002321
v 0.009847 0.004797 0.002321
v 0.009719 0.005609 0.002321
v 0.009847 0.006422 0.002321
v 0.010221 0.007155 0.002321
v 0.010803 0.007737 0.002321
v 0.011536 0.008111 0.002321
v 0.012349 0.008240 0.002321
v 0.013162 0.008111 0.002321
v 0.013895 0.007737 0.002321
v 0.014477 0.007155 0.002321
v 0.014850 0.006422 0.002321
v 0.014979 0.005609 0.002321
v 0.013581 0.005209 -0.001085
v 0.013397 0.004848 -0.001085
v 0.012349 0.005609 -0.001085
v 0.013111 0.004561 -0.001085
v 0.012749 0.004377 -0.001085
v 0.012349 0.004313 -0.001085
v 0.011948 0.004377 -0.001085
v 0.011587 0.004561 -0.001085
v 0.011300 0.004848 -0.001085
v 0.011116 0.005209 -0.001085
v 0.011053 0.005609 -0.001085
v 0.011116 0.006010 -0.001085
v 0.011300 0.006371 -0.001085
v 0.011587 0.006658 -0.001085
v 0.011948 0.006842 -0.001085
v 0.012349 0.006905 -0.001085
v 0.012749 0.006842 -0.001085
v 0.013111 0.006658 -0.001085
v 0.013397 0.006371 -0.001085
v 0.013581 0.006010 -0.001085
v 0.013645 0.005609 -0.001085
v 0.016336 0.004282 0.000385
v 0.015766 0.003164 0.000385
v 0.015370 0.004612 0.002473
v 0.014932 0.003752 0.002473
v 0.014850 0.004797 0.002536
v 0.014477 0.004063 0.002536
v 0.014794 0.002192 0.000385
v 0.013676 0.001623 0.000385
v 0.014207 0.003026 0.002473
v 0.013347 0.002588 0.002473
v 0.013895 0.003481 0.002536
v 0.013162 0.003108 0.002536
v 0.012318 0.001408 0.000385
v 0.011080 0.001604 0.000385
v 0.012334 0.002428 0.002473
v 0.011380 0.002579 0.002473
v 0.012349 0.002979 0.002536
v 0.011536 0.003108 0.002536
v 0.009854 0.002228 0.000385
v 0.008968 0.003115 0.000385
v 0.010466 0.003044 0.002473
v 0.009784 0.003727 0.002473
v 0.010803 0.003481 0.002536
v 0.010221 0.004063 0.002536
v 0.008343 0.004340 0.000385
v 0.008147 0.005579 0.000385
v 0.009318 0.004641 0.002473
v 0.009167 0.005594 0.002473
v 0.009847 0.004797 0.002536
v 0.009719 0.005609 0.002536
v 0.008362 0.006937 0.000385
v 0.008932 0.008054 0.000385
v 0.009328 0.006607 0.002473
v 0.009766 0.007467 0.002473
v 0.009847 0.006422 0.002536
v 0.010221 0.007155 0.002536
v 0.009904 0.009027 0.000385
v 0.011021 0.009596 0.000385
v 0.010491 0.008192 0.002473
v 0.011351 0.008631 0.002473
v 0.010803 0.007737 0.002536
v 0.011536 0.008111 0.002536
v 0.012380 0.009811 0.000385
v 0.013618 0.009615 0.000385
v 0.012364 0.008791 0.002473
v 0.013318 0.008640 0.002473
v 0.012349 0.008240 0.002536
v 0.013162 0.008111 0.002536
v 0.014843 0.008991 0.000385
v 0.015730 0.008104 0.000385
v 0.014231 0.008174 0.002473
v 0.014914 0.007492 0.002473
v 0.013895 0.007737 0.002536
v 0.014477 0.007155 0.002536
v 0.016354 0.006879 0.000385
v 0.016551 0.005640 0.000385
v 0.015380 0.006578 0.002473
v 0.015531 0.005625 0.002473
v 0.014850 0.006422 0.002536
v 0.014979 0.005609 0.002536
v -0.016387 0.004297 -0.006870
v -0.015784 0.003113 -0.006870
v -0.014845 0.002174 -0.006870
v -0.013661 0.001571 -0.006870
v -0.012349 0.001363 -0.006870
v -0.011037 0.001571 -0.006870
v -0.009853 0.002174 -0.006870
v -0.008914 0.003113 -0.006870
v -0.008310 0.004297 -0.006870
v -0.008103 0.005609 -0.006870
v -0.008310 0.006922 -0.006870
v -0.008914 0.008105 -0.006870
v -0.009853 0.009045 -0.006870
v -0.011037 0.009648 -0.006870
v -0.012349 0.009856 -0.006870
v -0.013661 0.009648 -0.006870
v -0.014845 0.009045 -0.006870
v -0.015784 0.008105 -0.006870
v -0.016387 0.006922 -0.006870
v -0.016595 0.005609 -0.006870
v -0.016387 0.004297 -0.007784
v -0.015784 0.003113 -0.007784
v -0.014845 0.002174 -0.007784
v -0.013661 0.001571 -0.007784
v -0.012349 0.001363 -0.007784
v -0.011037 0.001571 -0.007784
v -0.009853 0.002174 -0.007784
v -0.008914 0.003113 -0.007784
v -0.008310 0.004297 -0.007784
v -0.008103 0.005609 -0.007784
v -0.008310 0.006922 -0.007784
v -0.008914 0.008105 -0.007784
v -0.009853 0.009045 -0.007784
v -0.011037 0.009648 -0.007784
v -0.012349 0.009856 -0.007784
v -0.013661 0.009648 -0.007784
v -0.014845 0.009045 -0.007784
v -0.015784 0.008105 -0.007784
v -0.016387 0.006922 -0.007784
v -0.016595 0.005609 -0.007784
v -0.016873 0.004139 -0.007784
v -0.016197 0.002813 -0.007784
v -0.015145 0.001761 -0.007784
v -0.013819 0.001086 -0.007784
v -0.012349 0.000853 -0.007784
v -0.010879 0.001086 -0.007784
v -0.009553 0.001761 -0.007784
v -0.008501 0.002813 -0.007784
v -0.007825 0.004139 -0.007784
v -0.007592 0.005609 -0.007784
v -0.007825 0.007079 -0.007784
v -0.008501 0.008405 -0.007784
v -0.009553 0.009458 -0.007784
v -0.010879 0.010133 -0.007784
v -0.012349 0.010366 -0.007784
v -0.013819 0.010133 -0.007784
v -0.015145 0.009458 -0.007784
v -0.016197 0.008405 -0.007784
v -0.016873 0.007079 -0.007784
v -0.017106 0.005609 -0.007784
v -0.016873 0.004139 -0.008764
v -0.016197 0.002813 -0.008764
v -0.015145 0.001761 -0.008764
v -0.013819 0.001086 -0.008764
v -0.012349 0.000853 -0.008764
v -0.010879 0.001086 -0.008764
v -0.009553 0.001761 -0.008764
v -0.008501 0.002813 -0.008764
v -0.007825 0.004139 -0.008764
v -0.007592 0.005609 -0.008764
v -0.007825 0.007079 -0.008764
v -0.008501 0.008405 -0.008764
v -0.009553 0.009458 -0.008764
v -0.010879 0.010133 -0.008764
v -0.012349 0.010366 -0.008764
v -0.013819 0.010133 -0.008764
v -0.015145 0.009458 -0.008764
v -0.016197 0.008405 -0.008764
v -0.016873 0.007079 -0.008764
v -0.017106 0.005609 -0.008764
v -0.016562 0.004240 -0.008764
v -0.015933 0.003006 -0.008764
v -0.014953 0.002026 -0.008764
v -0.013718 0.001396 -0.008764
v -0.012349 0.001179 -0.008764
v -0.010980 0.001396 -0.008764
v -0.009745 0.002026 -0.008764
v -0.008765 0.003006 -0.008764
v -0.008136 0.004240 -0.008764
v -0.007919 0.005609 -0.008764
v -0.008136 0.006978 -0.008764
v -0.008765 0.008213 -0.008764
v -0.009745 0.009193 -0.008764
v -0.010980 0.009822 -0.008764
v -0.012349 0.010039 -0.008764
v -0.013718 0.009822 -0.008764
v -0.014953 0.009193 -0.008764
v -0.015933 0.008213 -0.008764
v -0.016562 0.006978 -0.008764
v -0.016779 0.005609 -0.008764
v -0.015838 0.004476 -0.013391
v -0.015317 0.003453 -0.013391
v -0.014505 0.002641 -0.013391
v -0.013483 0.002120 -0.013391
v -0.012349 0.001941 -0.013391
v -0.011215 0.002120 -0.013391
v -0.010192 0.002641 -0.013391
v -0.009381 0.003453 -0.013391
v -0.008860 0.004476 -0.013391
v -0.008680 0.005609 -0.013391
v -0.008860 0.006743 -0.013391
v -0.009381 0.007766 -0.013391
v -0.010192 0.008577 -0.013391
v -0.011215 0.009098 -0.013391
v -0.012349 0.009278 -0.013391
v -0.013483 0.009098 -0.013391
v -0.014505 0.008577 -0.013391
v -0.015317 0.007766 -0.013391
v -0.015838 0.006743 -0.013391
v -0.016018 0.005609 -0.013391
v -0.016282 0.004331 -0.013619
v -0.015695 0.003178 -0.013619
v -0.014780 0.002263 -0.013619
v -0.013627 0.001676 -0.013619
v -0.012349 0.001473 -0.013619
v -0.011071 0.001676 -0.013619
v -0.009918 0.002263 -0.013619
v -0.009003 0.003178 -0.013619
v -0.008415 0.004331 -0.013619
v -0.008213 0.005609 -0.013619
v -0.008415 0.006887 -0.013619
v -0.009003 0.008040 -0.013619
v -0.009918 0.008955 -0.013619
v -0.011071 0.009543 -0.013619
v -0.012349 0.009745 -0.013619
v -0.013627 0.009543 -0.013619
v -0.014780 0.008955 -0.013619
v -0.015695 0.008040 -0.013619
v -0.016282 0.006887 -0.013619
v -0.016485 0.005609 -0.013619
v -0.016282 0.004331 -0.013867
v -0.015695 0.003178 -0.013867
v -0.014780 0.002263 -0.013867
v -0.013627 0.001676 -0.013867
v -0.012349 0.001473 -0.013867
v -0.011071 0.001676 -0.013867
v -0.009918 0.002263 -0.013867
v -0.009003 0.003178 -0.013867
v -0.008415 0.004331 -0.013867
v -0.008213 0.005609 -0.013867
v -0.008415 0.006887 -0.013867
v -0.009003 0.008040 -0.013867
v -0.009918 0.008955 -0.013867
v -0.011071 0.009543 -0.013867
v -0.012349 0.009745 -0.013867
v -0.013627 0.009543 -0.013867
v -0.014780 0.008955 -0.013867
v -0.015695 0.008040 -0.013867
v -0.016282 0.006887 -0.013867
v -0.016485 0.005609 -0.013867
v -0.015338 0.004638 -0.014892
v -0.014891 0.003762 -0.014892
v -0.014196 0.003067 -0.014892
v -0.013320 0.002621 -0.014892
v -0.012349 0.002467 -0.014892
v -0.011378 0.002621 -0.014892
v -0.010502 0.003067 -0.014892
v -0.009806 0.003762 -0.014892
v -0.009360 0.004638 -0.014892
v -0.009206 0.005609 -0.014892
v -0.009360 0.006580 -0.014892
v -0.009806 0.007457 -0.014892
v -0.010502 0.008152 -0.014892
v -0.011378 0.008598 -0.014892
v -0.012349 0.008752 -0.014892
v -0.013320 0.008598 -0.014892
v -0.014196 0.008152 -0.014892
v -0.014891 0.007457 -0.014892
v -0.015338 0.006580 -0.014892
v -0.015492 0.005609 -0.014892
v -0.014708 0.004843 -0.014892
v -0.014356 0.004151 -0.014892
v -0.013807 0.003602 -0.014892
v -0.013115 0.003250 -0.014892
v -0.012349 0.003129 -0.014892
v -0.011582 0.003250 -0.014892
v -0.010891 0.003602 -0.014892
v -0.010342 0.004151 -0.014892
v -0.009990 0.004843 -0.014892
v -0.009868 0.005609 -0.014892
v -0.009990 0.006376 -0.014892
v -0.010342 0.007068 -0.014892
v -0.010891 0.007616 -0.014892
v -0.011582 0.007969 -0.014892
v -0.012349 0.008090 -0.014892
v -0.013115 0.007969 -0.014892
v -0.013807 0.007616 -0.014892
v -0.014356 0.007068 -0.014892
v -0.014708 0.006376 -0.014892
v -0.014830 0.005609 -0.014892
v -0.014708 0.004843 -0.015590
v -0.014356 0.004151 -0.015590
v -0.013807 0.003602 -0.015590
v -0.013115 0.003250 -0.015590
v -0.012349 0.003129 -0.015590
v -0.011582 0.003250 -0.015590
v -0.010891 0.003602 -0.015590
v -0.010342 0.004151 -0.015590
v -0.009990 0.004843 -0.015590
v -0.009868 0.005609 -0.015590
v -0.009990 0.006376 -0.015590
v -0.010342 0.007068 -0.015590
v -0.010891 0.007616 -0.015590
v -0.011582 0.007969 -0.015590
v -0.012349 0.008090 -0.015590
v -0.013115 0.007969 -0.015590
v -0.013807 0.007616 -0.015590
v -0.014356 0.007068 -0.015590
v -0.014708 0.006376 -0.015590
v -0.014830 0.005609 -0.015590
v -0.014427 0.004934 -0.015590
v -0.014117 0.004325 -0.015590
v -0.013633 0.003842 -0.015590
v -0.013024 0.003531 -0.015590
v -0.012349 0.003424 -0.015590
v -0.011674 0.003531 -0.015590
v -0.011065 0.003842 -0.015590
v -0.010581 0.004325 -0.015590
v -0.010271 0.004934 -0.015590
v -0.010164 0.005609 -0.015590
v -0.010271 0.006285 -0.015590
v -0.010581 0.006894 -0.015590
v -0.011065 0.007377 -0.015590
v -0.011674 0.007687 -0.015590
v -0.012349 0.007794 -0.015590
v -0.013024 0.007687 -0.015590
v -0.013633 0.007377 -0.015590
v -0.014117 0.006894 -0.015590
v -0.014427 0.006285 -0.015590
v -0.014534 0.005609 -0.015590
v -0.014427 0.004934 -0.015918
v -0.014117 0.004325 -0.015918
v -0.013633 0.003842 -0.015918
v -0.013024 0.003531 -0.015918
v -0.012349 0.003424 -0.015918
v -0.011674 0.003531 -0.015918
v -0.011065 0.003842 -0.015918
v -0.010581 0.004325 -0.015918
v -0.010271 0.004934 -0.015918
v -0.010164 0.005609 -0.015918
v -0.010271 0.006285 -0.015918
v -0.010581 0.006894 -0.015918
v -0.011065 0.007377 -0.015918
v -0.011674 0.007687 -0.015918
v -0.012349 0.007794 -0.015918
v -0.013024 0.007687 -0.015918
v -0.013633 0.007377 -0.015918
v -0.014117 0.006894 -0.015918
v -0.014427 0.006285 -0.015918
v -0.014534 0.005609 -0.015918
v -0.014671 0.004855 -0.015918
v -0.014324 0.004175 -0.015918
v -0.013784 0.003634 -0.015918
v -0.013103 0.003288 -0.015918
v -0.012349 0.003168 -0.015918
v -0.011595 0.003288 -0.015918
v -0.010914 0.003634 -0.015918
v -0.010374 0.004175 -0.015918
v -0.010027 0.004855 -0.015918
v -0.009908 0.005609 -0.015918
v -0.010027 0.006364 -0.015918
v -0.010374 0.007044 -0.015918
v -0.010914 0.007584 -0.015918
v -0.011595 0.007931 -0.015918
v -0.012349 0.008051 -0.015918
v -0.013103 0.007931 -0.015918
v -0.013784 0.007584 -0.015918
v -0.014324 0.007044 -0.015918
v -0.014671 0.006364 -0.015918
v -0.014790 0.005609 -0.015918
v -0.014671 0.004855 -0.016330
v -0.014324 0.004175 -0.016330
v -0.013784 0.003634 -0.016330
v -0.013103 0.003288 -0.016330
v -0.012349 0.003168 -0.016330
v -0.011595 0.003288 -0.016330
v -0.010914 0.003634 -0.016330
v -0.010374 0.004175 -0.016330
v -0.010027 0.004855 -0.016330
v -0.009908 0.005609 -0.016330
v -0.010027 0.006364 -0.016330
v -0.010374 0.007044 -0.016330
v -0.010914 0.007584 -0.016330
v -0.011595 0.007931 -0.016330
v -0.012349 0.008051 -0.016330
v -0.013103 0.007931 -0.016330
v -0.013784 0.007584 -0.016330
v -0.014324 0.007044 -0.016330
v -0.014671 0.006364 -0.016330
v -0.014790 0.005609 -0.016330
v -0.014470 0.004920 -0.016563
v -0.014153 0.004298 -0.016563
v -0.013660 0.003805 -0.016563
v -0.013038 0.003488 -0.016563
v -0.012349 0.003379 -0.016563
v -0.011660 0.003488 -0.016563
v -0.011038 0.003805 -0.016563
v -0.010544 0.004298 -0.016563
v -0.010227 0.004920 -0.016563
v -0.010118 0.005609 -0.016563
v -0.010227 0.006299 -0.016563
v -0.010544 0.006920 -0.016563
v -0.011038 0.007414 -0.016563
v -0.011660 0.007731 -0.016563
v -0.012349 0.007840 -0.016563
v -0.013038 0.007731 -0.016563
v -0.013660 0.007414 -0.016563
v -0.014153 0.006920 -0.016563
v -0.014470 0.006299 -0.016563
v -0.014579 0.005609 -0.016563
v -0.014470 0.004920 -0.018131
v -0.014153 0.004298 -0.018131
v -0.013660 0.003805 -0.018131
v -0.013038 0.003488 -0.018131
v -0.012349 0.003379 -0.018131
v -0.011660 0.003488 -0.018131
v -0.011038 0.003805 -0.018131
v -0.010544 0.004298 -0.018131
v -0.010227 0.004920 -0.018131
v -0.010118 0.005609 -0.018131
v -0.010227 0.006299 -0.018131
v -0.010544 0.006920 -0.018131
v -0.011038 0.007414 -0.018131
v -0.011660 0.007731 -0.018131
v -0.012349 0.007840 -0.018131
v -0.013038 0.007731 -0.018131
v -0.013660 0.007414 -0.018131
v -0.014153 0.006920 -0.018131
v -0.014470 0.006299 -0.018131
v -0.014579 0.005609 -0.018131
v -0.014861 0.004793 -0.018131
v -0.014486 0.004057 -0.018131
v -0.013901 0.003473 -0.018131
v -0.013165 0.003098 -0.018131
v -0.012349 0.002968 -0.018131
v -0.011533 0.003098 -0.018131
v -0.010797 0.003473 -0.018131
v -0.010212 0.004057 -0.018131
v -0.009837 0.004793 -0.018131
v -0.009708 0.005609 -0.018131
v -0.009837 0.006426 -0.018131
v -0.010212 0.007162 -0.018131
v -0.010797 0.007746 -0.018131
v -0.011533 0.008121 -0.018131
v -0.012349 0.008250 -0.018131
v -0.013165 0.008121 -0.018131
v -0.013901 0.007746 -0.018131
v -0.014486 0.007162 -0.018131
v -0.014861 0.006426 -0.018131
v -0.014990 0.005609 -0.018131
v -0.021972 0.003744 -0.018264
v -0.021579 0.003556 -0.018264
v -0.020966 0.003406 -0.018264
v -0.013205 0.002974 -0.018264
v -0.012349 0.002838 -0.018264
v -0.011493 0.002974 -0.018264
v -0.010720 0.003367 -0.018264
v -0.010107 0.003981 -0.018264
v -0.009713 0.004753 -0.018264
v -0.009578 0.005609 -0.018264
v -0.009713 0.006466 -0.018264
v -0.010107 0.007238 -0.018264
v -0.010720 0.007851 -0.018264
v -0.011493 0.008245 -0.018264
v -0.012349 0.008380 -0.018264
v -0.013205 0.008245 -0.018264
v -0.013978 0.007851 -0.018264
v -0.021579 0.004350 -0.018264
v -0.021972 0.004162 -0.018264
v -0.022108 0.003953 -0.018264
v -0.021185 0.003771 -0.033881
v -0.020922 0.003646 -0.033881
v -0.020514 0.003546 -0.033881
v -0.012827 0.003855 -0.033881
v -0.012257 0.003764 -0.033881
v -0.011686 0.003855 -0.033881
v -0.011172 0.004117 -0.033881
v -0.010763 0.004525 -0.033881
v -0.010501 0.005040 -0.033881
v -0.010411 0.005610 -0.033881
v -0.010501 0.006181 -0.033881
v -0.010763 0.006695 -0.033881
v -0.011172 0.007104 -0.033881
v -0.011686 0.007366 -0.033881
v -0.012257 0.007456 -0.033881
v -0.012827 0.007366 -0.033881
v -0.013342 0.007104 -0.033881
v -0.020922 0.004175 -0.033881
v -0.021185 0.004049 -0.033881
v -0.021275 0.003910 -0.033881
v -0.021284 0.003799 -0.033843
v -0.020993 0.003660 -0.033843
v -0.020540 0.003549 -0.033843
v -0.012982 0.003662 -0.033843
v -0.012349 0.003562 -0.033843
v -0.011716 0.003662 -0.033843
v -0.011146 0.003953 -0.033843
v -0.010693 0.004406 -0.033843
v -0.010402 0.004977 -0.033843
v -0.010302 0.005609 -0.033843
v -0.010402 0.006242 -0.033843
v -0.010693 0.006813 -0.033843
v -0.011146 0.007266 -0.033843
v -0.011716 0.007556 -0.033843
v -0.012349 0.007657 -0.033843
v -0.012982 0.007556 -0.033843
v -0.013552 0.007266 -0.033843
v -0.020993 0.004246 -0.033843
v -0.021284 0.004107 -0.033843
v -0.021384 0.003953 -0.033843
v -0.021284 0.003799 -0.034226
v -0.020993 0.003660 -0.034226
v -0.020540 0.003549 -0.034226
v -0.012982 0.003662 -0.034226
v -0.012349 0.003562 -0.034226
v -0.011716 0.003662 -0.034226
v -0.011146 0.003953 -0.034226
v -0.010693 0.004406 -0.034226
v -0.010402 0.004977 -0.034226
v -0.010302 0.005609 -0.034226
v -0.010402 0.006242 -0.034226
v -0.010693 0.006813 -0.034226
v -0.011146 0.007266 -0.034226
v -0.011716 0.007556 -0.034226
v -0.012349 0.007657 -0.034226
v -0.012982 0.007556 -0.034226
v -0.013552 0.007266 -0.034226
v -0.020993 0.004246 -0.034226
v -0.021284 0.004107 -0.034226
v -0.021384 0.003953 -0.034226
v -0.021171 0.003808 -0.034226
v -0.020897 0.003677 -0.034226
v -0.020471 0.003573 -0.034226
v -0.012945 0.003775 -0.034226
v -0.012349 0.003681 -0.034226
v -0.011753 0.003775 -0.034226
v -0.011215 0.004049 -0.034226
v -0.010788 0.004476 -0.034226
v -0.010514 0.005013 -0.034226
v -0.010420 0.005609 -0.034226
v -0.010514 0.006205 -0.034226
v -0.010788 0.006743 -0.034226
v -0.011215 0.007170 -0.034226
v -0.011753 0.007444 -0.034226
v -0.012349 0.007538 -0.034226
v -0.012945 0.007444 -0.034226
v -0.013483 0.007170 -0.034226
v -0.020897 0.004229 -0.034226
v -0.021171 0.004098 -0.034226
v -0.021266 0.003953 -0.034226
v -0.021171 0.003808 -0.034510
v -0.020897 0.003677 -0.034510
v -0.020471 0.003573 -0.034510
v -0.012945 0.003775 -0.034510
v -0.012349 0.003681 -0.034510
v -0.011753 0.003775 -0.034510
v -0.011215 0.004049 -0.034510
v -0.010788 0.004476 -0.034510
v -0.010514 0.005013 -0.034510
v -0.010420 0.005609 -0.034510
v -0.010514 0.006205 -0.034510
v -0.010788 0.006743 -0.034510
v -0.011215 0.007170 -0.034510
v -0.011753 0.007444 -0.034510
v -0.012349 0.007538 -0.034510
v -0.012945 0.007444 -0.034510
v -0.013483 0.007170 -0.034510
v -0.020897 0.004229 -0.034510
v -0.021171 0.004098 -0.034510
v -0.021266 0.003953 -0.034510
v -0.021340 0.003794 -0.034510
v -0.021041 0.003651 -0.034510
v -0.020575 0.003537 -0.034510
v -0.013000 0.003606 -0.034510
v -0.012349 0.003503 -0.034510
v -0.011698 0.003606 -0.034510
v -0.011111 0.003905 -0.034510
v -0.010645 0.004371 -0.034510
v -0.010345 0.004958 -0.034510
v -0.010242 0.005609 -0.034510
v -0.010345 0.006260 -0.034510
v -0.010645 0.006848 -0.034510
v -0.011111 0.007314 -0.034510
v -0.011698 0.007613 -0.034510
v -0.012349 0.007716 -0.034510
v -0.013000 0.007613 -0.034510
v -0.013587 0.007314 -0.034510
v -0.021041 0.004255 -0.034510
v -0.021340 0.004112 -0.034510
v -0.021443 0.003953 -0.034510
v -0.021340 0.003794 -0.034944
v -0.021041 0.003651 -0.034944
v -0.020575 0.003537 -0.034944
v -0.013000 0.003606 -0.034944
v -0.012349 0.003503 -0.034944
v -0.011698 0.003606 -0.034944
v -0.011111 0.003905 -0.034944
v -0.010645 0.004371 -0.034944
v -0.010345 0.004958 -0.034944
v -0.010242 0.005609 -0.034944
v -0.010345 0.006260 -0.034944
v -0.010645 0.006848 -0.034944
v -0.011111 0.007314 -0.034944
v -0.011698 0.007613 -0.034944
v -0.012349 0.007716 -0.034944
v -0.013000 0.007613 -0.034944
v -0.013587 0.007314 -0.034944
v -0.021041 0.004255 -0.034944
v -0.021340 0.004112 -0.034944
v -0.021443 0.003953 -0.034944
v -0.021283 0.003799 -0.034944
v -0.020993 0.003660 -0.034944
v -0.020540 0.003549 -0.034944
v -0.012981 0.003663 -0.034944
v -0.012349 0.003563 -0.034944
v -0.011716 0.003663 -0.034944
v -0.011146 0.003954 -0.034944
v -0.010693 0.004406 -0.034944
v -0.010402 0.004977 -0.034944
v -0.010302 0.005609 -0.034944
v -0.010402 0.006242 -0.034944
v -0.010693 0.006812 -0.034944
v -0.011146 0.007265 -0.034944
v -0.011716 0.007556 -0.034944
v -0.012349 0.007656 -0.034944
v -0.012981 0.007556 -0.034944
v -0.013552 0.007265 -0.034944
v -0.020993 0.004246 -0.034944
v -0.021283 0.004107 -0.034944
v -0.021383 0.003953 -0.034944
v -0.021283 0.003799 -0.035028
v -0.020993 0.003660 -0.035028
v -0.020540 0.003549 -0.035028
v -0.012981 0.003663 -0.035028
v -0.012349 0.003563 -0.035028
v -0.011716 0.003663 -0.035028
v -0.011146 0.003954 -0.035028
v -0.010693 0.004406 -0.035028
v -0.010402 0.004977 -0.035028
v -0.010302 0.005609 -0.035028
v -0.010402 0.006242 -0.035028
v -0.010693 0.006812 -0.035028
v -0.011146 0.007265 -0.035028
v -0.011716 0.007556 -0.035028
v -0.012349 0.007656 -0.035028
v -0.012981 0.007556 -0.035028
v -0.013552 0.007265 -0.035028
v -0.020993 0.004246 -0.035028
v -0.021283 0.004107 -0.035028
v -0.021383 0.003953 -0.035028
v -0.021385 0.003791 -0.035028
v -0.021079 0.003644 -0.035028
v -0.020603 0.003528 -0.035028
v -0.013014 0.003561 -0.035028
v -0.012349 0.003456 -0.035028
v -0.011683 0.003561 -0.035028
v -0.011083 0.003867 -0.035028
v -0.010607 0.004344 -0.035028
v -0.010301 0.004944 -0.035028
v -0.010195 0.005609 -0.035028
v -0.010301 0.006275 -0.035028
v -0.010607 0.006875 -0.035028
v -0.011083 0.007352 -0.035028
v -0.011683 0.007657 -0.035028
v -0.012349 0.007763 -0.035028
v -0.013014 0.007657 -0.035028
v -0.013615 0.007352 -0.035028
v -0.021079 0.004261 -0.035028
v -0.021385 0.004115 -0.035028
v -0.021490 0.003953 -0.035028
v -0.021385 0.003791 -0.035983
v -0.021079 0.003644 -0.035983
v -0.020603 0.003528 -0.035983
v -0.013014 0.003561 -0.035983
v -0.012349 0.003456 -0.035983
v -0.011683 0.003561 -0.035983
v -0.011083 0.003867 -0.035983
v -0.010607 0.004344 -0.035983
v -0.010301 0.004944 -0.035983
v -0.010195 0.005609 -0.035983
v -0.010301 0.006275 -0.035983
v -0.010607 0.006875 -0.035983
v -0.011083 0.007352 -0.035983
v -0.011683 0.007657 -0.035983
v -0.012349 0.007763 -0.035983
v -0.013014 0.007657 -0.035983
v -0.013615 0.007352 -0.035983
v -0.021079 0.004261 -0.035983
v -0.021385 0.004115 -0.035983
v -0.021490 0.003953 -0.035983
v -0.021204 0.003805 -0.035983
v -0.020925 0.003672 -0.035983
v -0.020491 0.003566 -0.035983
v -0.012956 0.003742 -0.035983
v -0.012349 0.003646 -0.035983
v -0.011742 0.003742 -0.035983
v -0.011195 0.004021 -0.035983
v -0.010761 0.004455 -0.035983
v -0.010482 0.005003 -0.035983
v -0.010386 0.005609 -0.035983
v -0.010482 0.006216 -0.035983
v -0.010761 0.006763 -0.035983
v -0.011195 0.007198 -0.035983
v -0.011742 0.007477 -0.035983
v -0.012349 0.007573 -0.035983
v -0.012956 0.007477 -0.035983
v -0.013503 0.007198 -0.035983
v -0.020925 0.004234 -0.035983
v -0.021204 0.004101 -0.035983
v -0.021300 0.003953 -0.035983
v -0.021204 0.003805 -0.036855
v -0.020925 0.003672 -0.036855
v -0.020491 0.003566 -0.036855
v -0.012956 0.003742 -0.036855
v -0.012349 0.003646 -0.036855
v -0.011742 0.003742 -0.036855
v -0.011195 0.004021 -0.036855
v -0.010761 0.004455 -0.036855
v -0.010482 0.005003 -0.036855
v -0.010386 0.005609 -0.036855
v -0.010482 0.006216 -0.036855
v -0.010761 0.006763 -0.036855
v -0.011195 0.007198 -0.036855
v -0.011742 0.007477 -0.036855
v -0.012349 0.007573 -0.036855
v -0.012956 0.007477 -0.036855
v -0.013503 0.007198 -0.036855
v -0.020925 0.004234 -0.036855
v -0.021204 0.004101 -0.036855
v -0.021300 0.003953 -0.036855
v -0.021330 0.003795 -0.036855
v -0.021032 0.003653 -0.036855
v -0.020569 0.003540 -0.036855
v -0.012996 0.003616 -0.036855
v -0.012349 0.003514 -0.036855
v -0.011701 0.003616 -0.036855
v -0.011117 0.003914 -0.036855
v -0.010654 0.004378 -0.036855
v -0.010356 0.004962 -0.036855
v -0.010253 0.005609 -0.036855
v -0.010356 0.006257 -0.036855
v -0.010654 0.006841 -0.036855
v -0.011117 0.007305 -0.036855
v -0.011701 0.007602 -0.036855
v -0.012349 0.007705 -0.036855
v -0.012996 0.007602 -0.036855
v -0.013581 0.007305 -0.036855
v -0.021032 0.004253 -0.036855
v -0.021330 0.004111 -0.036855
v -0.021432 0.003953 -0.036855
v -0.021330 0.003795 -0.037749
v -0.021032 0.003653 -0.037749
v -0.020569 0.003540 -0.037749
v -0.012996 0.003616 -0.037749
v -0.012349 0.003514 -0.037749
v -0.011701 0.003616 -0.037749
v -0.011117 0.003914 -0.037749
v -0.010654 0.004378 -0.037749
v -0.010356 0.004962 -0.037749
v -0.010253 0.005609 -0.037749
v -0.010356 0.006257 -0.037749
v -0.010654 0.006841 -0.037749
v -0.011117 0.007305 -0.037749
v -0.011701 0.007602 -0.037749
v -0.012349 0.007705 -0.037749
v -0.012996 0.007602 -0.037749
v -0.013581 0.007305 -0.037749
v -0.021032 0.004253 -0.037749
v -0.021330 0.004111 -0.037749
v -0.021432 0.003953 -0.037749
v -0.021169 0.003808 -0.037749
v -0.020896 0.003677 -0.037749
v -0.020469 0.003573 -0.037749
v -0.012944 0.003777 -0.037749
v -0.012349 0.003682 -0.037749
v -0.011753 0.003777 -0.037749
v -0.011216 0.004050 -0.037749
v -0.010790 0.004477 -0.037749
v -0.010516 0.005014 -0.037749
v -0.010422 0.005609 -0.037749
v -0.010516 0.006205 -0.037749
v -0.010790 0.006742 -0.037749
v -0.011216 0.007168 -0.037749
v -0.011753 0.007442 -0.037749
v -0.012349 0.007536 -0.037749
v -0.012944 0.007442 -0.037749
v -0.013482 0.007168 -0.037749
v -0.020896 0.004229 -0.037749
v -0.021169 0.004098 -0.037749
v -0.021264 0.003953 -0.037749
v -0.021169 0.003808 -0.039858
v -0.020896 0.003677 -0.039858
v -0.020469 0.003573 -0.039858
v -0.012944 0.003777 -0.039858
v -0.012349 0.003682 -0.039858
v -0.011753 0.003777 -0.039858
v -0.011216 0.004050 -0.039858
v -0.010790 0.004477 -0.039858
v -0.010516 0.005014 -0.039858
v -0.010422 0.005609 -0.039858
v -0.010516 0.006205 -0.039858
v -0.010790 0.006742 -0.039858
v -0.011216 0.007168 -0.039858
v -0.011753 0.007442 -0.039858
v -0.012349 0.007536 -0.039858
v -0.012944 0.007442 -0.039858
v -0.013482 0.007168 -0.039858
v -0.020896 0.004229 -0.039858
v -0.021169 0.004098 -0.039858
v -0.021264 0.003953 -0.039858
v -0.021291 0.003798 -0.039858
v -0.021000 0.003658 -0.039858
v -0.020545 0.003548 -0.039858
v -0.012984 0.003655 -0.039858
v -0.012349 0.003554 -0.039858
v -0.011714 0.003655 -0.039858
v -0.011141 0.003947 -0.039858
v -0.008205 0.006160 -0.039858
v -0.007913 0.006474 -0.039858
v -0.007812 0.006823 -0.039858
v -0.007913 0.007171 -0.039858
v -0.008205 0.007486 -0.039858
v -0.008659 0.007735 -0.039858
v -0.011714 0.007564 -0.039858
v -0.012349 0.007665 -0.039858
v -0.012984 0.007564 -0.039858
v -0.013557 0.007272 -0.039858
v -0.021000 0.004247 -0.039858
v -0.021291 0.004108 -0.039858
v -0.021392 0.003953 -0.039858
v -0.014029 0.006216 -0.062522
v -0.014006 0.006205 -0.062522
v -0.010623 0.007316 -0.065780
v -0.013968 0.006195 -0.062522
v -0.010675 0.007156 -0.065780
v -0.010623 0.007148 -0.065780
v -0.010572 0.007156 -0.065780
v -0.010525 0.007180 -0.065780
v -0.008006 0.007705 -0.065780
v -0.007982 0.007731 -0.065780
v -0.007974 0.007759 -0.065780
v -0.007982 0.007788 -0.065780
v -0.008006 0.007813 -0.065780
v -0.008043 0.007834 -0.065780
v -0.010572 0.007476 -0.065780
v -0.010623 0.007484 -0.065780
v -0.010675 0.007476 -0.065780
v -0.010722 0.007452 -0.065780
v -0.014006 0.006253 -0.062522
v -0.014029 0.006241 -0.062522
v -0.014038 0.006229 -0.062522
v -0.022028 0.003766 -0.022822
v -0.021655 0.003597 -0.022822
v -0.021074 0.003463 -0.022822
v -0.012966 0.003245 -0.022822
v -0.012154 0.003123 -0.022822
v -0.011343 0.003245 -0.022822
v -0.010611 0.003598 -0.022822
v -0.010031 0.004148 -0.022822
v -0.009658 0.004841 -0.022822
v -0.009529 0.005609 -0.022822
v -0.009658 0.006378 -0.022822
v -0.010031 0.007071 -0.022822
v -0.010611 0.007621 -0.022822
v -0.011343 0.007974 -0.022822
v -0.012154 0.008096 -0.022822
v -0.012966 0.007974 -0.022822
v -0.013697 0.007621 -0.022822
v -0.021655 0.004309 -0.022822
v -0.022028 0.004140 -0.022822
v -0.022156 0.003953 -0.022822
v -0.021960 0.003775 -0.024920
v -0.022083 0.003953 -0.024920
v -0.021960 0.004130 -0.024920
v -0.021603 0.004290 -0.024920
v -0.013593 0.007515 -0.024920
v -0.012892 0.007850 -0.024920
v -0.012116 0.007965 -0.024920
v -0.011339 0.007850 -0.024920
v -0.010639 0.007515 -0.024920
v -0.010083 0.006994 -0.024920
v -0.009726 0.006337 -0.024920
v -0.009603 0.005609 -0.024920
v -0.009726 0.004881 -0.024920
v -0.010083 0.004225 -0.024920
v -0.010639 0.003704 -0.024920
v -0.011339 0.003369 -0.024920
v -0.012116 0.003254 -0.024920
v -0.012892 0.003369 -0.024920
v -0.021047 0.003488 -0.024920
v -0.021603 0.003615 -0.024920
v -0.021932 0.003787 -0.027332
v -0.022049 0.003953 -0.027332
v -0.021932 0.004119 -0.027332
v -0.021591 0.004269 -0.027332
v -0.013449 0.007393 -0.027332
v -0.012780 0.007706 -0.027332
v -0.012038 0.007814 -0.027332
v -0.011296 0.007706 -0.027332
v -0.010626 0.007393 -0.027332
v -0.010095 0.006905 -0.027332
v -0.009754 0.006291 -0.027332
v -0.009636 0.005609 -0.027332
v -0.009754 0.004928 -0.027332
v -0.010095 0.004313 -0.027332
v -0.010626 0.003825 -0.027332
v -0.011296 0.003512 -0.027332
v -0.012038 0.003404 -0.027332
v -0.012780 0.003512 -0.027332
v -0.021059 0.003518 -0.027332
v -0.021591 0.003637 -0.027332
v -0.021876 0.003795 -0.029176
v -0.021988 0.003953 -0.029176
v -0.021876 0.004110 -0.029176
v -0.021549 0.004252 -0.029176
v -0.013350 0.007300 -0.029176
v -0.012708 0.007597 -0.029176
v -0.011998 0.007699 -0.029176
v -0.011287 0.007597 -0.029176
v -0.010646 0.007300 -0.029176
v -0.010137 0.006838 -0.029176
v -0.009810 0.006255 -0.029176
v -0.009698 0.005609 -0.029176
v -0.009810 0.004964 -0.029176
v -0.010137 0.004381 -0.029176
v -0.010646 0.003919 -0.029176
v -0.011287 0.003622 -0.029176
v -0.011998 0.003519 -0.029176
v -0.012708 0.003622 -0.029176
v -0.021040 0.003541 -0.029176
v -0.021549 0.003653 -0.029176
v -0.021695 0.003757 -0.030942
v -0.021800 0.003910 -0.030942
v -0.021695 0.004063 -0.030942
v -0.021389 0.004201 -0.030942
v -0.013304 0.007252 -0.030942
v -0.012704 0.007540 -0.030942
v -0.012038 0.007640 -0.030942
v -0.011373 0.007540 -0.030942
v -0.010773 0.007252 -0.030942
v -0.010296 0.006803 -0.030942
v -0.009991 0.006237 -0.030942
v -0.009885 0.005610 -0.030942
v -0.009991 0.004983 -0.030942
v -0.010296 0.004417 -0.030942
v -0.010773 0.003968 -0.030942
v -0.011373 0.003680 -0.030942
v -0.012038 0.003581 -0.030942
v -0.012704 0.003680 -0.030942
v -0.020913 0.003510 -0.030942
v -0.021389 0.003619 -0.030942
v -0.021556 0.003803 -0.030799
v -0.021256 0.003668 -0.030799
v -0.020790 0.003561 -0.030799
v -0.012788 0.003718 -0.030799
v -0.012136 0.003621 -0.030799
v -0.011484 0.003718 -0.030799
v -0.010896 0.004001 -0.030799
v -0.010429 0.004441 -0.030799
v -0.010130 0.004995 -0.030799
v -0.010026 0.005609 -0.030799
v -0.010130 0.006224 -0.030799
v -0.010429 0.006778 -0.030799
v -0.010896 0.007218 -0.030799
v -0.011484 0.007501 -0.030799
v -0.012136 0.007598 -0.030799
v -0.012788 0.007501 -0.030799
v -0.013376 0.007218 -0.030799
v -0.021256 0.004238 -0.030799
v -0.021556 0.004103 -0.030799
v -0.021659 0.003953 -0.030799
v -0.018990 0.004624 -0.050703
v -0.018828 0.004546 -0.050703
v -0.018574 0.004484 -0.050703
v -0.011872 0.005341 -0.052338
v -0.011518 0.005284 -0.052338
v -0.011164 0.005341 -0.052338
v -0.010844 0.005503 -0.052338
v -0.008109 0.006904 -0.052338
v -0.007946 0.007079 -0.052338
v -0.007890 0.007274 -0.052338
v -0.007946 0.007468 -0.052338
v -0.008109 0.007643 -0.052338
v -0.008363 0.007783 -0.052338
v -0.011164 0.007521 -0.052338
v -0.011518 0.007578 -0.052338
v -0.011872 0.007521 -0.052338
v -0.012192 0.007359 -0.052338
v -0.018828 0.004874 -0.050703
v -0.018990 0.004796 -0.050703
v -0.019047 0.004710 -0.050703
v -0.020989 0.003787 -0.027443
v -0.021097 0.003953 -0.027443
v -0.020932 0.003795 -0.029064
v -0.021036 0.003953 -0.029064
v -0.020989 0.004119 -0.027443
v -0.020932 0.004110 -0.029064
v -0.020674 0.004269 -0.027443
v -0.020631 0.004252 -0.029064
v -0.013168 0.007393 -0.027443
v -0.013071 0.007300 -0.029064
v -0.012551 0.007706 -0.027443
v -0.012480 0.007597 -0.029064
v -0.011866 0.007814 -0.027443
v -0.011824 0.007699 -0.029064
v -0.011182 0.007706 -0.027443
v -0.011169 0.007597 -0.029064
v -0.010565 0.007393 -0.027443
v -0.010578 0.007300 -0.029064
v -0.010075 0.006905 -0.027443
v -0.010109 0.006838 -0.029064
v -0.009761 0.006291 -0.027443
v -0.009808 0.006255 -0.029064
v -0.009652 0.005609 -0.027443
v -0.009704 0.005609 -0.029064
v -0.009761 0.004928 -0.027443
v -0.009808 0.004964 -0.029064
v -0.010075 0.004313 -0.027443
v -0.010109 0.004381 -0.029064
v -0.010565 0.003825 -0.027443
v -0.010578 0.003919 -0.029064
v -0.011182 0.003512 -0.027443
v -0.011169 0.003622 -0.029064
v -0.011866 0.003404 -0.027443
v -0.011824 0.003519 -0.029064
v -0.012551 0.003512 -0.027443
v -0.012480 0.003622 -0.029064
v -0.020185 0.003518 -0.027443
v -0.020162 0.003541 -0.029064
v -0.020674 0.003637 -0.027443
v -0.020631 0.003653 -0.029064
v -0.021828 0.003465 -0.033843
v -0.021509 0.003301 -0.033843
v -0.021509 0.003301 -0.034226
v -0.021828 0.003465 -0.034226
v -0.021010 0.003170 -0.033843
v -0.021010 0.003170 -0.034226
v -0.012695 0.003304 -0.033843
v -0.012695 0.003304 -0.034226
v -0.011999 0.003185 -0.033843
v -0.011999 0.003185 -0.034226
v -0.011303 0.003304 -0.033843
v -0.011303 0.003304 -0.034226
v -0.010675 0.003648 -0.033843
v -0.010675 0.003648 -0.034226
v -0.010177 0.004184 -0.033843
v -0.010177 0.004184 -0.034226
v -0.009857 0.004860 -0.033843
v -0.009857 0.004860 -0.034226
v -0.009747 0.005609 -0.033843
v -0.009747 0.005609 -0.034226
v -0.009857 0.006358 -0.033843
v -0.009857 0.006358 -0.034226
v -0.010177 0.007034 -0.033843
v -0.010177 0.007034 -0.034226
v -0.010675 0.007571 -0.033843
v -0.010675 0.007571 -0.034226
v -0.011303 0.007915 -0.033843
v -0.011303 0.007915 -0.034226
v -0.011999 0.008034 -0.033843
v -0.011999 0.008034 -0.034226
v -0.012695 0.007915 -0.033843
v -0.012695 0.007915 -0.034226
v -0.013323 0.007571 -0.033843
v -0.013323 0.007571 -0.034226
v -0.021509 0.003995 -0.033843
v -0.021509 0.003995 -0.034226
v -0.021828 0.003831 -0.033843
v -0.021828 0.003831 -0.034226
v -0.021939 0.003648 -0.033843
v -0.021939 0.003648 -0.034226
v -0.021890 0.003460 -0.034510
v -0.021561 0.003291 -0.034510
v -0.021561 0.003291 -0.034944
v -0.021890 0.003460 -0.034944
v -0.021049 0.003156 -0.034510
v -0.021049 0.003156 -0.034944
v -0.012715 0.003237 -0.034510
v -0.012715 0.003237 -0.034944
v -0.011999 0.003115 -0.034510
v -0.011999 0.003115 -0.034944
v -0.011283 0.003237 -0.034510
v -0.011283 0.003237 -0.034944
v -0.010637 0.003591 -0.034510
v -0.010637 0.003591 -0.034944
v -0.010124 0.004143 -0.034510
v -0.010124 0.004143 -0.034944
v -0.009795 0.004839 -0.034510
v -0.009795 0.004839 -0.034944
v -0.009682 0.005609 -0.034510
v -0.009682 0.005609 -0.034944
v -0.009795 0.006380 -0.034510
v -0.009795 0.006380 -0.034944
v -0.010124 0.007076 -0.034510
v -0.010124 0.007076 -0.034944
v -0.010637 0.007627 -0.034510
v -0.010637 0.007627 -0.034944
v -0.011283 0.007982 -0.034510
v -0.011283 0.007982 -0.034944
v -0.011999 0.008104 -0.034510
v -0.011999 0.008104 -0.034944
v -0.012715 0.007982 -0.034510
v -0.012715 0.007982 -0.034944
v -0.013361 0.007627 -0.034510
v -0.013361 0.007627 -0.034944
v -0.021561 0.004005 -0.034510
v -0.021561 0.004005 -0.034944
v -0.021890 0.003836 -0.034510
v -0.021890 0.003836 -0.034944
v -0.022004 0.003648 -0.034510
v -0.022004 0.003648 -0.034944
v -0.021940 0.003456 -0.035028
v -0.021603 0.003283 -0.035028
v -0.021603 0.003283 -0.035983
v -0.021940 0.003456 -0.035983
v -0.021079 0.003145 -0.035028
v -0.021079 0.003145 -0.035983
v -0.012731 0.003184 -0.035028
v -0.012731 0.003184 -0.035983
v -0.011999 0.003059 -0.035028
v -0.011999 0.003059 -0.035983
v -0.011267 0.003184 -0.035028
v -0.011267 0.003184 -0.035983
v -0.010607 0.003546 -0.035028
v -0.010607 0.003546 -0.035983
v -0.010083 0.004111 -0.035028
v -0.010083 0.004111 -0.035983
v -0.009746 0.004821 -0.035028
v -0.009746 0.004821 -0.035983
v -0.009630 0.005609 -0.035028
v -0.009630 0.005609 -0.035983
v -0.009746 0.006397 -0.035028
v -0.009746 0.006397 -0.035983
v -0.010083 0.007108 -0.035028
v -0.010083 0.007108 -0.035983
v -0.010607 0.007672 -0.035028
v -0.010607 0.007672 -0.035983
v -0.011267 0.008034 -0.035028
v -0.011267 0.008034 -0.035983
v -0.011999 0.008159 -0.035028
v -0.011999 0.008159 -0.035983
v -0.012731 0.008034 -0.035028
v -0.012731 0.008034 -0.035983
v -0.013392 0.007672 -0.035028
v -0.013392 0.007672 -0.035983
v -0.021603 0.004013 -0.035028
v -0.021603 0.004013 -0.035983
v -0.021940 0.003840 -0.035028
v -0.021940 0.003840 -0.035983
v -0.022056 0.003648 -0.035028
v -0.022056 0.003648 -0.035983
v -0.021879 0.003461 -0.036855
v -0.021552 0.003292 -0.036855
v -0.021552 0.003292 -0.037749
v -0.021879 0.003461 -0.037749
v -0.021042 0.003159 -0.036855
v -0.021042 0.003159 -0.037749
v -0.012712 0.003249 -0.036855
v -0.012712 0.003249 -0.037749
v -0.011999 0.003128 -0.036855
v -0.011999 0.003128 -0.037749
v -0.011287 0.003249 -0.036855
v -0.011287 0.003249 -0.037749
v -0.010644 0.003602 -0.036855
v -0.010644 0.003602 -0.037749
v -0.010134 0.004151 -0.036855
v -0.010134 0.004151 -0.037749
v -0.009807 0.004843 -0.036855
v -0.009807 0.004843 -0.037749
v -0.009694 0.005609 -0.036855
v -0.009694 0.005609 -0.037749
v -0.009807 0.006376 -0.036855
v -0.009807 0.006376 -0.037749
v -0.010134 0.007068 -0.036855
v -0.010134 0.007068 -0.037749
v -0.010644 0.007617 -0.036855
v -0.010644 0.007617 -0.037749
v -0.011287 0.007969 -0.036855
v -0.011287 0.007969 -0.037749
v -0.011999 0.008091 -0.036855
v -0.011999 0.008091 -0.037749
v -0.012712 0.007969 -0.036855
v -0.012712 0.007969 -0.037749
v -0.013354 0.007617 -0.036855
v -0.013354 0.007617 -0.037749
v -0.021552 0.004003 -0.036855
v -0.021552 0.004003 -0.037749
v -0.021879 0.003835 -0.036855
v -0.021879 0.003835 -0.037749
v -0.021992 0.003648 -0.036855
v -0.021992 0.003648 -0.037749
v -0.020830 0.004085 -0.044300
v -0.020591 0.003970 -0.044300
v -0.020219 0.003879 -0.044300
v -0.012529 0.004345 -0.044970
v -0.012009 0.004263 -0.044970
v -0.011489 0.004345 -0.044970
v -0.011019 0.004584 -0.044970
v -0.008166 0.006465 -0.044970
v -0.007926 0.006722 -0.044970
v -0.007844 0.007008 -0.044970
v -0.007926 0.007293 -0.044970
v -0.008166 0.007550 -0.044970
v -0.008538 0.007755 -0.044970
v -0.011489 0.007547 -0.044970
v -0.012009 0.007629 -0.044970
v -0.012529 0.007547 -0.044970
v -0.012998 0.007308 -0.044970
v -0.020591 0.004452 -0.044300
v -0.020830 0.004338 -0.044300
v -0.020912 0.004211 -0.044300
v -0.017114 0.005148 -0.055941
v -0.017150 0.005204 -0.055941
v -0.017114 0.005259 -0.055941
v -0.017010 0.005309 -0.055941
v -0.011573 0.007398 -0.058003
v -0.011368 0.007502 -0.058003
v -0.011141 0.007538 -0.058003
v -0.010914 0.007502 -0.058003
v -0.008228 0.007804 -0.058003
v -0.008066 0.007715 -0.058003
v -0.007961 0.007603 -0.058003
v -0.007925 0.007478 -0.058003
v -0.007961 0.007354 -0.058003
v -0.008066 0.007241 -0.058003
v -0.010710 0.006210 -0.058003
v -0.010914 0.006106 -0.058003
v -0.011141 0.006070 -0.058003
v -0.011368 0.006106 -0.058003
v -0.016848 0.005059 -0.055941
v -0.017010 0.005098 -0.055941
v -0.020051 0.004352 -0.047474
v -0.020121 0.004459 -0.047474
v -0.020051 0.004565 -0.047474
v -0.019850 0.004662 -0.047474
v -0.012598 0.007333 -0.048623
v -0.012203 0.007534 -0.048623
v -0.011765 0.007603 -0.048623
v -0.011328 0.007534 -0.048623
v -0.008451 0.007768 -0.048623
v -0.008138 0.007596 -0.048623
v -0.007936 0.007380 -0.048623
v -0.007867 0.007139 -0.048623
v -0.007936 0.006899 -0.048623
v -0.008138 0.006682 -0.048623
v -0.010933 0.005040 -0.048623
v -0.011328 0.004839 -0.048623
v -0.011765 0.004769 -0.048623
v -0.012203 0.004839 -0.048623
v -0.019536 0.004179 -0.047474
v -0.019850 0.004256 -0.047474
v -0.017953 0.004915 -0.053607
v -0.017823 0.004852 -0.053607
v -0.017620 0.004803 -0.053607
v -0.011593 0.005765 -0.055480
v -0.011309 0.005720 -0.055480
v -0.011025 0.005765 -0.055480
v -0.010770 0.005895 -0.055480
v -0.008085 0.007091 -0.055480
v -0.007955 0.007231 -0.055480
v -0.007910 0.007387 -0.055480
v -0.007955 0.007543 -0.055480
v -0.008085 0.007683 -0.055480
v -0.008288 0.007794 -0.055480
v -0.011025 0.007511 -0.055480
v -0.011309 0.007556 -0.055480
v -0.011593 0.007511 -0.055480
v -0.011849 0.007380 -0.055480
v -0.017823 0.005115 -0.053607
v -0.017953 0.005053 -0.053607
v -0.017998 0.004984 -0.053607
v -0.015943 0.005695 -0.059314
v -0.015965 0.005729 -0.059314
v -0.015943 0.005762 -0.059314
v -0.015880 0.005793 -0.059314
v -0.011137 0.007426 -0.061989
v -0.011013 0.007489 -0.061989
v -0.010876 0.007510 -0.061989
v -0.010739 0.007489 -0.061989
v -0.008133 0.007819 -0.061989
v -0.008035 0.007765 -0.061989
v -0.007972 0.007697 -0.061989
v -0.007950 0.007622 -0.061989
v -0.007972 0.007547 -0.061989
v -0.008035 0.007479 -0.061989
v -0.010615 0.006707 -0.061989
v -0.010739 0.006644 -0.061989
v -0.010876 0.006622 -0.061989
v -0.011013 0.006644 -0.061989
v -0.015782 0.005641 -0.059314
v -0.015880 0.005665 -0.059314
v -0.016857 0.004144 -0.006870
v -0.016184 0.002823 -0.006870
v -0.015135 0.001774 -0.006870
v -0.013814 0.001101 -0.006870
v -0.012349 0.000869 -0.006870
v -0.010884 0.001101 -0.006870
v -0.009562 0.001774 -0.006870
v -0.008514 0.002823 -0.006870
v -0.007840 0.004144 -0.006870
v -0.007608 0.005609 -0.006870
v -0.007840 0.007074 -0.006870
v -0.008514 0.008396 -0.006870
v -0.009562 0.009445 -0.006870
v -0.010884 0.010118 -0.006870
v -0.012349 0.010350 -0.006870
v -0.013814 0.010118 -0.006870
v -0.015135 0.009445 -0.006870
v -0.016184 0.008396 -0.006870
v -0.016857 0.007074 -0.006870
v -0.017089 0.005609 -0.006870
v -0.016857 0.004144 -0.006246
v -0.016184 0.002823 -0.006246
v -0.015135 0.001774 -0.006246
v -0.013814 0.001101 -0.006246
v -0.012349 0.000869 -0.006246
v -0.010884 0.001101 -0.006246
v -0.009562 0.001774 -0.006246
v -0.008514 0.002823 -0.006246
v -0.007840 0.004144 -0.006246
v -0.007608 0.005609 -0.006246
v -0.007840 0.007074 -0.006246
v -0.008514 0.008396 -0.006246
v -0.009562 0.009445 -0.006246
v -0.010884 0.010118 -0.006246
v -0.012349 0.010350 -0.006246
v -0.013814 0.010118 -0.006246
v -0.015135 0.009445 -0.006246
v -0.016184 0.008396 -0.006246
v -0.016857 0.007074 -0.006246
v -0.017089 0.005609 -0.006246
v -0.016857 0.004144 -0.005259
v -0.016184 0.002823 -0.005259
v -0.015135 0.001774 -0.005259
v -0.013814 0.001101 -0.005259
v -0.012349 0.000869 -0.005259
v -0.010884 0.001101 -0.005259
v -0.009562 0.001774 -0.005259
v -0.008514 0.002823 -0.005259
v -0.007840 0.004144 -0.005259
v -0.007608 0.005609 -0.005259
v -0.007840 0.007074 -0.005259
v -0.008514 0.008396 -0.005259
v -0.009562 0.009445 -0.005259
v -0.010884 0.010118 -0.005259
v -0.012349 0.010350 -0.005259
v -0.013814 0.010118 -0.005259
v -0.015135 0.009445 -0.005259
v -0.016184 0.008396 -0.005259
v -0.016857 0.007074 -0.005259
v -0.017089 0.005609 -0.005259
v -0.016857 0.004144 -0.000986
v -0.016184 0.002823 -0.000986
v -0.015135 0.001774 -0.000986
v -0.013814 0.001101 -0.000986
v -0.012349 0.000869 -0.000986
v -0.010884 0.001101 -0.000986
v -0.009562 0.001774 -0.000986
v -0.008514 0.002823 -0.000986
v -0.007840 0.004144 -0.000986
v -0.007608 0.005609 -0.000986
v -0.007840 0.007074 -0.000986
v -0.008514 0.008396 -0.000986
v -0.009562 0.009445 -0.000986
v -0.010884 0.010118 -0.000986
v -0.012349 0.010350 -0.000986
v -0.013814 0.010118 -0.000986
v -0.015135 0.009445 -0.000986
v -0.016184 0.008396 -0.000986
v -0.016857 0.007074 -0.000986
v -0.017089 0.005609 -0.000986
v -0.015926 0.004447 -0.000590
v -0.015391 0.003399 -0.000590
v -0.014559 0.002567 -0.000590
v -0.013511 0.002033 -0.000590
v -0.012349 0.001849 -0.000590
v -0.011187 0.002033 -0.000590
v -0.010138 0.002567 -0.000590
v -0.009306 0.003399 -0.000590
v -0.008772 0.004447 -0.000590
v -0.008588 0.005609 -0.000590
v -0.008772 0.006772 -0.000590
v -0.009306 0.007820 -0.000590
v -0.010138 0.008652 -0.000590
v -0.011187 0.009186 -0.000590
v -0.012349 0.009370 -0.000590
v -0.013511 0.009186 -0.000590
v -0.014559 0.008652 -0.000590
v -0.015391 0.007820 -0.000590
v -0.015926 0.006772 -0.000590
v -0.016110 0.005609 -0.000590
v -0.015926 0.004447 -0.000147
v -0.015391 0.003399 -0.000147
v -0.014559 0.002567 -0.000147
v -0.013511 0.002033 -0.000147
v -0.012349 0.001849 -0.000147
v -0.011187 0.002033 -0.000147
v -0.010138 0.002567 -0.000147
v -0.009306 0.003399 -0.000147
v -0.008772 0.004447 -0.000147
v -0.008588 0.005609 -0.000147
v -0.008772 0.006772 -0.000147
v -0.009306 0.007820 -0.000147
v -0.010138 0.008652 -0.000147
v -0.011187 0.009186 -0.000147
v -0.012349 0.009370 -0.000147
v -0.013511 0.009186 -0.000147
v -0.014559 0.008652 -0.000147
v -0.015391 0.007820 -0.000147
v -0.015926 0.006772 -0.000147
v -0.016110 0.005609 -0.000147
v -0.016161 0.004371 -0.000147
v -0.015591 0.003254 -0.000147
v -0.014705 0.002367 -0.000147
v -0.013587 0.001797 -0.000147
v -0.012349 0.001601 -0.000147
v -0.011110 0.001797 -0.000147
v -0.009993 0.002367 -0.000147
v -0.009106 0.003254 -0.000147
v -0.008537 0.004371 -0.000147
v -0.008341 0.005609 -0.000147
v -0.008537 0.006848 -0.000147
v -0.009106 0.007965 -0.000147
v -0.009993 0.008852 -0.000147
v -0.011110 0.009421 -0.000147
v -0.012349 0.009617 -0.000147
v -0.013587 0.009421 -0.000147
v -0.014705 0.008852 -0.000147
v -0.015591 0.007965 -0.000147
v -0.016161 0.006848 -0.000147
v -0.016357 0.005609 -0.000147
v -0.016161 0.004371 0.000297
v -0.015591 0.003254 0.000297
v -0.014705 0.002367 0.000297
v -0.013587 0.001797 0.000297
v -0.012349 0.001601 0.000297
v -0.011110 0.001798 0.000297
v -0.009993 0.002367 0.000297
v -0.009106 0.003254 0.000297
v -0.008537 0.004371 0.000297
v -0.008341 0.005609 0.000297
v -0.008537 0.006848 0.000297
v -0.009106 0.007965 0.000297
v -0.009993 0.008852 0.000297
v -0.011110 0.009421 0.000297
v -0.012349 0.009617 0.000297
v -0.013587 0.009421 0.000297
v -0.014705 0.008852 0.000297
v -0.015591 0.007965 0.000297
v -0.016161 0.006848 0.000297
v -0.016357 0.005609 0.000297
v -0.015283 0.004656 0.002321
v -0.014845 0.003796 0.002321
v -0.014162 0.003114 0.002321
v -0.013302 0.002675 0.002321
v -0.012349 0.002524 0.002321
v -0.011396 0.002675 0.002321
v -0.010536 0.003114 0.002321
v -0.009853 0.003796 0.002321
v -0.009415 0.004656 0.002321
v -0.009264 0.005609 0.002321
v -0.009415 0.006563 0.002321
v -0.009853 0.007423 0.002321
v -0.010536 0.008105 0.002321
v -0.011396 0.008543 0.002321
v -0.012349 0.008694 0.002321
v -0.013302 0.008543 0.002321
v -0.014162 0.008105 0.002321
v -0.014845 0.007423 0.002321
v -0.015283 0.006563 0.002321
v -0.015434 0.005609 0.002321
v -0.014850 0.004797 0.002321
v -0.014477 0.004063 0.002321
v -0.013895 0.003481 0.002321
v -0.013162 0.003108 0.002321
v -0.012349 0.002979 0.002321
v -0.011536 0.003108 0.002321
v -0.010803 0.003481 0.002321
v -0.010221 0.004063 0.002321
v -0.009847 0.004797 0.002321
v -0.009719 0.005609 0.002321
v -0.009847 0.006422 0.002321
v -0.010221 0.007155 0.002321
v -0.010803 0.007737 0.002321
v -0.011536 0.008111 0.002321
v -0.012349 0.008240 0.002321
v -0.013162 0.008111 0.002321
v -0.013895 0.007737 0.002321
v -0.014477 0.007155 0.002321
v -0.014850 0.006422 0.002321
v -0.014979 0.005609 0.002321
v -0.013581 0.005209 -0.001085
v -0.013397 0.004848 -0.001085
v -0.012349 0.005609 -0.001085
v -0.013111 0.004561 -0.001085
v -0.012749 0.004377 -0.001085
v -0.012349 0.004313 -0.001085
v -0.011948 0.004377 -0.001085
v -0.011587 0.004561 -0.001085
v -0.011300 0.004848 -0.001085
v -0.011116 0.005209 -0.001085
v -0.011053 0.005609 -0.001085
v -0.011116 0.006010 -0.001085
v -0.011300 0.006371 -0.001085
v -0.011587 0.006658 -0.001085
v -0.011948 0.006842 -0.001085
v -0.012349 0.006905 -0.001085
v -0.012749 0.006842 -0.001085
v -0.013111 0.006658 -0.001085
v -0.013397 0.006371 -0.001085
v -0.013581 0.006010 -0.001085
v -0.013645 0.005609 -0.001085
v -0.016336 0.004282 0.000385
v -0.015766 0.003164 0.000385
v -0.015370 0.004612 0.002473
v -0.014932 0.003752 0.002473
v -0.014850 0.004797 0.002536
v -0.014477 0.004063 0.002536
v -0.014794 0.002192 0.000385
v -0.013676 0.001623 0.000385
v -0.014207 0.003026 0.002473
v -0.013347 0.002588 0.002473
v -0.013895 0.003481 0.002536
v -0.013162 0.003108 0.002536
v -0.012318 0.001408 0.000385
v -0.011080 0.001604 0.000385
v -0.012334 0.002428 0.002473
v -0.011380 0.002579 0.002473
v -0.012349 0.002979 0.002536
v -0.011536 0.003108 0.002536
v -0.009854 0.002228 0.000385
v -0.008968 0.003115 0.000385
v -0.010466 0.003044 0.002473
v -0.009784 0.003727 0.002473
v -0.010803 0.003481 0.002536
v -0.010221 0.004063 0.002536
v -0.008343 0.004340 0.000385
v -0.008147 0.005579 0.000385
v -0.009318 0.004641 0.002473
v -0.009167 0.005594 0.002473
v -0.009847 0.004797 0.002536
v -0.009719 0.005609 0.002536
v -0.008362 0.006937 0.000385
v -0.008932 0.008054 0.000385
v -0.009328 0.006607 0.002473
v -0.009766 0.007467 0.002473
v -0.009847 0.006422 0.002536
v -0.010221 0.007155 0.002536
v -0.009904 0.009027 0.000385
v -0.011021 0.009596 0.000385
v -0.010491 0.008192 0.002473
v -0.011351 0.008631 0.002473
v -0.010803 0.007737 0.002536
v -0.011536 0.008111 0.002536
v -0.012380 0.009811 0.000385
v -0.013618 0.009615 0.000385
v -0.012364 0.008791 0.002473
v -0.013318 0.008640 0.002473
v -0.012349 0.008240 0.002536
v -0.013162 0.008111 0.002536
v -0.014843 0.008991 0.000385
v -0.015730 0.008104 0.000385
v -0.014231 0.008174 0.002473
v -0.014914 0.007492 0.002473
v -0.013895 0.007737 0.002536
v -0.014477 0.007155 0.002536
v -0.016354 0.006879 0.000385
v -0.016551 0.005640 0.000385
v -0.015380 0.006578 0.002473
v -0.015531 0.005625 0.002473
v -0.014850 0.006422 0.002536
v -0.014979 0.005609 0.002536
v 0.017107 0.004063 -0.006151
v 0.016396 0.002669 -0.006151
v 0.017107 0.004063 -0.005354
v 0.016396 0.002669 -0.005354
v 0.015290 0.001562 -0.006151
v 0.015290 0.001562 -0.005354
v 0.013895 0.000851 -0.006151
v 0.013895 0.000851 -0.005354
v 0.012349 0.000606 -0.006151
v 0.012349 0.000606 -0.005354
v 0.010803 0.000851 -0.006151
v 0.010803 0.000851 -0.005354
v 0.009408 0.001562 -0.006151
v 0.009408 0.001562 -0.005354
v 0.008301 0.002669 -0.006151
v 0.008301 0.002669 -0.005354
v 0.007591 0.004063 -0.006151
v 0.007591 0.004063 -0.005354
v 0.007346 0.005609 -0.006151
v 0.007346 0.005609 -0.005354
v 0.007591 0.007155 -0.006151
v 0.007591 0.007155 -0.005354
v 0.008301 0.008550 -0.006151
v 0.008301 0.008550 -0.005354
v 0.009408 0.009657 -0.006151
v 0.009408 0.009657 -0.005354
v 0.010803 0.010368 -0.006151
v 0.010803 0.010368 -0.005354
v 0.012349 0.010612 -0.006151
v 0.012349 0.010612 -0.005354
v 0.013895 0.010368 -0.006151
v 0.013895 0.010368 -0.005354
v 0.015290 0.009657 -0.006151
v 0.015290 0.009657 -0.005354
v 0.016396 0.008550 -0.006151
v 0.016396 0.008550 -0.005354
v 0.017107 0.007155 -0.006151
v 0.017107 0.007155 -0.005354
v 0.017352 0.005609 -0.006151
v 0.017352 0.005609 -0.005354
v -0.016396 0.002669 -0.006151
v -0.016396 0.002669 -0.005354
v -0.017107 0.004063 -0.005354
v -0.017107 0.004063 -0.006151
v -0.015290 0.001562 -0.006151
v -0.015290 0.001562 -0.005354
v -0.013895 0.000851 -0.006151
v -0.013895 0.000851 -0.005354
v -0.012349 0.000606 -0.006151
v -0.012349 0.000606 -0.005354
v -0.010803 0.000851 -0.006151
v -0.010803 0.000851 -0.005354
v -0.009408 0.001562 -0.006151
v -0.009408 0.001562 -0.005354
v -0.008301 0.002669 -0.006151
v -0.008301 0.002669 -0.005354
v -0.007591 0.004063 -0.006151
v -0.007591 0.004063 -0.005354
v -0.007346 0.005609 -0.006151
v -0.007346 0.005609 -0.005354
v -0.007591 0.007155 -0.006151
v -0.007591 0.007155 -0.005354
v -0.008301 0.008550 -0.006151
v -0.008301 0.008550 -0.005354
v -0.009408 0.009657 -0.006151
v -0.009408 0.009657 -0.005354
v -0.010803 0.010368 -0.006151
v -0.010803 0.010368 -0.005354
v -0.012349 0.010612 -0.006151
v -0.012349 0.010612 -0.005354
v -0.013895 0.010368 -0.006151
v -0.013895 0.010368 -0.005354
v -0.015290 0.009657 -0.006151
v -0.015290 0.009657 -0.005354
v -0.016396 0.008550 -0.006151
v -0.016396 0.008550 -0.005354
v -0.017107 0.007155 -0.006151
v -0.017107 0.007155 -0.005354
v -0.017352 0.005609 -0.006151
v -0.017352 0.005609 -0.005354
v 0.017339 0.003988 -0.005947
v 0.016593 0.002526 -0.005947
v 0.017339 0.003988 -0.005558
v 0.016593 0.002526 -0.005558
v 0.015433 0.001365 -0.005947
v 0.015433 0.001365 -0.005558
v 0.013970 0.000620 -0.005947
v 0.013970 0.000620 -0.005558
v 0.012349 0.000363 -0.005947
v 0.012349 0.000363 -0.005558
v 0.010728 0.000620 -0.005947
v 0.010728 0.000620 -0.005558
v 0.009265 0.001365 -0.005947
v 0.009265 0.001365 -0.005558
v 0.008104 0.002526 -0.005947
v 0.008104 0.002526 -0.005558
v 0.007359 0.003988 -0.005947
v 0.007359 0.003988 -0.005558
v 0.007102 0.005609 -0.005947
v 0.007102 0.005609 -0.005558
v 0.007359 0.007231 -0.005947
v 0.007359 0.007231 -0.005558
v 0.008104 0.008693 -0.005947
v 0.008104 0.008693 -0.005558
v 0.009265 0.009854 -0.005947
v 0.009265 0.009854 -0.005558
v 0.010728 0.010599 -0.005947
v 0.010728 0.010599 -0.005558
v 0.012349 0.010856 -0.005947
v 0.012349 0.010856 -0.005558
v 0.013970 0.010599 -0.005947
v 0.013970 0.010599 -0.005558
v 0.015433 0.009854 -0.005947
v 0.015433 0.009854 -0.005558
v 0.016593 0.008693 -0.005947
v 0.016593 0.008693 -0.005558
v 0.017339 0.007231 -0.005947
v 0.017339 0.007231 -0.005558
v 0.017595 0.005609 -0.005947
v 0.017595 0.005609 -0.005558
v -0.016593 0.002526 -0.005947
v -0.016593 0.002526 -0.005558
v -0.017339 0.003988 -0.005558
v -0.017339 0.003988 -0.005947
v -0.015433 0.001365 -0.005947
v -0.015433 0.001365 -0.005558
v -0.013970 0.000620 -0.005947
v -0.013970 0.000620 -0.005558
v -0.012349 0.000363 -0.005947
v -0.012349 0.000363 -0.005558
v -0.010728 0.000620 -0.005947
v -0.010728 0.000620 -0.005558
v -0.009265 0.001365 -0.005947
v -0.009265 0.001365 -0.005558
v -0.008104 0.002526 -0.005947
v -0.008104 0.002526 -0.005558
v -0.007359 0.003988 -0.005947
v -0.007359 0.003988 -0.005558
v -0.007102 0.005609 -0.005947
v -0.007102 0.005609 -0.005558
v -0.007359 0.007231 -0.005947
v -0.007359 0.007231 -0.005558
v -0.008104 0.008693 -0.005947
v -0.008104 0.008693 -0.005558
v -0.009265 0.009854 -0.005947
v -0.009265 0.009854 -0.005558
v -0.010728 0.010599 -0.005947
v -0.010728 0.010599 -0.005558
v -0.012349 0.010856 -0.005947
v -0.012349 0.010856 -0.005558
v -0.013970 0.010599 -0.005947
v -0.013970 0.010599 -0.005558
v -0.015433 0.009854 -0.005947
v -0.015433 0.009854 -0.005558
v -0.016593 0.008693 -0.005947
v -0.016593 0.008693 -0.005558
v -0.017339 0.007231 -0.005947
v -0.017339 0.007231 -0.005558
v -0.017595 0.005609 -0.005947
v -0.017595 0.005609 -0.005558
vn 0.9511 -0.3090 -0.0000
vn 0.8090 -0.5878 -0.0000
vn 0.5878 -0.8090 -0.0000
vn 0.3090 -0.9511 -0.0000
vn -0.0000 -1.0000 -0.0000
vn -0.3090 -0.9511 -0.0000
vn -0.5878 -0.8090 -0.0000
vn -0.8090 -0.5878 -0.0000
vn -0.9511 -0.3090 -0.0000
vn -1.0000 -0.0000 -0.0000
vn -0.9511 0.3090 -0.0000
vn -0.8090 0.5878 -0.0000
vn -0.5878 0.8090 -0.0000
vn -0.3090 0.9511 -0.0000
vn -0.0000 1.0000 -0.0000
vn 0.3090 0.9511 -0.0000
vn 0.5878 0.8090 -0.0000
vn 0.8090 0.5878 -0.0000
vn 0.9511 0.3090 -0.0000
vn 1.0000 -0.0000 -0.0000
vn -0.0000 -0.0000 1.0000
vn 0.5103 -0.7120 -0.4824
vn 0.2842 -0.8839 -0.3714
vn 0.3059 -0.7577 -0.5764
vn -0.1618 -0.9815 -0.1019
vn 0.7174 0.2331 -0.6564
vn -0.0000 -0.0000 -1.0000
vn 0.0001 -0.0000 -1.0000
vn -0.0002 -0.0000 -1.0000
vn 0.5631 -0.4091 -0.7180
vn 0.3693 0.9276 -0.0568
vn 0.4282 0.8950 -0.1246
vn 0.4266 0.8916 -0.1518
vn 0.7459 0.4847 -0.4568
vn 0.7640 0.4965 -0.4120
vn 0.6880 0.4469 -0.5718
vn 0.6954 -0.4518 -0.5588
vn 0.9384 -0.3049 -0.1623
vn 0.7983 -0.5800 -0.1623
vn 0.5800 -0.7983 -0.1623
vn 0.3049 -0.9384 -0.1623
vn -0.0000 -0.9867 -0.1623
vn -0.3049 -0.9384 -0.1623
vn -0.5800 -0.7983 -0.1623
vn -0.7983 -0.5800 -0.1623
vn -0.9384 -0.3049 -0.1623
vn -0.9867 -0.0000 -0.1623
vn -0.9384 0.3049 -0.1623
vn -0.7983 0.5800 -0.1623
vn -0.5800 0.7983 -0.1623
vn -0.3049 0.9384 -0.1623
vn -0.0000 0.9867 -0.1623
vn 0.3049 0.9384 -0.1623
vn 0.5800 0.7983 -0.1623
vn 0.7983 0.5800 -0.1623
vn 0.9384 0.3049 -0.1623
vn 0.9867 -0.0000 -0.1623
vn 0.4177 -0.1357 0.8984
vn 0.3553 -0.2582 0.8984
vn 0.2582 -0.3553 0.8984
vn 0.1357 -0.4177 0.8984
vn -0.0000 -0.4392 0.8984
vn -0.1357 -0.4177 0.8984
vn -0.2582 -0.3553 0.8984
vn -0.3553 -0.2582 0.8984
vn -0.4177 -0.1357 0.8984
vn -0.4392 -0.0000 0.8984
vn -0.4177 0.1357 0.8984
vn -0.3553 0.2582 0.8984
vn -0.2582 0.3553 0.8984
vn -0.1357 0.4177 0.8984
vn -0.0000 0.4392 0.8984
vn 0.1357 0.4177 0.8984
vn 0.2582 0.3553 0.8984
vn 0.3553 0.2582 0.8984
vn 0.4177 0.1357 0.8984
vn 0.4392 -0.0000 0.8984
vn 0.6831 -0.2219 -0.6958
vn 0.5810 -0.4222 -0.6958
vn 0.4222 -0.5810 -0.6958
vn 0.2219 -0.6831 -0.6958
vn -0.0000 -0.7182 -0.6958
vn -0.2219 -0.6831 -0.6958
vn -0.4222 -0.5810 -0.6958
vn -0.5810 -0.4222 -0.6958
vn -0.6831 -0.2219 -0.6958
vn -0.7182 -0.0000 -0.6958
vn -0.6831 0.2219 -0.6958
vn -0.5810 0.4222 -0.6958
vn -0.4222 0.5810 -0.6958
vn -0.2219 0.6831 -0.6958
vn -0.0000 0.7182 -0.6958
vn 0.2219 0.6831 -0.6958
vn 0.4222 0.5810 -0.6958
vn 0.5810 0.4222 -0.6958
vn 0.6831 0.2219 -0.6958
vn 0.7182 -0.0000 -0.6958
vn 0.7053 -0.2292 -0.6708
vn 0.6000 -0.4359 -0.6708
vn 0.4359 -0.6000 -0.6708
vn 0.2292 -0.7053 -0.6708
vn -0.0000 -0.7416 -0.6708
vn -0.2292 -0.7053 -0.6708
vn -0.4359 -0.6000 -0.6708
vn -0.6000 -0.4359 -0.6708
vn -0.7053 -0.2292 -0.6708
vn -0.7416 -0.0000 -0.6708
vn -0.7053 0.2292 -0.6708
vn -0.6000 0.4359 -0.6708
vn -0.4359 0.6000 -0.6708
vn -0.2292 0.7053 -0.6708
vn -0.0000 0.7416 -0.6708
vn 0.2292 0.7053 -0.6708
vn 0.4359 0.6000 -0.6708
vn 0.6000 0.4359 -0.6708
vn 0.7053 0.2292 -0.6708
vn 0.7416 -0.0000 -0.6708
vn 0.0161 -0.0213 0.9996
vn 0.0164 -0.0091 0.9998
vn 0.0224 -0.1933 0.9809
vn 0.0279 -0.2648 0.9639
vn 0.1284 0.2565 0.9580
vn 0.1036 0.2006 0.9742
vn 0.0219 0.0139 0.9997
vn 0.0178 0.0006 0.9998
vn 0.0172 -0.0158 0.9997
vn 0.0177 -0.0068 0.9998
vn 0.0178 -0.0331 0.9993
vn 0.0336 -0.3233 0.9457
vn -0.0000 -0.7158 0.6983
vn -0.2212 -0.6807 0.6983
vn -0.4207 -0.5791 0.6983
vn -0.5791 -0.4207 0.6983
vn -0.6807 -0.2212 0.6983
vn -0.7158 -0.0000 0.6983
vn -0.6807 0.2212 0.6983
vn -0.5791 0.4207 0.6983
vn -0.4207 0.5791 0.6983
vn -0.2212 0.6807 0.6983
vn -0.0000 0.7158 0.6983
vn 0.2212 0.6807 0.6983
vn 0.1576 0.3149 0.9360
vn 0.0285 0.0262 0.9993
vn 0.0205 0.0061 0.9998
vn 0.0187 -0.0008 0.9998
vn 0.4190 -0.9080 -0.0055
vn 0.3091 -0.9510 -0.0072
vn 0.2988 -0.9542 -0.0129
vn 0.4081 -0.9128 -0.0134
vn 0.0485 -0.9982 -0.0344
vn 0.0272 -0.9990 -0.0346
vn 0.0455 -0.9982 -0.0393
vn 0.0250 -0.9989 -0.0387
vn -0.0023 -0.9981 -0.0616
vn 0.0006 -0.9981 -0.0620
vn -0.3013 -0.9523 -0.0489
vn -0.2895 -0.9557 -0.0535
vn -0.5759 -0.8168 -0.0335
vn -0.5607 -0.8269 -0.0437
vn -0.8000 -0.5996 -0.0186
vn -0.7887 -0.6138 -0.0342
vn -0.9481 -0.3179 -0.0076
vn -0.9441 -0.3286 -0.0271
vn -1.0000 -0.0000 -0.0036
vn -0.9997 -0.0000 -0.0244
vn -0.9481 0.3179 -0.0076
vn -0.9441 0.3285 -0.0271
vn -0.8000 0.5996 -0.0186
vn -0.7887 0.6138 -0.0342
vn -0.5759 0.8168 -0.0335
vn -0.5607 0.8268 -0.0437
vn -0.3013 0.9523 -0.0489
vn -0.2894 0.9557 -0.0535
vn -0.0023 0.9981 -0.0616
vn 0.0006 0.9981 -0.0620
vn 0.2967 0.9524 -0.0700
vn 0.2905 0.9544 -0.0683
vn 0.3978 0.9165 -0.0411
vn 0.3762 0.9255 -0.0429
vn 0.3950 0.9180 -0.0364
vn 0.3732 0.9269 -0.0393
vn 0.4190 0.9080 -0.0055
vn 0.4084 0.9127 -0.0138
vn 0.8294 0.5587 -0.0030
vn 0.8294 0.5586 -0.0029
vn 0.8210 0.5705 -0.0202
vn 0.8209 0.5707 -0.0198
vn 0.8294 -0.5586 -0.0029
vn 0.8294 -0.5586 -0.0030
vn 0.8211 -0.5705 -0.0204
vn 0.8210 -0.5705 -0.0202
vn -0.3899 0.8150 0.4287
vn -0.2591 0.9568 0.1317
vn -0.3645 0.8563 0.3659
vn -0.2360 0.9681 0.0842
vn 0.0105 0.3793 0.9252
vn -0.0007 0.3194 0.9476
vn 0.0017 0.0801 0.9968
vn 0.0009 0.0343 0.9994
vn 0.0073 0.1868 0.9824
vn -0.0026 0.0559 0.9984
vn 0.0757 0.2035 0.9761
vn 0.0124 0.0459 0.9989
vn 0.1571 0.1981 0.9675
vn 0.0240 0.0368 0.9990
vn 0.2397 0.1612 0.9574
vn 0.0333 0.0265 0.9991
vn 0.3030 0.0911 0.9486
vn 0.0400 0.0142 0.9991
vn 0.3271 -0.0003 0.9450
vn 0.0425 -0.0000 0.9991
vn 0.3041 -0.0918 0.9482
vn 0.0401 -0.0141 0.9991
vn 0.2413 -0.1625 0.9567
vn 0.0334 -0.0266 0.9991
vn 0.1585 -0.1999 0.9669
vn 0.0240 -0.0368 0.9990
vn 0.0765 -0.2055 0.9757
vn 0.0124 -0.0460 0.9989
vn 0.0073 -0.1885 0.9820
vn -0.0027 -0.0560 0.9984
vn -0.0457 -0.1585 0.9863
vn -0.0257 -0.0693 0.9973
vn -0.0820 -0.2000 0.9764
vn -0.0520 -0.1299 0.9902
vn -0.0856 -0.2150 0.9729
vn -0.0388 -0.0968 0.9946
vn -0.1935 -0.2812 0.9399
vn -0.1446 -0.1689 0.9750
vn -0.3395 0.0362 0.9399
vn -0.0281 -0.0061 0.9996
vn -0.4063 0.2640 0.8748
vn -0.0210 0.0136 0.9997
vn 0.4578 -0.8891 -0.0000
vn 0.3396 -0.9406 -0.0000
vn -0.0004 -1.0000 -0.0000
vn -0.0017 -1.0000 -0.0000
vn -0.3301 -0.9439 -0.0000
vn -0.6160 -0.7878 -0.0000
vn -0.8288 -0.5595 -0.0000
vn -0.9573 -0.2890 -0.0000
vn -0.9573 0.2891 -0.0000
vn -0.8288 0.5595 -0.0000
vn -0.6160 0.7878 -0.0000
vn -0.3301 0.9439 -0.0000
vn 0.3301 0.9440 -0.0000
vn 0.4064 0.9137 -0.0000
vn 0.4025 0.9154 -0.0000
vn 0.4578 0.8891 -0.0000
vn 0.8561 0.5168 -0.0000
vn 0.8561 -0.5168 -0.0000
vn 0.4316 -0.9021 -0.0000
vn 0.3181 -0.9481 -0.0000
vn -0.0124 -0.9999 -0.0000
vn -0.0133 -0.9999 -0.0000
vn 0.3748 0.9271 -0.0000
vn 0.3710 0.9286 -0.0000
vn 0.4316 0.9021 -0.0000
vn 0.8385 0.5449 -0.0000
vn 0.8385 -0.5448 -0.0000
vn 0.0061 -1.0000 -0.0000
vn 0.0046 -1.0000 -0.0000
vn -0.3301 -0.9440 -0.0000
vn -0.9573 -0.2891 -0.0000
vn -0.6161 0.7877 -0.0000
vn 0.3301 0.9439 -0.0000
vn 0.4100 0.9121 -0.0000
vn 0.4062 0.9138 -0.0000
vn 0.0002 -0.0000 -1.0000
vn -0.0016 -1.0000 -0.0000
vn 0.3818 0.9242 -0.0000
vn 0.3781 0.9258 -0.0000
vn -0.0001 -0.0000 1.0000
vn 0.0111 -0.9999 -0.0000
vn 0.0095 -1.0000 -0.0000
vn -0.9573 0.2890 -0.0000
vn -0.3301 0.9440 -0.0000
vn 0.4128 0.9108 -0.0000
vn 0.4091 0.9125 -0.0000
vn -0.0088 -1.0000 -0.0000
vn -0.0098 -1.0000 -0.0000
vn 0.3769 0.9263 -0.0000
vn 0.3731 0.9278 -0.0000
vn 0.8385 0.5448 -0.0000
vn 0.0049 -1.0000 -0.0000
vn 0.0034 -1.0000 -0.0000
vn -0.6160 -0.7877 -0.0000
vn -0.8288 0.5596 -0.0000
vn -0.6160 0.7877 -0.0000
vn 0.4093 0.9124 -0.0000
vn 0.4055 0.9141 -0.0000
vn -0.0126 -0.9999 -0.0000
vn -0.0135 -0.9999 -0.0000
vn 0.3747 0.9272 -0.0000
vn 0.3709 0.9287 -0.0000
vn 0.8385 -0.5449 -0.0000
vn 0.4192 -0.8763 -0.2375
vn 0.3079 -0.9291 -0.2048
vn 0.3088 -0.9228 -0.2306
vn 0.4169 -0.8715 -0.2582
vn -0.1094 -0.9890 -0.0997
vn -0.1292 -0.9859 -0.1064
vn -0.1137 -0.9887 -0.0979
vn -0.1278 -0.9851 -0.1154
vn -0.0014 -0.9905 -0.1372
vn 0.0003 -0.9905 -0.1373
vn -0.3087 -0.9443 -0.1139
vn -0.3066 -0.9450 -0.1141
vn -0.4154 -0.9062 -0.0792
vn -0.3576 -0.9303 -0.0819
vn -0.4325 -0.8985 -0.0750
vn -0.3687 -0.9262 -0.0788
vn -0.8608 -0.5083 -0.0269
vn -0.8599 -0.5097 -0.0270
vn -0.9606 -0.2774 -0.0160
vn -0.9608 0.2774 0.0040
vn -0.8600 0.5102 0.0098
vn -0.8605 0.5094 0.0098
vn -0.6025 0.7980 0.0147
vn -0.6026 0.7979 0.0147
vn -0.4809 0.8766 0.0148
vn 0.1022 0.9948 -0.0033
vn 0.0775 0.9970 -0.0026
vn 0.0943 0.9955 -0.0031
vn 0.1143 0.9934 -0.0037
vn -0.0015 1.0000 -0.0069
vn 0.0006 1.0000 -0.0070
vn 0.3072 0.9512 -0.0306
vn 0.3095 0.9504 -0.0308
vn 0.3703 0.9280 -0.0415
vn 0.3577 0.9336 -0.0197
vn 0.3650 0.9301 -0.0415
vn 0.3630 0.9313 -0.0311
vn 0.4304 0.8996 -0.0747
vn 0.4310 0.9008 -0.0521
vn 0.8130 0.5283 -0.2449
vn 0.8131 0.5283 -0.2446
vn 0.8162 0.5304 -0.2293
vn 0.8176 0.5313 -0.2220
vn 0.7902 -0.5134 -0.3345
vn 0.7902 -0.5134 -0.3347
vn 0.7869 -0.5112 -0.3457
vn 0.7872 -0.5114 -0.3447
vn 0.4225 -0.9064 -0.0001
vn 0.3096 -0.9509 -0.0034
vn 0.0542 -0.9979 -0.0343
vn 0.0511 -0.9979 -0.0392
vn 0.0041 -0.9981 -0.0617
vn -0.2968 -0.9538 -0.0463
vn -0.5737 -0.8186 -0.0275
vn -0.7993 -0.6009 -0.0090
vn -0.9479 -0.3186 0.0047
vn -1.0000 -0.0000 0.0098
vn -0.9479 0.3184 0.0048
vn -0.7993 0.6008 -0.0090
vn -0.5736 0.8187 -0.0275
vn -0.2969 0.9538 -0.0463
vn 0.0041 0.9981 -0.0617
vn 0.3043 0.9499 -0.0717
vn 0.4046 0.9136 -0.0395
vn 0.4019 0.9150 -0.0345
vn 0.4225 0.9064 -0.0001
vn 0.8320 0.5548 0.0082
vn 0.8320 -0.5548 0.0082
vn 0.8191 -0.5735 -0.0118
vn 0.8191 0.5735 -0.0118
vn 0.4058 0.9139 -0.0096
vn 0.3673 0.9293 -0.0382
vn 0.3707 0.9278 -0.0422
vn 0.2846 0.9560 -0.0710
vn 0.0011 0.9978 -0.0668
vn -0.2889 0.9566 -0.0389
vn -0.5605 0.8278 -0.0236
vn -0.7889 0.6143 -0.0187
vn -0.9443 0.3286 -0.0181
vn -0.9998 -0.0000 -0.0182
vn -0.9443 -0.3286 -0.0181
vn -0.7889 -0.6143 -0.0187
vn -0.5605 -0.8278 -0.0236
vn -0.2889 -0.9566 -0.0389
vn 0.0011 -0.9978 -0.0668
vn 0.0188 -0.9992 -0.0366
vn 0.0212 -0.9992 -0.0343
vn 0.2971 -0.9548 -0.0101
vn 0.4058 -0.9139 -0.0096
vn 0.8358 -0.5481 -0.0319
vn 0.8358 0.5481 -0.0319
vn 0.3807 0.9235 -0.0465
vn 0.4282 0.9034 -0.0203
vn 0.3806 0.9236 -0.0466
vn 0.3840 0.9220 -0.0500
vn 0.3844 0.9218 -0.0501
vn 0.2980 0.9504 -0.0886
vn 0.2954 0.9536 -0.0579
vn -0.0041 0.9983 -0.0585
vn -0.0084 0.9973 -0.0729
vn -0.3077 0.9508 -0.0371
vn -0.3117 0.9470 -0.0776
vn -0.5832 0.8118 -0.0289
vn -0.5860 0.8074 -0.0679
vn -0.8046 0.5931 -0.0291
vn -0.8063 0.5893 -0.0515
vn -0.9491 0.3133 -0.0339
vn -0.9497 0.3112 -0.0357
vn -0.9993 -0.0000 -0.0368
vn -0.9996 -0.0000 -0.0290
vn -0.9491 -0.3133 -0.0339
vn -0.9497 -0.3112 -0.0357
vn -0.8046 -0.5931 -0.0291
vn -0.8063 -0.5893 -0.0515
vn -0.5832 -0.8118 -0.0289
vn -0.5860 -0.8074 -0.0679
vn -0.3077 -0.9508 -0.0371
vn -0.3117 -0.9470 -0.0776
vn -0.0041 -0.9983 -0.0585
vn -0.0084 -0.9973 -0.0729
vn 0.0088 -0.9990 -0.0447
vn 0.0097 -0.9991 -0.0406
vn 0.0088 -0.9993 -0.0351
vn 0.0072 -0.9992 -0.0405
vn 0.3167 -0.9483 -0.0182
vn 0.3141 -0.9492 -0.0181
vn 0.4282 -0.9034 -0.0203
vn 0.5876 -0.4050 0.7005
vn 0.4194 -0.6632 0.6199
vn 0.4816 -0.5828 0.6545
vn 0.6928 0.4775 0.5404
vn 0.3525 0.9347 -0.0445
vn 0.4046 0.9126 -0.0588
vn 0.4193 0.9052 -0.0697
vn 0.3590 0.9320 -0.0510
vn 0.3561 0.9334 -0.0435
vn 0.3625 0.9307 -0.0487
vn 0.2974 0.9541 -0.0353
vn 0.2921 0.9557 -0.0365
vn 0.0114 0.9992 -0.0373
vn -0.0096 0.9990 -0.0447
vn -0.2761 0.9600 -0.0468
vn -0.3093 0.9490 -0.0606
vn -0.4433 0.7080 0.5498
vn -0.4916 0.6513 0.5780
vn -0.5955 0.4883 0.6379
vn -0.6174 0.4428 0.6502
vn -0.6831 0.2478 0.6869
vn -0.6886 0.2233 0.6899
vn -0.7120 -0.0004 0.7021
vn -0.7120 0.0003 0.7021
vn -0.6845 -0.2489 0.6852
vn -0.6901 -0.2231 0.6885
vn -0.5976 -0.4908 0.6340
vn -0.6199 -0.4439 0.6471
vn -0.4451 -0.7119 0.5432
vn -0.4943 -0.6540 0.5726
vn -0.2760 -0.9600 -0.0479
vn -0.3093 -0.9490 -0.0612
vn 0.0114 -0.9992 -0.0384
vn -0.0095 -0.9989 -0.0453
vn -0.0040 -1.0000 -0.0030
vn -0.0154 -0.9996 -0.0242
vn -0.0044 -1.0000 -0.0005
vn -0.0129 -0.9996 -0.0232
vn 0.2345 -0.8332 0.5008
vn 0.2861 -0.7946 0.5355
vn 0.8217 -0.5509 -0.1461
vn 0.8217 0.5509 -0.1461
vn 0.4194 0.9046 -0.0759
vn 0.3581 0.9321 -0.0544
vn 0.3620 0.9307 -0.0526
vn 0.3055 0.9512 -0.0445
vn 0.0072 0.9980 -0.0627
vn -0.2918 0.9524 -0.0883
vn -0.5783 0.8070 -0.1197
vn -0.5653 0.8164 -0.1181
vn -0.7953 0.5879 -0.1477
vn -0.7877 0.5983 -0.1467
vn -0.9359 0.3098 -0.1678
vn -0.9336 0.3168 -0.1674
vn -0.9846 -0.0000 -0.1751
vn -0.9360 -0.3095 -0.1678
vn -0.9336 -0.3168 -0.1674
vn -0.7954 -0.5878 -0.1477
vn -0.7878 -0.5982 -0.1467
vn -0.5786 -0.8068 -0.1197
vn -0.5657 -0.8161 -0.1182
vn -0.2915 -0.9525 -0.0883
vn 0.0072 -0.9980 -0.0627
vn -0.0175 -0.9992 -0.0356
vn -0.0181 -0.9992 -0.0349
vn 0.3175 -0.9464 -0.0589
vn 0.3003 -0.9522 -0.0560
vn 0.4194 -0.9046 -0.0759
vn 0.4032 -0.9114 -0.0822
vn 0.3055 -0.9501 -0.0636
vn 0.2866 -0.9562 -0.0599
vn 0.0016 -0.9993 -0.0360
vn -0.0020 -0.9993 -0.0373
vn -0.0013 -0.9988 -0.0481
vn -0.2904 -0.9513 -0.1031
vn -0.5577 -0.8177 -0.1424
vn -0.5456 -0.8285 -0.1262
vn -0.7801 -0.6032 -0.1662
vn -0.7713 -0.6158 -0.1611
vn -0.9299 -0.3213 -0.1793
vn -0.9252 -0.3299 -0.1875
vn -0.9830 -0.0000 -0.1836
vn -0.9803 -0.0000 -0.1974
vn -0.9299 0.3213 -0.1793
vn -0.9252 0.3299 -0.1875
vn -0.7801 0.6032 -0.1662
vn -0.7713 0.6158 -0.1611
vn -0.5577 0.8177 -0.1424
vn -0.5456 0.8285 -0.1262
vn -0.2904 0.9513 -0.1031
vn -0.0013 0.9988 -0.0481
vn 0.2804 0.9590 -0.0407
vn 0.3564 0.9327 -0.0549
vn 0.3530 0.9339 -0.0577
vn 0.4033 0.9114 -0.0822
vn 0.8074 0.5672 -0.1626
vn 0.8074 -0.5672 -0.1626
vn 0.4280 -0.8946 -0.1283
vn 0.3176 -0.9408 -0.1186
vn 0.3145 -0.9340 -0.1694
vn 0.4235 -0.8853 -0.1922
vn -0.0290 -0.9940 -0.1050
vn -0.0579 -0.9927 -0.1059
vn -0.0313 -0.9936 -0.1081
vn -0.0615 -0.9926 -0.1050
vn -0.0016 -0.9905 -0.1372
vn -0.0002 -0.9905 -0.1373
vn -0.3090 -0.9442 -0.1139
vn -0.3076 -0.9447 -0.1140
vn -0.5445 -0.8357 -0.0718
vn -0.4998 -0.8629 -0.0747
vn -0.5746 -0.8159 -0.0646
vn -0.5252 -0.8482 -0.0685
vn -0.8609 -0.5081 -0.0269
vn -0.8604 -0.5089 -0.0270
vn -0.9606 -0.2773 -0.0160
vn -0.8602 0.5098 0.0098
vn 0.0683 0.9977 -0.0021
vn 0.0338 0.9994 -0.0013
vn 0.0497 0.9988 -0.0018
vn 0.0814 0.9967 -0.0026
vn -0.0017 1.0000 -0.0069
vn -0.0005 1.0000 -0.0069
vn 0.3068 0.9513 -0.0306
vn 0.3082 0.9508 -0.0307
vn 0.3655 0.9306 -0.0213
vn 0.3597 0.9324 -0.0352
vn 0.3627 0.9317 -0.0178
vn 0.3550 0.9343 -0.0324
vn 0.4315 0.9020 -0.0117
vn 0.4309 0.9007 -0.0545
vn 0.8341 0.5420 -0.1031
vn 0.8348 0.5425 -0.0937
vn 0.8232 0.5349 -0.1904
vn 0.8217 0.5339 -0.1991
vn 0.8269 -0.5371 -0.1665
vn 0.8265 -0.5370 -0.1691
vn 0.8064 -0.5239 -0.2744
vn 0.8072 -0.5244 -0.2710
vn 0.1166 -0.0000 -0.9932
vn 0.1162 -0.1055 -0.9876
vn 0.1157 -0.2021 -0.9725
vn 0.1162 -0.1063 0.9875
vn 0.1165 -0.0000 0.9932
vn 0.1155 -0.2043 0.9721
vn 0.1162 0.1055 -0.9876
vn 0.1157 0.2022 -0.9725
vn 0.1162 0.1063 0.9875
vn 0.1155 0.2042 0.9721
vn 0.1498 0.3632 -0.9196
vn 0.1655 0.4139 -0.8952
vn 0.1493 0.3719 0.9162
vn 0.1647 0.4253 0.8899
vn 0.1678 0.4185 -0.8926
vn 0.1967 0.4641 -0.8637
vn 0.1669 0.4298 0.8874
vn 0.1954 0.4736 0.8588
vn 0.3088 0.6342 -0.7089
vn 0.3085 0.6403 0.7034
vn 0.1147 -0.2675 -0.9567
vn 0.1089 -0.4676 -0.8772
vn 0.1103 -0.4345 -0.8939
vn 0.1084 -0.4704 0.8758
vn 0.1145 -0.2697 0.9561
vn 0.1098 -0.4376 0.8924
vn 0.3162 -0.0000 -0.9487
vn -0.0002 -0.0000 1.0000
vn 0.4293 -0.8973 -0.1024
vn 0.3204 -0.9424 -0.0956
vn -0.0184 -0.9945 -0.1031
vn -0.0197 -0.9941 -0.1068
vn 0.0064 -0.9904 -0.1377
vn -0.2993 -0.9472 -0.1148
vn -0.5575 -0.8271 -0.0714
vn -0.5918 -0.8036 -0.0632
vn -0.8571 -0.5145 -0.0272
vn -0.8620 0.5068 0.0097
vn -0.6027 0.7978 0.0147
vn 0.0630 0.9980 -0.0019
vn 0.0257 0.9997 -0.0010
vn 0.0066 1.0000 -0.0074
vn 0.3167 0.9480 -0.0314
vn 0.3705 0.9287 -0.0154
vn 0.3672 0.9300 -0.0129
vn 0.4316 0.9021 0.0020
vn 0.8371 0.5439 -0.0587
vn 0.8324 -0.5408 -0.1213
vn 0.5605 -0.7467 -0.3581
vn 0.7670 -0.4983 -0.4042
vn 0.8117 0.5275 -0.2507
vn 0.8031 0.5219 -0.2875
vn 0.4313 0.9014 -0.0376
vn 0.3509 0.9363 -0.0153
vn 0.3637 0.9308 -0.0368
vn 0.3062 0.9515 -0.0305
vn -0.0022 1.0000 -0.0068
vn 0.1113 0.9938 -0.0037
vn 0.1259 0.9920 -0.0041
vn -0.8598 0.5105 0.0098
vn -0.9607 0.2774 0.0040
vn -0.8611 -0.5077 -0.0269
vn -0.3036 -0.9492 -0.0821
vn -0.2973 -0.9511 -0.0842
vn -0.3096 -0.9440 -0.1139
vn -0.0022 -0.9905 -0.1372
vn -0.1431 -0.9836 -0.1100
vn -0.1351 -0.9832 -0.1230
vn 0.3042 -0.9105 -0.2802
vn 0.7948 -0.5164 -0.3187
vn 0.7954 -0.5168 -0.3168
vn 0.8151 0.5296 -0.2348
vn 0.8147 0.5294 -0.2369
vn 0.4303 0.8995 -0.0762
vn 0.3586 0.9326 -0.0416
vn 0.3642 0.9304 -0.0407
vn 0.3074 0.9511 -0.0306
vn -0.0012 1.0000 -0.0069
vn 0.0636 0.9980 -0.0022
vn 0.0920 0.9958 -0.0029
vn -0.8601 0.5101 0.0098
vn -0.8607 -0.5084 -0.0269
vn -0.4803 -0.8742 -0.0718
vn -0.4590 -0.8851 -0.0770
vn -0.3085 -0.9444 -0.1140
vn -0.0011 -0.9905 -0.1372
vn -0.0871 -0.9910 -0.1015
vn -0.0831 -0.9914 -0.1015
vn 0.3102 -0.9312 -0.1915
vn 0.4209 -0.8797 -0.2213
vn 0.3748 0.9254 -0.0553
vn 0.3009 0.9532 -0.0300
vn -0.0066 1.0000 -0.0065
vn 0.1233 0.9924 -0.0041
vn 0.1330 0.9911 -0.0043
vn -0.8587 0.5123 0.0099
vn -0.8631 -0.5043 -0.0268
vn -0.7323 -0.6801 -0.0349
vn -0.2456 -0.9656 -0.0851
vn -0.2525 -0.9638 -0.0857
vn -0.3150 -0.9423 -0.1134
vn -0.0066 -0.9906 -0.1369
vn -0.1439 -0.9843 -0.1020
vn 0.3034 -0.2205 0.9270
vn 0.3567 -0.1159 0.9270
vn 0.2205 -0.3034 0.9270
vn 0.1159 -0.3567 0.9270
vn -0.0000 -0.3751 0.9270
vn -0.1159 -0.3567 0.9270
vn -0.2205 -0.3034 0.9270
vn -0.3034 -0.2205 0.9270
vn -0.3567 -0.1159 0.9270
vn -0.3751 -0.0000 0.9270
vn -0.3567 0.1159 0.9270
vn -0.3034 0.2205 0.9270
vn -0.2205 0.3034 0.9270
vn -0.1159 0.3567 0.9270
vn -0.0000 0.3751 0.9270
vn 0.1159 0.3567 0.9270
vn 0.2205 0.3034 0.9270
vn 0.3034 0.2205 0.9270
vn 0.3567 0.1159 0.9270
vn 0.3751 -0.0000 0.9270
vn 0.9370 -0.1998 0.2865
vn 0.7124 -0.6406 0.2865
vn 0.6406 -0.7124 0.2865
vn 0.1998 -0.9370 0.2865
vn 0.0995 -0.9529 0.2865
vn -0.3891 -0.8755 0.2865
vn -0.4796 -0.8294 0.2865
vn -0.8294 -0.4796 0.2865
vn -0.8755 -0.3891 0.2865
vn -0.9529 0.0995 0.2865
vn -0.9370 0.1998 0.2865
vn -0.7124 0.6406 0.2865
vn -0.6406 0.7124 0.2865
vn -0.1998 0.9370 0.2865
vn -0.0995 0.9529 0.2865
vn 0.3891 0.8755 0.2865
vn 0.4796 0.8294 0.2865
vn 0.8294 0.4796 0.2865
vn 0.8755 0.3891 0.2865
vn 0.9529 -0.0995 0.2865
vn 0.8021 -0.4087 0.4354
vn 0.6447 -0.6447 0.4107
vn 0.4087 -0.8021 0.4354
vn 0.1426 -0.9006 0.4107
vn -0.1408 -0.8891 0.4354
vn -0.4139 -0.8124 0.4107
vn -0.6366 -0.6366 0.4354
vn -0.8124 -0.4139 0.4107
vn -0.8891 -0.1408 0.4354
vn -0.9006 0.1426 0.4107
vn -0.8021 0.4087 0.4354
vn -0.6447 0.6447 0.4107
vn -0.4087 0.8021 0.4354
vn -0.1426 0.9006 0.4107
vn 0.1408 0.8891 0.4354
vn 0.4139 0.8124 0.4107
vn 0.6366 0.6366 0.4354
vn 0.8124 0.4139 0.4107
vn 0.8891 0.1408 0.4354
vn 0.9006 -0.1426 0.4107
vn 0.1025 -0.0522 0.9934
vn 0.0522 -0.1025 0.9934
vn -0.0180 -0.1137 0.9934
vn -0.0814 -0.0814 0.9934
vn -0.1137 -0.0180 0.9934
vn -0.1025 0.0522 0.9934
vn -0.0522 0.1025 0.9934
vn 0.0180 0.1137 0.9934
vn 0.0814 0.0814 0.9934
vn 0.1137 0.0180 0.9934
vn -0.7611 0.5452 0.3513
vn -0.8885 0.2952 0.3513
vn -0.8855 0.2877 0.3648
vn -0.7533 0.5473 0.3648
vn -0.5453 0.7611 0.3513
vn -0.5473 0.7533 0.3648
vn -0.2952 0.8885 0.3513
vn -0.2877 0.8855 0.3648
vn 0.0062 0.9362 0.3513
vn -0.0000 0.9311 0.3648
vn 0.2834 0.8923 0.3513
vn 0.2877 0.8855 0.3648
vn 0.5553 0.7538 0.3513
vn 0.5473 0.7533 0.3648
vn 0.7538 0.5554 0.3513
vn 0.7533 0.5473 0.3648
vn 0.8923 0.2834 0.3513
vn 0.8855 0.2877 0.3648
vn 0.9362 0.0062 0.3513
vn 0.9311 -0.0000 0.3648
vn 0.8885 -0.2952 0.3513
vn 0.8855 -0.2877 0.3648
vn 0.7611 -0.5452 0.3513
vn 0.7533 -0.5473 0.3648
vn 0.5453 -0.7611 0.3513
vn 0.5473 -0.7533 0.3648
vn 0.2952 -0.8885 0.3513
vn 0.2877 -0.8855 0.3648
vn -0.0062 -0.9362 0.3513
vn -0.0000 -0.9311 0.3648
vn -0.2834 -0.8923 0.3513
vn -0.2877 -0.8855 0.3648
vn -0.5553 -0.7538 0.3513
vn -0.5473 -0.7533 0.3648
vn -0.7538 -0.5554 0.3513
vn -0.7533 -0.5473 0.3648
vn -0.8923 -0.2834 0.3513
vn -0.8855 -0.2877 0.3648
vn -0.9362 -0.0062 0.3513
vn -0.9311 -0.0000 0.3648
vn 0.3659 -0.1864 -0.9118
vn 0.4161 0.9079 0.0507
vn 0.3999 0.9153 0.0483
vn 0.3986 0.9159 0.0481
vn -0.5055 -0.8615 0.0483
vn -0.4899 -0.8703 0.0507
vn -0.5066 -0.8608 0.0481
vn 0.3255 0.9448 0.0371
vn -0.8910 0.4540 -0.0000
vn -0.5731 -0.8187 0.0371
vn 0.1864 -0.3659 -0.9118
vn 0.8703 0.4899 0.0507
vn 0.8615 0.5055 0.0483
vn 0.8608 0.5066 0.0481
vn -0.9153 -0.3999 0.0483
vn -0.9079 -0.4161 0.0507
vn -0.9159 -0.3986 0.0481
vn 0.8187 0.5731 0.0371
vn -0.4540 0.8910 -0.0000
vn -0.9448 -0.3255 0.0371
vn -0.0642 -0.4056 -0.9118
vn 0.9920 -0.1152 0.0507
vn 0.9941 -0.0974 0.0483
vn 0.9942 -0.0961 0.0481
vn -0.9755 0.2145 0.0483
vn -0.9791 0.1970 0.0507
vn -0.9752 0.2158 0.0481
vn 0.9992 -0.0176 0.0371
vn 0.1564 0.9877 -0.0000
vn -0.9557 0.2920 0.0371
vn -0.2904 -0.2904 -0.9118
vn 0.7349 -0.6763 0.0507
vn 0.7469 -0.6631 0.0483
vn 0.7478 -0.6621 0.0481
vn -0.6631 0.7469 0.0483
vn -0.6763 0.7349 0.0507
vn -0.6621 0.7478 0.0481
vn 0.7980 -0.6015 0.0371
vn 0.7071 0.7071 -0.0000
vn -0.6015 0.7980 0.0371
vn -0.4056 -0.0642 -0.9118
vn 0.1970 -0.9791 0.0507
vn 0.2145 -0.9755 0.0483
vn 0.2158 -0.9752 0.0481
vn -0.0974 0.9941 0.0483
vn -0.1152 0.9920 0.0507
vn -0.0961 0.9942 0.0481
vn 0.2920 -0.9557 0.0371
vn 0.9877 0.1564 -0.0000
vn -0.0176 0.9992 0.0371
vn -0.3659 0.1864 -0.9118
vn -0.4161 -0.9079 0.0507
vn -0.3999 -0.9153 0.0483
vn -0.3986 -0.9159 0.0481
vn 0.5055 0.8615 0.0483
vn 0.4899 0.8703 0.0507
vn 0.5066 0.8608 0.0481
vn -0.3255 -0.9448 0.0371
vn 0.8910 -0.4540 -0.0000
vn 0.5731 0.8187 0.0371
vn -0.1864 0.3659 -0.9118
vn -0.8703 -0.4899 0.0507
vn -0.8615 -0.5055 0.0483
vn -0.8608 -0.5066 0.0481
vn 0.9153 0.3999 0.0483
vn 0.9079 0.4161 0.0507
vn 0.9159 0.3986 0.0481
vn -0.8187 -0.5731 0.0371
vn 0.4540 -0.8910 -0.0000
vn 0.9448 0.3255 0.0371
vn 0.0642 0.4056 -0.9118
vn -0.9920 0.1152 0.0507
vn -0.9941 0.0975 0.0483
vn -0.9942 0.0961 0.0481
vn 0.9755 -0.2145 0.0483
vn 0.9791 -0.1970 0.0507
vn 0.9752 -0.2158 0.0481
vn -0.9992 0.0176 0.0371
vn -0.1564 -0.9877 -0.0000
vn 0.9557 -0.2920 0.0371
vn 0.2904 0.2904 -0.9118
vn -0.7349 0.6763 0.0507
vn -0.7469 0.6631 0.0483
vn -0.7478 0.6621 0.0481
vn 0.6631 -0.7469 0.0483
vn 0.6763 -0.7349 0.0507
vn 0.6621 -0.7479 0.0481
vn -0.7980 0.6015 0.0371
vn -0.7071 -0.7071 -0.0000
vn 0.6015 -0.7980 0.0371
vn 0.4056 0.0642 -0.9118
vn -0.1970 0.9791 0.0507
vn -0.2145 0.9755 0.0483
vn -0.2158 0.9752 0.0481
vn 0.0975 -0.9941 0.0483
vn 0.1152 -0.9920 0.0507
vn 0.0961 -0.9942 0.0481
vn -0.2920 0.9557 0.0371
vn -0.9877 -0.1564 -0.0000
vn 0.0176 -0.9992 0.0371
vn -0.5103 -0.7119 -0.4825
vn -0.3059 -0.7577 -0.5764
vn -0.2842 -0.8839 -0.3713
vn 0.1618 -0.9815 -0.1019
vn -0.7174 0.2331 -0.6564
vn -0.0001 -0.0000 -1.0000
vn -0.5631 -0.4091 -0.7180
vn -0.3693 0.9276 -0.0568
vn -0.4266 0.8916 -0.1518
vn -0.4282 0.8950 -0.1246
vn -0.7459 0.4847 -0.4568
vn -0.6880 0.4469 -0.5718
vn -0.7640 0.4965 -0.4120
vn -0.6954 -0.4518 -0.5588
vn -0.0164 -0.0091 0.9998
vn -0.0161 -0.0213 0.9996
vn -0.0224 -0.1933 0.9809
vn -0.0279 -0.2648 0.9639
vn -0.1284 0.2565 0.9580
vn -0.1036 0.2006 0.9742
vn -0.0219 0.0139 0.9997
vn -0.0178 0.0006 0.9998
vn -0.0177 -0.0068 0.9998
vn -0.0172 -0.0158 0.9997
vn -0.0178 -0.0331 0.9993
vn -0.0336 -0.3233 0.9457
vn 0.2212 -0.6807 0.6983
vn 0.4207 -0.5791 0.6983
vn 0.5791 -0.4207 0.6983
vn 0.6807 -0.2212 0.6983
vn 0.7158 -0.0000 0.6983
vn 0.6807 0.2212 0.6983
vn 0.5791 0.4207 0.6983
vn 0.4207 0.5791 0.6983
vn -0.1576 0.3149 0.9360
vn -0.0285 0.0262 0.9993
vn -0.0205 0.0061 0.9998
vn -0.0187 -0.0008 0.9998
vn -0.4190 -0.9080 -0.0055
vn -0.4084 -0.9127 -0.0138
vn -0.2988 -0.9542 -0.0129
vn -0.3091 -0.9510 -0.0072
vn -0.0272 -0.9990 -0.0346
vn -0.0485 -0.9982 -0.0344
vn -0.0250 -0.9989 -0.0387
vn -0.0455 -0.9982 -0.0393
vn -0.0006 -0.9981 -0.0620
vn 0.0023 -0.9981 -0.0616
vn 0.2895 -0.9557 -0.0535
vn 0.3013 -0.9523 -0.0489
vn 0.5607 -0.8269 -0.0437
vn 0.5759 -0.8168 -0.0335
vn 0.7887 -0.6138 -0.0342
vn 0.8000 -0.5996 -0.0186
vn 0.9441 -0.3286 -0.0271
vn 0.9481 -0.3179 -0.0076
vn 0.9997 -0.0000 -0.0244
vn 1.0000 -0.0000 -0.0036
vn 0.9441 0.3285 -0.0271
vn 0.9481 0.3179 -0.0076
vn 0.7887 0.6138 -0.0342
vn 0.8000 0.5997 -0.0186
vn 0.5607 0.8268 -0.0437
vn 0.5759 0.8168 -0.0335
vn 0.2895 0.9557 -0.0535
vn 0.3013 0.9523 -0.0489
vn -0.0006 0.9981 -0.0620
vn 0.0023 0.9981 -0.0616
vn -0.2906 0.9544 -0.0683
vn -0.2967 0.9524 -0.0701
vn -0.3762 0.9255 -0.0429
vn -0.3978 0.9165 -0.0411
vn -0.3732 0.9269 -0.0393
vn -0.3950 0.9180 -0.0364
vn -0.4084 0.9127 -0.0138
vn -0.4190 0.9080 -0.0055
vn -0.8294 0.5587 -0.0030
vn -0.8210 0.5706 -0.0201
vn -0.8294 0.5586 -0.0029
vn -0.8294 -0.5586 -0.0029
vn -0.8210 -0.5706 -0.0201
vn -0.8294 -0.5586 -0.0030
vn 0.3899 0.8150 0.4287
vn 0.3645 0.8563 0.3659
vn 0.2591 0.9568 0.1317
vn 0.2360 0.9681 0.0842
vn -0.0105 0.3793 0.9252
vn -0.0009 0.0343 0.9994
vn -0.0017 0.0801 0.9968
vn 0.0007 0.3194 0.9476
vn 0.0026 0.0559 0.9984
vn -0.0073 0.1868 0.9824
vn -0.0124 0.0459 0.9989
vn -0.0757 0.2035 0.9761
vn -0.0240 0.0368 0.9990
vn -0.1571 0.1981 0.9675
vn -0.0334 0.0265 0.9991
vn -0.2396 0.1612 0.9574
vn -0.0400 0.0142 0.9991
vn -0.3030 0.0911 0.9486
vn -0.0425 -0.0000 0.9991
vn -0.3271 -0.0003 0.9450
vn -0.0400 -0.0141 0.9991
vn -0.3040 -0.0918 0.9482
vn -0.0334 -0.0265 0.9991
vn -0.2413 -0.1625 0.9567
vn -0.0240 -0.0368 0.9990
vn -0.1585 -0.1999 0.9669
vn -0.0124 -0.0460 0.9989
vn -0.0765 -0.2055 0.9757
vn 0.0027 -0.0560 0.9984
vn -0.0073 -0.1885 0.9820
vn 0.0256 -0.0693 0.9973
vn 0.0457 -0.1585 0.9863
vn 0.0520 -0.1299 0.9902
vn 0.0820 -0.2000 0.9764
vn 0.0388 -0.0968 0.9946
vn 0.0856 -0.2150 0.9729
vn 0.1446 -0.1689 0.9750
vn 0.1935 -0.2812 0.9399
vn 0.0281 -0.0061 0.9996
vn 0.3395 0.0362 0.9399
vn 0.0210 0.0136 0.9997
vn 0.4063 0.2640 0.8748
vn -0.4578 -0.8891 -0.0000
vn -0.3396 -0.9406 -0.0000
vn 0.0004 -1.0000 -0.0000
vn 0.0017 -1.0000 -0.0000
vn 0.3301 -0.9439 -0.0000
vn 0.6160 -0.7878 -0.0000
vn 0.8288 -0.5595 -0.0000
vn 0.9573 -0.2890 -0.0000
vn 0.9573 0.2891 -0.0000
vn 0.8288 0.5595 -0.0000
vn 0.6160 0.7878 -0.0000
vn -0.4064 0.9137 -0.0000
vn -0.4025 0.9154 -0.0000
vn -0.4578 0.8891 -0.0000
vn -0.8561 0.5168 -0.0000
vn -0.8561 -0.5168 -0.0000
vn -0.4316 -0.9021 -0.0000
vn -0.3181 -0.9481 -0.0000
vn 0.0124 -0.9999 -0.0000
vn 0.0133 -0.9999 -0.0000
vn -0.3748 0.9271 -0.0000
vn -0.3710 0.9286 -0.0000
vn -0.4316 0.9021 -0.0000
vn -0.8385 0.5449 -0.0000
vn -0.8385 -0.5448 -0.0000
vn -0.0061 -1.0000 -0.0000
vn -0.0046 -1.0000 -0.0000
vn 0.3301 -0.9440 -0.0000
vn 0.9573 -0.2891 -0.0000
vn 0.6161 0.7877 -0.0000
vn -0.4100 0.9121 -0.0000
vn -0.4062 0.9138 -0.0000
vn 0.0016 -1.0000 -0.0000
vn -0.3818 0.9242 -0.0000
vn -0.3781 0.9258 -0.0000
vn -0.0111 -0.9999 -0.0000
vn -0.0095 -1.0000 -0.0000
vn 0.9573 0.2890 -0.0000
vn -0.4128 0.9108 -0.0000
vn -0.4091 0.9125 -0.0000
vn 0.0088 -1.0000 -0.0000
vn 0.0098 -1.0000 -0.0000
vn -0.3769 0.9263 -0.0000
vn -0.3731 0.9278 -0.0000
vn -0.8385 0.5448 -0.0000
vn -0.0049 -1.0000 -0.0000
vn -0.0034 -1.0000 -0.0000
vn 0.6160 -0.7877 -0.0000
vn 0.8288 0.5596 -0.0000
vn 0.6160 0.7877 -0.0000
vn -0.4093 0.9124 -0.0000
vn -0.4055 0.9141 -0.0000
vn 0.0126 -0.9999 -0.0000
vn 0.0135 -0.9999 -0.0000
vn -0.3747 0.9272 -0.0000
vn -0.3709 0.9287 -0.0000
vn -0.8385 -0.5449 -0.0000
vn -0.4192 -0.8762 -0.2379
vn -0.4169 -0.8715 -0.2582
vn -0.3088 -0.9228 -0.2306
vn -0.3079 -0.9291 -0.2048
vn 0.1292 -0.9859 -0.1064
vn 0.1094 -0.9890 -0.0997
vn 0.1278 -0.9851 -0.1154
vn 0.1137 -0.9887 -0.0979
vn -0.0004 -0.9905 -0.1373
vn 0.0014 -0.9905 -0.1372
vn 0.3067 -0.9450 -0.1141
vn 0.3087 -0.9443 -0.1140
vn 0.3576 -0.9303 -0.0819
vn 0.4154 -0.9062 -0.0792
vn 0.3687 -0.9262 -0.0788
vn 0.4325 -0.8985 -0.0750
vn 0.8599 -0.5097 -0.0270
vn 0.8608 -0.5083 -0.0269
vn 0.9606 -0.2774 -0.0160
vn 0.9608 0.2774 0.0040
vn 0.8605 0.5094 0.0098
vn 0.8600 0.5102 0.0098
vn 0.6026 0.7979 0.0147
vn 0.6025 0.7980 0.0147
vn 0.4809 0.8766 0.0148
vn -0.1022 0.9948 -0.0033
vn -0.1143 0.9934 -0.0037
vn -0.0943 0.9955 -0.0032
vn -0.0775 0.9970 -0.0026
vn -0.0006 1.0000 -0.0070
vn 0.0015 1.0000 -0.0069
vn -0.3094 0.9504 -0.0308
vn -0.3072 0.9512 -0.0306
vn -0.3577 0.9336 -0.0197
vn -0.3703 0.9280 -0.0415
vn -0.3630 0.9313 -0.0311
vn -0.3650 0.9301 -0.0415
vn -0.4310 0.9009 -0.0516
vn -0.4304 0.8996 -0.0747
vn -0.8130 0.5283 -0.2449
vn -0.8176 0.5313 -0.2220
vn -0.8162 0.5304 -0.2293
vn -0.8131 0.5283 -0.2446
vn -0.7903 -0.5135 -0.3342
vn -0.7872 -0.5114 -0.3447
vn -0.7869 -0.5112 -0.3457
vn -0.7902 -0.5134 -0.3347
vn -0.4225 -0.9064 -0.0001
vn -0.3096 -0.9509 -0.0034
vn -0.0542 -0.9979 -0.0343
vn -0.0511 -0.9979 -0.0392
vn -0.0041 -0.9981 -0.0617
vn 0.2969 -0.9538 -0.0463
vn 0.5735 -0.8187 -0.0275
vn 0.7992 -0.6010 -0.0090
vn 0.9479 -0.3184 0.0048
vn 1.0000 -0.0000 0.0098
vn 0.9479 0.3186 0.0047
vn 0.7993 0.6009 -0.0090
vn 0.5736 0.8187 -0.0275
vn 0.2973 0.9537 -0.0463
vn -0.0041 0.9981 -0.0617
vn -0.3039 0.9500 -0.0717
vn -0.4046 0.9136 -0.0395
vn -0.4019 0.9150 -0.0345
vn -0.4225 0.9064 -0.0001
vn -0.8320 0.5548 0.0082
vn -0.8320 -0.5548 0.0082
vn -0.8191 -0.5735 -0.0118
vn -0.8191 0.5735 -0.0118
vn -0.3673 0.9293 -0.0382
vn -0.4058 0.9139 -0.0096
vn -0.3707 0.9278 -0.0422
vn -0.2846 0.9560 -0.0710
vn -0.0011 0.9978 -0.0668
vn 0.2889 0.9566 -0.0389
vn 0.5605 0.8279 -0.0236
vn 0.7889 0.6143 -0.0187
vn 0.9443 0.3286 -0.0181
vn 0.9998 -0.0000 -0.0182
vn 0.9443 -0.3286 -0.0181
vn 0.7889 -0.6143 -0.0187
vn 0.5605 -0.8279 -0.0236
vn 0.2889 -0.9566 -0.0389
vn -0.0011 -0.9978 -0.0668
vn -0.0188 -0.9992 -0.0366
vn -0.0212 -0.9992 -0.0341
vn -0.2971 -0.9548 -0.0101
vn -0.4058 -0.9139 -0.0096
vn -0.8358 -0.5481 -0.0319
vn -0.8358 0.5481 -0.0319
vn -0.3807 0.9235 -0.0465
vn -0.3806 0.9236 -0.0466
vn -0.4282 0.9034 -0.0203
vn -0.3840 0.9220 -0.0500
vn -0.3844 0.9218 -0.0501
vn -0.2980 0.9504 -0.0886
vn -0.2954 0.9536 -0.0578
vn 0.0041 0.9983 -0.0585
vn 0.0084 0.9973 -0.0729
vn 0.3077 0.9507 -0.0371
vn 0.3117 0.9470 -0.0776
vn 0.5832 0.8118 -0.0289
vn 0.5860 0.8074 -0.0679
vn 0.8046 0.5931 -0.0291
vn 0.8062 0.5893 -0.0515
vn 0.9491 0.3133 -0.0339
vn 0.9497 0.3112 -0.0357
vn 0.9993 -0.0000 -0.0368
vn 0.9996 -0.0000 -0.0290
vn 0.9491 -0.3133 -0.0339
vn 0.9497 -0.3112 -0.0357
vn 0.8046 -0.5931 -0.0291
vn 0.8062 -0.5893 -0.0515
vn 0.5832 -0.8118 -0.0289
vn 0.5860 -0.8074 -0.0679
vn 0.3077 -0.9507 -0.0371
vn 0.3117 -0.9470 -0.0776
vn 0.0041 -0.9983 -0.0585
vn 0.0084 -0.9973 -0.0729
vn -0.0088 -0.9990 -0.0447
vn -0.0097 -0.9991 -0.0406
vn -0.0088 -0.9993 -0.0351
vn -0.0072 -0.9992 -0.0405
vn -0.3167 -0.9483 -0.0182
vn -0.3141 -0.9492 -0.0181
vn -0.4282 -0.9034 -0.0203
vn -0.5876 -0.4050 0.7005
vn -0.4816 -0.5828 0.6545
vn -0.4194 -0.6632 0.6199
vn -0.6928 0.4775 0.5404
vn -0.3525 0.9347 -0.0445
vn -0.3590 0.9320 -0.0510
vn -0.4193 0.9052 -0.0697
vn -0.4046 0.9126 -0.0588
vn -0.3561 0.9334 -0.0435
vn -0.3625 0.9307 -0.0487
vn -0.2974 0.9541 -0.0353
vn -0.2921 0.9557 -0.0365
vn -0.0114 0.9992 -0.0373
vn 0.0096 0.9990 -0.0447
vn 0.2761 0.9600 -0.0468
vn 0.3093 0.9490 -0.0606
vn 0.4433 0.7080 0.5498
vn 0.4916 0.6513 0.5780
vn 0.5955 0.4883 0.6379
vn 0.6174 0.4428 0.6502
vn 0.6832 0.2477 0.6870
vn 0.6886 0.2233 0.6899
vn 0.7120 -0.0004 0.7021
vn 0.7120 0.0003 0.7021
vn 0.6845 -0.2488 0.6852
vn 0.6901 -0.2231 0.6885
vn 0.5976 -0.4908 0.6340
vn 0.6199 -0.4438 0.6471
vn 0.4451 -0.7119 0.5432
vn 0.4943 -0.6541 0.5726
vn 0.2760 -0.9600 -0.0479
vn 0.3093 -0.9490 -0.0612
vn -0.0114 -0.9992 -0.0384
vn 0.0096 -0.9989 -0.0453
vn 0.0040 -1.0000 -0.0030
vn 0.0154 -0.9996 -0.0242
vn 0.0044 -1.0000 -0.0005
vn 0.0129 -0.9996 -0.0232
vn -0.2345 -0.8332 0.5008
vn -0.2860 -0.7946 0.5355
vn -0.8217 -0.5509 -0.1461
vn -0.8217 0.5509 -0.1461
vn -0.3581 0.9321 -0.0544
vn -0.4194 0.9046 -0.0759
vn -0.3620 0.9307 -0.0526
vn -0.3058 0.9510 -0.0445
vn -0.0072 0.9980 -0.0627
vn 0.2918 0.9524 -0.0883
vn 0.5781 0.8072 -0.1197
vn 0.5654 0.8163 -0.1181
vn 0.7953 0.5879 -0.1477
vn 0.7877 0.5983 -0.1467
vn 0.9358 0.3100 -0.1678
vn 0.9336 0.3169 -0.1674
vn 0.9846 -0.0000 -0.1751
vn 0.9358 -0.3100 -0.1678
vn 0.9336 -0.3168 -0.1674
vn 0.7956 -0.5875 -0.1478
vn 0.7876 -0.5984 -0.1467
vn 0.5783 -0.8070 -0.1197
vn 0.5653 -0.8164 -0.1181
vn 0.2915 -0.9525 -0.0883
vn -0.0072 -0.9980 -0.0627
vn 0.0175 -0.9992 -0.0356
vn 0.0181 -0.9992 -0.0349
vn -0.3175 -0.9464 -0.0589
vn -0.3003 -0.9522 -0.0560
vn -0.4194 -0.9046 -0.0759
vn -0.4032 -0.9114 -0.0822
vn -0.2866 -0.9562 -0.0599
vn -0.3055 -0.9501 -0.0636
vn -0.0016 -0.9993 -0.0360
vn 0.0020 -0.9993 -0.0373
vn 0.0013 -0.9988 -0.0481
vn 0.2904 -0.9513 -0.1031
vn 0.5456 -0.8285 -0.1262
vn 0.5578 -0.8177 -0.1424
vn 0.7713 -0.6158 -0.1611
vn 0.7801 -0.6032 -0.1662
vn 0.9252 -0.3298 -0.1875
vn 0.9299 -0.3213 -0.1793
vn 0.9803 -0.0000 -0.1974
vn 0.9830 -0.0000 -0.1836
vn 0.9252 0.3298 -0.1875
vn 0.9298 0.3213 -0.1793
vn 0.7712 0.6158 -0.1610
vn 0.7801 0.6032 -0.1662
vn 0.5456 0.8285 -0.1262
vn 0.5577 0.8177 -0.1424
vn 0.2904 0.9513 -0.1031
vn 0.0013 0.9988 -0.0481
vn -0.2804 0.9590 -0.0407
vn -0.3564 0.9327 -0.0549
vn -0.3530 0.9339 -0.0577
vn -0.4033 0.9114 -0.0822
vn -0.8074 0.5672 -0.1626
vn -0.8074 -0.5672 -0.1626
vn -0.4280 -0.8946 -0.1283
vn -0.4235 -0.8853 -0.1922
vn -0.3145 -0.9340 -0.1694
vn -0.3176 -0.9408 -0.1186
vn 0.0579 -0.9927 -0.1059
vn 0.0290 -0.9940 -0.1050
vn 0.0615 -0.9926 -0.1050
vn 0.0313 -0.9936 -0.1081
vn 0.0002 -0.9905 -0.1373
vn 0.0017 -0.9905 -0.1372
vn 0.3076 -0.9447 -0.1140
vn 0.3090 -0.9442 -0.1139
vn 0.4998 -0.8629 -0.0747
vn 0.5445 -0.8357 -0.0718
vn 0.5252 -0.8482 -0.0685
vn 0.5746 -0.8159 -0.0646
vn 0.8604 -0.5089 -0.0270
vn 0.8609 -0.5081 -0.0269
vn 0.9606 -0.2773 -0.0160
vn 0.8602 0.5098 0.0098
vn -0.0683 0.9977 -0.0021
vn -0.0814 0.9967 -0.0026
vn -0.0497 0.9988 -0.0018
vn -0.0338 0.9994 -0.0012
vn 0.0005 1.0000 -0.0069
vn 0.0017 1.0000 -0.0069
vn -0.3082 0.9508 -0.0307
vn -0.3069 0.9513 -0.0306
vn -0.3597 0.9324 -0.0352
vn -0.3655 0.9306 -0.0213
vn -0.3550 0.9343 -0.0324
vn -0.3627 0.9317 -0.0178
vn -0.4309 0.9007 -0.0545
vn -0.4315 0.9020 -0.0118
vn -0.8341 0.5420 -0.1031
vn -0.8217 0.5340 -0.1991
vn -0.8232 0.5349 -0.1903
vn -0.8348 0.5425 -0.0937
vn -0.8268 -0.5372 -0.1665
vn -0.8071 -0.5244 -0.2711
vn -0.8064 -0.5239 -0.2744
vn -0.8265 -0.5370 -0.1691
vn -0.1166 -0.0000 -0.9932
vn -0.1157 -0.2022 -0.9725
vn -0.1162 -0.1054 -0.9876
vn -0.1162 -0.1063 0.9875
vn -0.1155 -0.2042 0.9721
vn -0.1165 -0.0000 0.9932
vn -0.1162 0.1055 -0.9876
vn -0.1157 0.2022 -0.9725
vn -0.1155 0.2042 0.9721
vn -0.1162 0.1063 0.9875
vn -0.1498 0.3632 -0.9196
vn -0.1655 0.4139 -0.8952
vn -0.1647 0.4253 0.8899
vn -0.1493 0.3719 0.9162
vn -0.1678 0.4185 -0.8926
vn -0.1967 0.4641 -0.8637
vn -0.1954 0.4736 0.8588
vn -0.1669 0.4298 0.8874
vn -0.3088 0.6342 -0.7089
vn -0.3085 0.6403 0.7034
vn -0.1147 -0.2675 -0.9567
vn -0.1103 -0.4345 -0.8939
vn -0.1089 -0.4676 -0.8772
vn -0.1084 -0.4704 0.8758
vn -0.1098 -0.4376 0.8924
vn -0.1145 -0.2697 0.9561
vn -0.1645 -0.0000 0.9864
vn -0.1644 -0.0000 0.9864
vn -0.4293 -0.8973 -0.1024
vn -0.3204 -0.9424 -0.0956
vn 0.0184 -0.9945 -0.1031
vn 0.0197 -0.9941 -0.1068
vn -0.0064 -0.9904 -0.1377
vn 0.2993 -0.9472 -0.1148
vn 0.5575 -0.8271 -0.0714
vn 0.5918 -0.8036 -0.0632
vn 0.8571 -0.5145 -0.0272
vn 0.8620 0.5068 0.0097
vn 0.6027 0.7978 0.0147
vn -0.0630 0.9980 -0.0019
vn -0.0257 0.9997 -0.0010
vn -0.0066 1.0000 -0.0074
vn -0.3167 0.9480 -0.0314
vn -0.3705 0.9287 -0.0154
vn -0.3672 0.9300 -0.0129
vn -0.4316 0.9021 0.0020
vn -0.8371 0.5439 -0.0587
vn -0.8324 -0.5408 -0.1213
vn -0.7670 -0.4983 -0.4042
vn -0.5605 -0.7467 -0.3581
vn -0.8031 0.5219 -0.2875
vn -0.8117 0.5275 -0.2507
vn -0.3509 0.9363 -0.0153
vn -0.4313 0.9014 -0.0376
vn -0.3637 0.9308 -0.0368
vn -0.3062 0.9515 -0.0305
vn 0.0022 1.0000 -0.0068
vn -0.1113 0.9938 -0.0037
vn -0.1256 0.9921 -0.0041
vn 0.8598 0.5105 0.0098
vn 0.9607 0.2774 0.0040
vn 0.8611 -0.5077 -0.0269
vn 0.3036 -0.9492 -0.0821
vn 0.2973 -0.9511 -0.0842
vn 0.3097 -0.9440 -0.1139
vn 0.0022 -0.9905 -0.1372
vn 0.1431 -0.9836 -0.1100
vn 0.1351 -0.9832 -0.1230
vn -0.3042 -0.9105 -0.2802
vn -0.7954 -0.5168 -0.3167
vn -0.7948 -0.5164 -0.3186
vn -0.8147 0.5293 -0.2369
vn -0.8151 0.5296 -0.2348
vn -0.3586 0.9326 -0.0416
vn -0.4303 0.8995 -0.0762
vn -0.3642 0.9304 -0.0407
vn -0.3074 0.9511 -0.0306
vn 0.0013 1.0000 -0.0069
vn -0.0636 0.9980 -0.0022
vn -0.0920 0.9958 -0.0029
vn 0.8601 0.5101 0.0098
vn 0.8607 -0.5084 -0.0269
vn 0.4803 -0.8742 -0.0718
vn 0.4590 -0.8851 -0.0770
vn 0.3085 -0.9444 -0.1140
vn 0.0012 -0.9905 -0.1372
vn 0.0871 -0.9910 -0.1015
vn 0.0831 -0.9914 -0.1015
vn -0.3102 -0.9312 -0.1915
vn -0.4209 -0.8797 -0.2213
vn -0.3748 0.9254 -0.0553
vn -0.3009 0.9532 -0.0300
vn 0.0066 1.0000 -0.0065
vn -0.1233 0.9924 -0.0041
vn -0.1330 0.9911 -0.0043
vn 0.8587 0.5123 0.0099
vn 0.8631 -0.5043 -0.0268
vn 0.7323 -0.6801 -0.0349
vn 0.2525 -0.9638 -0.0857
vn 0.2456 -0.9656 -0.0851
vn 0.3150 -0.9423 -0.1134
vn 0.0066 -0.9906 -0.1369
vn 0.1439 -0.9843 -0.1020
vn -0.7124 -0.6406 0.2865
vn -0.9370 -0.1998 0.2865
vn -0.6406 -0.7124 0.2865
vn -0.1998 -0.9370 0.2865
vn -0.0995 -0.9529 0.2865
vn 0.3891 -0.8755 0.2865
vn 0.4796 -0.8294 0.2865
vn 0.8294 -0.4796 0.2865
vn 0.8755 -0.3891 0.2865
vn 0.9529 0.0995 0.2865
vn 0.9370 0.1998 0.2865
vn 0.7124 0.6406 0.2865
vn 0.6406 0.7124 0.2865
vn 0.1998 0.9370 0.2865
vn 0.0995 0.9529 0.2865
vn -0.3891 0.8755 0.2865
vn -0.4796 0.8294 0.2865
vn -0.8294 0.4796 0.2865
vn -0.8755 0.3891 0.2865
vn -0.9529 -0.0995 0.2865
vn -0.8021 -0.4087 0.4354
vn -0.6447 -0.6447 0.4107
vn -0.4087 -0.8021 0.4354
vn -0.1426 -0.9006 0.4107
vn 0.1408 -0.8891 0.4354
vn 0.4139 -0.8124 0.4107
vn 0.6366 -0.6366 0.4354
vn 0.8124 -0.4139 0.4107
vn 0.8891 -0.1408 0.4354
vn 0.9006 0.1426 0.4107
vn 0.8021 0.4087 0.4354
vn 0.6447 0.6447 0.4107
vn 0.4087 0.8021 0.4354
vn 0.1426 0.9006 0.4107
vn -0.1408 0.8891 0.4354
vn -0.4139 0.8124 0.4107
vn -0.6366 0.6366 0.4354
vn -0.8124 0.4139 0.4107
vn -0.8891 0.1408 0.4354
vn -0.9006 -0.1426 0.4107
vn -0.1025 -0.0522 0.9934
vn -0.0522 -0.1025 0.9934
vn 0.0180 -0.1137 0.9934
vn 0.0814 -0.0814 0.9934
vn 0.1137 -0.0180 0.9934
vn 0.1025 0.0522 0.9934
vn 0.0522 0.1025 0.9934
vn -0.0180 0.1137 0.9934
vn -0.0814 0.0814 0.9934
vn -0.1137 0.0180 0.9934
vn 0.7611 0.5453 0.3513
vn 0.8885 0.2952 0.3513
vn 0.5452 0.7611 0.3513
vn 0.2952 0.8885 0.3513
vn -0.0062 0.9362 0.3513
vn -0.2834 0.8923 0.3513
vn -0.5554 0.7538 0.3513
vn -0.7538 0.5553 0.3513
vn -0.8923 0.2834 0.3513
vn -0.9362 0.0062 0.3513
vn -0.8885 -0.2952 0.3513
vn -0.7611 -0.5453 0.3513
vn -0.5452 -0.7611 0.3513
vn -0.2952 -0.8885 0.3513
vn 0.0062 -0.9362 0.3513
vn 0.2834 -0.8923 0.3513
vn 0.5554 -0.7538 0.3513
vn 0.7538 -0.5553 0.3513
vn 0.8923 -0.2834 0.3513
vn 0.9362 -0.0062 0.3513
vn -0.3659 -0.1864 -0.9118
vn -0.4161 0.9079 0.0507
vn -0.3986 0.9159 0.0481
vn -0.3999 0.9153 0.0483
vn 0.5055 -0.8615 0.0483
vn 0.5066 -0.8608 0.0481
vn 0.4899 -0.8703 0.0507
vn -0.3255 0.9448 0.0371
vn 0.8910 0.4540 -0.0000
vn 0.5731 -0.8187 0.0371
vn -0.1864 -0.3659 -0.9118
vn -0.8703 0.4899 0.0507
vn -0.8608 0.5066 0.0481
vn -0.8615 0.5055 0.0483
vn 0.9153 -0.3999 0.0483
vn 0.9159 -0.3986 0.0481
vn 0.9079 -0.4161 0.0507
vn -0.8187 0.5731 0.0371
vn 0.4540 0.8910 -0.0000
vn 0.9448 -0.3255 0.0371
vn 0.0642 -0.4056 -0.9118
vn -0.9920 -0.1152 0.0507
vn -0.9942 -0.0961 0.0481
vn -0.9941 -0.0975 0.0483
vn 0.9755 0.2145 0.0483
vn 0.9752 0.2158 0.0481
vn 0.9791 0.1970 0.0507
vn -0.9992 -0.0176 0.0371
vn -0.1564 0.9877 -0.0000
vn 0.9557 0.2920 0.0371
vn 0.2904 -0.2904 -0.9118
vn -0.7349 -0.6763 0.0507
vn -0.7478 -0.6622 0.0481
vn -0.7469 -0.6631 0.0483
vn 0.6631 0.7469 0.0483
vn 0.6621 0.7478 0.0481
vn 0.6763 0.7349 0.0507
vn -0.7980 -0.6015 0.0371
vn -0.7071 0.7071 -0.0000
vn 0.6015 0.7980 0.0371
vn 0.4056 -0.0642 -0.9118
vn -0.1970 -0.9791 0.0507
vn -0.2158 -0.9752 0.0481
vn -0.2145 -0.9755 0.0483
vn 0.0974 0.9941 0.0483
vn 0.0961 0.9942 0.0481
vn 0.1152 0.9920 0.0507
vn -0.2920 -0.9557 0.0371
vn -0.9877 0.1564 -0.0000
vn 0.0176 0.9992 0.0371
vn 0.3659 0.1864 -0.9118
vn 0.4161 -0.9079 0.0507
vn 0.3986 -0.9159 0.0481
vn 0.3999 -0.9153 0.0483
vn -0.5055 0.8615 0.0483
vn -0.5066 0.8608 0.0481
vn -0.4899 0.8703 0.0507
vn 0.3255 -0.9448 0.0371
vn -0.8910 -0.4540 -0.0000
vn -0.5731 0.8187 0.0371
vn 0.1864 0.3659 -0.9118
vn 0.8703 -0.4899 0.0507
vn 0.8608 -0.5066 0.0481
vn 0.8615 -0.5055 0.0483
vn -0.9153 0.3999 0.0483
vn -0.9159 0.3986 0.0481
vn -0.9079 0.4161 0.0507
vn 0.8187 -0.5731 0.0371
vn -0.4540 -0.8910 -0.0000
vn -0.9448 0.3255 0.0371
vn -0.0642 0.4056 -0.9118
vn 0.9920 0.1152 0.0507
vn 0.9942 0.0961 0.0481
vn 0.9941 0.0975 0.0483
vn -0.9755 -0.2145 0.0483
vn -0.9752 -0.2158 0.0481
vn -0.9791 -0.1970 0.0507
vn 0.9992 0.0176 0.0371
vn 0.1564 -0.9877 -0.0000
vn -0.9557 -0.2920 0.0371
vn -0.2904 0.2904 -0.9118
vn 0.7349 0.6763 0.0507
vn 0.7478 0.6621 0.0481
vn 0.7469 0.6631 0.0483
vn -0.6631 -0.7469 0.0483
vn -0.6621 -0.7479 0.0481
vn -0.6763 -0.7349 0.0507
vn 0.7980 0.6015 0.0371
vn 0.7071 -0.7071 -0.0000
vn -0.6015 -0.7980 0.0371
vn -0.4056 0.0642 -0.9118
vn 0.1970 0.9791 0.0507
vn 0.2158 0.9752 0.0481
vn 0.2145 0.9755 0.0483
vn -0.0975 -0.9941 0.0483
vn -0.0961 -0.9942 0.0481
vn -0.1152 -0.9920 0.0507
vn 0.2920 0.9557 0.0371
vn 0.9877 -0.1564 -0.0000
vn -0.0176 -0.9992 0.0371
vn 0.2760 -0.2005 -0.9400
vn 0.3244 -0.1054 -0.9400
vn 0.4995 -0.1623 -0.8510
vn 0.4249 -0.3087 -0.8510
vn 0.3244 -0.1054 0.9400
vn 0.2760 -0.2005 0.9400
vn 0.4249 -0.3087 0.8510
vn 0.4995 -0.1623 0.8510
vn 0.2005 -0.2760 -0.9400
vn 0.3087 -0.4249 -0.8510
vn 0.2005 -0.2760 0.9400
vn 0.3087 -0.4249 0.8510
vn 0.1054 -0.3244 -0.9400
vn 0.1623 -0.4995 -0.8510
vn 0.1054 -0.3244 0.9400
vn 0.1623 -0.4995 0.8510
vn -0.0000 -0.3411 -0.9400
vn -0.0000 -0.5252 -0.8510
vn -0.0000 -0.3411 0.9400
vn -0.0000 -0.5252 0.8510
vn -0.1054 -0.3244 -0.9400
vn -0.1623 -0.4995 -0.8510
vn -0.1054 -0.3244 0.9400
vn -0.1623 -0.4995 0.8510
vn -0.2005 -0.2760 -0.9400
vn -0.3087 -0.4249 -0.8510
vn -0.2005 -0.2760 0.9400
vn -0.3087 -0.4249 0.8510
vn -0.2760 -0.2005 -0.9400
vn -0.4249 -0.3087 -0.8510
vn -0.2760 -0.2005 0.9400
vn -0.4249 -0.3087 0.8510
vn -0.3244 -0.1054 -0.9400
vn -0.4995 -0.1623 -0.8510
vn -0.3244 -0.1054 0.9400
vn -0.4995 -0.1623 0.8510
vn -0.3411 -0.0000 -0.9400
vn -0.5252 -0.0000 -0.8510
vn -0.3411 -0.0000 0.9400
vn -0.5252 -0.0000 0.8510
vn -0.3244 0.1054 -0.9400
vn -0.4995 0.1623 -0.8510
vn -0.3244 0.1054 0.9400
vn -0.4995 0.1623 0.8510
vn -0.2760 0.2005 -0.9400
vn -0.4249 0.3087 -0.8510
vn -0.2760 0.2005 0.9400
vn -0.4249 0.3087 0.8510
vn -0.2005 0.2760 -0.9400
vn -0.3087 0.4249 -0.8510
vn -0.2005 0.2760 0.9400
vn -0.3087 0.4249 0.8510
vn -0.1054 0.3244 -0.9400
vn -0.1623 0.4995 -0.8510
vn -0.1054 0.3244 0.9400
vn -0.1623 0.4995 0.8510
vn -0.0000 0.3411 -0.9400
vn -0.0000 0.5252 -0.8510
vn -0.0000 0.3411 0.9400
vn -0.0000 0.5252 0.8510
vn 0.1054 0.3244 -0.9400
vn 0.1623 0.4995 -0.8510
vn 0.1054 0.3244 0.9400
vn 0.1623 0.4995 0.8510
vn 0.2005 0.2760 -0.9400
vn 0.3087 0.4249 -0.8510
vn 0.2005 0.2760 0.9400
vn 0.3087 0.4249 0.8510
vn 0.2760 0.2005 -0.9400
vn 0.4249 0.3087 -0.8510
vn 0.2760 0.2005 0.9400
vn 0.4249 0.3087 0.8510
vn 0.3244 0.1054 -0.9400
vn 0.4995 0.1623 -0.8510
vn 0.3244 0.1054 0.9400
vn 0.4995 0.1623 0.8510
vn 0.3411 -0.0000 -0.9400
vn 0.5252 -0.0000 -0.8510
vn 0.3411 -0.0000 0.9400
vn 0.5252 -0.0000 0.8510
vn 0.6102 -0.1983 -0.7670
vn 0.5191 -0.3771 -0.7670
vn 0.5191 -0.3771 0.7670
vn 0.6102 -0.1983 0.7670
vn 0.3771 -0.5191 -0.7670
vn 0.3771 -0.5191 0.7670
vn 0.1983 -0.6102 -0.7670
vn 0.1983 -0.6102 0.7670
vn -0.0000 -0.6416 -0.7670
vn -0.0000 -0.6416 0.7670
vn -0.1983 -0.6102 -0.7670
vn -0.1983 -0.6102 0.7670
vn -0.3771 -0.5191 -0.7670
vn -0.3771 -0.5191 0.7670
vn -0.5191 -0.3771 -0.7670
vn -0.5191 -0.3771 0.7670
vn -0.6102 -0.1983 -0.7670
vn -0.6102 -0.1983 0.7670
vn -0.6416 -0.0000 -0.7670
vn -0.6416 -0.0000 0.7670
vn -0.6102 0.1983 -0.7670
vn -0.6102 0.1983 0.7670
vn -0.5191 0.3771 -0.7670
vn -0.5191 0.3771 0.7670
vn -0.3771 0.5191 -0.7670
vn -0.3771 0.5191 0.7670
vn -0.1983 0.6102 -0.7670
vn -0.1983 0.6102 0.7670
vn -0.0000 0.6416 -0.7670
vn -0.0000 0.6416 0.7670
vn 0.1983 0.6102 -0.7670
vn 0.1983 0.6102 0.7670
vn 0.3771 0.5191 -0.7670
vn 0.3771 0.5191 0.7670
vn 0.5191 0.3771 -0.7670
vn 0.5191 0.3771 0.7670
vn 0.6102 0.1983 -0.7670
vn 0.6102 0.1983 0.7670
vn 0.6416 -0.0000 -0.7670
vn 0.6416 -0.0000 0.7670
vt 0.974059 0.364891
vt 0.974059 0.352562
vt 0.983585 0.352562
vt 0.983585 0.364891
vt 0.974059 0.342777
vt 0.983585 0.342777
vt 0.077019 0.639426
vt 0.077019 0.651237
vt 0.067894 0.651237
vt 0.067894 0.639426
vt 0.077019 0.664329
vt 0.067894 0.664329
vt 0.077019 0.677421
vt 0.067894 0.677421
vt 0.077019 0.689231
vt 0.067894 0.689231
vt 0.567449 0.908415
vt 0.567449 0.918200
vt 0.557923 0.918200
vt 0.557923 0.908415
vt 0.567449 0.930530
vt 0.557923 0.930530
vt 0.567449 0.944197
vt 0.557923 0.944197
vt 0.567449 0.957864
vt 0.557923 0.957864
vt 0.567449 0.970194
vt 0.557923 0.970194
vt 0.567449 0.979978
vt 0.557923 0.979978
vt 0.270128 0.220285
vt 0.270128 0.208474
vt 0.279253 0.208474
vt 0.279253 0.220285
vt 0.270128 0.195382
vt 0.279253 0.195382
vt 0.270128 0.182290
vt 0.279253 0.182290
vt 0.270128 0.170479
vt 0.279253 0.170479
vt 0.974059 0.414340
vt 0.974059 0.404556
vt 0.983585 0.404556
vt 0.983585 0.414340
vt 0.974059 0.392226
vt 0.983585 0.392226
vt 0.974059 0.378559
vt 0.983585 0.378559
vt 0.770606 0.525995
vt 0.774335 0.527206
vt 0.768646 0.538372
vt 0.766685 0.525994
vt 0.762956 0.527206
vt 0.759784 0.529511
vt 0.757480 0.532683
vt 0.756268 0.536411
vt 0.756268 0.540332
vt 0.757480 0.544061
vt 0.759784 0.547233
vt 0.762956 0.549538
vt 0.766685 0.550749
vt 0.770606 0.550749
vt 0.774335 0.549538
vt 0.777507 0.547233
vt 0.779811 0.544061
vt 0.781023 0.540332
vt 0.781023 0.536412
vt 0.779811 0.532683
vt 0.777507 0.529511
vt 0.368605 0.054921
vt 0.368381 0.054847
vt 0.346898 0.013816
vt 0.368034 0.054731
vt 0.168815 0.252740
vt 0.132337 0.251436
vt 0.131384 0.249924
vt 0.131823 0.251657
vt 0.131266 0.251707
vt 0.130720 0.251584
vt 0.103368 0.252751
vt 0.103055 0.252548
vt 0.102896 0.252276
vt 0.102906 0.251960
vt 0.103085 0.251633
vt 0.103415 0.251325
vt 0.130431 0.248411
vt 0.130945 0.248191
vt 0.131501 0.248140
vt 0.132047 0.248264
vt 0.169049 0.252053
vt 0.065022 0.231373
vt 0.065260 0.231371
vt 0.031672 0.263996
vt 0.136930 0.251971
vt 0.136895 0.251827
vt 0.176888 0.255085
vt 0.136860 0.251684
vt 0.733278 0.300755
vt 0.737248 0.288537
vt 0.742122 0.289309
vt 0.737675 0.302995
vt 0.737248 0.275690
vt 0.742122 0.274918
vt 0.733278 0.263471
vt 0.737675 0.261231
vt 0.725727 0.253078
vt 0.729217 0.249589
vt 0.715334 0.245527
vt 0.717574 0.241130
vt 0.703116 0.241557
vt 0.703888 0.236683
vt 0.690269 0.241557
vt 0.689497 0.236683
vt 0.678051 0.245527
vt 0.675810 0.241130
vt 0.667657 0.253078
vt 0.664168 0.249589
vt 0.660106 0.263471
vt 0.655709 0.261231
vt 0.656136 0.275690
vt 0.651262 0.274918
vt 0.656136 0.288537
vt 0.651262 0.289309
vt 0.660106 0.300755
vt 0.655709 0.302995
vt 0.667657 0.311148
vt 0.664168 0.314638
vt 0.678051 0.318699
vt 0.675810 0.323096
vt 0.690269 0.322669
vt 0.689497 0.327543
vt 0.703116 0.322669
vt 0.703888 0.327543
vt 0.715334 0.318699
vt 0.717574 0.323096
vt 0.725727 0.311148
vt 0.729217 0.314638
vt 0.974059 0.030425
vt 0.974059 0.016614
vt 0.984267 0.016614
vt 0.984267 0.030425
vt 0.974059 0.005653
vt 0.984267 0.005653
vt 0.287685 0.719174
vt 0.287685 0.732404
vt 0.277906 0.732404
vt 0.277906 0.719174
vt 0.287685 0.747069
vt 0.277906 0.747069
vt 0.287685 0.761734
vt 0.277906 0.761734
vt 0.287685 0.774964
vt 0.277906 0.774964
vt 0.980378 0.743511
vt 0.980378 0.754471
vt 0.970170 0.754471
vt 0.970170 0.743511
vt 0.980378 0.768283
vt 0.970170 0.768283
vt 0.980378 0.783592
vt 0.970170 0.783592
vt 0.980378 0.798902
vt 0.970170 0.798902
vt 0.980378 0.812714
vt 0.970170 0.812714
vt 0.980378 0.823674
vt 0.970170 0.823674
vt 0.056226 0.692994
vt 0.056226 0.679764
vt 0.066005 0.679764
vt 0.066005 0.692994
vt 0.056226 0.665099
vt 0.066005 0.665099
vt 0.056226 0.650434
vt 0.066005 0.650434
vt 0.056226 0.637204
vt 0.066005 0.637204
vt 0.974059 0.085816
vt 0.974059 0.074856
vt 0.984267 0.074856
vt 0.984267 0.085816
vt 0.974059 0.061045
vt 0.984267 0.061045
vt 0.974059 0.045735
vt 0.984267 0.045735
vt 0.453114 0.736612
vt 0.439427 0.741059
vt 0.438933 0.737939
vt 0.451679 0.733797
vt 0.425036 0.741059
vt 0.425531 0.737939
vt 0.411350 0.736612
vt 0.412784 0.733797
vt 0.399707 0.728154
vt 0.401942 0.725919
vt 0.391249 0.716511
vt 0.394064 0.715077
vt 0.386802 0.702825
vt 0.389922 0.702330
vt 0.386802 0.688434
vt 0.389922 0.688928
vt 0.391249 0.674747
vt 0.394064 0.676182
vt 0.399707 0.663105
vt 0.401942 0.665339
vt 0.411350 0.654646
vt 0.412784 0.657461
vt 0.425036 0.650199
vt 0.425531 0.653320
vt 0.439427 0.650199
vt 0.438933 0.653320
vt 0.453114 0.654646
vt 0.451679 0.657461
vt 0.464756 0.663105
vt 0.462522 0.665339
vt 0.473215 0.674747
vt 0.470400 0.676182
vt 0.477662 0.688434
vt 0.474541 0.688928
vt 0.477662 0.702825
vt 0.474541 0.702330
vt 0.473215 0.716511
vt 0.470400 0.715077
vt 0.464756 0.728154
vt 0.462522 0.725919
vt 0.830162 0.592283
vt 0.830162 0.579337
vt 0.878666 0.584028
vt 0.878666 0.594750
vt 0.830162 0.569062
vt 0.878666 0.575519
vt 0.627721 0.643291
vt 0.627721 0.655693
vt 0.581258 0.658055
vt 0.581258 0.647785
vt 0.627721 0.669440
vt 0.581258 0.669440
vt 0.627721 0.683187
vt 0.581258 0.680825
vt 0.627721 0.695589
vt 0.581258 0.691096
vt 0.439195 0.810623
vt 0.439195 0.820897
vt 0.390691 0.825588
vt 0.390691 0.817079
vt 0.439195 0.833844
vt 0.390691 0.836310
vt 0.439195 0.848195
vt 0.390691 0.848195
vt 0.439195 0.862546
vt 0.390691 0.860080
vt 0.439195 0.875493
vt 0.390691 0.870802
vt 0.439195 0.885767
vt 0.390691 0.879311
vt 0.052337 0.605376
vt 0.052337 0.592975
vt 0.098800 0.590613
vt 0.098800 0.600883
vt 0.052337 0.579228
vt 0.098800 0.579228
vt 0.052337 0.565480
vt 0.098800 0.567843
vt 0.052337 0.553079
vt 0.098800 0.557572
vt 0.830162 0.644207
vt 0.830162 0.633933
vt 0.878666 0.629242
vt 0.878666 0.637751
vt 0.830162 0.620986
vt 0.878666 0.618520
vt 0.830162 0.606635
vt 0.878666 0.606635
vt 0.540458 0.642649
vt 0.543930 0.631963
vt 0.548448 0.632679
vt 0.544534 0.644726
vt 0.543930 0.620728
vt 0.548448 0.620012
vt 0.540458 0.610042
vt 0.544534 0.607965
vt 0.533854 0.600953
vt 0.537089 0.597718
vt 0.524764 0.594349
vt 0.526841 0.590272
vt 0.514078 0.590877
vt 0.514794 0.586358
vt 0.502843 0.590877
vt 0.502127 0.586358
vt 0.492157 0.594348
vt 0.490080 0.590272
vt 0.483068 0.600953
vt 0.479833 0.597718
vt 0.476464 0.610042
vt 0.472387 0.607965
vt 0.472992 0.620728
vt 0.468473 0.620012
vt 0.472992 0.631963
vt 0.468473 0.632679
vt 0.476464 0.642649
vt 0.472387 0.644726
vt 0.483068 0.651739
vt 0.479833 0.654974
vt 0.492157 0.658343
vt 0.490080 0.662419
vt 0.502843 0.661815
vt 0.502127 0.666333
vt 0.514078 0.661815
vt 0.514794 0.666333
vt 0.524764 0.658343
vt 0.526841 0.662419
vt 0.533854 0.651739
vt 0.537089 0.654974
vt 0.666818 0.866594
vt 0.666818 0.852894
vt 0.669755 0.852894
vt 0.669755 0.866594
vt 0.666818 0.842021
vt 0.669755 0.842021
vt 0.829089 0.379683
vt 0.829089 0.392807
vt 0.826276 0.392807
vt 0.826276 0.379683
vt 0.829089 0.407354
vt 0.826276 0.407354
vt 0.829089 0.421902
vt 0.826276 0.421902
vt 0.829089 0.435026
vt 0.826276 0.435026
vt 0.020788 0.539049
vt 0.020788 0.549922
vt 0.017852 0.549922
vt 0.017852 0.539049
vt 0.020788 0.563623
vt 0.017852 0.563623
vt 0.020788 0.578810
vt 0.017852 0.578810
vt 0.020788 0.593997
vt 0.017852 0.593997
vt 0.020788 0.607697
vt 0.017852 0.607697
vt 0.020788 0.618570
vt 0.017852 0.618570
vt 0.767936 0.234356
vt 0.767936 0.221232
vt 0.770748 0.221232
vt 0.770748 0.234356
vt 0.767936 0.206684
vt 0.770748 0.206684
vt 0.767936 0.192136
vt 0.770748 0.192136
vt 0.767936 0.179012
vt 0.770748 0.179012
vt 0.666818 0.921541
vt 0.666818 0.910668
vt 0.669755 0.910668
vt 0.669755 0.921541
vt 0.666818 0.896968
vt 0.669755 0.896968
vt 0.666818 0.881781
vt 0.669755 0.881781
vt 0.681939 0.859832
vt 0.681939 0.870242
vt 0.681939 0.851570
vt 0.814605 0.396301
vt 0.814605 0.386329
vt 0.814605 0.407354
vt 0.814605 0.418408
vt 0.814605 0.428380
vt 0.005668 0.556860
vt 0.005668 0.548599
vt 0.005668 0.567270
vt 0.005668 0.578810
vt 0.005668 0.590349
vt 0.005668 0.600759
vt 0.005668 0.609020
vt 0.782419 0.217738
vt 0.782419 0.227709
vt 0.782419 0.206684
vt 0.782419 0.195630
vt 0.782419 0.185659
vt 0.681939 0.903730
vt 0.681939 0.911991
vt 0.681939 0.893320
vt 0.681939 0.881781
vt 0.741743 0.155797
vt 0.732700 0.158735
vt 0.731699 0.152414
vt 0.738837 0.150094
vt 0.723193 0.158735
vt 0.724194 0.152414
vt 0.714150 0.155797
vt 0.717056 0.150094
vt 0.706458 0.150209
vt 0.710984 0.145683
vt 0.700869 0.142517
vt 0.706572 0.139611
vt 0.697931 0.133474
vt 0.704253 0.132473
vt 0.697931 0.123966
vt 0.704253 0.124968
vt 0.700870 0.114924
vt 0.706572 0.117830
vt 0.706458 0.107232
vt 0.710984 0.111758
vt 0.714150 0.101643
vt 0.717056 0.107346
vt 0.723192 0.098705
vt 0.724194 0.105027
vt 0.732700 0.098705
vt 0.731699 0.105027
vt 0.741743 0.101643
vt 0.738837 0.107346
vt 0.749435 0.107232
vt 0.744909 0.111758
vt 0.755023 0.114924
vt 0.749320 0.117830
vt 0.757961 0.123966
vt 0.751640 0.124968
vt 0.757961 0.133474
vt 0.751640 0.132473
vt 0.755023 0.142517
vt 0.749320 0.139611
vt 0.749435 0.150209
vt 0.744909 0.145683
vt 0.806827 0.417407
vt 0.806827 0.410204
vt 0.814094 0.410204
vt 0.814094 0.417407
vt 0.806827 0.404487
vt 0.814094 0.404487
vt 0.572663 0.172409
vt 0.572663 0.179308
vt 0.565701 0.179308
vt 0.565701 0.172409
vt 0.572663 0.186957
vt 0.565701 0.186957
vt 0.572663 0.194605
vt 0.565701 0.194605
vt 0.572663 0.201505
vt 0.565701 0.201505
vt 0.802427 0.363239
vt 0.802427 0.368955
vt 0.795159 0.368955
vt 0.795159 0.363239
vt 0.802427 0.376158
vt 0.795159 0.376158
vt 0.802427 0.384143
vt 0.795159 0.384143
vt 0.802427 0.392127
vt 0.795159 0.392127
vt 0.802427 0.399330
vt 0.795159 0.399330
vt 0.802427 0.405047
vt 0.795159 0.405047
vt 0.690153 0.151670
vt 0.690153 0.144770
vt 0.697114 0.144770
vt 0.697114 0.151670
vt 0.690153 0.137121
vt 0.697114 0.137121
vt 0.690153 0.129473
vt 0.697114 0.129473
vt 0.690153 0.122573
vt 0.697114 0.122573
vt 0.806827 0.446295
vt 0.806827 0.440579
vt 0.814094 0.440579
vt 0.814094 0.446295
vt 0.806827 0.433376
vt 0.814094 0.433376
vt 0.806827 0.425391
vt 0.814094 0.425391
vt 0.346308 0.868862
vt 0.348628 0.876000
vt 0.345802 0.876448
vt 0.343759 0.870161
vt 0.348628 0.883506
vt 0.345802 0.883058
vt 0.346308 0.890644
vt 0.343759 0.889345
vt 0.341897 0.896716
vt 0.339874 0.894693
vt 0.335825 0.901127
vt 0.334526 0.898578
vt 0.328687 0.903446
vt 0.328239 0.900621
vt 0.321182 0.903446
vt 0.321629 0.900621
vt 0.314044 0.901127
vt 0.315342 0.898578
vt 0.307972 0.896716
vt 0.309995 0.894693
vt 0.303560 0.890644
vt 0.306109 0.889345
vt 0.301241 0.883506
vt 0.304067 0.883058
vt 0.301241 0.876000
vt 0.304067 0.876448
vt 0.303560 0.868862
vt 0.306109 0.870161
vt 0.307972 0.862790
vt 0.309995 0.864813
vt 0.314044 0.858379
vt 0.315342 0.860928
vt 0.321182 0.856060
vt 0.321629 0.858885
vt 0.328687 0.856060
vt 0.328239 0.858885
vt 0.335825 0.858379
vt 0.334526 0.860928
vt 0.341897 0.862790
vt 0.339874 0.864813
vt 0.285684 0.275569
vt 0.285684 0.269225
vt 0.289105 0.269225
vt 0.289105 0.275569
vt 0.285684 0.264191
vt 0.289105 0.264191
vt 0.860662 0.045917
vt 0.860662 0.051994
vt 0.857385 0.051994
vt 0.857385 0.045917
vt 0.860662 0.058731
vt 0.857385 0.058731
vt 0.860662 0.065467
vt 0.857385 0.065467
vt 0.860662 0.071544
vt 0.857385 0.071544
vt 0.600234 0.182433
vt 0.600234 0.187468
vt 0.596814 0.187468
vt 0.596814 0.182433
vt 0.600234 0.193811
vt 0.596814 0.193811
vt 0.600234 0.200844
vt 0.596814 0.200844
vt 0.600234 0.207876
vt 0.596814 0.207876
vt 0.600234 0.214220
vt 0.596814 0.214220
vt 0.600234 0.219255
vt 0.596814 0.219255
vt 0.970170 0.082329
vt 0.970170 0.076252
vt 0.973446 0.076252
vt 0.973446 0.082329
vt 0.970170 0.069516
vt 0.973446 0.069516
vt 0.970170 0.062779
vt 0.973446 0.062779
vt 0.970170 0.056702
vt 0.973446 0.056702
vt 0.285684 0.301013
vt 0.285684 0.295978
vt 0.289105 0.295978
vt 0.289105 0.301013
vt 0.285684 0.289634
vt 0.289105 0.289634
vt 0.285684 0.282602
vt 0.289105 0.282602
vt 0.506724 0.914244
vt 0.508767 0.907957
vt 0.511214 0.908345
vt 0.508932 0.915369
vt 0.508767 0.901347
vt 0.511214 0.900959
vt 0.506724 0.895060
vt 0.508932 0.893935
vt 0.502839 0.889712
vt 0.504591 0.887960
vt 0.497491 0.885827
vt 0.498616 0.883619
vt 0.491204 0.883784
vt 0.491592 0.881337
vt 0.484594 0.883784
vt 0.484206 0.881337
vt 0.478307 0.885827
vt 0.477182 0.883619
vt 0.472960 0.889712
vt 0.471207 0.887960
vt 0.469074 0.895060
vt 0.466866 0.893935
vt 0.467032 0.901347
vt 0.464584 0.900959
vt 0.467032 0.907957
vt 0.464584 0.908345
vt 0.469074 0.914244
vt 0.466866 0.915369
vt 0.472960 0.919591
vt 0.471207 0.921344
vt 0.478307 0.923477
vt 0.477182 0.925685
vt 0.484594 0.925519
vt 0.484206 0.927967
vt 0.491204 0.925519
vt 0.491592 0.927967
vt 0.497491 0.923477
vt 0.498616 0.925685
vt 0.502839 0.919591
vt 0.504591 0.921344
vt 0.005668 0.930379
vt 0.005668 0.923162
vt 0.010039 0.923162
vt 0.010039 0.930379
vt 0.005668 0.917435
vt 0.010039 0.917435
vt 0.125375 0.624836
vt 0.125375 0.631749
vt 0.121187 0.631749
vt 0.121187 0.624836
vt 0.125375 0.639412
vt 0.121187 0.639412
vt 0.125375 0.647076
vt 0.121187 0.647076
vt 0.125375 0.653989
vt 0.121187 0.653989
vt 0.274149 0.911410
vt 0.274149 0.917138
vt 0.269778 0.917138
vt 0.269778 0.911410
vt 0.274149 0.924355
vt 0.269778 0.924355
vt 0.274149 0.932355
vt 0.269778 0.932355
vt 0.274149 0.940355
vt 0.269778 0.940355
vt 0.274149 0.947572
vt 0.269778 0.947572
vt 0.274149 0.953300
vt 0.269778 0.953300
vt 0.386802 0.763616
vt 0.386802 0.756702
vt 0.390989 0.756702
vt 0.390989 0.763616
vt 0.386802 0.749039
vt 0.390989 0.749039
vt 0.386802 0.741376
vt 0.390989 0.741376
vt 0.386802 0.734462
vt 0.390989 0.734462
vt 0.005668 0.959324
vt 0.005668 0.953597
vt 0.010039 0.953597
vt 0.010039 0.959324
vt 0.005668 0.946380
vt 0.010039 0.946380
vt 0.005668 0.938379
vt 0.010039 0.938379
vt 0.012507 0.924475
vt 0.012507 0.931069
vt 0.012507 0.919241
vt 0.118823 0.632410
vt 0.118823 0.626093
vt 0.118823 0.639412
vt 0.118823 0.646415
vt 0.118823 0.652732
vt 0.267309 0.918450
vt 0.267309 0.913217
vt 0.267309 0.925045
vt 0.267309 0.932355
vt 0.267309 0.939665
vt 0.267309 0.946259
vt 0.267309 0.951493
vt 0.393353 0.756042
vt 0.393353 0.762359
vt 0.393353 0.749039
vt 0.393353 0.742037
vt 0.393353 0.735720
vt 0.012507 0.952284
vt 0.012507 0.957518
vt 0.012507 0.945690
vt 0.012507 0.938379
vt 0.029134 0.924475
vt 0.029134 0.931069
vt 0.029134 0.919241
vt 0.102896 0.632410
vt 0.102896 0.626093
vt 0.102896 0.639412
vt 0.102896 0.646415
vt 0.102896 0.652732
vt 0.250682 0.918450
vt 0.250682 0.913217
vt 0.250682 0.925045
vt 0.250682 0.932355
vt 0.250682 0.939665
vt 0.250682 0.946259
vt 0.250682 0.951493
vt 0.409280 0.756042
vt 0.409280 0.762359
vt 0.409280 0.749039
vt 0.409280 0.742037
vt 0.409280 0.735720
vt 0.029134 0.952284
vt 0.029134 0.957518
vt 0.029134 0.945690
vt 0.029134 0.938379
vt 0.360314 0.735289
vt 0.353554 0.735559
vt 0.352775 0.731656
vt 0.360780 0.731337
vt 0.347207 0.737904
vt 0.345260 0.734433
vt 0.341896 0.742096
vt 0.338972 0.739396
vt 0.338139 0.747724
vt 0.334524 0.746060
vt 0.336306 0.754237
vt 0.332354 0.753771
vt 0.336576 0.760998
vt 0.332673 0.761776
vt 0.338921 0.767344
vt 0.335450 0.769291
vt 0.343113 0.772656
vt 0.340413 0.775580
vt 0.348741 0.776412
vt 0.347076 0.780027
vt 0.355254 0.778245
vt 0.354788 0.782197
vt 0.362015 0.777976
vt 0.362793 0.781878
vt 0.368361 0.775630
vt 0.370308 0.779102
vt 0.373673 0.771439
vt 0.376596 0.774138
vt 0.377429 0.765811
vt 0.381044 0.767475
vt 0.379262 0.759298
vt 0.383214 0.759763
vt 0.378993 0.752537
vt 0.382895 0.751758
vt 0.376647 0.746190
vt 0.380118 0.744244
vt 0.372455 0.740879
vt 0.375155 0.737955
vt 0.366828 0.737123
vt 0.368492 0.733508
vt 0.377119 0.667156
vt 0.380373 0.664453
vt 0.373318 0.671949
vt 0.338046 0.738541
vt 0.454109 0.429201
vt 0.446125 0.429121
vt 0.446138 0.427817
vt 0.454515 0.427901
vt 0.438141 0.429042
vt 0.437761 0.427734
vt 0.430938 0.428970
vt 0.430203 0.427658
vt 0.718484 0.579745
vt 0.724634 0.579745
vt 0.723830 0.581148
vt 0.717377 0.581148
vt 0.732384 0.579745
vt 0.731961 0.581148
vt 0.740974 0.579745
vt 0.740974 0.581148
vt 0.749565 0.579745
vt 0.749988 0.581148
vt 0.757314 0.579745
vt 0.758119 0.581148
vt 0.763465 0.579745
vt 0.764572 0.581148
vt 0.088736 0.365605
vt 0.096153 0.365531
vt 0.095762 0.366878
vt 0.087979 0.366955
vt 0.104376 0.365449
vt 0.104389 0.366792
vt 0.112598 0.365367
vt 0.113017 0.366706
vt 0.120016 0.365293
vt 0.120799 0.366628
vt 0.384112 0.670376
vt 0.384132 0.751512
vt 0.384050 0.666146
vt 0.382761 0.664105
vt 0.541270 0.384171
vt 0.537622 0.384135
vt 0.537319 0.363601
vt 0.540811 0.363636
vt 0.531941 0.384078
vt 0.531881 0.363547
vt 0.452615 0.383287
vt 0.452101 0.362751
vt 0.444680 0.383208
vt 0.444505 0.362675
vt 0.436744 0.383129
vt 0.436908 0.362600
vt 0.429586 0.383058
vt 0.430055 0.362531
vt 0.719800 0.629124
vt 0.725590 0.629124
vt 0.726401 0.651212
vt 0.720916 0.651212
vt 0.732887 0.629124
vt 0.733313 0.651212
vt 0.740974 0.629124
vt 0.740974 0.651212
vt 0.749062 0.629124
vt 0.748636 0.651212
vt 0.756359 0.629124
vt 0.755548 0.651212
vt 0.762149 0.629124
vt 0.761033 0.651212
vt 0.087343 0.412887
vt 0.094715 0.412814
vt 0.094884 0.433956
vt 0.087827 0.434026
vt 0.102888 0.412732
vt 0.102707 0.433878
vt 0.111060 0.412651
vt 0.110531 0.433800
vt 0.118432 0.412577
vt 0.117588 0.433730
vt 0.198604 0.411778
vt 0.198292 0.432925
vt 0.202361 0.411740
vt 0.201888 0.432889
vt 0.203655 0.411727
vt 0.203127 0.432877
vt 0.542526 0.384184
vt 0.542014 0.363648
vt 0.577753 0.026026
vt 0.577753 0.028696
vt 0.577369 0.027976
vt 0.577369 0.025015
vt 0.577753 0.032853
vt 0.577369 0.032587
vt 0.821770 0.602814
vt 0.794359 0.672256
vt 0.793256 0.670131
vt 0.821900 0.602594
vt 0.791319 0.676965
vt 0.789885 0.675353
vt 0.789884 0.682383
vt 0.788293 0.681362
vt 0.790193 0.687979
vt 0.788636 0.687569
vt 0.792216 0.693206
vt 0.790880 0.693366
vt 0.795755 0.697552
vt 0.794805 0.698185
vt 0.800464 0.700591
vt 0.800028 0.701556
vt 0.805882 0.702027
vt 0.806036 0.703149
vt 0.811478 0.701718
vt 0.812243 0.702806
vt 0.816705 0.699695
vt 0.818040 0.700562
vt 0.821050 0.696155
vt 0.822860 0.696637
vt 0.824090 0.691446
vt 0.826231 0.691414
vt 0.825525 0.686029
vt 0.827823 0.685405
vt 0.825216 0.680432
vt 0.827480 0.679199
vt 0.828951 0.601655
vt 0.829864 0.601308
vt 0.828866 0.598835
vt 0.829770 0.598181
vt 0.827986 0.597488
vt 0.828794 0.596687
vt 0.826398 0.597744
vt 0.827032 0.596971
vt 0.989472 0.756197
vt 0.989472 0.759327
vt 0.985726 0.759327
vt 0.985726 0.756197
vt 0.989472 0.764202
vt 0.985726 0.764202
vt 0.989472 0.845565
vt 0.985726 0.845565
vt 0.989472 0.852375
vt 0.985726 0.852375
vt 0.989472 0.859185
vt 0.985726 0.859185
vt 0.989472 0.865328
vt 0.985726 0.865328
vt 0.484094 0.094489
vt 0.484094 0.100028
vt 0.480141 0.100028
vt 0.480141 0.094489
vt 0.484094 0.107007
vt 0.480141 0.107007
vt 0.484094 0.114743
vt 0.480141 0.114743
vt 0.484094 0.122479
vt 0.480141 0.122479
vt 0.484094 0.129458
vt 0.480141 0.129458
vt 0.484094 0.134997
vt 0.480141 0.134997
vt 0.985726 0.342189
vt 0.985726 0.335832
vt 0.989603 0.335832
vt 0.989603 0.342189
vt 0.985726 0.328785
vt 0.989603 0.328785
vt 0.985726 0.321738
vt 0.989603 0.321738
vt 0.985726 0.315381
vt 0.989603 0.315381
vt 0.985726 0.232498
vt 0.989603 0.232498
vt 0.985726 0.229259
vt 0.989603 0.229259
vt 0.985726 0.228143
vt 0.989603 0.228143
vt 0.989472 0.755118
vt 0.985726 0.755118
vt 0.147853 0.794621
vt 0.145825 0.796988
vt 0.144911 0.797213
vt 0.146822 0.794983
vt 0.142250 0.799735
vt 0.141543 0.799801
vt 0.074953 0.828278
vt 0.074189 0.827424
vt 0.069749 0.831637
vt 0.069286 0.830589
vt 0.063762 0.833223
vt 0.063645 0.832083
vt 0.057577 0.832882
vt 0.057818 0.831762
vt 0.051801 0.830646
vt 0.052376 0.829655
vt 0.046998 0.826735
vt 0.047852 0.825970
vt 0.043639 0.821530
vt 0.044687 0.821067
vt 0.042052 0.815543
vt 0.043192 0.815426
vt 0.042394 0.809358
vt 0.043514 0.809600
vt 0.044630 0.803582
vt 0.045620 0.804158
vt 0.048541 0.798779
vt 0.049305 0.799633
vt 0.053745 0.795420
vt 0.054208 0.796468
vt 0.059733 0.793834
vt 0.059849 0.794974
vt 0.065917 0.794175
vt 0.065676 0.795295
vt 0.143532 0.791799
vt 0.142750 0.792324
vt 0.146648 0.791893
vt 0.145686 0.792413
vt 0.148137 0.792866
vt 0.147089 0.793329
vt 0.992383 0.229065
vt 0.992383 0.231741
vt 0.989616 0.231741
vt 0.989616 0.229065
vt 0.992383 0.235909
vt 0.989616 0.235909
vt 0.992383 0.309418
vt 0.989616 0.309418
vt 0.992383 0.315241
vt 0.989616 0.315241
vt 0.992383 0.321063
vt 0.989616 0.321063
vt 0.992383 0.326315
vt 0.989616 0.326315
vt 0.416976 0.332716
vt 0.416976 0.337161
vt 0.414026 0.337161
vt 0.414026 0.332716
vt 0.416976 0.342762
vt 0.414026 0.342762
vt 0.416976 0.348970
vt 0.414026 0.348970
vt 0.416976 0.355178
vt 0.414026 0.355178
vt 0.416976 0.360778
vt 0.414026 0.360778
vt 0.416976 0.365223
vt 0.414026 0.365223
vt 0.985726 0.966388
vt 0.985726 0.960981
vt 0.988575 0.960981
vt 0.988575 0.966388
vt 0.985726 0.954988
vt 0.988575 0.954988
vt 0.985726 0.948994
vt 0.988575 0.948994
vt 0.985726 0.943588
vt 0.988575 0.943588
vt 0.985726 0.869032
vt 0.988575 0.869032
vt 0.985726 0.866277
vt 0.988575 0.866277
vt 0.988575 0.865328
vt 0.992383 0.228143
vt 0.989616 0.228143
vt 0.784797 0.467024
vt 0.782558 0.468925
vt 0.782901 0.467555
vt 0.785346 0.465479
vt 0.779955 0.472280
vt 0.780058 0.471220
vt 0.752022 0.539507
vt 0.750747 0.538354
vt 0.748835 0.544395
vt 0.747266 0.543693
vt 0.747314 0.550029
vt 0.745605 0.549846
vt 0.747609 0.555857
vt 0.745927 0.556211
vt 0.749690 0.561309
vt 0.748200 0.562166
vt 0.753355 0.565851
vt 0.752202 0.567126
vt 0.758243 0.569038
vt 0.757541 0.570607
vt 0.763877 0.570558
vt 0.763694 0.572267
vt 0.769705 0.570263
vt 0.770059 0.571945
vt 0.775157 0.568182
vt 0.776013 0.569672
vt 0.779698 0.564518
vt 0.780974 0.565670
vt 0.782886 0.559630
vt 0.784455 0.560332
vt 0.784406 0.553996
vt 0.786115 0.554178
vt 0.784111 0.548168
vt 0.785793 0.547813
vt 0.787437 0.471107
vt 0.788230 0.469939
vt 0.787362 0.468172
vt 0.788148 0.466732
vt 0.786452 0.466765
vt 0.787154 0.465196
vt 0.989975 0.006763
vt 0.989975 0.009985
vt 0.985726 0.009985
vt 0.985726 0.006763
vt 0.989975 0.015002
vt 0.985726 0.015002
vt 0.989975 0.096558
vt 0.985726 0.096558
vt 0.989975 0.103567
vt 0.985726 0.103567
vt 0.989975 0.110576
vt 0.985726 0.110576
vt 0.989975 0.116898
vt 0.985726 0.116898
vt 0.469067 0.059269
vt 0.469067 0.064968
vt 0.464584 0.064968
vt 0.464584 0.059269
vt 0.469067 0.072149
vt 0.464584 0.072149
vt 0.469067 0.080109
vt 0.464584 0.080109
vt 0.469067 0.088069
vt 0.464584 0.088069
vt 0.469067 0.095250
vt 0.464584 0.095250
vt 0.469067 0.100949
vt 0.464584 0.100949
vt 0.981837 0.755118
vt 0.981837 0.748572
vt 0.986236 0.748572
vt 0.986236 0.755118
vt 0.981837 0.741316
vt 0.986236 0.741316
vt 0.981837 0.734060
vt 0.986236 0.734060
vt 0.981837 0.727514
vt 0.986236 0.727514
vt 0.981837 0.644427
vt 0.986236 0.644427
vt 0.981837 0.641092
vt 0.986236 0.641092
vt 0.981837 0.639943
vt 0.986236 0.639943
vt 0.989975 0.005653
vt 0.985726 0.005653
vt 0.506698 0.768223
vt 0.504622 0.770668
vt 0.504160 0.770784
vt 0.506177 0.768409
vt 0.500957 0.773511
vt 0.500599 0.773546
vt 0.433823 0.802823
vt 0.433434 0.802392
vt 0.428484 0.806304
vt 0.428247 0.805774
vt 0.422331 0.807964
vt 0.422269 0.807387
vt 0.415966 0.807642
vt 0.416085 0.807074
vt 0.410012 0.805369
vt 0.410301 0.804866
vt 0.405051 0.801367
vt 0.405482 0.800978
vt 0.401570 0.796029
vt 0.402100 0.795792
vt 0.399910 0.789876
vt 0.400487 0.789814
vt 0.400232 0.783510
vt 0.400800 0.783630
vt 0.402505 0.777556
vt 0.403008 0.777845
vt 0.406507 0.772596
vt 0.406896 0.773026
vt 0.411845 0.769115
vt 0.412083 0.769645
vt 0.417999 0.767454
vt 0.418060 0.768031
vt 0.424364 0.767776
vt 0.424244 0.768344
vt 0.502239 0.765340
vt 0.501844 0.765608
vt 0.505445 0.765422
vt 0.504959 0.765687
vt 0.506982 0.766415
vt 0.506452 0.766652
vt 0.994332 0.006632
vt 0.994332 0.009472
vt 0.993505 0.009472
vt 0.993505 0.006632
vt 0.994332 0.013896
vt 0.993505 0.013896
vt 0.994332 0.087751
vt 0.993505 0.087751
vt 0.994332 0.093930
vt 0.993505 0.093930
vt 0.994332 0.100110
vt 0.993505 0.100110
vt 0.994332 0.105684
vt 0.993505 0.105684
vt 0.119334 0.524008
vt 0.119334 0.528724
vt 0.118452 0.528724
vt 0.118452 0.524008
vt 0.119334 0.534666
vt 0.118452 0.534666
vt 0.119334 0.541254
vt 0.118452 0.541254
vt 0.119334 0.547841
vt 0.118452 0.547841
vt 0.119334 0.553783
vt 0.118452 0.553783
vt 0.119334 0.558499
vt 0.118452 0.558499
vt 0.989616 0.974890
vt 0.989616 0.969147
vt 0.990468 0.969147
vt 0.990468 0.974890
vt 0.989616 0.962780
vt 0.990468 0.962780
vt 0.989616 0.956412
vt 0.990468 0.956412
vt 0.989616 0.950669
vt 0.990468 0.950669
vt 0.989616 0.875759
vt 0.990468 0.875759
vt 0.989616 0.872832
vt 0.990468 0.872832
vt 0.989616 0.871824
vt 0.990468 0.871824
vt 0.994332 0.005653
vt 0.993505 0.005653
vt 0.786020 0.143710
vt 0.783637 0.145718
vt 0.783846 0.144894
vt 0.786354 0.142782
vt 0.780861 0.149268
vt 0.780925 0.148630
vt 0.751757 0.216322
vt 0.750993 0.215626
vt 0.748356 0.221496
vt 0.747413 0.221070
vt 0.746720 0.227468
vt 0.745692 0.227354
vt 0.747009 0.233653
vt 0.745996 0.233862
vt 0.749195 0.239446
vt 0.748296 0.239957
vt 0.753064 0.244279
vt 0.752368 0.245044
vt 0.758238 0.247681
vt 0.757812 0.248623
vt 0.764210 0.249317
vt 0.764096 0.250345
vt 0.770395 0.249028
vt 0.770604 0.250041
vt 0.776188 0.246842
vt 0.776699 0.247740
vt 0.781021 0.242972
vt 0.781786 0.243669
vt 0.784423 0.237799
vt 0.785365 0.238225
vt 0.786059 0.231827
vt 0.787087 0.231941
vt 0.785770 0.225642
vt 0.786783 0.225433
vt 0.788804 0.148054
vt 0.789284 0.147352
vt 0.788737 0.144938
vt 0.789213 0.144074
vt 0.787777 0.143442
vt 0.788203 0.142499
vt 0.940619 0.699271
vt 0.940619 0.702565
vt 0.931279 0.702565
vt 0.931279 0.699271
vt 0.940619 0.707695
vt 0.931279 0.707695
vt 0.940619 0.789406
vt 0.931279 0.789406
vt 0.940619 0.796571
vt 0.931279 0.796571
vt 0.940619 0.803737
vt 0.931279 0.803737
vt 0.940619 0.810202
vt 0.931279 0.810202
vt 0.435548 0.498392
vt 0.435548 0.504218
vt 0.425693 0.504218
vt 0.425693 0.498392
vt 0.435548 0.511558
vt 0.425693 0.511558
vt 0.435548 0.519696
vt 0.425693 0.519696
vt 0.435548 0.527834
vt 0.425693 0.527834
vt 0.435548 0.535175
vt 0.425693 0.535175
vt 0.435548 0.541000
vt 0.425693 0.541000
vt 0.561812 0.535330
vt 0.561812 0.528635
vt 0.571487 0.528635
vt 0.571487 0.535330
vt 0.561812 0.521213
vt 0.571487 0.521213
vt 0.561812 0.513791
vt 0.571487 0.513791
vt 0.561812 0.507096
vt 0.571487 0.507096
vt 0.561812 0.423848
vt 0.571487 0.423848
vt 0.561812 0.420436
vt 0.571487 0.420436
vt 0.561812 0.419261
vt 0.571487 0.419261
vt 0.940619 0.698136
vt 0.931279 0.698136
vt 0.678640 0.740139
vt 0.676528 0.742646
vt 0.675063 0.743019
vt 0.676989 0.740733
vt 0.672792 0.745567
vt 0.671658 0.745682
vt 0.605796 0.775500
vt 0.604558 0.774140
vt 0.600352 0.779079
vt 0.599594 0.777403
vt 0.594068 0.780801
vt 0.593866 0.778973
vt 0.587560 0.780497
vt 0.587932 0.778696
vt 0.581464 0.778196
vt 0.582375 0.776598
vt 0.576378 0.774125
vt 0.577737 0.772886
vt 0.572799 0.768681
vt 0.574474 0.767923
vt 0.571077 0.762397
vt 0.572904 0.762194
vt 0.571381 0.755889
vt 0.573182 0.756261
vt 0.573682 0.749793
vt 0.575279 0.750703
vt 0.577753 0.744707
vt 0.578991 0.746066
vt 0.583197 0.741127
vt 0.583954 0.742803
vt 0.589481 0.739405
vt 0.589683 0.741233
vt 0.595989 0.739710
vt 0.595617 0.741511
vt 0.674070 0.737209
vt 0.672822 0.738062
vt 0.677348 0.737280
vt 0.675811 0.738126
vt 0.678923 0.738289
vt 0.677247 0.739047
vt 0.967025 0.727847
vt 0.967025 0.730571
vt 0.958503 0.730571
vt 0.958503 0.727847
vt 0.967025 0.734814
vt 0.958503 0.734814
vt 0.967025 0.808424
vt 0.958503 0.808424
vt 0.967025 0.814350
vt 0.958503 0.814350
vt 0.967025 0.820277
vt 0.958503 0.820277
vt 0.967025 0.825623
vt 0.958503 0.825623
vt 0.485338 0.147732
vt 0.485338 0.152256
vt 0.476251 0.152256
vt 0.476251 0.147732
vt 0.485338 0.157956
vt 0.476251 0.157956
vt 0.485338 0.164276
vt 0.476251 0.164276
vt 0.485338 0.170595
vt 0.476251 0.170595
vt 0.485338 0.176296
vt 0.476251 0.176296
vt 0.485338 0.180820
vt 0.476251 0.180820
vt 0.942946 0.521213
vt 0.942946 0.515708
vt 0.951721 0.515708
vt 0.951721 0.521213
vt 0.942946 0.509605
vt 0.951721 0.509605
vt 0.942946 0.503502
vt 0.951721 0.503502
vt 0.942946 0.497997
vt 0.951721 0.497997
vt 0.942946 0.423337
vt 0.951721 0.423337
vt 0.942946 0.420532
vt 0.951721 0.420532
vt 0.942946 0.419565
vt 0.951721 0.419565
vt 0.967025 0.726908
vt 0.958503 0.726908
vt 0.811938 0.013228
vt 0.809661 0.015165
vt 0.809915 0.014145
vt 0.812346 0.012078
vt 0.807013 0.018582
vt 0.807089 0.017793
vt 0.778864 0.085812
vt 0.777915 0.084956
vt 0.775624 0.090791
vt 0.774456 0.090269
vt 0.774081 0.096527
vt 0.772809 0.096392
vt 0.774385 0.102459
vt 0.773134 0.102723
vt 0.776508 0.108006
vt 0.775400 0.108645
vt 0.780241 0.112627
vt 0.779385 0.113576
vt 0.785220 0.115867
vt 0.784698 0.117035
vt 0.790956 0.117410
vt 0.790821 0.118682
vt 0.796888 0.117106
vt 0.797152 0.118357
vt 0.802435 0.114983
vt 0.803074 0.116091
vt 0.807055 0.111249
vt 0.808005 0.112106
vt 0.810296 0.106271
vt 0.811464 0.106793
vt 0.811839 0.100535
vt 0.813111 0.100670
vt 0.811535 0.094603
vt 0.812786 0.094339
vt 0.814628 0.017382
vt 0.815217 0.016513
vt 0.814550 0.014394
vt 0.815133 0.013323
vt 0.813623 0.012963
vt 0.814144 0.011795
vt 0.959469 0.180076
vt 0.959469 0.183280
vt 0.950724 0.183280
vt 0.950724 0.180076
vt 0.959469 0.188272
vt 0.950724 0.188272
vt 0.959469 0.269792
vt 0.950724 0.269792
vt 0.959469 0.276764
vt 0.950724 0.276764
vt 0.959469 0.283735
vt 0.950724 0.283735
vt 0.959469 0.290024
vt 0.950724 0.290024
vt 0.279356 0.083313
vt 0.279356 0.088982
vt 0.270128 0.088982
vt 0.270128 0.083313
vt 0.279356 0.096125
vt 0.270128 0.096125
vt 0.279356 0.104044
vt 0.270128 0.104044
vt 0.279356 0.111963
vt 0.270128 0.111963
vt 0.279356 0.119106
vt 0.270128 0.119106
vt 0.279356 0.124775
vt 0.270128 0.124775
vt 0.939057 0.925168
vt 0.939057 0.918657
vt 0.948110 0.918657
vt 0.948110 0.925168
vt 0.939057 0.911440
vt 0.948110 0.911440
vt 0.939057 0.904223
vt 0.948110 0.904223
vt 0.939057 0.897712
vt 0.948110 0.897712
vt 0.939057 0.814662
vt 0.948110 0.814662
vt 0.939057 0.811345
vt 0.948110 0.811345
vt 0.939057 0.810202
vt 0.948110 0.810202
vt 0.959469 0.178972
vt 0.950724 0.178972
vt 0.673735 0.788355
vt 0.671668 0.790786
vt 0.670368 0.791111
vt 0.672269 0.788876
vt 0.668020 0.793612
vt 0.667014 0.793709
vt 0.600857 0.822787
vt 0.599765 0.821576
vt 0.595544 0.826245
vt 0.594879 0.824756
vt 0.589421 0.827892
vt 0.589249 0.826271
vt 0.583090 0.827567
vt 0.583427 0.825972
vt 0.577168 0.825301
vt 0.577982 0.823889
vt 0.572237 0.821317
vt 0.573448 0.820224
vt 0.568779 0.816003
vt 0.570267 0.815338
vt 0.567131 0.809881
vt 0.568753 0.809709
vt 0.567456 0.803549
vt 0.569052 0.803886
vt 0.569722 0.797628
vt 0.571135 0.798442
vt 0.573707 0.792696
vt 0.574799 0.793907
vt 0.579021 0.789238
vt 0.579685 0.790727
vt 0.585143 0.787591
vt 0.585315 0.789212
vt 0.591474 0.787916
vt 0.591137 0.789511
vt 0.669301 0.785484
vt 0.668191 0.786235
vt 0.672490 0.785568
vt 0.671125 0.786312
vt 0.674018 0.786557
vt 0.672530 0.787222
vt 0.924657 0.580393
vt 0.924657 0.583067
vt 0.904055 0.583067
vt 0.904055 0.580393
vt 0.924657 0.587231
vt 0.904055 0.587231
vt 0.924657 0.660734
vt 0.904055 0.660734
vt 0.924657 0.666550
vt 0.904055 0.666550
vt 0.924657 0.672366
vt 0.904055 0.672366
vt 0.924657 0.677614
vt 0.904055 0.677614
vt 0.369879 0.740061
vt 0.369879 0.744501
vt 0.347910 0.744501
vt 0.347910 0.740061
vt 0.369879 0.750096
vt 0.347910 0.750096
vt 0.369879 0.756298
vt 0.347910 0.756298
vt 0.369879 0.762500
vt 0.347910 0.762500
vt 0.369879 0.768095
vt 0.347910 0.768095
vt 0.369879 0.772536
vt 0.347910 0.772536
vt 0.904055 0.106681
vt 0.904055 0.101280
vt 0.925263 0.101280
vt 0.925263 0.106681
vt 0.904055 0.095293
vt 0.925263 0.095293
vt 0.904055 0.089305
vt 0.925263 0.089305
vt 0.904055 0.083904
vt 0.925263 0.083904
vt 0.904055 0.009354
vt 0.925263 0.009354
vt 0.904055 0.006602
vt 0.925263 0.006602
vt 0.904055 0.005653
vt 0.925263 0.005653
vt 0.924657 0.579472
vt 0.904055 0.579472
vt 0.831453 0.346929
vt 0.829272 0.348891
vt 0.829491 0.347896
vt 0.831817 0.345803
vt 0.826768 0.352317
vt 0.826821 0.351550
vt 0.800795 0.420320
vt 0.799851 0.419515
vt 0.797753 0.425293
vt 0.796606 0.424819
vt 0.796396 0.430963
vt 0.795159 0.430866
vt 0.796858 0.436774
vt 0.795652 0.437065
vt 0.799093 0.442159
vt 0.804587 0.471480
vt 0.802883 0.446589
vt 0.806318 0.475250
vt 0.807856 0.449631
vt 0.809061 0.477436
vt 0.813525 0.450988
vt 0.812546 0.477824
vt 0.819337 0.450526
vt 0.816434 0.476376
vt 0.824722 0.448291
vt 0.820342 0.473234
vt 0.829152 0.444501
vt 0.830095 0.445306
vt 0.832194 0.439528
vt 0.833340 0.440002
vt 0.833551 0.433858
vt 0.834787 0.433955
vt 0.833089 0.428047
vt 0.834295 0.427756
vt 0.834206 0.350931
vt 0.834754 0.350072
vt 0.834047 0.348001
vt 0.834584 0.346947
vt 0.833098 0.346622
vt 0.833572 0.345476
vt 0.377516 0.150569
vt 0.376296 0.150162
vt 0.375964 0.125797
vt 0.376940 0.126122
vt 0.374396 0.149529
vt 0.374444 0.125291
vt 0.323842 0.113213
vt 0.329610 0.088901
vt 0.321188 0.112328
vt 0.327487 0.088194
vt 0.318534 0.111444
vt 0.325364 0.087486
vt 0.316140 0.110646
vt 0.323449 0.086848
vt 0.291023 0.102273
vt 0.298712 0.078602
vt 0.577049 0.495690
vt 0.578701 0.495711
vt 0.579765 0.525430
vt 0.578443 0.525414
vt 0.580533 0.495734
vt 0.581230 0.525449
vt 0.582365 0.495757
vt 0.582695 0.525467
vt 0.584017 0.495778
vt 0.584017 0.525484
vt 0.005669 0.161862
vt 0.007686 0.161846
vt 0.007283 0.186920
vt 0.005669 0.186932
vt 0.034880 0.161638
vt 0.033968 0.186715
vt 0.037698 0.161616
vt 0.036222 0.186698
vt 0.040516 0.161594
vt 0.038475 0.186681
vt 0.043058 0.161575
vt 0.040509 0.186665
vt 0.102268 0.142519
vt 0.094367 0.165759
vt 0.103563 0.142509
vt 0.095403 0.165751
vt 0.104009 0.142506
vt 0.095760 0.165748
vt 0.377936 0.150709
vt 0.377276 0.126234
vt 0.540282 0.428756
vt 0.536431 0.428718
vt 0.530434 0.428658
vt 0.197378 0.365864
vt 0.201343 0.365825
vt 0.202710 0.365811
vt 0.541609 0.428769
vt 0.540771 0.340041
vt 0.541920 0.340053
vt 0.203031 0.457176
vt 0.201846 0.457188
vt 0.198410 0.457222
vt 0.116386 0.458040
vt 0.109641 0.458107
vt 0.102165 0.458182
vt 0.094689 0.458256
vt 0.087945 0.458324
vt 0.759751 0.676596
vt 0.754616 0.676596
vt 0.748146 0.676596
vt 0.740974 0.676596
vt 0.733802 0.676596
vt 0.727332 0.676596
vt 0.722198 0.676596
vt 0.430170 0.338938
vt 0.436719 0.339004
vt 0.443978 0.339076
vt 0.451238 0.339148
vt 0.532236 0.339956
vt 0.537434 0.340008
vt 0.532617 0.338872
vt 0.531557 0.338861
vt 0.531160 0.322996
vt 0.532175 0.323006
vt 0.192358 0.458403
vt 0.193450 0.458392
vt 0.192995 0.474731
vt 0.191949 0.474742
vt 0.189189 0.458434
vt 0.188914 0.474772
vt 0.113562 0.459188
vt 0.112749 0.475532
vt 0.107344 0.459250
vt 0.106793 0.475591
vt 0.100451 0.459319
vt 0.100191 0.475657
vt 0.093558 0.459388
vt 0.093589 0.475723
vt 0.087339 0.459450
vt 0.087633 0.475782
vt 0.754616 0.677766
vt 0.759751 0.677766
vt 0.758771 0.694830
vt 0.753904 0.694830
vt 0.748146 0.677766
vt 0.747772 0.694830
vt 0.740974 0.677766
vt 0.740974 0.694830
vt 0.733802 0.677766
vt 0.734177 0.694830
vt 0.727332 0.677766
vt 0.728044 0.694830
vt 0.722198 0.677766
vt 0.723178 0.694830
vt 0.435620 0.337905
vt 0.429582 0.337845
vt 0.429867 0.321986
vt 0.435650 0.322043
vt 0.442313 0.337971
vt 0.442061 0.322107
vt 0.449007 0.338038
vt 0.448472 0.322171
vt 0.523688 0.338783
vt 0.523623 0.322921
vt 0.528480 0.338831
vt 0.528213 0.322966
vt 0.441249 0.013263
vt 0.441249 0.011446
vt 0.442986 0.010890
vt 0.442986 0.012744
vt 0.441249 0.015079
vt 0.442986 0.014598
vt 0.195390 0.492183
vt 0.198409 0.492153
vt 0.199825 0.493581
vt 0.196744 0.493612
vt 0.115998 0.492974
vt 0.115283 0.494424
vt 0.110073 0.493033
vt 0.109236 0.494484
vt 0.103504 0.493099
vt 0.102533 0.494551
vt 0.096936 0.493164
vt 0.095830 0.494618
vt 0.091011 0.493224
vt 0.089783 0.494678
vt 0.753277 0.713086
vt 0.757908 0.713086
vt 0.758266 0.714593
vt 0.753540 0.714593
vt 0.747442 0.713086
vt 0.747585 0.714593
vt 0.740974 0.713086
vt 0.740984 0.714593
vt 0.734506 0.713086
vt 0.734383 0.714593
vt 0.728671 0.713086
vt 0.728428 0.714593
vt 0.724041 0.713086
vt 0.723702 0.714593
vt 0.438901 0.305107
vt 0.433147 0.305050
vt 0.431955 0.303637
vt 0.437827 0.303696
vt 0.445279 0.305171
vt 0.444336 0.303760
vt 0.451656 0.305234
vt 0.450844 0.303825
vt 0.529935 0.306015
vt 0.531156 0.304626
vt 0.534501 0.306060
vt 0.535815 0.304673
vt 0.537433 0.306090
vt 0.538807 0.304702
vt 0.539838 0.304713
vt 0.534100 0.275898
vt 0.534984 0.275907
vt 0.200886 0.493571
vt 0.195887 0.523236
vt 0.194977 0.523245
vt 0.192335 0.523271
vt 0.115961 0.524033
vt 0.110776 0.524085
vt 0.105029 0.524142
vt 0.099282 0.524199
vt 0.094098 0.524251
vt 0.756703 0.745531
vt 0.752405 0.745531
vt 0.746988 0.745531
vt 0.740984 0.745531
vt 0.734980 0.745531
vt 0.729563 0.745531
vt 0.725265 0.745531
vt 0.436145 0.274922
vt 0.441179 0.274972
vt 0.446759 0.275027
vt 0.452340 0.275083
vt 0.527540 0.275833
vt 0.531535 0.275873
vt 0.540400 0.322000
vt 0.537204 0.321968
vt 0.532226 0.321918
vt 0.450719 0.321106
vt 0.443765 0.321036
vt 0.436812 0.320967
vt 0.430540 0.320905
vt 0.723178 0.696001
vt 0.728044 0.696001
vt 0.734177 0.696001
vt 0.740974 0.696001
vt 0.747772 0.696001
vt 0.753904 0.696001
vt 0.758771 0.696001
vt 0.088326 0.476896
vt 0.094785 0.476831
vt 0.101946 0.476760
vt 0.109107 0.476688
vt 0.115566 0.476624
vt 0.198174 0.475800
vt 0.201465 0.475767
vt 0.202599 0.475756
vt 0.199449 0.492142
vt 0.541502 0.322011
vt 0.538443 0.306100
vt 0.375404 0.246620
vt 0.373167 0.245874
vt 0.376131 0.213869
vt 0.378014 0.214496
vt 0.369683 0.244713
vt 0.373197 0.212891
vt 0.299822 0.214462
vt 0.308170 0.179276
vt 0.294956 0.212840
vt 0.304072 0.177910
vt 0.290090 0.211218
vt 0.299975 0.176544
vt 0.285700 0.209754
vt 0.296279 0.175312
vt 0.549111 0.371621
vt 0.571243 0.371901
vt 0.573261 0.414920
vt 0.553928 0.414675
vt 0.574273 0.371939
vt 0.575812 0.414952
vt 0.577631 0.371982
vt 0.578640 0.414988
vt 0.580989 0.372024
vt 0.581467 0.415024
vt 0.584019 0.372063
vt 0.584018 0.415056
vt 0.005668 0.057451
vt 0.009367 0.057423
vt 0.008783 0.093712
vt 0.005668 0.093736
vt 0.038680 0.057198
vt 0.037359 0.093493
vt 0.043846 0.057158
vt 0.041710 0.093459
vt 0.049013 0.057119
vt 0.046060 0.093426
vt 0.053674 0.057083
vt 0.049985 0.093396
vt 0.129056 0.049850
vt 0.121935 0.081435
vt 0.131431 0.049831
vt 0.123935 0.081419
vt 0.132249 0.049825
vt 0.124624 0.081414
vt 0.376175 0.246877
vt 0.378663 0.214713
vt 0.787483 0.006987
vt 0.786970 0.009002
vt 0.777975 0.012456
vt 0.778400 0.010475
vt 0.554823 0.415241
vt 0.556737 0.414722
vt 0.553337 0.423870
vt 0.551454 0.424305
vt 0.785753 0.005833
vt 0.776758 0.009287
vt 0.557847 0.416365
vt 0.554478 0.425429
vt 0.781951 0.005653
vt 0.773209 0.009010
vt 0.558045 0.420011
vt 0.554767 0.428830
vt 0.692838 0.005670
vt 0.690153 0.006701
vt 0.558045 0.509665
vt 0.557051 0.512340
vt 0.784265 0.011681
vt 0.779633 0.014762
vt 0.771286 0.017966
vt 0.775524 0.015038
vt 0.549392 0.422358
vt 0.552292 0.417872
vt 0.549014 0.426692
vt 0.546256 0.430796
vt 0.824657 0.599007
vt 0.823493 0.593024
vt 0.826210 0.590830
vt 0.153973 0.795441
vt 0.151787 0.798148
vt 0.820378 0.596934
vt 0.147891 0.801252
vt 0.788952 0.671267
vt 0.073821 0.832567
vt 0.785169 0.676979
vt 0.068129 0.836337
vt 0.783492 0.683622
vt 0.061509 0.838008
vt 0.784086 0.690546
vt 0.054610 0.837416
vt 0.786892 0.697072
vt 0.048107 0.834620
vt 0.791635 0.702563
vt 0.042636 0.829893
vt 0.797852 0.706479
vt 0.038734 0.823698
vt 0.804934 0.708439
vt 0.036781 0.816641
vt 0.812187 0.708250
vt 0.036969 0.809414
vt 0.818902 0.705931
vt 0.039280 0.802723
vt 0.824421 0.701709
vt 0.043487 0.797223
vt 0.828204 0.695996
vt 0.049179 0.793454
vt 0.829881 0.689353
vt 0.055799 0.791783
vt 0.829287 0.682430
vt 0.062698 0.792375
vt 0.989616 0.765590
vt 0.991306 0.687957
vt 0.991053 0.682419
vt 0.991444 0.768793
vt 0.638760 0.731006
vt 0.561128 0.732756
vt 0.557923 0.730930
vt 0.644298 0.731255
vt 0.044559 0.005702
vt 0.047676 0.005653
vt 0.053581 0.005701
vt 0.050102 0.005653
vt 0.585195 0.030763
vt 0.585147 0.033878
vt 0.585195 0.028338
vt 0.585147 0.024860
vt 0.828263 0.590568
vt 0.829452 0.592263
vt 0.152545 0.792211
vt 0.154234 0.793395
vt 0.781774 0.461539
vt 0.784570 0.459303
vt 0.512874 0.768999
vt 0.510638 0.771795
vt 0.778562 0.465533
vt 0.506644 0.775007
vt 0.746368 0.539410
vt 0.432768 0.807202
vt 0.742462 0.545249
vt 0.426929 0.811107
vt 0.740712 0.552052
vt 0.420125 0.812858
vt 0.741288 0.559153
vt 0.413024 0.812282
vt 0.744134 0.565858
vt 0.406319 0.809436
vt 0.748972 0.571509
vt 0.400668 0.804598
vt 0.755327 0.575554
vt 0.396623 0.798242
vt 0.762579 0.577597
vt 0.394580 0.790991
vt 0.770016 0.577438
vt 0.394739 0.783553
vt 0.776912 0.575092
vt 0.397086 0.776657
vt 0.782591 0.570788
vt 0.401389 0.770979
vt 0.786496 0.564950
vt 0.407228 0.767073
vt 0.788247 0.558146
vt 0.414031 0.765323
vt 0.787671 0.551045
vt 0.421132 0.765899
vt 0.946835 0.262311
vt 0.948704 0.184421
vt 0.948517 0.178846
vt 0.948736 0.265529
vt 0.292898 0.339754
vt 0.215010 0.341652
vt 0.211791 0.339752
vt 0.298474 0.339938
vt 0.787887 0.460787
vt 0.788083 0.464362
vt 0.507815 0.765486
vt 0.511390 0.765682
vt 0.786677 0.459044
vt 0.513133 0.766893
vt 0.782746 0.138836
vt 0.785613 0.136561
vt 0.684861 0.740879
vt 0.682586 0.743746
vt 0.779447 0.142906
vt 0.678515 0.747045
vt 0.746543 0.216619
vt 0.604803 0.779949
vt 0.742528 0.222573
vt 0.598849 0.783965
vt 0.740712 0.229520
vt 0.591901 0.785781
vt 0.741273 0.236782
vt 0.584640 0.785220
vt 0.744156 0.243647
vt 0.577774 0.782336
vt 0.749079 0.249444
vt 0.571978 0.777413
vt 0.755561 0.253604
vt 0.567818 0.770932
vt 0.762966 0.255720
vt 0.565701 0.763527
vt 0.770570 0.255587
vt 0.565835 0.755923
vt 0.777628 0.253215
vt 0.568207 0.748865
vt 0.783450 0.248839
vt 0.572583 0.743043
vt 0.787465 0.242885
vt 0.578537 0.739027
vt 0.789281 0.235937
vt 0.585485 0.737211
vt 0.788720 0.228675
vt 0.592747 0.737772
vt 0.099007 0.988562
vt 0.100939 0.910466
vt 0.100799 0.904861
vt 0.100968 0.991790
vt 0.300898 0.337837
vt 0.222798 0.339769
vt 0.219569 0.337808
vt 0.306504 0.337977
vt 0.788998 0.138091
vt 0.789185 0.141746
vt 0.679676 0.737308
vt 0.683331 0.737494
vt 0.787768 0.136304
vt 0.685118 0.738725
vt 0.808782 0.008139
vt 0.811562 0.005913
vt 0.679901 0.789139
vt 0.677674 0.791919
vt 0.805590 0.012115
vt 0.673698 0.795111
vt 0.773553 0.086025
vt 0.599788 0.827149
vt 0.769672 0.091836
vt 0.593977 0.831030
vt 0.767936 0.098605
vt 0.587208 0.832766
vt 0.768514 0.105669
vt 0.580144 0.832187
vt 0.771351 0.112337
vt 0.573476 0.829351
vt 0.776167 0.117955
vt 0.567858 0.824534
vt 0.782493 0.121974
vt 0.563839 0.818209
vt 0.789708 0.124001
vt 0.561812 0.810993
vt 0.797107 0.123837
vt 0.561977 0.803595
vt 0.803964 0.121497
vt 0.564316 0.796737
vt 0.809610 0.117212
vt 0.568601 0.791091
vt 0.813491 0.111401
vt 0.574412 0.787211
vt 0.815227 0.104632
vt 0.581181 0.785474
vt 0.814649 0.097568
vt 0.588245 0.786053
vt 0.989616 0.679359
vt 0.991480 0.601518
vt 0.991283 0.595949
vt 0.991502 0.682575
vt 0.638979 0.728884
vt 0.561139 0.730748
vt 0.557923 0.728862
vt 0.644548 0.729081
vt 0.814863 0.007386
vt 0.815061 0.010942
vt 0.674871 0.785641
vt 0.678427 0.785838
vt 0.813657 0.005653
vt 0.680160 0.787044
vt 0.365864 0.289626
vt 0.363133 0.288716
vt 0.358879 0.287298
vt 0.288137 0.263717
vt 0.282195 0.261736
vt 0.276253 0.259756
vt 0.270892 0.257969
vt 0.542367 0.311351
vt 0.568418 0.311680
vt 0.572118 0.311727
vt 0.576219 0.311779
vt 0.580320 0.311831
vt 0.584020 0.311878
vt 0.005668 0.006658
vt 0.010185 0.006623
vt 0.040528 0.006391
vt 0.046837 0.006342
vt 0.053147 0.006294
vt 0.058838 0.006250
vt 0.132775 0.005683
vt 0.135675 0.005661
vt 0.136675 0.005653
vt 0.366805 0.289940
vt 0.376506 0.090911
vt 0.376709 0.090978
vt 0.084245 0.199349
vt 0.084030 0.199350
vt 0.083403 0.199355
vt 0.036483 0.226293
vt 0.035253 0.226303
vt 0.033890 0.226313
vt 0.032527 0.226324
vt 0.006645 0.226522
vt 0.005670 0.226530
vt 0.584016 0.572403
vt 0.583216 0.572393
vt 0.582331 0.572382
vt 0.581445 0.572370
vt 0.580645 0.572360
vt 0.310857 0.041216
vt 0.334993 0.049261
vt 0.336152 0.049647
vt 0.337435 0.050075
vt 0.338719 0.050503
vt 0.374997 0.090408
vt 0.375916 0.090714
vt 0.378160 0.180978
vt 0.378685 0.181153
vt 0.114201 0.113573
vt 0.113643 0.113577
vt 0.112025 0.113589
vt 0.046231 0.130340
vt 0.043056 0.130365
vt 0.039536 0.130392
vt 0.036016 0.130419
vt 0.008189 0.130632
vt 0.005669 0.130652
vt 0.584018 0.458797
vt 0.581954 0.458771
vt 0.579666 0.458742
vt 0.577378 0.458713
vt 0.575314 0.458687
vt 0.270128 0.166595
vt 0.281450 0.131741
vt 0.307041 0.140271
vt 0.310032 0.141268
vt 0.313347 0.142373
vt 0.316662 0.143478
vt 0.374263 0.179679
vt 0.376636 0.180470
vt 0.099100 0.255099
vt 0.099007 0.254719
vt 0.065341 0.231370
vt 0.467821 0.244448
vt 0.520530 0.258925
vt 0.484489 0.268529
vt 0.438064 0.268526
vt 0.466939 0.243572
vt 0.437730 0.268195
vt 0.465962 0.242602
vt 0.437360 0.267828
vt 0.031156 0.263999
vt 0.006039 0.264192
vt 0.005670 0.264195
vt 0.584015 0.617032
vt 0.583713 0.617029
vt 0.583377 0.617024
vt 0.583042 0.617020
vt 0.582740 0.617016
vt 0.322409 0.005653
vt 0.345974 0.013508
vt 0.346413 0.013654
vt 0.904997 0.133992
vt 0.904055 0.133040
vt 0.928638 0.105253
vt 0.928994 0.105614
vt 0.919178 0.185467
vt 0.928994 0.150844
vt 0.768208 0.362259
vt 0.764238 0.350041
vt 0.768496 0.347871
vt 0.772928 0.361511
vt 0.768208 0.375106
vt 0.772928 0.375854
vt 0.764238 0.387324
vt 0.768496 0.389494
vt 0.756687 0.397718
vt 0.760066 0.401097
vt 0.746293 0.405269
vt 0.748463 0.409527
vt 0.734075 0.409239
vt 0.734823 0.413959
vt 0.721228 0.409239
vt 0.720481 0.413959
vt 0.709010 0.405269
vt 0.706840 0.409527
vt 0.698617 0.397718
vt 0.695237 0.401097
vt 0.691065 0.387324
vt 0.686807 0.389494
vt 0.687095 0.375106
vt 0.682375 0.375854
vt 0.687096 0.362259
vt 0.682375 0.361511
vt 0.691065 0.350041
vt 0.686807 0.347871
vt 0.698617 0.339647
vt 0.695237 0.336268
vt 0.709010 0.332096
vt 0.706840 0.327838
vt 0.721228 0.328126
vt 0.720481 0.323406
vt 0.734075 0.328126
vt 0.734823 0.323406
vt 0.746293 0.332096
vt 0.748463 0.327838
vt 0.756687 0.339647
vt 0.760066 0.336268
vt 0.712206 0.914781
vt 0.712206 0.928545
vt 0.705710 0.928545
vt 0.705710 0.914781
vt 0.712206 0.903857
vt 0.705710 0.903857
vt 0.005668 0.482253
vt 0.005668 0.469068
vt 0.011891 0.469068
vt 0.011891 0.482253
vt 0.005668 0.496869
vt 0.011891 0.496869
vt 0.005668 0.511485
vt 0.011891 0.511485
vt 0.005668 0.524670
vt 0.011891 0.524670
vt 0.729044 0.471989
vt 0.729044 0.461066
vt 0.735541 0.461066
vt 0.735541 0.471989
vt 0.729044 0.485754
vt 0.735541 0.485754
vt 0.729044 0.501012
vt 0.735541 0.501012
vt 0.729044 0.516270
vt 0.735541 0.516270
vt 0.729044 0.530034
vt 0.735541 0.530034
vt 0.729044 0.540958
vt 0.735541 0.540958
vt 0.813050 0.683049
vt 0.813050 0.696234
vt 0.806827 0.696234
vt 0.806827 0.683049
vt 0.813050 0.668433
vt 0.806827 0.668433
vt 0.813050 0.653817
vt 0.806827 0.653817
vt 0.813050 0.640632
vt 0.806827 0.640632
vt 0.712206 0.972826
vt 0.712206 0.983749
vt 0.705710 0.983749
vt 0.705710 0.972826
vt 0.712206 0.959061
vt 0.705710 0.959061
vt 0.712206 0.943803
vt 0.705710 0.943803
vt 0.953539 0.604993
vt 0.953539 0.621533
vt 0.949139 0.621533
vt 0.949139 0.604993
vt 0.953539 0.591866
vt 0.949139 0.591866
vt 0.179085 0.928039
vt 0.179085 0.911551
vt 0.183472 0.911551
vt 0.183472 0.928039
vt 0.179085 0.946316
vt 0.183472 0.946316
vt 0.179085 0.964594
vt 0.183472 0.964594
vt 0.179085 0.981082
vt 0.183472 0.981082
vt 0.968584 0.561918
vt 0.968584 0.548791
vt 0.972985 0.548791
vt 0.972985 0.561918
vt 0.968584 0.578458
vt 0.972985 0.578458
vt 0.968584 0.596793
vt 0.972985 0.596793
vt 0.968584 0.615129
vt 0.972985 0.615129
vt 0.968584 0.631669
vt 0.972985 0.631669
vt 0.968584 0.644796
vt 0.972985 0.644796
vt 0.980742 0.948280
vt 0.980742 0.964768
vt 0.976355 0.964768
vt 0.976355 0.948280
vt 0.980742 0.930003
vt 0.976355 0.930003
vt 0.980742 0.911725
vt 0.976355 0.911725
vt 0.980742 0.895237
vt 0.976355 0.895237
vt 0.953539 0.674744
vt 0.953539 0.687871
vt 0.949139 0.687871
vt 0.949139 0.674744
vt 0.953539 0.658204
vt 0.949139 0.658204
vt 0.953539 0.639869
vt 0.949139 0.639869
vt 0.726881 0.834888
vt 0.726881 0.848653
vt 0.682375 0.848653
vt 0.682375 0.834888
vt 0.726881 0.823965
vt 0.682375 0.823965
vt 0.608482 0.034738
vt 0.608482 0.021553
vt 0.651115 0.021553
vt 0.651115 0.034738
vt 0.608482 0.049354
vt 0.651115 0.049354
vt 0.608482 0.063970
vt 0.651115 0.063970
vt 0.608482 0.077155
vt 0.651115 0.077155
vt 0.841829 0.455806
vt 0.841829 0.444883
vt 0.886335 0.444883
vt 0.886335 0.455806
vt 0.841829 0.469571
vt 0.886335 0.469571
vt 0.841829 0.484829
vt 0.886335 0.484829
vt 0.841829 0.500087
vt 0.886335 0.500087
vt 0.841829 0.513851
vt 0.886335 0.513851
vt 0.841829 0.524775
vt 0.886335 0.524775
vt 0.888351 0.884018
vt 0.888351 0.897203
vt 0.845718 0.897203
vt 0.845718 0.884018
vt 0.888351 0.869402
vt 0.845718 0.869402
vt 0.888351 0.854786
vt 0.845718 0.854786
vt 0.888351 0.841601
vt 0.845718 0.841601
vt 0.726881 0.892933
vt 0.726881 0.903857
vt 0.682375 0.903857
vt 0.682375 0.892933
vt 0.726881 0.879169
vt 0.682375 0.879169
vt 0.726881 0.863911
vt 0.682375 0.863911
vt 0.183125 0.205405
vt 0.178628 0.219248
vt 0.170061 0.214883
vt 0.173629 0.203901
vt 0.183125 0.190850
vt 0.173629 0.192354
vt 0.178628 0.177007
vt 0.170061 0.181372
vt 0.170072 0.165232
vt 0.163274 0.172031
vt 0.158297 0.156677
vt 0.153932 0.165243
vt 0.144454 0.152179
vt 0.142950 0.161675
vt 0.129899 0.152179
vt 0.131403 0.161675
vt 0.116057 0.156677
vt 0.120422 0.165243
vt 0.104281 0.165232
vt 0.111080 0.172031
vt 0.095726 0.177007
vt 0.104293 0.181372
vt 0.091228 0.190850
vt 0.100725 0.192354
vt 0.091228 0.205405
vt 0.100725 0.203901
vt 0.095726 0.219248
vt 0.104293 0.214883
vt 0.104281 0.231023
vt 0.111080 0.224224
vt 0.116057 0.239578
vt 0.120422 0.231011
vt 0.129899 0.244076
vt 0.131403 0.234580
vt 0.144454 0.244076
vt 0.142950 0.234580
vt 0.158297 0.239578
vt 0.153932 0.231011
vt 0.170072 0.231023
vt 0.163274 0.224224
vt 0.908668 0.921672
vt 0.908668 0.932592
vt 0.904055 0.932592
vt 0.904055 0.921672
vt 0.908668 0.913006
vt 0.904055 0.913006
vt 0.079561 0.490869
vt 0.079561 0.480408
vt 0.083980 0.480408
vt 0.083980 0.490869
vt 0.079561 0.502464
vt 0.083980 0.502464
vt 0.079561 0.514059
vt 0.083980 0.514059
vt 0.079561 0.524519
vt 0.083980 0.524519
vt 0.892388 0.228456
vt 0.892388 0.219790
vt 0.897000 0.219790
vt 0.897000 0.228456
vt 0.892388 0.239376
vt 0.897000 0.239376
vt 0.892388 0.251480
vt 0.897000 0.251480
vt 0.892388 0.263585
vt 0.897000 0.263585
vt 0.892388 0.274505
vt 0.897000 0.274505
vt 0.892388 0.283171
vt 0.897000 0.283171
vt 0.080091 0.973696
vt 0.080091 0.984156
vt 0.075672 0.984156
vt 0.075672 0.973696
vt 0.080091 0.962101
vt 0.075672 0.962101
vt 0.080091 0.950506
vt 0.075672 0.950506
vt 0.080091 0.940046
vt 0.075672 0.940046
vt 0.908668 0.967721
vt 0.908668 0.976387
vt 0.904055 0.976387
vt 0.904055 0.967721
vt 0.908668 0.956801
vt 0.904055 0.956801
vt 0.908668 0.944697
vt 0.904055 0.944697
vt 0.399658 0.639456
vt 0.410479 0.635940
vt 0.411565 0.638070
vt 0.400032 0.641817
vt 0.388280 0.639456
vt 0.387906 0.641817
vt 0.377459 0.635940
vt 0.376373 0.638070
vt 0.368254 0.629252
vt 0.366563 0.630943
vt 0.361566 0.620047
vt 0.359436 0.621133
vt 0.358050 0.609226
vt 0.355689 0.609600
vt 0.358050 0.597848
vt 0.355689 0.597474
vt 0.361566 0.587027
vt 0.359436 0.585942
vt 0.368254 0.577822
vt 0.366563 0.576132
vt 0.377459 0.571134
vt 0.376373 0.569004
vt 0.388280 0.567618
vt 0.387906 0.565257
vt 0.399658 0.567618
vt 0.400032 0.565257
vt 0.410479 0.571134
vt 0.411565 0.569004
vt 0.419684 0.577822
vt 0.421375 0.576131
vt 0.426372 0.587027
vt 0.428502 0.585942
vt 0.429888 0.597848
vt 0.432249 0.597474
vt 0.429888 0.609226
vt 0.432249 0.609600
vt 0.426372 0.620047
vt 0.428502 0.621133
vt 0.419684 0.629252
vt 0.421375 0.630943
vt 0.618506 0.553963
vt 0.618506 0.566236
vt 0.613635 0.566236
vt 0.613635 0.553963
vt 0.618506 0.544223
vt 0.613635 0.544223
vt 0.814605 0.210713
vt 0.814605 0.199210
vt 0.819170 0.199210
vt 0.819170 0.210713
vt 0.814605 0.223464
vt 0.819170 0.223464
vt 0.814605 0.236215
vt 0.819170 0.236215
vt 0.814605 0.247717
vt 0.819170 0.247717
vt 0.585147 0.486010
vt 0.585147 0.476271
vt 0.590018 0.476271
vt 0.590018 0.486010
vt 0.585147 0.498283
vt 0.590018 0.498283
vt 0.585147 0.511887
vt 0.590018 0.511887
vt 0.585147 0.525492
vt 0.590018 0.525492
vt 0.585147 0.537764
vt 0.590018 0.537764
vt 0.585147 0.547504
vt 0.590018 0.547504
vt 0.174972 0.862691
vt 0.174972 0.874193
vt 0.170406 0.874193
vt 0.170406 0.862691
vt 0.174972 0.849940
vt 0.170406 0.849940
vt 0.174972 0.837189
vt 0.170406 0.837189
vt 0.174972 0.825686
vt 0.170406 0.825686
vt 0.618506 0.605717
vt 0.618506 0.615457
vt 0.613635 0.615457
vt 0.613635 0.605717
vt 0.618506 0.593445
vt 0.613635 0.593445
vt 0.618506 0.579840
vt 0.613635 0.579840
vt 0.480141 0.213905
vt 0.492056 0.215790
vt 0.492052 0.238611
vt 0.482881 0.237161
vt 0.591399 0.559923
vt 0.591399 0.552427
vt 0.277393 0.264191
vt 0.279282 0.276106
vt 0.256025 0.273374
vt 0.254572 0.264204
vt 0.840011 0.213650
vt 0.840011 0.223464
vt 0.134009 0.605127
vt 0.146710 0.605219
vt 0.146711 0.626630
vt 0.136935 0.626559
vt 0.840011 0.233278
vt 0.840011 0.242131
vt 0.590988 0.484487
vt 0.590988 0.474747
vt 0.613920 0.483712
vt 0.613920 0.491209
vt 0.612254 0.491970
vt 0.612254 0.501416
vt 0.706743 0.646568
vt 0.694042 0.646661
vt 0.696969 0.625229
vt 0.706745 0.625157
vt 0.612254 0.511887
vt 0.612254 0.522358
vt 0.355937 0.054278
vt 0.344021 0.052393
vt 0.344025 0.029572
vt 0.353197 0.031022
vt 0.612254 0.531804
vt 0.612254 0.539301
vt 0.505364 0.275379
vt 0.503475 0.263464
vt 0.526732 0.266195
vt 0.528186 0.275366
vt 0.149565 0.859754
vt 0.149565 0.849940
vt 0.166157 0.148461
vt 0.153456 0.148368
vt 0.153454 0.126957
vt 0.163230 0.127029
vt 0.149565 0.840126
vt 0.149565 0.831272
vt 0.612664 0.607241
vt 0.612664 0.616980
vt 0.589732 0.608015
vt 0.589732 0.600519
vt 0.591399 0.599757
vt 0.591399 0.590311
vt 0.141788 0.185597
vt 0.154489 0.185504
vt 0.151563 0.206936
vt 0.141787 0.207007
vt 0.591399 0.579840
vt 0.591399 0.569369
vt 0.376554 0.053735
vt 0.376553 0.063099
vt 0.371245 0.062408
vt 0.371246 0.054424
vt 0.208355 0.211184
vt 0.208355 0.220517
vt 0.204013 0.219829
vt 0.204013 0.211871
vt 0.760157 0.077810
vt 0.769521 0.077809
vt 0.768832 0.083117
vt 0.760848 0.083118
vt 0.694042 0.151670
vt 0.703375 0.151669
vt 0.702688 0.156011
vt 0.694731 0.156012
vt 0.837940 0.142224
vt 0.837941 0.132860
vt 0.843249 0.133551
vt 0.843248 0.141535
vt 0.102896 0.194956
vt 0.102896 0.185623
vt 0.107239 0.186311
vt 0.107238 0.194269
vt 0.394580 0.159179
vt 0.403944 0.159179
vt 0.403254 0.164487
vt 0.395270 0.164487
vt 0.682375 0.173547
vt 0.691708 0.173546
vt 0.691021 0.177888
vt 0.683063 0.177889
vt 0.655151 0.079362
vt 0.664515 0.079360
vt 0.663826 0.084669
vt 0.655842 0.084670
vt 0.106785 0.144655
vt 0.106786 0.135322
vt 0.111128 0.136010
vt 0.111127 0.143968
vt 0.818494 0.160238
vt 0.818495 0.150874
vt 0.823803 0.151564
vt 0.823802 0.159548
vt 0.130120 0.226215
vt 0.130120 0.216882
vt 0.134462 0.217569
vt 0.134462 0.225527
vt 0.855082 0.138137
vt 0.845718 0.138138
vt 0.846408 0.132830
vt 0.854392 0.132829
vt 0.730599 0.151155
vt 0.721266 0.151157
vt 0.721953 0.146815
vt 0.729911 0.146813
vt 0.819915 0.110312
vt 0.819913 0.119677
vt 0.814605 0.118986
vt 0.814606 0.111002
vt 0.126684 0.216883
vt 0.126683 0.226216
vt 0.122341 0.225528
vt 0.122342 0.217570
vt 0.403944 0.133389
vt 0.394580 0.133389
vt 0.395270 0.128081
vt 0.403254 0.128081
vt 0.691708 0.173546
vt 0.682375 0.173546
vt 0.683062 0.169204
vt 0.691020 0.169203
vt 0.617846 0.091414
vt 0.608482 0.091415
vt 0.609171 0.086107
vt 0.617155 0.086106
vt 0.126685 0.164540
vt 0.126683 0.173874
vt 0.122341 0.173185
vt 0.122343 0.165228
vt 0.404121 0.576030
vt 0.404121 0.583946
vt 0.367356 0.588396
vt 0.367356 0.584497
vt 0.404121 0.569749
vt 0.367356 0.581402
vt 0.893389 0.103211
vt 0.900954 0.103211
vt 0.892862 0.138350
vt 0.889135 0.138350
vt 0.885003 0.103211
vt 0.885003 0.138350
vt 0.876618 0.103211
vt 0.880872 0.138350
vt 0.869053 0.103211
vt 0.877144 0.138350
vt 0.291896 0.653616
vt 0.291896 0.647335
vt 0.328660 0.658987
vt 0.328660 0.662082
vt 0.291896 0.661531
vt 0.328660 0.665982
vt 0.291896 0.670305
vt 0.328660 0.670305
vt 0.291896 0.679079
vt 0.328660 0.674628
vt 0.291896 0.686994
vt 0.328660 0.678528
vt 0.291896 0.693276
vt 0.328660 0.681623
vt 0.075459 0.254144
vt 0.067894 0.254144
vt 0.075985 0.219006
vt 0.079713 0.219006
vt 0.083844 0.254144
vt 0.083844 0.219006
vt 0.092230 0.254144
vt 0.087976 0.219006
vt 0.099795 0.254144
vt 0.091703 0.219006
vt 0.404121 0.609408
vt 0.404121 0.615690
vt 0.367356 0.604037
vt 0.367356 0.600942
vt 0.404121 0.601493
vt 0.367356 0.597042
vt 0.404121 0.592719
vt 0.367356 0.592719
vt 0.624038 0.019267
vt 0.636737 0.019266
vt 0.636737 0.021252
vt 0.624038 0.021253
vt 0.736823 0.135462
vt 0.740493 0.113452
vt 0.742069 0.112644
vt 0.738792 0.135672
vt 0.434633 0.243284
vt 0.457001 0.243281
vt 0.456770 0.245297
vt 0.433471 0.244678
vt 0.736823 0.111076
vt 0.738005 0.109250
vt 0.406443 0.576030
vt 0.406443 0.583946
vt 0.404121 0.573146
vt 0.405759 0.572665
vt 0.900166 0.140662
vt 0.900167 0.127962
vt 0.902153 0.127963
vt 0.902152 0.140662
vt 0.589732 0.551467
vt 0.612664 0.542304
vt 0.654037 0.087136
vt 0.632027 0.090807
vt 0.631816 0.088838
vt 0.654845 0.085561
vt 0.591399 0.556467
vt 0.589036 0.556467
vt 0.893389 0.100992
vt 0.900954 0.100992
vt 0.656413 0.090807
vt 0.658239 0.089625
vt 0.596814 0.005655
vt 0.609513 0.005653
vt 0.609514 0.007639
vt 0.596815 0.007641
vt 0.745962 0.182158
vt 0.742317 0.203438
vt 0.740712 0.204127
vt 0.743926 0.181809
vt 0.431761 0.212724
vt 0.410441 0.216280
vt 0.410136 0.214216
vt 0.432494 0.211120
vt 0.745964 0.205920
vt 0.744790 0.207646
vt 0.876618 0.100992
vt 0.885003 0.100992
vt 0.434063 0.216279
vt 0.435832 0.215134
vt 0.785478 0.160386
vt 0.785478 0.173084
vt 0.783492 0.173084
vt 0.783492 0.160386
vt 0.313748 0.635302
vt 0.291896 0.643364
vt 0.290258 0.642616
vt 0.312795 0.633805
vt 0.289574 0.647335
vt 0.289574 0.653616
vt 0.612254 0.494906
vt 0.614617 0.494906
vt 0.898265 0.123458
vt 0.898263 0.136157
vt 0.896277 0.136157
vt 0.896279 0.123458
vt 0.461966 0.101457
vt 0.458410 0.122777
vt 0.456806 0.123509
vt 0.459903 0.101152
vt 0.766230 0.012204
vt 0.744950 0.015849
vt 0.744601 0.013813
vt 0.766919 0.010599
vt 0.461966 0.125078
vt 0.460821 0.126847
vt 0.289574 0.670305
vt 0.289574 0.661531
vt 0.768712 0.015852
vt 0.770438 0.014677
vt 0.516175 0.054070
vt 0.503475 0.054071
vt 0.503475 0.052085
vt 0.516174 0.052084
vt 0.784849 0.152339
vt 0.781178 0.174349
vt 0.779603 0.175157
vt 0.782880 0.152129
vt 0.774747 0.242591
vt 0.752379 0.242595
vt 0.752611 0.240578
vt 0.775909 0.241197
vt 0.784849 0.176725
vt 0.783667 0.178551
vt 0.289574 0.686994
vt 0.289574 0.679079
vt 0.291896 0.689879
vt 0.290258 0.690359
vt 0.793257 0.021076
vt 0.793257 0.033776
vt 0.791270 0.033775
vt 0.791271 0.021076
vt 0.613920 0.540260
vt 0.590988 0.549424
vt 0.445451 0.009324
vt 0.467462 0.005653
vt 0.467673 0.007622
vt 0.444644 0.010900
vt 0.612254 0.535260
vt 0.614617 0.535260
vt 0.075459 0.256363
vt 0.067894 0.256363
vt 0.443075 0.005653
vt 0.441249 0.006835
vt 0.636737 0.010801
vt 0.624038 0.010803
vt 0.624038 0.008817
vt 0.636737 0.008815
vt 0.394582 0.127670
vt 0.398227 0.106389
vt 0.399833 0.105700
vt 0.396619 0.128018
vt 0.713669 0.171903
vt 0.734990 0.168347
vt 0.735294 0.170411
vt 0.712937 0.173507
vt 0.394580 0.103907
vt 0.395754 0.102181
vt 0.092230 0.256363
vt 0.083844 0.256363
vt 0.711368 0.168348
vt 0.709599 0.169493
vt 0.810716 0.148994
vt 0.810716 0.136295
vt 0.812702 0.136295
vt 0.812702 0.148993
vt 0.382268 0.627722
vt 0.404121 0.619660
vt 0.405759 0.620409
vt 0.383222 0.629219
vt 0.406443 0.615690
vt 0.406443 0.609408
vt 0.591399 0.596822
vt 0.589036 0.596822
vt 0.911833 0.119380
vt 0.911835 0.106681
vt 0.913821 0.106682
vt 0.913819 0.119381
vt 0.281795 0.108694
vt 0.285351 0.087374
vt 0.286955 0.086642
vt 0.283859 0.108999
vt 0.737141 0.162296
vt 0.758422 0.158651
vt 0.758771 0.160687
vt 0.736453 0.163901
vt 0.281796 0.085073
vt 0.282941 0.083304
vt 0.406443 0.592719
vt 0.406443 0.601493
vt 0.734659 0.158648
vt 0.732934 0.159823
vt 0.983585 0.845788
vt 0.974059 0.845788
vt 0.974059 0.833459
vt 0.983585 0.833459
vt 0.974059 0.823674
vt 0.983585 0.823674
vt 0.042017 0.972070
vt 0.032892 0.972070
vt 0.032892 0.960260
vt 0.042017 0.960260
vt 0.032892 0.947168
vt 0.042017 0.947168
vt 0.032892 0.934076
vt 0.042017 0.934076
vt 0.032892 0.922265
vt 0.042017 0.922265
vt 0.974059 0.271214
vt 0.983585 0.271214
vt 0.983585 0.280999
vt 0.974059 0.280999
vt 0.983585 0.293328
vt 0.974059 0.293328
vt 0.983585 0.306996
vt 0.974059 0.306996
vt 0.983585 0.320663
vt 0.974059 0.320663
vt 0.983585 0.332992
vt 0.974059 0.332992
vt 0.983585 0.342777
vt 0.974059 0.342777
vt 0.301241 0.549758
vt 0.310366 0.549758
vt 0.310366 0.561568
vt 0.301241 0.561568
vt 0.310366 0.574660
vt 0.301241 0.574660
vt 0.310366 0.587752
vt 0.301241 0.587752
vt 0.310366 0.599563
vt 0.301241 0.599563
vt 0.983585 0.895237
vt 0.974059 0.895237
vt 0.974059 0.885452
vt 0.983585 0.885452
vt 0.974059 0.873123
vt 0.983585 0.873123
vt 0.974059 0.859456
vt 0.983585 0.859456
vt 0.876831 0.566848
vt 0.889208 0.564888
vt 0.878043 0.570577
vt 0.876831 0.562928
vt 0.878043 0.559199
vt 0.880347 0.556027
vt 0.883519 0.553722
vt 0.887248 0.552511
vt 0.891169 0.552511
vt 0.894898 0.553722
vt 0.898070 0.556027
vt 0.900374 0.559199
vt 0.901586 0.562928
vt 0.901586 0.566849
vt 0.900374 0.570577
vt 0.898070 0.573749
vt 0.894898 0.576054
vt 0.891169 0.577266
vt 0.887248 0.577266
vt 0.883519 0.576054
vt 0.880347 0.573749
vt 0.240685 0.267978
vt 0.281807 0.289653
vt 0.240760 0.268201
vt 0.240876 0.268549
vt 0.819205 0.823784
vt 0.816389 0.786353
vt 0.817901 0.787306
vt 0.818122 0.786792
vt 0.818172 0.786235
vt 0.818049 0.785689
vt 0.819215 0.758338
vt 0.819013 0.758024
vt 0.818741 0.757865
vt 0.818425 0.757876
vt 0.818098 0.758054
vt 0.817791 0.758385
vt 0.814876 0.785400
vt 0.814656 0.785914
vt 0.814605 0.786471
vt 0.814729 0.787017
vt 0.818518 0.824018
vt 0.209550 0.231373
vt 0.242901 0.263996
vt 0.209313 0.231371
vt 0.779890 0.289641
vt 0.783004 0.329602
vt 0.779746 0.289606
vt 0.779603 0.289571
vt 0.300806 0.631954
vt 0.298565 0.627557
vt 0.312252 0.623110
vt 0.313024 0.627984
vt 0.326643 0.623110
vt 0.325871 0.627984
vt 0.340329 0.627557
vt 0.338089 0.631954
vt 0.351972 0.636016
vt 0.348482 0.639506
vt 0.360431 0.647659
vt 0.356034 0.649899
vt 0.364878 0.661345
vt 0.360004 0.662117
vt 0.364878 0.675736
vt 0.360004 0.674964
vt 0.360431 0.689423
vt 0.356034 0.687182
vt 0.351972 0.701065
vt 0.348482 0.697576
vt 0.340329 0.709524
vt 0.338089 0.705127
vt 0.326643 0.713971
vt 0.325871 0.709097
vt 0.312252 0.713971
vt 0.313024 0.709097
vt 0.298565 0.709524
vt 0.300806 0.705127
vt 0.286923 0.701065
vt 0.290412 0.697576
vt 0.278464 0.689423
vt 0.282861 0.687182
vt 0.274017 0.675736
vt 0.278891 0.674964
vt 0.274017 0.661345
vt 0.278891 0.662117
vt 0.278464 0.647659
vt 0.282861 0.649899
vt 0.286923 0.636016
vt 0.290412 0.639506
vt 0.984267 0.215822
vt 0.974059 0.215822
vt 0.974059 0.202011
vt 0.984267 0.202011
vt 0.974059 0.191050
vt 0.984267 0.191050
vt 0.264350 0.809363
vt 0.254572 0.809363
vt 0.254572 0.796134
vt 0.264350 0.796134
vt 0.254572 0.781468
vt 0.264350 0.781468
vt 0.254572 0.766803
vt 0.264350 0.766803
vt 0.254572 0.753573
vt 0.264350 0.753573
vt 0.950724 0.825623
vt 0.960932 0.825623
vt 0.960932 0.836584
vt 0.950724 0.836584
vt 0.960932 0.850395
vt 0.950724 0.850395
vt 0.960932 0.865705
vt 0.950724 0.865705
vt 0.960932 0.881015
vt 0.950724 0.881015
vt 0.960932 0.894826
vt 0.950724 0.894826
vt 0.960932 0.905787
vt 0.950724 0.905787
vt 0.021224 0.770632
vt 0.031003 0.770632
vt 0.031003 0.783861
vt 0.021224 0.783861
vt 0.031003 0.798527
vt 0.021224 0.798527
vt 0.031003 0.813192
vt 0.021224 0.813192
vt 0.031003 0.826422
vt 0.021224 0.826422
vt 0.984267 0.271214
vt 0.974059 0.271214
vt 0.974059 0.260253
vt 0.984267 0.260253
vt 0.974059 0.246442
vt 0.984267 0.246442
vt 0.974059 0.231132
vt 0.984267 0.231132
vt 0.632374 0.670897
vt 0.635190 0.672331
vt 0.631048 0.685077
vt 0.627927 0.684583
vt 0.631048 0.698480
vt 0.627927 0.698974
vt 0.635190 0.711226
vt 0.632374 0.712661
vt 0.643067 0.722069
vt 0.640833 0.724303
vt 0.653910 0.729946
vt 0.652475 0.732762
vt 0.666656 0.734088
vt 0.666162 0.737209
vt 0.680059 0.734088
vt 0.680553 0.737209
vt 0.692805 0.729946
vt 0.694239 0.732762
vt 0.703648 0.722069
vt 0.705882 0.724303
vt 0.711525 0.711226
vt 0.714341 0.712661
vt 0.715667 0.698480
vt 0.718788 0.698974
vt 0.715667 0.685077
vt 0.718788 0.684583
vt 0.711525 0.672331
vt 0.714341 0.670897
vt 0.703648 0.661488
vt 0.705882 0.659254
vt 0.692805 0.653611
vt 0.694239 0.650795
vt 0.680059 0.649469
vt 0.680553 0.646348
vt 0.666656 0.649469
vt 0.666162 0.646348
vt 0.653910 0.653611
vt 0.652475 0.650795
vt 0.643067 0.661488
vt 0.640833 0.659254
vt 0.524756 0.833358
vt 0.476251 0.835824
vt 0.476251 0.825102
vt 0.524756 0.820412
vt 0.476251 0.816594
vt 0.524756 0.810137
vt 0.110467 0.903289
vt 0.064005 0.898796
vt 0.064005 0.888525
vt 0.110467 0.890887
vt 0.064005 0.877140
vt 0.110467 0.877140
vt 0.064005 0.865755
vt 0.110467 0.863393
vt 0.064005 0.855484
vt 0.110467 0.850991
vt 0.005668 0.628770
vt 0.054172 0.635227
vt 0.054172 0.643736
vt 0.005668 0.639045
vt 0.054172 0.654458
vt 0.005668 0.651991
vt 0.054172 0.666343
vt 0.005668 0.666343
vt 0.054172 0.678228
vt 0.005668 0.680694
vt 0.054172 0.688950
vt 0.005668 0.693641
vt 0.054172 0.697459
vt 0.005668 0.703915
vt 0.682375 0.180345
vt 0.728838 0.184838
vt 0.728838 0.195108
vt 0.682375 0.192746
vt 0.728838 0.206493
vt 0.682375 0.206493
vt 0.728838 0.217878
vt 0.682375 0.220241
vt 0.728838 0.228149
vt 0.682375 0.232642
vt 0.524756 0.885282
vt 0.476251 0.878825
vt 0.476251 0.870317
vt 0.524756 0.875007
vt 0.476251 0.859595
vt 0.524756 0.862061
vt 0.476251 0.847710
vt 0.524756 0.847710
vt 0.056576 0.549623
vt 0.054499 0.545547
vt 0.066546 0.541633
vt 0.067261 0.546151
vt 0.079213 0.541633
vt 0.078497 0.546151
vt 0.091259 0.545547
vt 0.089182 0.549623
vt 0.101507 0.552993
vt 0.098272 0.556227
vt 0.108952 0.563240
vt 0.104876 0.565317
vt 0.112867 0.575287
vt 0.108348 0.576003
vt 0.112867 0.587954
vt 0.108348 0.587238
vt 0.108952 0.600001
vt 0.104876 0.597924
vt 0.101507 0.610248
vt 0.098272 0.607014
vt 0.091259 0.617694
vt 0.089182 0.613618
vt 0.079213 0.621608
vt 0.078497 0.617090
vt 0.066546 0.621608
vt 0.067261 0.617090
vt 0.054499 0.617694
vt 0.056576 0.613618
vt 0.044251 0.610248
vt 0.047486 0.607014
vt 0.036806 0.600001
vt 0.040882 0.597924
vt 0.032892 0.587954
vt 0.037410 0.587238
vt 0.032892 0.575287
vt 0.037410 0.576003
vt 0.036806 0.563240
vt 0.040882 0.565317
vt 0.044251 0.552993
vt 0.047486 0.556227
vt 0.942510 0.030226
vt 0.939574 0.030226
vt 0.939574 0.016526
vt 0.942510 0.016526
vt 0.939574 0.005653
vt 0.942510 0.005653
vt 0.580185 0.704222
vt 0.577372 0.704222
vt 0.577372 0.691098
vt 0.580185 0.691098
vt 0.577372 0.676550
vt 0.580185 0.676550
vt 0.577372 0.662002
vt 0.580185 0.662002
vt 0.577372 0.648879
vt 0.580185 0.648879
vt 0.919611 0.340514
vt 0.922548 0.340514
vt 0.922548 0.351387
vt 0.919611 0.351387
vt 0.922548 0.365088
vt 0.919611 0.365088
vt 0.922548 0.380275
vt 0.919611 0.380275
vt 0.922548 0.395462
vt 0.919611 0.395462
vt 0.922548 0.409162
vt 0.919611 0.409162
vt 0.922548 0.420035
vt 0.919611 0.420035
vt 0.779603 0.356131
vt 0.782416 0.356131
vt 0.782416 0.369254
vt 0.779603 0.369254
vt 0.782416 0.383802
vt 0.779603 0.383802
vt 0.782416 0.398350
vt 0.779603 0.398350
vt 0.782416 0.411474
vt 0.779603 0.411474
vt 0.942510 0.085174
vt 0.939574 0.085174
vt 0.939574 0.074301
vt 0.942510 0.074301
vt 0.939574 0.060601
vt 0.942510 0.060601
vt 0.939574 0.045414
vt 0.942510 0.045414
vt 0.927390 0.033874
vt 0.927390 0.023464
vt 0.927390 0.015203
vt 0.565701 0.697576
vt 0.565701 0.687604
vt 0.565701 0.676550
vt 0.565701 0.665497
vt 0.565701 0.655525
vt 0.934732 0.350064
vt 0.934732 0.358325
vt 0.934732 0.368735
vt 0.934732 0.380275
vt 0.934732 0.391814
vt 0.934732 0.402224
vt 0.934732 0.410485
vt 0.794087 0.362777
vt 0.794087 0.372748
vt 0.794087 0.383802
vt 0.794087 0.394856
vt 0.794087 0.404828
vt 0.927390 0.075624
vt 0.927390 0.067363
vt 0.927390 0.056953
vt 0.927390 0.045414
vt 0.669756 0.258533
vt 0.675459 0.261438
vt 0.673140 0.268576
vt 0.666818 0.267575
vt 0.673140 0.276082
vt 0.666818 0.277083
vt 0.675459 0.283220
vt 0.669756 0.286125
vt 0.679871 0.289292
vt 0.675345 0.293817
vt 0.685943 0.293703
vt 0.683037 0.299406
vt 0.693081 0.296022
vt 0.692079 0.302344
vt 0.700586 0.296022
vt 0.701587 0.302344
vt 0.707724 0.293703
vt 0.710630 0.299406
vt 0.713796 0.289292
vt 0.718322 0.293817
vt 0.718207 0.283220
vt 0.723910 0.286125
vt 0.720527 0.276082
vt 0.726848 0.277083
vt 0.720527 0.268576
vt 0.726848 0.267575
vt 0.718207 0.261438
vt 0.723910 0.258533
vt 0.713796 0.255367
vt 0.718322 0.250841
vt 0.707724 0.250955
vt 0.710630 0.245252
vt 0.700586 0.248636
vt 0.701587 0.242314
vt 0.693081 0.248636
vt 0.692079 0.242314
vt 0.685943 0.250955
vt 0.683037 0.245252
vt 0.679871 0.255366
vt 0.675345 0.250841
vt 0.782981 0.495370
vt 0.775714 0.495370
vt 0.775714 0.488167
vt 0.782981 0.488167
vt 0.775714 0.482451
vt 0.782981 0.482451
vt 0.560995 0.168005
vt 0.554034 0.168005
vt 0.554034 0.161105
vt 0.560995 0.161105
vt 0.554034 0.153457
vt 0.560995 0.153457
vt 0.554034 0.145809
vt 0.560995 0.145809
vt 0.554034 0.138909
vt 0.560995 0.138909
vt 0.760157 0.196934
vt 0.767424 0.196934
vt 0.767424 0.202650
vt 0.760157 0.202650
vt 0.767424 0.209853
vt 0.760157 0.209853
vt 0.767424 0.217838
vt 0.760157 0.217838
vt 0.767424 0.225822
vt 0.760157 0.225822
vt 0.767424 0.233025
vt 0.760157 0.233025
vt 0.767424 0.238742
vt 0.760157 0.238742
vt 0.709599 0.113643
vt 0.716560 0.113643
vt 0.716560 0.120543
vt 0.709599 0.120543
vt 0.716560 0.128191
vt 0.709599 0.128191
vt 0.716560 0.135840
vt 0.709599 0.135840
vt 0.716560 0.142740
vt 0.709599 0.142740
vt 0.782981 0.524258
vt 0.775714 0.524258
vt 0.775714 0.518542
vt 0.782981 0.518542
vt 0.775714 0.511339
vt 0.782981 0.511339
vt 0.775714 0.503355
vt 0.782981 0.503355
vt 0.364602 0.919434
vt 0.365901 0.916885
vt 0.372188 0.918928
vt 0.371740 0.921754
vt 0.378798 0.918928
vt 0.379246 0.921754
vt 0.385085 0.916885
vt 0.386384 0.919434
vt 0.390433 0.913000
vt 0.392455 0.915023
vt 0.394318 0.907652
vt 0.396867 0.908951
vt 0.396361 0.901366
vt 0.399186 0.901813
vt 0.396361 0.894755
vt 0.399186 0.894308
vt 0.394318 0.888469
vt 0.396867 0.887170
vt 0.390433 0.883121
vt 0.392455 0.881098
vt 0.385085 0.879235
vt 0.386384 0.876686
vt 0.378798 0.877193
vt 0.379246 0.874367
vt 0.372188 0.877193
vt 0.371740 0.874367
vt 0.365901 0.879235
vt 0.364602 0.876686
vt 0.360553 0.883121
vt 0.358530 0.881098
vt 0.356668 0.888469
vt 0.354119 0.887170
vt 0.354625 0.894755
vt 0.351800 0.894308
vt 0.354625 0.901366
vt 0.351800 0.901813
vt 0.356668 0.907652
vt 0.354119 0.908951
vt 0.360553 0.913000
vt 0.358530 0.915023
vt 0.285215 0.183154
vt 0.281795 0.183154
vt 0.281795 0.176810
vt 0.285215 0.176810
vt 0.281795 0.171776
vt 0.285215 0.171776
vt 0.868440 0.126618
vt 0.865164 0.126618
vt 0.865164 0.120542
vt 0.868440 0.120542
vt 0.865164 0.113805
vt 0.868440 0.113805
vt 0.865164 0.107069
vt 0.868440 0.107069
vt 0.865164 0.100992
vt 0.868440 0.100992
vt 0.612371 0.112036
vt 0.615791 0.112036
vt 0.615791 0.117071
vt 0.612371 0.117071
vt 0.615791 0.123415
vt 0.612371 0.123415
vt 0.615791 0.130447
vt 0.612371 0.130447
vt 0.615791 0.137480
vt 0.612371 0.137480
vt 0.615791 0.143824
vt 0.612371 0.143824
vt 0.615791 0.148858
vt 0.612371 0.148858
vt 0.900166 0.005653
vt 0.903442 0.005653
vt 0.903442 0.011730
vt 0.900166 0.011730
vt 0.903442 0.018467
vt 0.900166 0.018467
vt 0.903442 0.025203
vt 0.900166 0.025203
vt 0.903442 0.031280
vt 0.900166 0.031280
vt 0.285215 0.208597
vt 0.281795 0.208597
vt 0.281795 0.203563
vt 0.285215 0.203563
vt 0.281795 0.197219
vt 0.285215 0.197219
vt 0.281795 0.190187
vt 0.285215 0.190187
vt 0.497753 0.596358
vt 0.496628 0.594150
vt 0.503652 0.591868
vt 0.504040 0.594315
vt 0.511038 0.591867
vt 0.510650 0.594315
vt 0.518062 0.594150
vt 0.516937 0.596358
vt 0.524037 0.598491
vt 0.522284 0.600243
vt 0.528378 0.604466
vt 0.526170 0.605591
vt 0.530660 0.611490
vt 0.528212 0.611878
vt 0.530660 0.618875
vt 0.528212 0.618488
vt 0.528378 0.625899
vt 0.526170 0.624774
vt 0.524037 0.631874
vt 0.522284 0.630122
vt 0.518062 0.636215
vt 0.516937 0.634008
vt 0.511038 0.638498
vt 0.510650 0.636050
vt 0.503652 0.638498
vt 0.504040 0.636050
vt 0.496628 0.636216
vt 0.497753 0.634008
vt 0.490653 0.631874
vt 0.492405 0.630122
vt 0.486312 0.625899
vt 0.488520 0.624774
vt 0.484030 0.618875
vt 0.486477 0.618488
vt 0.484030 0.611490
vt 0.486477 0.611878
vt 0.486312 0.604466
vt 0.488520 0.605591
vt 0.490653 0.598491
vt 0.492405 0.600243
vt 0.464716 0.930504
vt 0.460345 0.930504
vt 0.460345 0.923287
vt 0.464716 0.923287
vt 0.460345 0.917559
vt 0.464716 0.917559
vt 0.697075 0.686478
vt 0.692888 0.686478
vt 0.692888 0.679564
vt 0.697075 0.679564
vt 0.692888 0.671901
vt 0.697075 0.671901
vt 0.692888 0.664238
vt 0.697075 0.664238
vt 0.692888 0.657324
vt 0.697075 0.657324
vt 0.301241 0.901640
vt 0.305612 0.901640
vt 0.305612 0.907367
vt 0.301241 0.907367
vt 0.305612 0.914584
vt 0.301241 0.914584
vt 0.305612 0.922584
vt 0.301241 0.922584
vt 0.305612 0.930584
vt 0.301241 0.930584
vt 0.305612 0.937801
vt 0.301241 0.937801
vt 0.305612 0.943529
vt 0.301241 0.943529
vt 0.690153 0.748295
vt 0.694340 0.748295
vt 0.694340 0.755209
vt 0.690153 0.755209
vt 0.694340 0.762872
vt 0.690153 0.762872
vt 0.694340 0.770535
vt 0.690153 0.770535
vt 0.694340 0.777449
vt 0.690153 0.777449
vt 0.464716 0.959448
vt 0.460345 0.959448
vt 0.460345 0.953721
vt 0.464716 0.953721
vt 0.460345 0.946504
vt 0.464716 0.946504
vt 0.460345 0.938504
vt 0.464716 0.938504
vt 0.457877 0.931194
vt 0.457877 0.924599
vt 0.457877 0.919366
vt 0.690524 0.685220
vt 0.690524 0.678903
vt 0.690524 0.671901
vt 0.690524 0.664898
vt 0.690524 0.658581
vt 0.308081 0.903446
vt 0.308081 0.908680
vt 0.308081 0.915274
vt 0.308081 0.922584
vt 0.308081 0.929894
vt 0.308081 0.936489
vt 0.308081 0.941723
vt 0.696705 0.749552
vt 0.696705 0.755870
vt 0.696705 0.762872
vt 0.696705 0.769874
vt 0.696705 0.776191
vt 0.457877 0.957642
vt 0.457877 0.952408
vt 0.457877 0.945814
vt 0.457877 0.938504
vt 0.441249 0.931194
vt 0.441249 0.924599
vt 0.441249 0.919366
vt 0.674597 0.685220
vt 0.674597 0.678903
vt 0.674597 0.671901
vt 0.674597 0.664898
vt 0.674597 0.658581
vt 0.324708 0.903446
vt 0.324708 0.908680
vt 0.324708 0.915274
vt 0.324708 0.922584
vt 0.324708 0.929894
vt 0.324708 0.936489
vt 0.324708 0.941723
vt 0.712632 0.749552
vt 0.712632 0.755870
vt 0.712632 0.762872
vt 0.712632 0.769874
vt 0.712632 0.776191
vt 0.441249 0.957642
vt 0.441249 0.952408
vt 0.441249 0.945814
vt 0.441249 0.938504
vt 0.076852 0.746829
vt 0.072900 0.747294
vt 0.073219 0.739289
vt 0.077121 0.740068
vt 0.075995 0.731775
vt 0.079467 0.733721
vt 0.080959 0.725486
vt 0.083659 0.728410
vt 0.087622 0.721039
vt 0.089286 0.724654
vt 0.095334 0.718868
vt 0.095800 0.722820
vt 0.103339 0.719187
vt 0.102560 0.723090
vt 0.110854 0.721964
vt 0.108907 0.725435
vt 0.117142 0.726927
vt 0.114218 0.729627
vt 0.121590 0.733591
vt 0.117975 0.735255
vt 0.123760 0.741302
vt 0.119808 0.741768
vt 0.123441 0.749307
vt 0.119538 0.748529
vt 0.120664 0.756822
vt 0.117193 0.754875
vt 0.115701 0.763111
vt 0.113001 0.760187
vt 0.109038 0.767558
vt 0.107373 0.763943
vt 0.101326 0.769728
vt 0.100860 0.765776
vt 0.093321 0.769410
vt 0.094099 0.765507
vt 0.085806 0.766633
vt 0.087753 0.763161
vt 0.079517 0.761670
vt 0.082441 0.758970
vt 0.075070 0.755006
vt 0.078685 0.753342
vt 0.006016 0.766888
vt 0.008719 0.763633
vt 0.013512 0.759832
vt 0.080103 0.724560
vt 0.525778 0.583034
vt 0.525372 0.581735
vt 0.533749 0.581651
vt 0.533762 0.582955
vt 0.542126 0.581567
vt 0.541746 0.582875
vt 0.549683 0.581492
vt 0.548949 0.582803
vt 0.683482 0.579745
vt 0.682375 0.578342
vt 0.688828 0.578342
vt 0.689632 0.579745
vt 0.696959 0.578342
vt 0.697382 0.579745
vt 0.705972 0.578342
vt 0.705972 0.579745
vt 0.714986 0.578342
vt 0.714563 0.579745
vt 0.723117 0.578342
vt 0.722312 0.579745
vt 0.729570 0.578342
vt 0.728462 0.579745
vt 0.318932 0.341926
vt 0.319689 0.343276
vt 0.311906 0.343199
vt 0.311514 0.341852
vt 0.303279 0.343113
vt 0.303292 0.341770
vt 0.294651 0.343027
vt 0.295070 0.341688
vt 0.286868 0.342949
vt 0.287652 0.341614
vt 0.093074 0.770646
vt 0.011938 0.770627
vt 0.007708 0.770564
vt 0.005668 0.769276
vt 0.438617 0.538005
vt 0.439076 0.517469
vt 0.442567 0.517434
vt 0.442265 0.537969
vt 0.448006 0.517380
vt 0.447946 0.537912
vt 0.527785 0.516585
vt 0.527271 0.537121
vt 0.535382 0.516509
vt 0.535207 0.537042
vt 0.542979 0.516433
vt 0.543142 0.536963
vt 0.549832 0.516365
vt 0.550301 0.536892
vt 0.684798 0.530366
vt 0.685914 0.508278
vt 0.691399 0.508278
vt 0.690588 0.530366
vt 0.698310 0.508278
vt 0.697884 0.530366
vt 0.705972 0.508278
vt 0.705972 0.530366
vt 0.713634 0.508278
vt 0.714060 0.530366
vt 0.720546 0.508278
vt 0.721356 0.530366
vt 0.726031 0.508278
vt 0.727147 0.530366
vt 0.320325 0.389208
vt 0.319841 0.410347
vt 0.312784 0.410277
vt 0.312953 0.389135
vt 0.304960 0.410199
vt 0.304780 0.389053
vt 0.297137 0.410121
vt 0.296608 0.388972
vt 0.290080 0.410050
vt 0.289235 0.388898
vt 0.209376 0.409246
vt 0.209064 0.388099
vt 0.205780 0.409210
vt 0.205307 0.388061
vt 0.204541 0.409198
vt 0.204013 0.388048
vt 0.437360 0.538018
vt 0.437873 0.517481
vt 0.604977 0.031776
vt 0.604593 0.032787
vt 0.604593 0.029826
vt 0.604977 0.029106
vt 0.604593 0.025215
vt 0.604977 0.024949
vt 0.651971 0.816762
vt 0.651749 0.816893
vt 0.720003 0.787945
vt 0.722151 0.789059
vt 0.725281 0.784538
vt 0.726910 0.785987
vt 0.731354 0.782929
vt 0.732386 0.784536
vt 0.737627 0.783275
vt 0.738041 0.784849
vt 0.743485 0.785543
vt 0.743324 0.786893
vt 0.748356 0.789510
vt 0.747716 0.790470
vt 0.751763 0.794788
vt 0.750787 0.795229
vt 0.753372 0.800861
vt 0.752238 0.800704
vt 0.753026 0.807133
vt 0.751926 0.806360
vt 0.750758 0.812992
vt 0.749881 0.811643
vt 0.746791 0.817863
vt 0.746305 0.816035
vt 0.741513 0.821270
vt 0.741546 0.819106
vt 0.735440 0.822879
vt 0.736070 0.820557
vt 0.729168 0.822533
vt 0.730415 0.820245
vt 0.650449 0.824942
vt 0.650799 0.824019
vt 0.647289 0.824847
vt 0.647950 0.823933
vt 0.645778 0.823861
vt 0.646588 0.823044
vt 0.646066 0.822080
vt 0.646847 0.821439
vt 0.989472 0.565368
vt 0.985726 0.565368
vt 0.985726 0.562238
vt 0.989472 0.562238
vt 0.985726 0.557362
vt 0.989472 0.557362
vt 0.985726 0.476000
vt 0.989472 0.476000
vt 0.985726 0.469190
vt 0.989472 0.469190
vt 0.985726 0.462380
vt 0.989472 0.462380
vt 0.985726 0.456237
vt 0.989472 0.456237
vt 0.445138 0.582534
vt 0.449092 0.582534
vt 0.449092 0.588073
vt 0.445138 0.588073
vt 0.449092 0.595052
vt 0.445138 0.595052
vt 0.449092 0.602788
vt 0.445138 0.602788
vt 0.449092 0.610525
vt 0.445138 0.610525
vt 0.449092 0.617504
vt 0.445138 0.617504
vt 0.449092 0.623042
vt 0.445138 0.623042
vt 0.989603 0.348547
vt 0.985726 0.348547
vt 0.989603 0.355594
vt 0.985726 0.355594
vt 0.989603 0.362641
vt 0.985726 0.362641
vt 0.989603 0.368998
vt 0.985726 0.368998
vt 0.989603 0.451882
vt 0.985726 0.451882
vt 0.989603 0.455121
vt 0.985726 0.455121
vt 0.989603 0.456237
vt 0.989472 0.566447
vt 0.985726 0.566447
vt 0.794109 0.232005
vt 0.794470 0.230974
vt 0.796700 0.229062
vt 0.796476 0.229977
vt 0.799288 0.225695
vt 0.799223 0.226402
vt 0.826911 0.158341
vt 0.827765 0.159105
vt 0.830076 0.153438
vt 0.831124 0.153901
vt 0.831571 0.147797
vt 0.832711 0.147913
vt 0.831249 0.141970
vt 0.832369 0.141729
vt 0.829143 0.136528
vt 0.830133 0.135952
vt 0.825457 0.132003
vt 0.826222 0.131150
vt 0.820555 0.128839
vt 0.821018 0.127791
vt 0.814914 0.127344
vt 0.815030 0.126204
vt 0.809087 0.127666
vt 0.808846 0.126546
vt 0.803645 0.129772
vt 0.803069 0.128782
vt 0.799120 0.133457
vt 0.798267 0.132693
vt 0.795956 0.138360
vt 0.794907 0.137897
vt 0.794461 0.144001
vt 0.793321 0.143884
vt 0.794783 0.149828
vt 0.793662 0.150069
vt 0.791812 0.226902
vt 0.791287 0.227684
vt 0.791900 0.229838
vt 0.791381 0.230800
vt 0.792816 0.231241
vt 0.792353 0.232289
vt 0.992383 0.423565
vt 0.989616 0.423565
vt 0.989616 0.420889
vt 0.992383 0.420889
vt 0.989616 0.416720
vt 0.992383 0.416720
vt 0.989616 0.343211
vt 0.992383 0.343211
vt 0.989616 0.337389
vt 0.992383 0.337389
vt 0.989616 0.331567
vt 0.992383 0.331567
vt 0.410136 0.337703
vt 0.413087 0.337703
vt 0.413087 0.342147
vt 0.410136 0.342147
vt 0.413087 0.347748
vt 0.410136 0.347748
vt 0.413087 0.353956
vt 0.410136 0.353956
vt 0.413087 0.360164
vt 0.410136 0.360164
vt 0.413087 0.365764
vt 0.410136 0.365764
vt 0.413087 0.370209
vt 0.410136 0.370209
vt 0.981837 0.085816
vt 0.984686 0.085816
vt 0.984686 0.091223
vt 0.981837 0.091223
vt 0.984686 0.097216
vt 0.981837 0.097216
vt 0.984686 0.103210
vt 0.981837 0.103210
vt 0.984686 0.108617
vt 0.981837 0.108617
vt 0.984686 0.183173
vt 0.981837 0.183173
vt 0.984686 0.185928
vt 0.981837 0.185928
vt 0.984686 0.186877
vt 0.981837 0.186877
vt 0.992383 0.424487
vt 0.989616 0.424487
vt 0.075874 0.790231
vt 0.074329 0.790780
vt 0.076405 0.788335
vt 0.077775 0.787992
vt 0.080070 0.785492
vt 0.081130 0.785389
vt 0.147204 0.756181
vt 0.148357 0.757456
vt 0.152543 0.752700
vt 0.153245 0.754269
vt 0.158696 0.751039
vt 0.158879 0.752748
vt 0.165061 0.751361
vt 0.164707 0.753043
vt 0.171016 0.753634
vt 0.170159 0.755124
vt 0.175976 0.757636
vt 0.174701 0.758789
vt 0.179457 0.762975
vt 0.177888 0.763677
vt 0.181118 0.769128
vt 0.179408 0.769311
vt 0.180795 0.775493
vt 0.179113 0.775139
vt 0.178522 0.781447
vt 0.177032 0.780591
vt 0.174520 0.786408
vt 0.173368 0.785132
vt 0.169182 0.789889
vt 0.168480 0.788319
vt 0.163028 0.791549
vt 0.162846 0.789840
vt 0.156663 0.791227
vt 0.157018 0.789545
vt 0.078789 0.793664
vt 0.079957 0.792871
vt 0.075582 0.793582
vt 0.077022 0.792796
vt 0.074045 0.792588
vt 0.075614 0.791886
vt 0.989975 0.227033
vt 0.985726 0.227033
vt 0.985726 0.223811
vt 0.989975 0.223811
vt 0.985726 0.218794
vt 0.989975 0.218794
vt 0.985726 0.137237
vt 0.989975 0.137237
vt 0.985726 0.130229
vt 0.989975 0.130229
vt 0.985726 0.123220
vt 0.989975 0.123220
vt 0.985726 0.116898
vt 0.989975 0.116898
vt 0.456806 0.059475
vt 0.461289 0.059475
vt 0.461289 0.065173
vt 0.456806 0.065173
vt 0.461289 0.072354
vt 0.456806 0.072354
vt 0.461289 0.080315
vt 0.456806 0.080315
vt 0.461289 0.088275
vt 0.456806 0.088275
vt 0.461289 0.095456
vt 0.456806 0.095456
vt 0.461289 0.101155
vt 0.456806 0.101155
vt 0.977948 0.524768
vt 0.982347 0.524768
vt 0.982347 0.531314
vt 0.977948 0.531314
vt 0.982347 0.538570
vt 0.977948 0.538570
vt 0.982347 0.545826
vt 0.977948 0.545826
vt 0.982347 0.552372
vt 0.977948 0.552372
vt 0.982347 0.635458
vt 0.977948 0.635458
vt 0.982347 0.638794
vt 0.977948 0.638794
vt 0.982347 0.639943
vt 0.977948 0.639943
vt 0.989975 0.228143
vt 0.766947 0.693893
vt 0.767132 0.693372
vt 0.769508 0.691355
vt 0.769392 0.691818
vt 0.772270 0.687795
vt 0.772235 0.688153
vt 0.801116 0.620629
vt 0.801546 0.621018
vt 0.804497 0.615442
vt 0.805027 0.615679
vt 0.806111 0.609464
vt 0.806688 0.609526
vt 0.805798 0.603281
vt 0.806366 0.603161
vt 0.803590 0.597496
vt 0.804093 0.597207
vt 0.799702 0.592677
vt 0.800091 0.592246
vt 0.794515 0.589295
vt 0.794752 0.588766
vt 0.788537 0.587682
vt 0.788599 0.587105
vt 0.782353 0.587995
vt 0.782234 0.587427
vt 0.776569 0.590203
vt 0.776280 0.589700
vt 0.771750 0.594091
vt 0.771319 0.593702
vt 0.768368 0.599278
vt 0.767838 0.599041
vt 0.766755 0.605256
vt 0.766178 0.605194
vt 0.767068 0.611440
vt 0.766500 0.611559
vt 0.764331 0.689039
vt 0.764063 0.689434
vt 0.764411 0.692154
vt 0.764145 0.692640
vt 0.765376 0.693647
vt 0.765139 0.694177
vt 0.994332 0.204733
vt 0.993505 0.204733
vt 0.993505 0.201893
vt 0.994332 0.201893
vt 0.993505 0.197469
vt 0.994332 0.197469
vt 0.993505 0.123617
vt 0.994332 0.123617
vt 0.993505 0.117438
vt 0.994332 0.117438
vt 0.993505 0.111259
vt 0.994332 0.111259
vt 0.993505 0.105684
vt 0.994332 0.105684
vt 0.122341 0.523969
vt 0.123224 0.523969
vt 0.123224 0.528685
vt 0.122341 0.528685
vt 0.123224 0.534627
vt 0.122341 0.534627
vt 0.123224 0.541215
vt 0.122341 0.541215
vt 0.123224 0.547802
vt 0.122341 0.547802
vt 0.123224 0.553745
vt 0.122341 0.553745
vt 0.123224 0.558461
vt 0.122341 0.558461
vt 0.989616 0.768757
vt 0.990468 0.768757
vt 0.990468 0.774501
vt 0.989616 0.774501
vt 0.990468 0.780868
vt 0.989616 0.780868
vt 0.990468 0.787235
vt 0.989616 0.787235
vt 0.990468 0.792978
vt 0.989616 0.792978
vt 0.990468 0.867889
vt 0.989616 0.867889
vt 0.990468 0.870815
vt 0.989616 0.870815
vt 0.994332 0.205712
vt 0.993505 0.205712
vt 0.615887 0.783655
vt 0.614959 0.783989
vt 0.617072 0.781481
vt 0.617895 0.781272
vt 0.620807 0.778560
vt 0.621445 0.778496
vt 0.687803 0.748628
vt 0.688500 0.749393
vt 0.693247 0.745049
vt 0.693673 0.745991
vt 0.699531 0.743327
vt 0.699645 0.744355
vt 0.706039 0.743631
vt 0.705830 0.744644
vt 0.712135 0.745932
vt 0.711623 0.746830
vt 0.717221 0.750003
vt 0.716457 0.750699
vt 0.720801 0.755447
vt 0.719858 0.755873
vt 0.722522 0.761731
vt 0.721494 0.761845
vt 0.722218 0.768239
vt 0.721205 0.768030
vt 0.719918 0.774335
vt 0.719019 0.773823
vt 0.715846 0.779421
vt 0.715150 0.778656
vt 0.710402 0.783000
vt 0.709976 0.782058
vt 0.704118 0.784722
vt 0.704004 0.783694
vt 0.697610 0.784418
vt 0.697819 0.783405
vt 0.619530 0.786919
vt 0.620231 0.786439
vt 0.616251 0.786848
vt 0.617116 0.786372
vt 0.614677 0.785838
vt 0.615619 0.785412
vt 0.936730 0.921132
vt 0.927390 0.921132
vt 0.927390 0.917838
vt 0.936730 0.917838
vt 0.927390 0.912708
vt 0.936730 0.912708
vt 0.927390 0.830998
vt 0.936730 0.830998
vt 0.927390 0.823832
vt 0.936730 0.823832
vt 0.927390 0.816666
vt 0.936730 0.816666
vt 0.927390 0.810202
vt 0.936730 0.810202
vt 0.425693 0.455783
vt 0.435548 0.455783
vt 0.435548 0.461609
vt 0.425693 0.461609
vt 0.435548 0.468950
vt 0.425693 0.468950
vt 0.435548 0.477087
vt 0.425693 0.477087
vt 0.435548 0.485225
vt 0.425693 0.485225
vt 0.435548 0.492566
vt 0.425693 0.492566
vt 0.931279 0.413180
vt 0.940953 0.413180
vt 0.940953 0.419875
vt 0.931279 0.419875
vt 0.940953 0.427297
vt 0.931279 0.427297
vt 0.940953 0.434719
vt 0.931279 0.434719
vt 0.940953 0.441414
vt 0.931279 0.441414
vt 0.940953 0.524662
vt 0.931279 0.524662
vt 0.940953 0.528074
vt 0.931279 0.528074
vt 0.940953 0.529249
vt 0.931279 0.529249
vt 0.936730 0.922267
vt 0.927390 0.922267
vt 0.743642 0.519927
vt 0.744236 0.518276
vt 0.746522 0.516350
vt 0.746149 0.517814
vt 0.749185 0.512945
vt 0.749070 0.514079
vt 0.777643 0.445845
vt 0.779003 0.447083
vt 0.780906 0.440881
vt 0.782582 0.441639
vt 0.782476 0.435153
vt 0.784304 0.435355
vt 0.782199 0.429219
vt 0.784000 0.428847
vt 0.780101 0.423662
vt 0.781699 0.422751
vt 0.776389 0.419025
vt 0.777627 0.417665
vt 0.771426 0.415761
vt 0.772183 0.414086
vt 0.765697 0.414192
vt 0.765900 0.412364
vt 0.759764 0.414469
vt 0.759392 0.412668
vt 0.754206 0.416566
vt 0.753296 0.414969
vt 0.749569 0.420278
vt 0.748210 0.419040
vt 0.746306 0.425242
vt 0.744630 0.424484
vt 0.744736 0.430970
vt 0.742908 0.430768
vt 0.745013 0.436904
vt 0.743213 0.437276
vt 0.741564 0.514110
vt 0.740712 0.515357
vt 0.741629 0.517098
vt 0.740783 0.518635
vt 0.742550 0.518534
vt 0.741792 0.520210
vt 0.978692 0.742572
vt 0.970170 0.742572
vt 0.970170 0.739848
vt 0.978692 0.739848
vt 0.970170 0.735605
vt 0.978692 0.735605
vt 0.970170 0.661996
vt 0.978692 0.661996
vt 0.970170 0.656069
vt 0.978692 0.656069
vt 0.970170 0.650142
vt 0.978692 0.650142
vt 0.970170 0.644796
vt 0.978692 0.644796
vt 0.480141 0.180820
vt 0.489227 0.180820
vt 0.489227 0.185344
vt 0.480141 0.185344
vt 0.489227 0.191044
vt 0.480141 0.191044
vt 0.489227 0.197364
vt 0.480141 0.197364
vt 0.489227 0.203683
vt 0.480141 0.203683
vt 0.489227 0.209384
vt 0.480141 0.209384
vt 0.489227 0.213908
vt 0.480141 0.213908
vt 0.970170 0.089402
vt 0.978945 0.089402
vt 0.978945 0.094908
vt 0.970170 0.094908
vt 0.978945 0.101010
vt 0.970170 0.101010
vt 0.978945 0.107113
vt 0.970170 0.107113
vt 0.978945 0.112619
vt 0.970170 0.112619
vt 0.978945 0.187279
vt 0.970170 0.187279
vt 0.978945 0.190084
vt 0.970170 0.190084
vt 0.978945 0.191050
vt 0.970170 0.191050
vt 0.978692 0.743511
vt 0.448824 0.809074
vt 0.447674 0.809482
vt 0.449741 0.807051
vt 0.450761 0.806797
vt 0.453389 0.804226
vt 0.454179 0.804150
vt 0.520552 0.775051
vt 0.521409 0.776001
vt 0.525866 0.771593
vt 0.526387 0.772760
vt 0.531988 0.769945
vt 0.532123 0.771217
vt 0.538320 0.770270
vt 0.538055 0.771522
vt 0.544241 0.772536
vt 0.543603 0.773645
vt 0.549172 0.776521
vt 0.548223 0.777378
vt 0.552631 0.781835
vt 0.551463 0.782356
vt 0.554278 0.787957
vt 0.553007 0.788092
vt 0.553953 0.794289
vt 0.552702 0.794024
vt 0.551687 0.800210
vt 0.550579 0.799572
vt 0.547702 0.805141
vt 0.546846 0.804192
vt 0.542389 0.808600
vt 0.541867 0.807432
vt 0.536266 0.810247
vt 0.536132 0.808976
vt 0.529935 0.809922
vt 0.530199 0.808671
vt 0.452109 0.812354
vt 0.452979 0.811765
vt 0.448919 0.812270
vt 0.449990 0.811686
vt 0.447391 0.811280
vt 0.448559 0.810759
vt 0.955580 0.177868
vt 0.946835 0.177868
vt 0.946835 0.174663
vt 0.955580 0.174663
vt 0.946835 0.169672
vt 0.955580 0.169672
vt 0.946835 0.088151
vt 0.955580 0.088151
vt 0.946835 0.081180
vt 0.955580 0.081180
vt 0.946835 0.074208
vt 0.955580 0.074208
vt 0.946835 0.067919
vt 0.955580 0.067919
vt 0.316797 0.713971
vt 0.326025 0.713971
vt 0.326025 0.719640
vt 0.316797 0.719640
vt 0.326025 0.726784
vt 0.316797 0.726784
vt 0.326025 0.734702
vt 0.316797 0.734702
vt 0.326025 0.742621
vt 0.316797 0.742621
vt 0.326025 0.749764
vt 0.316797 0.749764
vt 0.326025 0.755433
vt 0.316797 0.755433
vt 0.939057 0.276489
vt 0.948110 0.276489
vt 0.948110 0.282999
vt 0.939057 0.282999
vt 0.948110 0.290217
vt 0.939057 0.290217
vt 0.948110 0.297434
vt 0.939057 0.297434
vt 0.948110 0.303945
vt 0.939057 0.303945
vt 0.948110 0.386994
vt 0.939057 0.386994
vt 0.948110 0.390312
vt 0.939057 0.390312
vt 0.948110 0.391455
vt 0.939057 0.391455
vt 0.955580 0.178972
vt 0.946835 0.178972
vt 0.269120 0.820736
vt 0.269640 0.819270
vt 0.271875 0.817369
vt 0.271551 0.818669
vt 0.274474 0.814014
vt 0.274377 0.815021
vt 0.302340 0.746766
vt 0.303551 0.747858
vt 0.305521 0.741880
vt 0.307010 0.742544
vt 0.307036 0.736250
vt 0.308657 0.736422
vt 0.306737 0.730428
vt 0.308332 0.730090
vt 0.304653 0.724983
vt 0.306066 0.724169
vt 0.300989 0.720448
vt 0.302081 0.719238
vt 0.296103 0.717268
vt 0.296768 0.715779
vt 0.290473 0.715753
vt 0.290645 0.714132
vt 0.284651 0.716052
vt 0.284314 0.714457
vt 0.279206 0.718136
vt 0.278392 0.716723
vt 0.274672 0.721800
vt 0.273461 0.720708
vt 0.271491 0.726686
vt 0.270002 0.726021
vt 0.269976 0.732316
vt 0.268355 0.732143
vt 0.270275 0.738138
vt 0.268680 0.738475
vt 0.267000 0.815192
vt 0.266249 0.816301
vt 0.267077 0.818125
vt 0.266333 0.819491
vt 0.267987 0.819530
vt 0.267322 0.821019
vt 0.924657 0.912085
vt 0.904055 0.912085
vt 0.904055 0.909411
vt 0.924657 0.909411
vt 0.904055 0.905247
vt 0.924657 0.905247
vt 0.904055 0.831744
vt 0.924657 0.831744
vt 0.904055 0.825927
vt 0.924657 0.825927
vt 0.904055 0.820111
vt 0.924657 0.820111
vt 0.904055 0.814864
vt 0.924657 0.814864
vt 0.686264 0.252306
vt 0.708233 0.252306
vt 0.708233 0.256746
vt 0.686264 0.256746
vt 0.708233 0.262341
vt 0.686264 0.262341
vt 0.708233 0.268544
vt 0.686264 0.268544
vt 0.708233 0.274746
vt 0.686264 0.274746
vt 0.708233 0.280341
vt 0.686264 0.280341
vt 0.708233 0.284781
vt 0.686264 0.284781
vt 0.888498 0.354782
vt 0.909707 0.354782
vt 0.909707 0.360184
vt 0.888498 0.360184
vt 0.909707 0.366171
vt 0.888498 0.366171
vt 0.909707 0.372159
vt 0.888498 0.372159
vt 0.909707 0.377560
vt 0.888498 0.377560
vt 0.909707 0.452110
vt 0.888498 0.452110
vt 0.909707 0.454862
vt 0.888498 0.454862
vt 0.909707 0.455810
vt 0.888498 0.455810
vt 0.924657 0.913006
vt 0.904055 0.913006
vt 0.108237 0.822749
vt 0.107111 0.823114
vt 0.109203 0.820787
vt 0.110198 0.820567
vt 0.112856 0.818115
vt 0.113624 0.818063
vt 0.180811 0.791120
vt 0.181616 0.792063
vt 0.186114 0.787873
vt 0.186588 0.789019
vt 0.192160 0.786424
vt 0.192257 0.787660
vt 0.198359 0.786914
vt 0.198069 0.788120
vt 0.232778 0.795836
vt 0.203454 0.790353
vt 0.236548 0.797566
vt 0.207886 0.794141
vt 0.238735 0.800307
vt 0.210930 0.799113
vt 0.239125 0.803792
vt 0.212289 0.804782
vt 0.237678 0.807680
vt 0.211829 0.810594
vt 0.234538 0.811590
vt 0.209596 0.815979
vt 0.206613 0.821354
vt 0.205808 0.820411
vt 0.201311 0.824601
vt 0.200836 0.823455
vt 0.195264 0.826050
vt 0.195167 0.824814
vt 0.189065 0.825560
vt 0.189355 0.824354
vt 0.111381 0.826049
vt 0.112240 0.825501
vt 0.108256 0.825881
vt 0.109310 0.825343
vt 0.106785 0.824869
vt 0.107931 0.824395
vt 0.145030 0.259140
vt 0.169477 0.259698
vt 0.169804 0.260673
vt 0.145438 0.260360
vt 0.170311 0.262192
vt 0.146073 0.262259
vt 0.206735 0.306999
vt 0.182428 0.312785
vt 0.207444 0.309121
vt 0.183314 0.315439
vt 0.208153 0.311243
vt 0.184201 0.318092
vt 0.208793 0.313158
vt 0.185001 0.320485
vt 0.217058 0.337889
vt 0.193393 0.345596
vt 0.576979 0.126999
vt 0.578361 0.097274
vt 0.579683 0.097257
vt 0.578631 0.126977
vt 0.581148 0.097238
vt 0.580463 0.126953
vt 0.582613 0.097219
vt 0.582294 0.126929
vt 0.583935 0.097202
vt 0.583946 0.126908
vt 0.268903 0.161862
vt 0.268903 0.186932
vt 0.267290 0.186920
vt 0.266886 0.161846
vt 0.240605 0.186715
vt 0.239692 0.161638
vt 0.238351 0.186698
vt 0.236875 0.161616
vt 0.236097 0.186681
vt 0.234057 0.161594
vt 0.234064 0.186665
vt 0.231515 0.161575
vt 0.180206 0.165759
vt 0.172305 0.142519
vt 0.179170 0.165751
vt 0.171010 0.142509
vt 0.178813 0.165748
vt 0.170563 0.142506
vt 0.144890 0.258720
vt 0.169365 0.259361
vt 0.439605 0.582590
vt 0.443455 0.582551
vt 0.449453 0.582492
vt 0.210290 0.342185
vt 0.206324 0.342146
vt 0.204958 0.342132
vt 0.438278 0.582603
vt 0.437966 0.493886
vt 0.439116 0.493875
vt 0.205821 0.433509
vt 0.204637 0.433497
vt 0.209258 0.433543
vt 0.291282 0.434361
vt 0.298026 0.434428
vt 0.305502 0.434503
vt 0.312979 0.434577
vt 0.319723 0.434644
vt 0.719614 0.482894
vt 0.724749 0.482894
vt 0.713144 0.482894
vt 0.705972 0.482894
vt 0.698800 0.482894
vt 0.692330 0.482894
vt 0.687196 0.482894
vt 0.543168 0.492837
vt 0.549717 0.492772
vt 0.535908 0.492910
vt 0.528649 0.492982
vt 0.447650 0.493790
vt 0.442453 0.493841
vt 0.447270 0.492706
vt 0.447712 0.476840
vt 0.448727 0.476829
vt 0.448330 0.492695
vt 0.215310 0.434724
vt 0.215719 0.451063
vt 0.214673 0.451052
vt 0.214218 0.434713
vt 0.218479 0.434755
vt 0.218754 0.451093
vt 0.294106 0.435509
vt 0.294919 0.451853
vt 0.300324 0.435571
vt 0.300875 0.451912
vt 0.307217 0.435640
vt 0.307477 0.451978
vt 0.314110 0.435709
vt 0.314079 0.452044
vt 0.320329 0.435771
vt 0.320035 0.452103
vt 0.719614 0.481724
vt 0.718902 0.464660
vt 0.723769 0.464660
vt 0.724749 0.481724
vt 0.713144 0.481724
vt 0.712770 0.464660
vt 0.705972 0.481724
vt 0.705972 0.464660
vt 0.698800 0.481724
vt 0.699175 0.464660
vt 0.692330 0.481724
vt 0.693042 0.464660
vt 0.687196 0.481724
vt 0.688176 0.464660
vt 0.544267 0.491738
vt 0.544237 0.475877
vt 0.550020 0.475819
vt 0.550305 0.491678
vt 0.537573 0.491805
vt 0.537826 0.475941
vt 0.530880 0.491872
vt 0.531415 0.476005
vt 0.456198 0.492617
vt 0.456264 0.476754
vt 0.451407 0.492664
vt 0.451674 0.476800
vt 0.337979 0.008026
vt 0.336243 0.007507
vt 0.336243 0.005653
vt 0.337979 0.006210
vt 0.337979 0.009843
vt 0.336243 0.009361
vt 0.212278 0.468504
vt 0.210924 0.469933
vt 0.207843 0.469902
vt 0.209259 0.468474
vt 0.291670 0.469295
vt 0.292384 0.470745
vt 0.297595 0.469354
vt 0.298431 0.470805
vt 0.304163 0.469420
vt 0.305135 0.470872
vt 0.310731 0.469485
vt 0.311838 0.470939
vt 0.316657 0.469545
vt 0.317885 0.470999
vt 0.718275 0.446404
vt 0.718538 0.444897
vt 0.723264 0.444897
vt 0.722906 0.446404
vt 0.712440 0.446404
vt 0.712583 0.444897
vt 0.705972 0.446404
vt 0.705982 0.444897
vt 0.699504 0.446404
vt 0.699381 0.444897
vt 0.693669 0.446404
vt 0.693426 0.444897
vt 0.689039 0.446404
vt 0.688700 0.444897
vt 0.540986 0.458941
vt 0.542060 0.457529
vt 0.547932 0.457471
vt 0.546739 0.458883
vt 0.534608 0.459004
vt 0.535551 0.457594
vt 0.528230 0.459068
vt 0.529042 0.457659
vt 0.449951 0.459848
vt 0.448731 0.458460
vt 0.445386 0.459894
vt 0.444071 0.458506
vt 0.442454 0.459923
vt 0.441079 0.458536
vt 0.440049 0.458546
vt 0.444903 0.429741
vt 0.445787 0.429732
vt 0.212691 0.499566
vt 0.211781 0.499557
vt 0.206782 0.469892
vt 0.215333 0.499592
vt 0.291707 0.500354
vt 0.296892 0.500406
vt 0.302639 0.500463
vt 0.308386 0.500520
vt 0.313570 0.500572
vt 0.717403 0.413959
vt 0.721701 0.413959
vt 0.711986 0.413959
vt 0.705982 0.413959
vt 0.699978 0.413959
vt 0.694561 0.413959
vt 0.690263 0.413959
vt 0.538708 0.428805
vt 0.543742 0.428755
vt 0.533127 0.428861
vt 0.527547 0.428917
vt 0.452347 0.429667
vt 0.448352 0.429706
vt 0.439486 0.475834
vt 0.442682 0.475802
vt 0.447660 0.475752
vt 0.529168 0.474939
vt 0.536121 0.474870
vt 0.543074 0.474801
vt 0.549347 0.474738
vt 0.688176 0.463489
vt 0.693042 0.463489
vt 0.699175 0.463489
vt 0.705972 0.463489
vt 0.712770 0.463489
vt 0.718902 0.463489
vt 0.723769 0.463489
vt 0.319342 0.453216
vt 0.312883 0.453152
vt 0.305722 0.453081
vt 0.298561 0.453009
vt 0.292101 0.452945
vt 0.209494 0.452121
vt 0.206203 0.452088
vt 0.208218 0.468463
vt 0.205068 0.452077
vt 0.438385 0.475845
vt 0.441444 0.459933
vt 0.048981 0.261326
vt 0.081103 0.258691
vt 0.081732 0.260574
vt 0.049728 0.263562
vt 0.082712 0.263507
vt 0.050892 0.267045
vt 0.116377 0.328508
vt 0.081197 0.336883
vt 0.117746 0.332605
vt 0.082823 0.341748
vt 0.119114 0.336701
vt 0.084449 0.346612
vt 0.120349 0.340396
vt 0.085915 0.351001
vt 0.549088 0.251079
vt 0.553889 0.208022
vt 0.573221 0.207770
vt 0.571220 0.250790
vt 0.575772 0.207737
vt 0.574249 0.250750
vt 0.578600 0.207700
vt 0.577608 0.250707
vt 0.581428 0.207663
vt 0.580966 0.250663
vt 0.583979 0.207630
vt 0.583996 0.250623
vt 0.268904 0.057451
vt 0.268904 0.093736
vt 0.265790 0.093712
vt 0.265205 0.057423
vt 0.237213 0.093493
vt 0.235893 0.057198
vt 0.232863 0.093459
vt 0.230726 0.057158
vt 0.228512 0.093426
vt 0.225559 0.057119
vt 0.224588 0.093396
vt 0.220899 0.057083
vt 0.152638 0.081435
vt 0.145516 0.049850
vt 0.150638 0.081419
vt 0.143142 0.049831
vt 0.149949 0.081414
vt 0.142323 0.049825
vt 0.048724 0.260555
vt 0.080886 0.258042
vt 0.777048 0.357204
vt 0.780535 0.348122
vt 0.782517 0.347696
vt 0.779063 0.356692
vt 0.045077 0.902303
vt 0.054138 0.898927
vt 0.053704 0.900811
vt 0.044559 0.904218
vt 0.775894 0.355475
vt 0.779348 0.346479
vt 0.055264 0.901951
vt 0.046203 0.905327
vt 0.775714 0.351672
vt 0.779070 0.342930
vt 0.058666 0.902237
vt 0.049849 0.905522
vt 0.775730 0.262560
vt 0.776761 0.259875
vt 0.142177 0.904457
vt 0.139502 0.905454
vt 0.781742 0.353987
vt 0.785098 0.345245
vt 0.788027 0.341008
vt 0.784822 0.349354
vt 0.052190 0.896867
vt 0.060625 0.893724
vt 0.056523 0.896486
vt 0.047706 0.899770
vt 0.639859 0.821249
vt 0.642076 0.818503
vt 0.648123 0.819679
vt 0.797636 0.235939
vt 0.794928 0.238124
vt 0.646028 0.815355
vt 0.800739 0.232043
vt 0.098711 0.981289
vt 0.095118 0.985893
vt 0.095118 0.905476
vt 0.098627 0.908189
vt 0.832054 0.157973
vt 0.721152 0.783595
vt 0.726925 0.779771
vt 0.835824 0.152281
vt 0.733638 0.778077
vt 0.837495 0.145661
vt 0.740636 0.778677
vt 0.836903 0.138762
vt 0.747231 0.781513
vt 0.834107 0.132259
vt 0.752780 0.786307
vt 0.829380 0.126788
vt 0.756738 0.792590
vt 0.823185 0.122885
vt 0.758719 0.799747
vt 0.816129 0.120932
vt 0.758528 0.807077
vt 0.808901 0.121121
vt 0.756184 0.813863
vt 0.802210 0.123432
vt 0.751917 0.819441
vt 0.796711 0.127639
vt 0.746144 0.823264
vt 0.792941 0.133331
vt 0.739430 0.824959
vt 0.791270 0.139951
vt 0.732433 0.824359
vt 0.791862 0.146850
vt 0.201622 0.255788
vt 0.204826 0.257614
vt 0.118452 0.257289
vt 0.123990 0.257538
vt 0.943084 0.779441
vt 0.943337 0.784979
vt 0.942946 0.698607
vt 0.944775 0.701810
vt 0.305178 0.033522
vt 0.305130 0.039068
vt 0.305178 0.042549
vt 0.305130 0.036641
vt 0.038796 0.005702
vt 0.032892 0.005654
vt 0.036370 0.005702
vt 0.041912 0.005653
vt 0.641307 0.824525
vt 0.639595 0.823324
vt 0.792882 0.238386
vt 0.791698 0.236697
vt 0.068153 0.790004
vt 0.070389 0.787208
vt 0.770519 0.697833
vt 0.767723 0.700070
vt 0.074383 0.783996
vt 0.773731 0.693839
vt 0.148260 0.751802
vt 0.805925 0.619963
vt 0.154099 0.747896
vt 0.809831 0.614124
vt 0.160902 0.746146
vt 0.811581 0.607321
vt 0.168003 0.746722
vt 0.811005 0.600219
vt 0.174708 0.749568
vt 0.808159 0.593515
vt 0.180359 0.754406
vt 0.803321 0.587863
vt 0.184404 0.760761
vt 0.796966 0.583818
vt 0.186447 0.768013
vt 0.789714 0.581775
vt 0.186288 0.775450
vt 0.782277 0.581935
vt 0.183942 0.782346
vt 0.775381 0.584281
vt 0.179639 0.788024
vt 0.769703 0.588584
vt 0.173800 0.791930
vt 0.765797 0.594423
vt 0.166996 0.793681
vt 0.764046 0.601226
vt 0.159895 0.793105
vt 0.764622 0.608328
vt 0.314703 0.337865
vt 0.317922 0.339764
vt 0.231237 0.339579
vt 0.236813 0.339763
vt 0.989648 0.505567
vt 0.989835 0.511143
vt 0.989616 0.424461
vt 0.991516 0.427679
vt 0.073212 0.793517
vt 0.069637 0.793321
vt 0.764406 0.698586
vt 0.764210 0.695011
vt 0.067894 0.792111
vt 0.765617 0.700329
vt 0.608738 0.783249
vt 0.611013 0.780382
vt 0.747249 0.523873
vt 0.744382 0.526148
vt 0.615084 0.777082
vt 0.750548 0.519802
vt 0.688796 0.744179
vt 0.783452 0.446090
vt 0.694750 0.740163
vt 0.787467 0.440136
vt 0.701698 0.738347
vt 0.789284 0.433188
vt 0.708959 0.738908
vt 0.788723 0.425927
vt 0.715825 0.741791
vt 0.785839 0.419062
vt 0.721621 0.746715
vt 0.780916 0.413265
vt 0.725781 0.753196
vt 0.774435 0.409105
vt 0.727898 0.760601
vt 0.767030 0.406988
vt 0.727764 0.768205
vt 0.759426 0.407122
vt 0.725393 0.775263
vt 0.752368 0.409494
vt 0.721016 0.781085
vt 0.746546 0.413870
vt 0.715062 0.785100
vt 0.742530 0.419824
vt 0.708114 0.786916
vt 0.740714 0.426772
vt 0.700852 0.786355
vt 0.741275 0.434034
vt 0.314937 0.335907
vt 0.318165 0.337868
vt 0.231237 0.337699
vt 0.236842 0.337839
vt 0.942975 0.148227
vt 0.943115 0.153833
vt 0.942946 0.066899
vt 0.944907 0.070128
vt 0.613924 0.786820
vt 0.610268 0.786634
vt 0.740997 0.524618
vt 0.740811 0.520963
vt 0.608482 0.785403
vt 0.742228 0.526405
vt 0.441509 0.808699
vt 0.443735 0.805919
vt 0.272684 0.824675
vt 0.269904 0.826901
vt 0.447711 0.802727
vt 0.275876 0.820699
vt 0.521621 0.770689
vt 0.307913 0.746789
vt 0.527433 0.766808
vt 0.311794 0.740977
vt 0.534202 0.765072
vt 0.313530 0.734208
vt 0.541266 0.765650
vt 0.312952 0.727144
vt 0.547933 0.768487
vt 0.310115 0.720477
vt 0.553551 0.773304
vt 0.305299 0.714859
vt 0.557571 0.779629
vt 0.298973 0.710839
vt 0.559597 0.786844
vt 0.291758 0.708813
vt 0.559433 0.794243
vt 0.284359 0.708977
vt 0.557094 0.801101
vt 0.277501 0.711316
vt 0.552809 0.806746
vt 0.271856 0.715601
vt 0.546997 0.810627
vt 0.267975 0.721413
vt 0.540228 0.812363
vt 0.266239 0.728182
vt 0.533164 0.811785
vt 0.266817 0.735246
vt 0.641334 0.729080
vt 0.644550 0.730966
vt 0.557923 0.730747
vt 0.563492 0.730945
vt 0.989637 0.591527
vt 0.989835 0.597095
vt 0.989616 0.510472
vt 0.991502 0.513687
vt 0.446539 0.812197
vt 0.442983 0.811999
vt 0.266603 0.825428
vt 0.266405 0.821871
vt 0.441249 0.810794
vt 0.267809 0.827161
vt 0.005982 0.270898
vt 0.006895 0.273629
vt 0.008316 0.277882
vt 0.031951 0.348606
vt 0.033936 0.354546
vt 0.035922 0.360487
vt 0.037712 0.365846
vt 0.542367 0.311351
vt 0.568418 0.311011
vt 0.572118 0.310963
vt 0.576219 0.310910
vt 0.580320 0.310856
vt 0.584020 0.310808
vt 0.268905 0.006658
vt 0.264388 0.006623
vt 0.234044 0.006391
vt 0.227735 0.006342
vt 0.221426 0.006294
vt 0.215734 0.006250
vt 0.141797 0.005683
vt 0.138897 0.005661
vt 0.137898 0.005653
vt 0.005668 0.269958
vt 0.204622 0.259901
vt 0.204689 0.260104
vt 0.190543 0.199350
vt 0.190327 0.199348
vt 0.191169 0.199355
vt 0.238090 0.226293
vt 0.239320 0.226303
vt 0.240683 0.226313
vt 0.242046 0.226324
vt 0.267927 0.226522
vt 0.268903 0.226530
vt 0.583116 0.050293
vt 0.583916 0.050283
vt 0.582231 0.050305
vt 0.581344 0.050316
vt 0.580545 0.050327
vt 0.246371 0.301585
vt 0.254435 0.325715
vt 0.245984 0.300427
vt 0.245555 0.299144
vt 0.245126 0.297860
vt 0.205194 0.261613
vt 0.204887 0.260694
vt 0.114446 0.257994
vt 0.114621 0.258519
vt 0.160929 0.113577
vt 0.160372 0.113573
vt 0.162547 0.113589
vt 0.228341 0.130340
vt 0.231517 0.130365
vt 0.235037 0.130392
vt 0.238557 0.130419
vt 0.266384 0.130632
vt 0.268904 0.130652
vt 0.581897 0.163915
vt 0.583961 0.163888
vt 0.579609 0.163945
vt 0.577321 0.163975
vt 0.575257 0.164002
vt 0.155382 0.329607
vt 0.163932 0.355191
vt 0.129086 0.366540
vt 0.154383 0.326617
vt 0.153276 0.323303
vt 0.152168 0.319988
vt 0.115923 0.262416
vt 0.115130 0.260043
vt 0.783018 0.251808
vt 0.782638 0.251715
vt 0.209231 0.231370
vt 0.924247 0.228275
vt 0.900168 0.258032
vt 0.900166 0.211607
vt 0.909770 0.175566
vt 0.925122 0.229157
vt 0.900499 0.258366
vt 0.926092 0.230135
vt 0.900866 0.258736
vt 0.243416 0.263999
vt 0.268533 0.264192
vt 0.268903 0.264195
vt 0.583595 0.005657
vt 0.583898 0.005653
vt 0.583260 0.005662
vt 0.582925 0.005666
vt 0.582623 0.005670
vt 0.282115 0.290576
vt 0.289988 0.314136
vt 0.281969 0.290138
vt 0.057143 0.733025
vt 0.085522 0.709028
vt 0.085882 0.709384
vt 0.058096 0.733967
vt 0.005668 0.718845
vt 0.040291 0.709028
vt 0.721228 0.179011
vt 0.720480 0.183731
vt 0.706840 0.179299
vt 0.709010 0.175041
vt 0.734075 0.179011
vt 0.734823 0.183731
vt 0.746293 0.175041
vt 0.748463 0.179299
vt 0.756687 0.167490
vt 0.760066 0.170869
vt 0.764238 0.157096
vt 0.768496 0.159266
vt 0.768208 0.144878
vt 0.772928 0.145626
vt 0.768208 0.132031
vt 0.772928 0.131283
vt 0.764238 0.119813
vt 0.768496 0.117643
vt 0.756687 0.109419
vt 0.760066 0.106040
vt 0.746293 0.101868
vt 0.748463 0.097610
vt 0.734075 0.097898
vt 0.734823 0.093178
vt 0.721228 0.097898
vt 0.720480 0.093178
vt 0.709010 0.101868
vt 0.706840 0.097610
vt 0.698617 0.109419
vt 0.695237 0.106040
vt 0.691065 0.119813
vt 0.686807 0.117643
vt 0.687095 0.132031
vt 0.682375 0.131283
vt 0.687095 0.144878
vt 0.682375 0.145626
vt 0.691065 0.157096
vt 0.686807 0.159266
vt 0.698617 0.167490
vt 0.695237 0.170869
vt 0.713488 0.914780
vt 0.719984 0.914780
vt 0.719984 0.928545
vt 0.713488 0.928545
vt 0.713488 0.903857
vt 0.719984 0.903857
vt 0.841829 0.259885
vt 0.848052 0.259885
vt 0.848052 0.273070
vt 0.841829 0.273070
vt 0.841829 0.245269
vt 0.848052 0.245269
vt 0.841829 0.230653
vt 0.848052 0.230653
vt 0.841829 0.217468
vt 0.848052 0.217468
vt 0.716095 0.590669
vt 0.709599 0.590669
vt 0.709599 0.579745
vt 0.716095 0.579745
vt 0.716095 0.604433
vt 0.709599 0.604433
vt 0.716095 0.619691
vt 0.709599 0.619691
vt 0.716095 0.634949
vt 0.709599 0.634949
vt 0.716095 0.648714
vt 0.709599 0.648714
vt 0.716095 0.659638
vt 0.709599 0.659638
vt 0.820828 0.634113
vt 0.814605 0.634113
vt 0.814605 0.620927
vt 0.820828 0.620927
vt 0.820828 0.648728
vt 0.814605 0.648728
vt 0.820828 0.663344
vt 0.814605 0.663344
vt 0.820828 0.676529
vt 0.814605 0.676529
vt 0.713488 0.972826
vt 0.719984 0.972826
vt 0.719984 0.983749
vt 0.713488 0.983749
vt 0.713488 0.959061
vt 0.719984 0.959061
vt 0.713488 0.943803
vt 0.719984 0.943803
vt 0.964695 0.190838
vt 0.969095 0.190838
vt 0.969095 0.207378
vt 0.964695 0.207378
vt 0.964695 0.177711
vt 0.969095 0.177711
vt 0.190752 0.964594
vt 0.195139 0.964594
vt 0.195139 0.981082
vt 0.190752 0.981082
vt 0.190752 0.946316
vt 0.195139 0.946316
vt 0.190752 0.928039
vt 0.195139 0.928039
vt 0.190752 0.911551
vt 0.195139 0.911551
vt 0.965206 0.644030
vt 0.960806 0.644030
vt 0.960806 0.630903
vt 0.965206 0.630903
vt 0.965206 0.660571
vt 0.960806 0.660571
vt 0.965206 0.678906
vt 0.960806 0.678906
vt 0.965206 0.697241
vt 0.960806 0.697241
vt 0.965206 0.713782
vt 0.960806 0.713782
vt 0.965206 0.726908
vt 0.960806 0.726908
vt 0.937961 0.101245
vt 0.933575 0.101245
vt 0.933575 0.084757
vt 0.937961 0.084757
vt 0.937961 0.119523
vt 0.933575 0.119523
vt 0.937961 0.137800
vt 0.933575 0.137800
vt 0.937961 0.154288
vt 0.933575 0.154288
vt 0.964695 0.260589
vt 0.969095 0.260589
vt 0.969095 0.273716
vt 0.964695 0.273716
vt 0.964695 0.244049
vt 0.969095 0.244049
vt 0.964695 0.225714
vt 0.969095 0.225714
vt 0.756268 0.826899
vt 0.800775 0.826899
vt 0.800775 0.840664
vt 0.756268 0.840664
vt 0.756268 0.815976
vt 0.800775 0.815976
vt 0.802938 0.868495
vt 0.845571 0.868495
vt 0.845571 0.881680
vt 0.802938 0.881680
vt 0.802938 0.853879
vt 0.845571 0.853879
vt 0.802938 0.839263
vt 0.845571 0.839263
vt 0.802938 0.826078
vt 0.845571 0.826078
vt 0.882446 0.375914
vt 0.837940 0.375914
vt 0.837940 0.364990
vt 0.882446 0.364990
vt 0.882446 0.389678
vt 0.837940 0.389678
vt 0.882446 0.404936
vt 0.837940 0.404936
vt 0.882446 0.420195
vt 0.837940 0.420195
vt 0.882446 0.433959
vt 0.837940 0.433959
vt 0.882446 0.444883
vt 0.837940 0.444883
vt 0.643336 0.856895
vt 0.600703 0.856895
vt 0.600703 0.843710
vt 0.643336 0.843710
vt 0.643336 0.871511
vt 0.600703 0.871511
vt 0.643336 0.886126
vt 0.600703 0.886126
vt 0.643336 0.899312
vt 0.600703 0.899312
vt 0.756268 0.884944
vt 0.800775 0.884944
vt 0.800775 0.895868
vt 0.756268 0.895868
vt 0.756268 0.871180
vt 0.800775 0.871180
vt 0.756268 0.855922
vt 0.800775 0.855922
vt 0.219349 0.610862
vt 0.220853 0.620358
vt 0.209871 0.623926
vt 0.205506 0.615359
vt 0.233904 0.610862
vt 0.232400 0.620358
vt 0.247747 0.615360
vt 0.243382 0.623926
vt 0.259522 0.623915
vt 0.252723 0.630713
vt 0.268077 0.635690
vt 0.259511 0.640055
vt 0.272575 0.649533
vt 0.263079 0.651037
vt 0.272575 0.664088
vt 0.263079 0.662584
vt 0.268077 0.677930
vt 0.259511 0.673565
vt 0.259522 0.689706
vt 0.252724 0.682907
vt 0.247747 0.698261
vt 0.243382 0.689694
vt 0.233904 0.702759
vt 0.232400 0.693262
vt 0.219349 0.702759
vt 0.220853 0.693262
vt 0.205507 0.698261
vt 0.209871 0.689694
vt 0.193731 0.689706
vt 0.200530 0.682907
vt 0.185176 0.677930
vt 0.193743 0.673565
vt 0.180678 0.664088
vt 0.190174 0.662584
vt 0.180678 0.649533
vt 0.190175 0.651037
vt 0.185176 0.635690
vt 0.193743 0.640055
vt 0.193731 0.623915
vt 0.200530 0.630713
vt 0.923500 0.427942
vt 0.928113 0.427942
vt 0.928113 0.438862
vt 0.923500 0.438862
vt 0.923500 0.419276
vt 0.928113 0.419276
vt 0.052337 0.407470
vt 0.056756 0.407470
vt 0.056756 0.417930
vt 0.052337 0.417930
vt 0.052337 0.395875
vt 0.056756 0.395875
vt 0.052337 0.384279
vt 0.056756 0.384279
vt 0.052337 0.373819
vt 0.056756 0.373819
vt 0.508088 0.930809
vt 0.503475 0.930809
vt 0.503475 0.922143
vt 0.508088 0.922143
vt 0.508088 0.941729
vt 0.503475 0.941729
vt 0.508088 0.953834
vt 0.503475 0.953834
vt 0.508088 0.965939
vt 0.503475 0.965939
vt 0.508088 0.976859
vt 0.503475 0.976859
vt 0.508088 0.985525
vt 0.503475 0.985525
vt 0.072312 0.951959
vt 0.067894 0.951959
vt 0.067894 0.941499
vt 0.072312 0.941499
vt 0.072312 0.963554
vt 0.067894 0.963554
vt 0.072312 0.975149
vt 0.067894 0.975149
vt 0.072312 0.985610
vt 0.067894 0.985610
vt 0.923500 0.473991
vt 0.928113 0.473991
vt 0.928113 0.482657
vt 0.923500 0.482657
vt 0.923500 0.463071
vt 0.928113 0.463071
vt 0.923500 0.450967
vt 0.928113 0.450967
vt 0.595286 0.043764
vt 0.592925 0.043390
vt 0.596672 0.031857
vt 0.598802 0.032943
vt 0.595286 0.055142
vt 0.592925 0.055516
vt 0.598802 0.065963
vt 0.596672 0.067049
vt 0.605490 0.075168
vt 0.603800 0.076859
vt 0.614695 0.081856
vt 0.613610 0.083986
vt 0.625516 0.085372
vt 0.625143 0.087733
vt 0.636895 0.085372
vt 0.637269 0.087733
vt 0.647716 0.081856
vt 0.648801 0.083986
vt 0.656921 0.075168
vt 0.658611 0.076859
vt 0.663609 0.065963
vt 0.665739 0.067048
vt 0.667125 0.055142
vt 0.669486 0.055516
vt 0.667125 0.043764
vt 0.669486 0.043390
vt 0.663609 0.032943
vt 0.665739 0.031857
vt 0.656921 0.023738
vt 0.658611 0.022047
vt 0.647716 0.017050
vt 0.648801 0.014920
vt 0.636894 0.013534
vt 0.637268 0.011173
vt 0.625516 0.013534
vt 0.625142 0.011173
vt 0.614695 0.017050
vt 0.613610 0.014920
vt 0.605490 0.023738
vt 0.603800 0.022047
vt 0.744601 0.264681
vt 0.749472 0.264681
vt 0.749472 0.276953
vt 0.744601 0.276953
vt 0.744601 0.254941
vt 0.749472 0.254941
vt 0.379023 0.210202
vt 0.383589 0.210202
vt 0.383589 0.221705
vt 0.379023 0.221705
vt 0.379023 0.197452
vt 0.383589 0.197452
vt 0.379023 0.184701
vt 0.383589 0.184701
vt 0.379023 0.173198
vt 0.383589 0.173198
vt 0.579614 0.846680
vt 0.574744 0.846680
vt 0.574744 0.836940
vt 0.579614 0.836940
vt 0.579614 0.858952
vt 0.574744 0.858952
vt 0.579614 0.872557
vt 0.574744 0.872557
vt 0.579614 0.886161
vt 0.574744 0.886161
vt 0.579614 0.898434
vt 0.574744 0.898434
vt 0.579614 0.908173
vt 0.574744 0.908173
vt 0.941129 0.239484
vt 0.936563 0.239484
vt 0.936563 0.227981
vt 0.941129 0.227981
vt 0.941129 0.252235
vt 0.936563 0.252235
vt 0.941129 0.264986
vt 0.936563 0.264986
vt 0.941129 0.276488
vt 0.936563 0.276488
vt 0.744601 0.316435
vt 0.749472 0.316435
vt 0.749472 0.326175
vt 0.744601 0.326175
vt 0.744601 0.304162
vt 0.749472 0.304162
vt 0.744601 0.290558
vt 0.749472 0.290558
vt 0.701820 0.156449
vt 0.725077 0.159181
vt 0.726531 0.168352
vt 0.703710 0.168365
vt 0.771708 0.263145
vt 0.771708 0.270641
vt 0.511502 0.597639
vt 0.511498 0.620461
vt 0.502327 0.619010
vt 0.499586 0.595755
vt 0.404430 0.197452
vt 0.404430 0.207266
vt 0.162268 0.605183
vt 0.159341 0.626615
vt 0.149565 0.626687
vt 0.149567 0.605276
vt 0.404430 0.178784
vt 0.404430 0.187638
vt 0.573773 0.845156
vt 0.550841 0.851878
vt 0.550841 0.844382
vt 0.573773 0.835417
vt 0.552508 0.862086
vt 0.552508 0.852640
vt 0.819528 0.569157
vt 0.819529 0.590568
vt 0.809754 0.590497
vt 0.806827 0.569064
vt 0.552508 0.883028
vt 0.552508 0.872557
vt 0.403734 0.156741
vt 0.380477 0.154010
vt 0.379023 0.144839
vt 0.401845 0.144826
vt 0.552508 0.899970
vt 0.552508 0.892474
vt 0.779603 0.106832
vt 0.779607 0.084010
vt 0.788778 0.085461
vt 0.791519 0.108716
vt 0.915722 0.252235
vt 0.915722 0.242421
vt 0.145676 0.563348
vt 0.148603 0.541916
vt 0.158379 0.541844
vt 0.158377 0.563255
vt 0.915722 0.270902
vt 0.915722 0.262049
vt 0.750442 0.317958
vt 0.773374 0.311236
vt 0.773374 0.318733
vt 0.750442 0.327698
vt 0.771708 0.301029
vt 0.771708 0.310475
vt 0.826274 0.477620
vt 0.826272 0.456210
vt 0.836048 0.456281
vt 0.838975 0.477713
vt 0.771708 0.280087
vt 0.771708 0.290558
vt 0.792856 0.108713
vt 0.792167 0.114021
vt 0.784183 0.114022
vt 0.783492 0.108714
vt 0.407802 0.164487
vt 0.407114 0.168829
vt 0.399157 0.168829
vt 0.398469 0.164487
vt 0.355689 0.020480
vt 0.360997 0.021170
vt 0.360997 0.029155
vt 0.355689 0.029844
vt 0.141788 0.174632
vt 0.146130 0.175321
vt 0.146129 0.183278
vt 0.141787 0.183965
vt 0.357275 0.054274
vt 0.356585 0.059583
vt 0.348601 0.059584
vt 0.347910 0.054276
vt 0.123896 0.119041
vt 0.123209 0.123383
vt 0.115251 0.123383
vt 0.114563 0.119041
vt 0.395999 0.089611
vt 0.390691 0.088920
vt 0.390691 0.080936
vt 0.395999 0.080246
vt 0.107238 0.204213
vt 0.102896 0.203525
vt 0.102896 0.195567
vt 0.107238 0.194880
vt 0.166541 0.157824
vt 0.161233 0.157133
vt 0.161234 0.149149
vt 0.166542 0.148460
vt 0.732934 0.091621
vt 0.733621 0.087279
vt 0.741578 0.087278
vt 0.742267 0.091620
vt 0.627927 0.099267
vt 0.628617 0.093958
vt 0.636601 0.093958
vt 0.637291 0.099266
vt 0.414025 0.203358
vt 0.414713 0.199016
vt 0.422671 0.199016
vt 0.423359 0.203358
vt 0.851026 0.166008
vt 0.845718 0.165318
vt 0.845719 0.157333
vt 0.851027 0.156644
vt 0.111127 0.153911
vt 0.106785 0.153223
vt 0.106786 0.145265
vt 0.111128 0.144578
vt 0.351800 0.020482
vt 0.352489 0.015174
vt 0.360473 0.015173
vt 0.361164 0.020481
vt 0.106785 0.211982
vt 0.107472 0.207640
vt 0.115430 0.207639
vt 0.116118 0.211981
vt 0.394580 0.133387
vt 0.399888 0.134077
vt 0.399888 0.142061
vt 0.394580 0.142751
vt 0.114564 0.216884
vt 0.118906 0.217572
vt 0.118905 0.225530
vt 0.114563 0.226217
vt 0.822385 0.110312
vt 0.827693 0.111003
vt 0.827692 0.118987
vt 0.822383 0.119676
vt 0.757823 0.093099
vt 0.757136 0.097441
vt 0.749178 0.097442
vt 0.748490 0.093100
vt 0.719699 0.343658
vt 0.756464 0.352124
vt 0.756464 0.356024
vt 0.719699 0.351573
vt 0.719699 0.337376
vt 0.756464 0.349029
vt 0.853283 0.172394
vt 0.857537 0.207532
vt 0.853810 0.207532
vt 0.845718 0.172394
vt 0.861669 0.172394
vt 0.861669 0.207532
vt 0.870055 0.172394
vt 0.865801 0.207532
vt 0.877620 0.172394
vt 0.869528 0.207532
vt 0.042432 0.882611
vt 0.005668 0.891077
vt 0.005668 0.887982
vt 0.042432 0.876329
vt 0.042432 0.890526
vt 0.005668 0.894977
vt 0.042432 0.899300
vt 0.005668 0.899300
vt 0.042432 0.908074
vt 0.005668 0.903623
vt 0.042432 0.915989
vt 0.005668 0.907522
vt 0.042432 0.922270
vt 0.005668 0.910617
vt 0.189458 0.909332
vt 0.185204 0.874193
vt 0.188931 0.874193
vt 0.197023 0.909332
vt 0.181072 0.909332
vt 0.181072 0.874193
vt 0.172687 0.909332
vt 0.176941 0.874193
vt 0.165122 0.909332
vt 0.173213 0.874193
vt 0.719699 0.377036
vt 0.756464 0.368570
vt 0.756464 0.371664
vt 0.719699 0.383317
vt 0.719699 0.369121
vt 0.756464 0.364670
vt 0.719699 0.360347
vt 0.756464 0.360347
vt 0.793257 0.103457
vt 0.791270 0.103457
vt 0.791271 0.090758
vt 0.793257 0.090758
vt 0.616470 0.020532
vt 0.616260 0.018563
vt 0.639289 0.015285
vt 0.638481 0.016861
vt 0.808840 0.239973
vt 0.807446 0.241135
vt 0.806827 0.217837
vt 0.808843 0.217605
vt 0.642683 0.019349
vt 0.640857 0.020531
vt 0.717377 0.351573
vt 0.717377 0.343658
vt 0.718061 0.340293
vt 0.719699 0.340773
vt 0.500618 0.050642
vt 0.500618 0.052628
vt 0.487919 0.052629
vt 0.487919 0.050643
vt 0.750442 0.253022
vt 0.773374 0.262185
vt 0.769511 0.046337
vt 0.767936 0.047145
vt 0.771213 0.024117
vt 0.773182 0.024327
vt 0.774071 0.267185
vt 0.771708 0.267185
vt 0.845718 0.170174
vt 0.853283 0.170174
vt 0.773182 0.048714
vt 0.772000 0.050539
vt 0.736825 0.135671
vt 0.738811 0.135672
vt 0.738809 0.148371
vt 0.736823 0.148371
vt 0.628276 0.093958
vt 0.627927 0.091922
vt 0.650245 0.088708
vt 0.649557 0.090313
vt 0.279510 0.055319
vt 0.277906 0.056052
vt 0.281003 0.033695
vt 0.283066 0.033999
vt 0.653764 0.092786
vt 0.652039 0.093961
vt 0.861669 0.170174
vt 0.870055 0.170174
vt 0.283066 0.057621
vt 0.281921 0.059390
vt 0.625070 0.091415
vt 0.625070 0.093401
vt 0.612371 0.093401
vt 0.612371 0.091415
vt 0.020580 0.864297
vt 0.021533 0.862800
vt 0.044070 0.871610
vt 0.042432 0.872359
vt 0.044754 0.876329
vt 0.044754 0.882611
vt 0.552508 0.855575
vt 0.550145 0.855575
vt 0.660072 0.005653
vt 0.660072 0.007639
vt 0.647373 0.007641
vt 0.647373 0.005655
vt 0.933335 0.252234
vt 0.933639 0.254297
vt 0.911282 0.257394
vt 0.912014 0.255790
vt 0.390449 0.213948
vt 0.392054 0.213260
vt 0.388840 0.235578
vt 0.386804 0.235229
vt 0.907944 0.253379
vt 0.909713 0.252234
vt 0.044754 0.890526
vt 0.044754 0.899300
vt 0.386802 0.211467
vt 0.387976 0.209741
vt 0.907945 0.158751
vt 0.909931 0.158752
vt 0.909930 0.171451
vt 0.907944 0.171451
vt 0.646361 0.077154
vt 0.646572 0.079123
vt 0.623543 0.082400
vt 0.624351 0.080825
vt 0.771828 0.268334
vt 0.773222 0.267172
vt 0.773841 0.290470
vt 0.771825 0.290702
vt 0.620149 0.078336
vt 0.621975 0.077154
vt 0.044754 0.908074
vt 0.044754 0.915989
vt 0.044070 0.919354
vt 0.042432 0.918873
vt 0.624038 0.084314
vt 0.624038 0.082328
vt 0.636737 0.082327
vt 0.636737 0.084313
vt 0.573773 0.910093
vt 0.550841 0.900930
vt 0.763828 0.133075
vt 0.765404 0.132267
vt 0.762126 0.155296
vt 0.760157 0.155085
vt 0.550145 0.895930
vt 0.552508 0.895930
vt 0.197023 0.911551
vt 0.189458 0.911551
vt 0.760158 0.130699
vt 0.761340 0.128873
vt 0.754365 0.158834
vt 0.752379 0.158834
vt 0.752381 0.146135
vt 0.754367 0.146135
vt 0.754532 0.161794
vt 0.754881 0.163830
vt 0.732563 0.167044
vt 0.733252 0.165439
vt 0.382579 0.225767
vt 0.384183 0.225035
vt 0.381087 0.247392
vt 0.379023 0.247087
vt 0.729044 0.162966
vt 0.730770 0.161791
vt 0.181072 0.911551
vt 0.172687 0.911551
vt 0.379024 0.223465
vt 0.380169 0.221696
vt 0.624038 0.103810
vt 0.624038 0.101824
vt 0.636737 0.101824
vt 0.636737 0.103810
vt 0.741552 0.395350
vt 0.740598 0.396847
vt 0.718061 0.388036
vt 0.719699 0.387288
vt 0.717377 0.383317
vt 0.717377 0.377036
vt 0.771708 0.307539
vt 0.774071 0.307539
vt 0.445139 0.012814
vt 0.445138 0.010828
vt 0.457838 0.010826
vt 0.457838 0.012812
vt 0.437665 0.243286
vt 0.437360 0.241222
vt 0.459717 0.238126
vt 0.458985 0.239730
vt 0.753984 0.236480
vt 0.752379 0.237169
vt 0.755593 0.214851
vt 0.757629 0.215200
vt 0.463056 0.242140
vt 0.461287 0.243285
vt 0.717377 0.369121
vt 0.717377 0.360347
vt 0.757632 0.238962
vt 0.756458 0.240688
vt 0.375060 0.648927
vt 0.388787 0.653384
vt 0.388388 0.655908
vt 0.373901 0.651203
vt 0.678795 0.046530
vt 0.674337 0.032803
vt 0.676614 0.031644
vt 0.681318 0.046130
vt 0.363383 0.640445
vt 0.361577 0.642252
vt 0.665856 0.021125
vt 0.667662 0.019319
vt 0.354898 0.628770
vt 0.352622 0.629930
vt 0.654181 0.012641
vt 0.655341 0.010365
vt 0.350436 0.615045
vt 0.347913 0.615445
vt 0.640456 0.008179
vt 0.640856 0.005656
vt 0.350434 0.600613
vt 0.347910 0.600213
vt 0.626023 0.008176
vt 0.625624 0.005653
vt 0.354891 0.586886
vt 0.352615 0.585726
vt 0.612296 0.012634
vt 0.611137 0.010358
vt 0.363373 0.575208
vt 0.361566 0.573402
vt 0.600619 0.021115
vt 0.598813 0.019309
vt 0.375048 0.566723
vt 0.373888 0.564448
vt 0.592134 0.032790
vt 0.589858 0.031630
vt 0.388773 0.562262
vt 0.388373 0.559739
vt 0.587672 0.046516
vt 0.585149 0.046116
vt 0.403205 0.562259
vt 0.403605 0.559736
vt 0.587670 0.060948
vt 0.585147 0.061347
vt 0.416932 0.566717
vt 0.418091 0.564441
vt 0.592128 0.074675
vt 0.589851 0.075834
vt 0.428609 0.575198
vt 0.430416 0.573392
vt 0.600609 0.086352
vt 0.598803 0.088158
vt 0.437094 0.586873
vt 0.439370 0.585713
vt 0.612284 0.094837
vt 0.611124 0.097113
vt 0.441556 0.600599
vt 0.444079 0.600199
vt 0.626009 0.099299
vt 0.625609 0.101822
vt 0.441558 0.615031
vt 0.444082 0.615430
vt 0.640442 0.099301
vt 0.640841 0.101824
vt 0.437101 0.628758
vt 0.439377 0.629917
vt 0.654168 0.094844
vt 0.655328 0.097120
vt 0.428619 0.640435
vt 0.430426 0.642241
vt 0.665846 0.086362
vt 0.667652 0.088169
vt 0.416945 0.648920
vt 0.418105 0.651196
vt 0.674331 0.074687
vt 0.676607 0.075847
vt 0.403219 0.653382
vt 0.403619 0.655905
vt 0.678793 0.060962
vt 0.681316 0.061362
vt 0.040586 0.552729
vt 0.032101 0.564403
vt 0.029825 0.563243
vt 0.038780 0.550922
vt 0.463218 0.637286
vt 0.467676 0.651013
vt 0.465400 0.652172
vt 0.460695 0.637685
vt 0.052263 0.544247
vt 0.051104 0.541971
vt 0.476157 0.662690
vt 0.474351 0.664496
vt 0.065990 0.539789
vt 0.065590 0.537266
vt 0.487832 0.671175
vt 0.486672 0.673451
vt 0.080422 0.539792
vt 0.080822 0.537269
vt 0.501557 0.675637
vt 0.501157 0.678160
vt 0.094148 0.544254
vt 0.095308 0.541978
vt 0.515990 0.675640
vt 0.516389 0.678163
vt 0.105822 0.552739
vt 0.107629 0.550933
vt 0.529716 0.671182
vt 0.530876 0.673458
vt 0.114304 0.564416
vt 0.116580 0.563257
vt 0.541394 0.662701
vt 0.543200 0.664507
vt 0.118761 0.578143
vt 0.121284 0.577744
vt 0.549879 0.651026
vt 0.552155 0.652186
vt 0.118759 0.592575
vt 0.121282 0.592975
vt 0.554341 0.637300
vt 0.556864 0.637700
vt 0.114297 0.606301
vt 0.116573 0.607461
vt 0.554343 0.622868
vt 0.556866 0.622469
vt 0.105812 0.617975
vt 0.107618 0.619782
vt 0.549885 0.609141
vt 0.552161 0.607982
vt 0.094135 0.626457
vt 0.095294 0.628733
vt 0.541404 0.597464
vt 0.543211 0.595658
vt 0.080408 0.630915
vt 0.080807 0.633438
vt 0.529729 0.588979
vt 0.530889 0.586703
vt 0.065976 0.630912
vt 0.065576 0.633435
vt 0.516004 0.584517
vt 0.516404 0.581994
vt 0.052250 0.626450
vt 0.051090 0.628726
vt 0.501571 0.584515
vt 0.501172 0.581991
vt 0.040576 0.617965
vt 0.038769 0.619771
vt 0.487845 0.588972
vt 0.486685 0.586696
vt 0.032094 0.606288
vt 0.029818 0.607447
vt 0.476167 0.597454
vt 0.474361 0.595647
vt 0.027636 0.592561
vt 0.025113 0.592960
vt 0.467682 0.609128
vt 0.465406 0.607968
vt 0.027639 0.578129
vt 0.025116 0.577729
vt 0.463220 0.622854
vt 0.460697 0.622454
vt 0.955842 0.606611
vt 0.955842 0.622384
vt 0.946835 0.622384
vt 0.946835 0.606611
vt 0.372826 0.653314
vt 0.359902 0.643927
vt 0.669338 0.017644
vt 0.678725 0.030568
vt 0.176789 0.928887
vt 0.176789 0.913164
vt 0.185768 0.913164
vt 0.185768 0.928887
vt 0.176789 0.946316
vt 0.185768 0.946316
vt 0.176789 0.963745
vt 0.185768 0.963745
vt 0.176789 0.979468
vt 0.185768 0.979468
vt 0.350504 0.584651
vt 0.359891 0.571728
vt 0.597138 0.017633
vt 0.610062 0.008247
vt 0.966281 0.579309
vt 0.966281 0.563536
vt 0.975288 0.563536
vt 0.975288 0.579309
vt 0.966281 0.596793
vt 0.975288 0.596793
vt 0.966281 0.614278
vt 0.975288 0.614278
vt 0.966281 0.630051
vt 0.975288 0.630051
vt 0.419167 0.562330
vt 0.432090 0.571716
vt 0.597127 0.089833
vt 0.587740 0.076909
vt 0.983038 0.947432
vt 0.983038 0.963155
vt 0.974059 0.963155
vt 0.974059 0.947432
vt 0.983038 0.930003
vt 0.974059 0.930003
vt 0.983038 0.912573
vt 0.974059 0.912573
vt 0.983038 0.896850
vt 0.974059 0.896850
vt 0.441488 0.630992
vt 0.432101 0.643916
vt 0.669327 0.089844
vt 0.656403 0.099231
vt 0.955842 0.657353
vt 0.955842 0.673126
vt 0.946835 0.673126
vt 0.946835 0.657353
vt 0.955842 0.639869
vt 0.946835 0.639869
vt 0.971399 0.192456
vt 0.971399 0.208229
vt 0.962392 0.208229
vt 0.962392 0.192456
vt 0.037105 0.549247
vt 0.050028 0.539860
vt 0.472675 0.666172
vt 0.463289 0.653248
vt 0.197435 0.963745
vt 0.197435 0.979468
vt 0.188456 0.979468
vt 0.188456 0.963745
vt 0.197435 0.946316
vt 0.188456 0.946316
vt 0.197435 0.928887
vt 0.188456 0.928887
vt 0.197435 0.913164
vt 0.188456 0.913164
vt 0.109304 0.549258
vt 0.118691 0.562181
vt 0.544875 0.666183
vt 0.531951 0.675569
vt 0.958503 0.661422
vt 0.958503 0.645648
vt 0.967510 0.645648
vt 0.967510 0.661422
vt 0.958503 0.678906
vt 0.967510 0.678906
vt 0.958503 0.696390
vt 0.967510 0.696390
vt 0.958503 0.712163
vt 0.967510 0.712163
vt 0.109293 0.621457
vt 0.096369 0.630844
vt 0.544886 0.593983
vt 0.554273 0.606907
vt 0.931279 0.102094
vt 0.931279 0.086371
vt 0.940257 0.086371
vt 0.940257 0.102094
vt 0.931279 0.119523
vt 0.940257 0.119523
vt 0.931279 0.136952
vt 0.940257 0.136952
vt 0.931279 0.152675
vt 0.940257 0.152675
vt 0.037093 0.621446
vt 0.027707 0.608523
vt 0.472686 0.593972
vt 0.485610 0.584585
vt 0.971399 0.243198
vt 0.971399 0.258971
vt 0.962392 0.258971
vt 0.962392 0.243198
vt 0.971399 0.225714
vt 0.962392 0.225714
s 1
usemtl Swoop
f 1198/1959/1497 1199/1960/1498 1219/1961/1498 1218/1962/1497
f 1199/1960/1498 1200/1963/1499 1220/1964/1499 1219/1961/1498
f 1200/1965/1499 1201/1966/1500 1221/1967/1500 1220/1968/1499
f 1201/1966/1500 1202/1969/1501 1222/1970/1501 1221/1967/1500
f 1202/1969/1501 1203/1971/1502 1223/1972/1502 1222/1970/1501
f 1203/1971/1502 1204/1973/1503 1224/1974/1503 1223/1972/1502
f 1204/1975/1503 1205/1976/1504 1225/1977/1504 1224/1978/1503
f 1205/1976/1504 1206/1979/1505 1226/1980/1505 1225/1977/1504
f 1206/1979/1505 1207/1981/1506 1227/1982/1506 1226/1980/1505
f 1207/1981/1506 1208/1983/1507 1228/1984/1507 1227/1982/1506
f 1208/1983/1507 1209/1985/1508 1229/1986/1508 1228/1984/1507
f 1209/1985/1508 1210/1987/1509 1230/1988/1509 1229/1986/1508
f 1210/1989/1509 1211/1990/1510 1231/1991/1510 1230/1992/1509
f 1211/1990/1510 1212/1993/1511 1232/1994/1511 1231/1991/1510
f 1212/1993/1511 1213/1995/1512 1233/1996/1512 1232/1994/1511
f 1213/1995/1512 1214/1997/1513 1234/1998/1513 1233/1996/1512
f 1214/1999/1513 1215/2000/1514 1235/2001/1514 1234/2002/1513
f 1215/2000/1514 1216/2003/1515 1236/2004/1515 1235/2001/1514
f 1216/2003/1515 1217/2005/1516 1237/2006/1516 1236/2004/1515
f 1217/2005/1516 1198/1959/1497 1218/1962/1497 1237/2006/1516
f 2600/2007/1517 2599/2008/1517 2601/2009/1517
f 2602/2010/1517 2600/2007/1517 2601/2009/1517
f 2603/2011/1517 2602/2010/1517 2601/2009/1517
f 2604/2012/1517 2603/2011/1517 2601/2009/1517
f 2605/2013/1517 2604/2012/1517 2601/2009/1517
f 2606/2014/1517 2605/2013/1517 2601/2009/1517
f 2607/2015/1517 2606/2014/1517 2601/2009/1517
f 2608/2016/1517 2607/2015/1517 2601/2009/1517
f 2609/2017/1517 2608/2016/1517 2601/2009/1517
f 2610/2018/1517 2609/2017/1517 2601/2009/1517
f 2611/2019/1517 2610/2018/1517 2601/2009/1517
f 2612/2020/1517 2611/2019/1517 2601/2009/1517
f 2613/2021/1517 2612/2020/1517 2601/2009/1517
f 2614/2022/1517 2613/2021/1517 2601/2009/1517
f 2615/2023/1517 2614/2022/1517 2601/2009/1517
f 2616/2024/1517 2615/2023/1517 2601/2009/1517
f 2617/2025/1517 2616/2024/1517 2601/2009/1517
f 2618/2026/1517 2617/2025/1517 2601/2009/1517
f 2619/2027/1517 2618/2026/1517 2601/2009/1517
f 2599/2008/1517 2619/2027/1517 2601/2009/1517
f 1938/2028/1518 1939/2029/1519 1940/2030/1520
f 1939/2029/1519 1941/2031/1521 1940/2030/1520
f 1941/2032/1522 1942/2033/1522 1940/2034/1522
f 1942/2033/1523 1943/2035/1523 1940/2034/1523
f 1943/2035/1523 1944/2036/1523 1940/2034/1523
f 1944/2036/1523 1945/2037/1523 1940/2034/1523
f 1945/2037/1523 1946/2038/1524 1940/2034/1523
f 1946/2038/1524 1947/2039/1523 1940/2034/1523
f 1947/2039/1523 1948/2040/1523 1940/2034/1523
f 1948/2040/1523 1949/2041/1523 1940/2034/1523
f 1949/2041/1523 1950/2042/1523 1940/2034/1523
f 1950/2042/1523 1951/2043/1524 1940/2034/1523
f 1951/2043/1524 1952/2044/1523 1940/2034/1523
f 1952/2044/1523 1953/2045/1524 1940/2034/1523
f 1953/2045/1524 1954/2046/1523 1940/2034/1523
f 1954/2046/1523 1955/2047/1525 1940/2034/1523
f 1955/2047/1526 1956/2048/1526 1940/2034/1526
f 1956/2049/1527 1957/2050/1528 1940/2051/1529
f 1957/2052/1530 1958/2053/1531 1940/2054/1532
f 1958/2053/1533 1938/2055/1518 1940/2054/1520
f 1218/2056/1517 1219/2057/1517 1239/2058/1517 1238/2059/1517
f 1219/2057/1517 1220/2060/1517 1240/2061/1517 1239/2058/1517
f 1220/2060/1517 1221/2062/1517 1241/2063/1517 1240/2061/1517
f 1221/2062/1517 1222/2064/1517 1242/2065/1517 1241/2063/1517
f 1222/2064/1517 1223/2066/1517 1243/2067/1517 1242/2065/1517
f 1223/2066/1517 1224/2068/1517 1244/2069/1517 1243/2067/1517
f 1224/2068/1517 1225/2070/1517 1245/2071/1517 1244/2069/1517
f 1225/2070/1517 1226/2072/1517 1246/2073/1517 1245/2071/1517
f 1226/2072/1517 1227/2074/1517 1247/2075/1517 1246/2073/1517
f 1227/2074/1517 1228/2076/1517 1248/2077/1517 1247/2075/1517
f 1228/2076/1517 1229/2078/1517 1249/2079/1517 1248/2077/1517
f 1229/2078/1517 1230/2080/1517 1250/2081/1517 1249/2079/1517
f 1230/2080/1517 1231/2082/1517 1251/2083/1517 1250/2081/1517
f 1231/2082/1517 1232/2084/1517 1252/2085/1517 1251/2083/1517
f 1232/2084/1517 1233/2086/1517 1253/2087/1517 1252/2085/1517
f 1233/2086/1517 1234/2088/1517 1254/2089/1517 1253/2087/1517
f 1234/2088/1517 1235/2090/1517 1255/2091/1517 1254/2089/1517
f 1235/2090/1517 1236/2092/1517 1256/2093/1517 1255/2091/1517
f 1236/2092/1517 1237/2094/1517 1257/2095/1517 1256/2093/1517
f 1237/2094/1517 1218/2056/1517 1238/2059/1517 1257/2095/1517
f 1238/2096/1497 1239/2097/1498 1259/2098/1498 1258/2099/1497
f 1239/2097/1498 1240/2100/1499 1260/2101/1499 1259/2098/1498
f 1240/2102/1499 1241/2103/1500 1261/2104/1500 1260/2105/1499
f 1241/2103/1500 1242/2106/1501 1262/2107/1501 1261/2104/1500
f 1242/2106/1501 1243/2108/1502 1263/2109/1502 1262/2107/1501
f 1243/2108/1502 1244/2110/1503 1264/2111/1503 1263/2109/1502
f 1244/2112/1503 1245/2113/1504 1265/2114/1504 1264/2115/1503
f 1245/2113/1504 1246/2116/1505 1266/2117/1505 1265/2114/1504
f 1246/2116/1505 1247/2118/1506 1267/2119/1506 1266/2117/1505
f 1247/2118/1506 1248/2120/1507 1268/2121/1507 1267/2119/1506
f 1248/2120/1507 1249/2122/1508 1269/2123/1508 1268/2121/1507
f 1249/2122/1508 1250/2124/1509 1270/2125/1509 1269/2123/1508
f 1250/2126/1509 1251/2127/1510 1271/2128/1510 1270/2129/1509
f 1251/2127/1510 1252/2130/1511 1272/2131/1511 1271/2128/1510
f 1252/2130/1511 1253/2132/1512 1273/2133/1512 1272/2131/1511
f 1253/2132/1512 1254/2134/1513 1274/2135/1513 1273/2133/1512
f 1254/2136/1513 1255/2137/1514 1275/2138/1514 1274/2139/1513
f 1255/2137/1514 1256/2140/1515 1276/2141/1515 1275/2138/1514
f 1256/2140/1515 1257/2142/1516 1277/2143/1516 1276/2141/1515
f 1257/2142/1516 1238/2096/1497 1258/2099/1497 1277/2143/1516
f 1258/2144/1523 1259/2145/1523 1279/2146/1523 1278/2147/1523
f 1259/2145/1523 1260/2148/1523 1280/2149/1523 1279/2146/1523
f 1260/2148/1523 1261/2150/1523 1281/2151/1523 1280/2149/1523
f 1261/2150/1523 1262/2152/1523 1282/2153/1523 1281/2151/1523
f 1262/2152/1523 1263/2154/1523 1283/2155/1523 1282/2153/1523
f 1263/2154/1523 1264/2156/1523 1284/2157/1523 1283/2155/1523
f 1264/2156/1523 1265/2158/1523 1285/2159/1523 1284/2157/1523
f 1265/2158/1523 1266/2160/1523 1286/2161/1523 1285/2159/1523
f 1266/2160/1523 1267/2162/1523 1287/2163/1523 1286/2161/1523
f 1267/2162/1523 1268/2164/1523 1288/2165/1523 1287/2163/1523
f 1268/2164/1523 1269/2166/1523 1289/2167/1523 1288/2165/1523
f 1269/2166/1523 1270/2168/1523 1290/2169/1523 1289/2167/1523
f 1270/2168/1523 1271/2170/1523 1291/2171/1523 1290/2169/1523
f 1271/2170/1523 1272/2172/1523 1292/2173/1523 1291/2171/1523
f 1272/2172/1523 1273/2174/1523 1293/2175/1523 1292/2173/1523
f 1273/2174/1523 1274/2176/1523 1294/2177/1523 1293/2175/1523
f 1274/2176/1523 1275/2178/1523 1295/2179/1523 1294/2177/1523
f 1275/2178/1523 1276/2180/1523 1296/2181/1523 1295/2179/1523
f 1276/2180/1523 1277/2182/1523 1297/2183/1523 1296/2181/1523
f 1277/2182/1523 1258/2144/1523 1278/2147/1523 1297/2183/1523
f 1278/2184/1534 1279/2185/1535 1299/2186/1535 1298/2187/1534
f 1279/2185/1535 1280/2188/1536 1300/2189/1536 1299/2186/1535
f 1280/2190/1536 1281/2191/1537 1301/2192/1537 1300/2193/1536
f 1281/2191/1537 1282/2194/1538 1302/2195/1538 1301/2192/1537
f 1282/2194/1538 1283/2196/1539 1303/2197/1539 1302/2195/1538
f 1283/2196/1539 1284/2198/1540 1304/2199/1540 1303/2197/1539
f 1284/2200/1540 1285/2201/1541 1305/2202/1541 1304/2203/1540
f 1285/2201/1541 1286/2204/1542 1306/2205/1542 1305/2202/1541
f 1286/2204/1542 1287/2206/1543 1307/2207/1543 1306/2205/1542
f 1287/2206/1543 1288/2208/1544 1308/2209/1544 1307/2207/1543
f 1288/2208/1544 1289/2210/1545 1309/2211/1545 1308/2209/1544
f 1289/2210/1545 1290/2212/1546 1310/2213/1546 1309/2211/1545
f 1290/2214/1546 1291/2215/1547 1311/2216/1547 1310/2217/1546
f 1291/2215/1547 1292/2218/1548 1312/2219/1548 1311/2216/1547
f 1292/2218/1548 1293/2220/1549 1313/2221/1549 1312/2219/1548
f 1293/2220/1549 1294/2222/1550 1314/2223/1550 1313/2221/1549
f 1294/2224/1550 1295/2225/1551 1315/2226/1551 1314/2227/1550
f 1295/2225/1551 1296/2228/1552 1316/2229/1552 1315/2226/1551
f 1296/2228/1552 1297/2230/1553 1317/2231/1553 1316/2229/1552
f 1297/2230/1553 1278/2184/1534 1298/2187/1534 1317/2231/1553
f 1298/2232/1554 1299/2233/1555 1319/2234/1555 1318/2235/1554
f 1299/2233/1555 1300/2236/1556 1320/2237/1556 1319/2234/1555
f 1300/2236/1556 1301/2238/1557 1321/2239/1557 1320/2237/1556
f 1301/2238/1557 1302/2240/1558 1322/2241/1558 1321/2239/1557
f 1302/2240/1558 1303/2242/1559 1323/2243/1559 1322/2241/1558
f 1303/2242/1559 1304/2244/1560 1324/2245/1560 1323/2243/1559
f 1304/2244/1560 1305/2246/1561 1325/2247/1561 1324/2245/1560
f 1305/2246/1561 1306/2248/1562 1326/2249/1562 1325/2247/1561
f 1306/2248/1562 1307/2250/1563 1327/2251/1563 1326/2249/1562
f 1307/2250/1563 1308/2252/1564 1328/2253/1564 1327/2251/1563
f 1308/2252/1564 1309/2254/1565 1329/2255/1565 1328/2253/1564
f 1309/2254/1565 1310/2256/1566 1330/2257/1566 1329/2255/1565
f 1310/2256/1566 1311/2258/1567 1331/2259/1567 1330/2257/1566
f 1311/2258/1567 1312/2260/1568 1332/2261/1568 1331/2259/1567
f 1312/2260/1568 1313/2262/1569 1333/2263/1569 1332/2261/1568
f 1313/2262/1569 1314/2264/1570 1334/2265/1570 1333/2263/1569
f 1314/2264/1570 1315/2266/1571 1335/2267/1571 1334/2265/1570
f 1315/2266/1571 1316/2268/1572 1336/2269/1572 1335/2267/1571
f 1316/2268/1572 1317/2270/1573 1337/2271/1573 1336/2269/1572
f 1317/2270/1573 1298/2232/1554 1318/2235/1554 1337/2271/1573
f 1318/2272/1497 1319/2273/1498 1339/2274/1498 1338/2275/1497
f 1319/2273/1498 1320/2276/1499 1340/2277/1499 1339/2274/1498
f 1320/2278/1499 1321/2279/1500 1341/2280/1500 1340/2281/1499
f 1321/2279/1500 1322/2282/1501 1342/2283/1501 1341/2280/1500
f 1322/2282/1501 1323/2284/1502 1343/2285/1502 1342/2283/1501
f 1323/2284/1502 1324/2286/1503 1344/2287/1503 1343/2285/1502
f 1324/2288/1503 1325/2289/1504 1345/2290/1504 1344/2291/1503
f 1325/2289/1504 1326/2292/1505 1346/2293/1505 1345/2290/1504
f 1326/2292/1505 1327/2294/1506 1347/2295/1506 1346/2293/1505
f 1327/2294/1506 1328/2296/1507 1348/2297/1507 1347/2295/1506
f 1328/2296/1507 1329/2298/1508 1349/2299/1508 1348/2297/1507
f 1329/2298/1508 1330/2300/1509 1350/2301/1509 1349/2299/1508
f 1330/2302/1509 1331/2303/1510 1351/2304/1510 1350/2305/1509
f 1331/2303/1510 1332/2306/1511 1352/2307/1511 1351/2304/1510
f 1332/2306/1511 1333/2308/1512 1353/2309/1512 1352/2307/1511
f 1333/2308/1512 1334/2310/1513 1354/2311/1513 1353/2309/1512
f 1334/2312/1513 1335/2313/1514 1355/2314/1514 1354/2315/1513
f 1335/2313/1514 1336/2316/1515 1356/2317/1515 1355/2314/1514
f 1336/2316/1515 1337/2318/1516 1357/2319/1516 1356/2317/1515
f 1337/2318/1516 1318/2272/1497 1338/2275/1497 1357/2319/1516
f 1338/2275/1574 1339/2274/1575 1359/2320/1575 1358/2321/1574
f 1339/2274/1575 1340/2277/1576 1360/2322/1576 1359/2320/1575
f 1340/2281/1576 1341/2280/1577 1361/2323/1577 1360/2324/1576
f 1341/2280/1577 1342/2283/1578 1362/2325/1578 1361/2323/1577
f 1342/2283/1578 1343/2285/1579 1363/2326/1579 1362/2325/1578
f 1343/2285/1579 1344/2287/1580 1364/2327/1580 1363/2326/1579
f 1344/2291/1580 1345/2290/1581 1365/2328/1581 1364/2329/1580
f 1345/2290/1581 1346/2293/1582 1366/2330/1582 1365/2328/1581
f 1346/2293/1582 1347/2295/1583 1367/2331/1583 1366/2330/1582
f 1347/2295/1583 1348/2297/1584 1368/2332/1584 1367/2331/1583
f 1348/2297/1584 1349/2299/1585 1369/2333/1585 1368/2332/1584
f 1349/2299/1585 1350/2301/1586 1370/2334/1586 1369/2333/1585
f 1350/2305/1586 1351/2304/1587 1371/2335/1587 1370/2336/1586
f 1351/2304/1587 1352/2307/1588 1372/2337/1588 1371/2335/1587
f 1352/2307/1588 1353/2309/1589 1373/2338/1589 1372/2337/1588
f 1353/2309/1589 1354/2311/1590 1374/2339/1590 1373/2338/1589
f 1354/2315/1590 1355/2314/1591 1375/2340/1591 1374/2341/1590
f 1355/2314/1591 1356/2317/1592 1376/2342/1592 1375/2340/1591
f 1356/2317/1592 1357/2319/1593 1377/2343/1593 1376/2342/1592
f 1357/2319/1593 1338/2275/1574 1358/2321/1574 1377/2343/1593
f 1358/2344/1523 1359/2345/1523 1379/2346/1523 1378/2347/1523
f 1359/2345/1523 1360/2348/1523 1380/2349/1523 1379/2346/1523
f 1360/2348/1523 1361/2350/1523 1381/2351/1523 1380/2349/1523
f 1361/2350/1523 1362/2352/1523 1382/2353/1523 1381/2351/1523
f 1362/2352/1523 1363/2354/1523 1383/2355/1523 1382/2353/1523
f 1363/2354/1523 1364/2356/1523 1384/2357/1523 1383/2355/1523
f 1364/2356/1523 1365/2358/1523 1385/2359/1523 1384/2357/1523
f 1365/2358/1523 1366/2360/1523 1386/2361/1523 1385/2359/1523
f 1366/2360/1523 1367/2362/1523 1387/2363/1523 1386/2361/1523
f 1367/2362/1523 1368/2364/1523 1388/2365/1523 1387/2363/1523
f 1368/2364/1523 1369/2366/1523 1389/2367/1523 1388/2365/1523
f 1369/2366/1523 1370/2368/1523 1390/2369/1523 1389/2367/1523
f 1370/2368/1523 1371/2370/1523 1391/2371/1523 1390/2369/1523
f 1371/2370/1523 1372/2372/1523 1392/2373/1523 1391/2371/1523
f 1372/2372/1523 1373/2374/1523 1393/2375/1523 1392/2373/1523
f 1373/2374/1523 1374/2376/1523 1394/2377/1523 1393/2375/1523
f 1374/2376/1523 1375/2378/1523 1395/2379/1523 1394/2377/1523
f 1375/2378/1523 1376/2380/1523 1396/2381/1523 1395/2379/1523
f 1376/2380/1523 1377/2382/1523 1397/2383/1523 1396/2381/1523
f 1377/2382/1523 1358/2344/1523 1378/2347/1523 1397/2383/1523
f 1378/2384/1497 1379/2385/1498 1399/2386/1498 1398/2387/1497
f 1379/2385/1498 1380/2388/1499 1400/2389/1499 1399/2386/1498
f 1380/2390/1499 1381/2391/1500 1401/2392/1500 1400/2393/1499
f 1381/2391/1500 1382/2394/1501 1402/2395/1501 1401/2392/1500
f 1382/2394/1501 1383/2396/1502 1403/2397/1502 1402/2395/1501
f 1383/2396/1502 1384/2398/1503 1404/2399/1503 1403/2397/1502
f 1384/2400/1503 1385/2401/1504 1405/2402/1504 1404/2403/1503
f 1385/2401/1504 1386/2404/1505 1406/2405/1505 1405/2402/1504
f 1386/2404/1505 1387/2406/1506 1407/2407/1506 1406/2405/1505
f 1387/2406/1506 1388/2408/1507 1408/2409/1507 1407/2407/1506
f 1388/2408/1507 1389/2410/1508 1409/2411/1508 1408/2409/1507
f 1389/2410/1508 1390/2412/1509 1410/2413/1509 1409/2411/1508
f 1390/2414/1509 1391/2415/1510 1411/2416/1510 1410/2417/1509
f 1391/2415/1510 1392/2418/1511 1412/2419/1511 1411/2416/1510
f 1392/2418/1511 1393/2420/1512 1413/2421/1512 1412/2419/1511
f 1393/2420/1512 1394/2422/1513 1414/2423/1513 1413/2421/1512
f 1394/2424/1513 1395/2425/1514 1415/2426/1514 1414/2427/1513
f 1395/2425/1514 1396/2428/1515 1416/2429/1515 1415/2426/1514
f 1396/2428/1515 1397/2430/1516 1417/2431/1516 1416/2429/1515
f 1397/2430/1516 1378/2384/1497 1398/2387/1497 1417/2431/1516
f 1398/2432/1523 1399/2433/1523 1419/2434/1523 1418/2435/1523
f 1399/2433/1523 1400/2436/1523 1420/2437/1523 1419/2434/1523
f 1400/2436/1523 1401/2438/1523 1421/2439/1523 1420/2437/1523
f 1401/2438/1523 1402/2440/1523 1422/2441/1523 1421/2439/1523
f 1402/2440/1523 1403/2442/1523 1423/2443/1523 1422/2441/1523
f 1403/2442/1523 1404/2444/1523 1424/2445/1523 1423/2443/1523
f 1404/2444/1523 1405/2446/1523 1425/2447/1523 1424/2445/1523
f 1405/2446/1523 1406/2448/1523 1426/2449/1523 1425/2447/1523
f 1406/2448/1523 1407/2450/1523 1427/2451/1523 1426/2449/1523
f 1407/2450/1523 1408/2452/1523 1428/2453/1523 1427/2451/1523
f 1408/2452/1523 1409/2454/1523 1429/2455/1523 1428/2453/1523
f 1409/2454/1523 1410/2456/1523 1430/2457/1523 1429/2455/1523
f 1410/2456/1523 1411/2458/1523 1431/2459/1523 1430/2457/1523
f 1411/2458/1523 1412/2460/1523 1432/2461/1523 1431/2459/1523
f 1412/2460/1523 1413/2462/1523 1433/2463/1523 1432/2461/1523
f 1413/2462/1523 1414/2464/1523 1434/2465/1523 1433/2463/1523
f 1414/2464/1523 1415/2466/1523 1435/2467/1523 1434/2465/1523
f 1415/2466/1523 1416/2468/1523 1436/2469/1523 1435/2467/1523
f 1416/2468/1523 1417/2470/1523 1437/2471/1523 1436/2469/1523
f 1417/2470/1523 1398/2432/1523 1418/2435/1523 1437/2471/1523
f 1418/2472/1497 1419/2473/1498 1439/2474/1498 1438/2475/1497
f 1419/2473/1498 1420/2476/1499 1440/2477/1499 1439/2474/1498
f 1420/2478/1499 1421/2479/1500 1441/2480/1500 1440/2481/1499
f 1421/2479/1500 1422/2482/1501 1442/2483/1501 1441/2480/1500
f 1422/2482/1501 1423/2484/1502 1443/2485/1502 1442/2483/1501
f 1423/2484/1502 1424/2486/1503 1444/2487/1503 1443/2485/1502
f 1424/2488/1503 1425/2489/1504 1445/2490/1504 1444/2491/1503
f 1425/2489/1504 1426/2492/1505 1446/2493/1505 1445/2490/1504
f 1426/2492/1505 1427/2494/1506 1447/2495/1506 1446/2493/1505
f 1427/2494/1506 1428/2496/1507 1448/2497/1507 1447/2495/1506
f 1428/2496/1507 1429/2498/1508 1449/2499/1508 1448/2497/1507
f 1429/2498/1508 1430/2500/1509 1450/2501/1509 1449/2499/1508
f 1430/2502/1509 1431/2503/1510 1451/2504/1510 1450/2505/1509
f 1431/2503/1510 1432/2506/1511 1452/2507/1511 1451/2504/1510
f 1432/2506/1511 1433/2508/1512 1453/2509/1512 1452/2507/1511
f 1433/2508/1512 1434/2510/1513 1454/2511/1513 1453/2509/1512
f 1434/2512/1513 1435/2513/1514 1455/2514/1514 1454/2515/1513
f 1435/2513/1514 1436/2516/1515 1456/2517/1515 1455/2514/1514
f 1436/2516/1515 1437/2518/1516 1457/2519/1516 1456/2517/1515
f 1437/2518/1516 1418/2472/1497 1438/2475/1497 1457/2519/1516
f 1438/2520/1517 1439/2521/1517 1459/2522/1517 1458/2523/1517
f 1439/2521/1517 1440/2524/1517 1460/2525/1517 1459/2522/1517
f 1440/2524/1517 1441/2526/1517 1461/2527/1517 1460/2525/1517
f 1441/2526/1517 1442/2528/1517 1462/2529/1517 1461/2527/1517
f 1442/2528/1517 1443/2530/1517 1463/2531/1517 1462/2529/1517
f 1443/2530/1517 1444/2532/1517 1464/2533/1517 1463/2531/1517
f 1444/2532/1517 1445/2534/1517 1465/2535/1517 1464/2533/1517
f 1445/2534/1517 1446/2536/1517 1466/2537/1517 1465/2535/1517
f 1446/2536/1517 1447/2538/1517 1467/2539/1517 1466/2537/1517
f 1447/2538/1517 1448/2540/1517 1468/2541/1517 1467/2539/1517
f 1448/2540/1517 1449/2542/1517 1469/2543/1517 1468/2541/1517
f 1449/2542/1517 1450/2544/1517 1470/2545/1517 1469/2543/1517
f 1450/2544/1517 1451/2546/1517 1471/2547/1517 1470/2545/1517
f 1451/2546/1517 1452/2548/1517 1472/2549/1517 1471/2547/1517
f 1452/2548/1517 1453/2550/1517 1473/2551/1517 1472/2549/1517
f 1453/2550/1517 1454/2552/1517 1474/2553/1517 1473/2551/1517
f 1454/2552/1517 1455/2554/1517 1475/2555/1517 1474/2553/1517
f 1455/2554/1517 1456/2556/1517 1476/2557/1517 1475/2555/1517
f 1456/2556/1517 1457/2558/1517 1477/2559/1517 1476/2557/1517
f 1457/2558/1517 1438/2520/1517 1458/2523/1517 1477/2559/1517
f 1458/2560/1497 1459/2561/1498 1479/2562/1498 1478/2563/1497
f 1459/2561/1498 1460/2564/1499 1480/2565/1499 1479/2562/1498
f 1460/2566/1499 1461/2567/1500 1481/2568/1500 1480/2569/1499
f 1461/2567/1500 1462/2570/1501 1482/2571/1501 1481/2568/1500
f 1462/2570/1501 1463/2572/1502 1483/2573/1502 1482/2571/1501
f 1463/2572/1502 1464/2574/1503 1484/2575/1503 1483/2573/1502
f 1464/2576/1503 1465/2577/1504 1485/2578/1504 1484/2579/1503
f 1465/2577/1504 1466/2580/1505 1486/2581/1505 1485/2578/1504
f 1466/2580/1505 1467/2582/1506 1487/2583/1506 1486/2581/1505
f 1467/2582/1506 1468/2584/1507 1488/2585/1507 1487/2583/1506
f 1468/2584/1507 1469/2586/1508 1489/2587/1508 1488/2585/1507
f 1469/2586/1508 1470/2588/1509 1490/2589/1509 1489/2587/1508
f 1470/2590/1509 1471/2591/1510 1491/2592/1510 1490/2593/1509
f 1471/2591/1510 1472/2594/1511 1492/2595/1511 1491/2592/1510
f 1472/2594/1511 1473/2596/1512 1493/2597/1512 1492/2595/1511
f 1473/2596/1512 1474/2598/1513 1494/2599/1513 1493/2597/1512
f 1474/2600/1513 1475/2601/1514 1495/2602/1514 1494/2603/1513
f 1475/2601/1514 1476/2604/1515 1496/2605/1515 1495/2602/1514
f 1476/2604/1515 1477/2606/1516 1497/2607/1516 1496/2605/1515
f 1477/2606/1516 1458/2560/1497 1478/2563/1497 1497/2607/1516
f 1478/2563/1594 1479/2562/1595 1499/2608/1595 1498/2609/1594
f 1479/2562/1595 1480/2565/1596 1500/2610/1596 1499/2608/1595
f 1480/2569/1596 1481/2568/1597 1501/2611/1597 1500/2612/1596
f 1481/2568/1597 1482/2571/1598 1502/2613/1598 1501/2611/1597
f 1482/2571/1598 1483/2573/1599 1503/2614/1599 1502/2613/1598
f 1483/2573/1599 1484/2575/1600 1504/2615/1600 1503/2614/1599
f 1484/2579/1600 1485/2578/1601 1505/2616/1601 1504/2617/1600
f 1485/2578/1601 1486/2581/1602 1506/2618/1602 1505/2616/1601
f 1486/2581/1602 1487/2583/1603 1507/2619/1603 1506/2618/1602
f 1487/2583/1603 1488/2585/1604 1508/2620/1604 1507/2619/1603
f 1488/2585/1604 1489/2587/1605 1509/2621/1605 1508/2620/1604
f 1489/2587/1605 1490/2589/1606 1510/2622/1606 1509/2621/1605
f 1490/2593/1606 1491/2592/1607 1511/2623/1607 1510/2624/1606
f 1491/2592/1607 1492/2595/1608 1512/2625/1608 1511/2623/1607
f 1492/2595/1608 1493/2597/1609 1513/2626/1609 1512/2625/1608
f 1493/2597/1609 1494/2599/1610 1514/2627/1610 1513/2626/1609
f 1494/2603/1610 1495/2602/1611 1515/2628/1611 1514/2629/1610
f 1495/2602/1611 1496/2605/1612 1516/2630/1612 1515/2628/1611
f 1496/2605/1612 1497/2607/1613 1517/2631/1613 1516/2630/1612
f 1497/2607/1613 1478/2563/1594 1498/2609/1594 1517/2631/1613
f 1498/2609/1497 1499/2608/1498 1519/2632/1498 1518/2633/1497
f 1499/2608/1498 1500/2610/1499 1520/2634/1499 1519/2632/1498
f 1500/2612/1499 1501/2611/1500 1521/2635/1500 1520/2636/1499
f 1501/2611/1500 1502/2613/1501 1522/2637/1501 1521/2635/1500
f 1502/2613/1501 1503/2614/1502 1523/2638/1502 1522/2637/1501
f 1503/2614/1502 1504/2615/1503 1524/2639/1503 1523/2638/1502
f 1504/2617/1503 1505/2616/1504 1525/2640/1504 1524/2641/1503
f 1505/2616/1504 1506/2618/1505 1526/2642/1505 1525/2640/1504
f 1506/2618/1505 1507/2619/1506 1527/2643/1506 1526/2642/1505
f 1507/2619/1506 1508/2620/1507 1528/2644/1507 1527/2643/1506
f 1508/2620/1507 1509/2621/1508 1529/2645/1508 1528/2644/1507
f 1509/2621/1508 1510/2622/1509 1530/2646/1509 1529/2645/1508
f 1510/2624/1509 1511/2623/1510 1531/2647/1510 1530/2648/1509
f 1511/2623/1510 1512/2625/1511 1532/2649/1511 1531/2647/1510
f 1512/2625/1511 1513/2626/1512 1533/2650/1512 1532/2649/1511
f 1513/2626/1512 1514/2627/1513 1534/2651/1513 1533/2650/1512
f 1514/2629/1513 1515/2628/1514 1535/2652/1514 1534/2653/1513
f 1515/2628/1514 1516/2630/1515 1536/2654/1515 1535/2652/1514
f 1516/2630/1515 1517/2631/1516 1537/2655/1516 1536/2654/1515
f 1517/2631/1516 1498/2609/1497 1518/2633/1497 1537/2655/1516
f 1518/2656/1517 1519/2657/1517 1539/2658/1614 1538/2659/1615
f 1519/2657/1517 1520/2660/1517 1540/2661/1616 1539/2658/1614
f 1520/2660/1517 1521/2662/1517 1541/2663/1617 1540/2661/1616
f 1521/2662/1517 1522/2664/1517 1542/2665/1517 1541/2663/1617
f 1522/2664/1517 1523/2666/1517 1543/2667/1517 1542/2665/1517
f 1523/2666/1517 1524/2668/1517 1544/2669/1517 1543/2667/1517
f 1524/2668/1517 1525/2670/1517 1545/2671/1517 1544/2669/1517
f 1525/2670/1517 1526/2672/1517 1546/2673/1517 1545/2671/1517
f 1526/2672/1517 1527/2674/1517 1547/2675/1517 1546/2673/1517
f 1527/2674/1517 1528/2676/1517 1548/2677/1517 1547/2675/1517
f 1528/2676/1517 1529/2678/1517 1549/2679/1517 1548/2677/1517
f 1529/2678/1517 1530/2680/1517 1550/2681/1517 1549/2679/1517
f 1530/2680/1517 1531/2682/1517 1551/2683/1517 1550/2681/1517
f 1531/2682/1517 1532/2684/1517 1552/2685/1517 1551/2683/1517
f 1532/2684/1517 1533/2686/1517 1553/2687/1517 1552/2685/1517
f 1533/2686/1517 1534/2688/1517 1554/2689/1618 1553/2687/1517
f 1534/2688/1517 1535/2690/1517 1555/2691/1619 1554/2689/1618
f 1535/2690/1517 1536/2692/1517 1556/2693/1620 1555/2691/1619
f 1536/2692/1517 1537/2694/1517 1557/2695/1621 1556/2693/1620
f 1537/2694/1517 1518/2656/1517 1538/2659/1615 1557/2695/1621
f 1538/2659/1615 1539/2658/1614 1559/2696/1622 1558/2697/1623
f 1539/2658/1614 1540/2661/1616 1560/2698/1624 1559/2696/1622
f 1540/2661/1616 1541/2663/1617 1561/2699/1625 1560/2698/1624
f 1541/2700/1617 1542/2701/1626 1562/2702/1626 1561/2703/1625
f 1542/2701/1626 1543/2704/1627 1563/2705/1627 1562/2702/1626
f 1543/2704/1627 1544/2706/1628 1564/2707/1628 1563/2705/1627
f 1544/2708/1628 1545/2709/1629 1565/2710/1629 1564/2711/1628
f 1545/2709/1629 1546/2712/1630 1566/2713/1630 1565/2710/1629
f 1546/2712/1630 1547/2714/1631 1567/2715/1631 1566/2713/1630
f 1547/2714/1631 1548/2716/1632 1568/2717/1632 1567/2715/1631
f 1548/2716/1632 1549/2718/1633 1569/2719/1633 1568/2717/1632
f 1549/2718/1633 1550/2720/1634 1570/2721/1634 1569/2719/1633
f 1550/2722/1634 1551/2723/1635 1571/2724/1635 1570/2725/1634
f 1551/2723/1635 1552/2726/1636 1572/2727/1636 1571/2724/1635
f 1552/2726/1636 1553/2728/1637 1573/2729/1637 1572/2727/1636
f 1553/2728/1637 1554/2730/1618 1574/2731/1638 1573/2729/1637
f 1554/2689/1618 1555/2691/1619 1575/2732/1639 1574/2733/1638
f 1555/2691/1619 1556/2693/1620 1576/2734/1640 1575/2732/1639
f 1556/2693/1620 1557/2695/1621 1577/2735/1641 1576/2734/1640
f 1557/2695/1621 1538/2659/1615 1558/2697/1623 1577/2735/1641
f 1959/2736/1642 1960/2737/1643 1998/2738/1644 1979/2739/1645
f 1960/2737/1643 1961/2740/1646 1997/2741/1647 1998/2738/1644
f 1961/2740/1646 1962/2742/1648 1996/2743/1649 1997/2741/1647
f 1962/2742/1648 1963/2744/1650 1995/2745/1651 1996/2743/1649
f 1963/2744/1650 1964/2746/1652 1994/2747/1653 1995/2745/1651
f 1964/2746/1652 1965/2748/1654 1993/2749/1655 1994/2747/1653
f 1965/2750/1654 1966/2751/1656 1992/2752/1657 1993/2753/1655
f 1966/2751/1656 1967/2754/1658 1991/2755/1659 1992/2752/1657
f 1967/2754/1658 1968/2756/1660 1990/2757/1661 1991/2755/1659
f 1968/2756/1660 1969/2758/1662 1989/2759/1663 1990/2757/1661
f 1969/2758/1662 1970/2760/1664 1988/2761/1665 1989/2759/1663
f 1970/2760/1664 1971/2762/1666 1987/2763/1667 1988/2761/1665
f 1971/2764/1666 1972/2765/1668 1986/2766/1669 1987/2767/1667
f 1972/2765/1668 1973/2768/1670 1985/2769/1671 1986/2766/1669
f 1973/2768/1670 1974/2770/1672 1984/2771/1673 1985/2769/1671
f 1974/2770/1672 1975/2772/1674 1983/2773/1675 1984/2771/1673
f 1975/2772/1674 1976/2774/1676 1982/2775/1677 1983/2773/1675
f 1976/2774/1676 1977/2776/1678 1981/2777/1679 1982/2775/1677
f 1977/2776/1680 1978/2778/1681 1980/2779/1682 1981/2777/1683
f 1978/2780/1684 1959/2736/1685 1979/2739/1686 1980/2781/1687
f 1578/2782/1688 1579/2783/1689 1599/2784/1690 1598/2785/1688
f 1579/2783/1689 1580/2786/1691 1600/2787/1691 1599/2784/1690
f 1580/2788/1692 1581/2789/1693 1601/2790/1694 1600/2791/1695
f 1581/2789/1693 1582/2792/1696 1602/2793/1697 1601/2790/1694
f 1582/2792/1696 1583/2794/1698 1603/2795/1699 1602/2793/1697
f 1583/2794/1698 1584/2796/1700 1604/2797/1701 1603/2795/1699
f 1584/2796/1700 1585/2798/1702 1605/2799/1703 1604/2797/1701
f 1585/2798/1702 1586/2800/1704 1606/2801/1705 1605/2799/1703
f 1586/2800/1704 1587/2802/1706 1607/2803/1707 1606/2801/1705
f 1587/2802/1706 1588/2804/1708 1608/2805/1709 1607/2803/1707
f 1588/2804/1708 1589/2806/1710 1609/2807/1711 1608/2805/1709
f 1589/2806/1710 1590/2808/1712 1610/2809/1713 1609/2807/1711
f 1590/2808/1712 1591/2810/1714 1611/2811/1715 1610/2809/1713
f 1591/2810/1714 1592/2812/1716 1612/2813/1717 1611/2811/1715
f 1592/2812/1716 1593/2814/1718 1613/2815/1719 1612/2813/1717
f 1593/2814/1718 1594/2816/1720 1614/2817/1721 1613/2815/1719
f 1594/2816/1720 1595/2818/1722 1615/2819/1723 1614/2817/1721
f 1595/2818/1722 1596/2820/1724 1616/2821/1725 1615/2819/1723
f 1596/2820/1724 1597/2822/1726 1617/2823/1727 1616/2821/1725
f 1597/2822/1726 1578/2824/1728 1598/2825/1729 1617/2823/1727
f 2139/2826/1730 2140/2827/1731 2141/2828/1731 2142/2829/1730
f 2140/2827/1731 2143/2830/1732 2144/2831/1732 2141/2828/1731
f 2143/2830/1732 2145/2832/1733 2146/2833/1733 2144/2831/1732
f 2145/2832/1733 2147/2834/1501 2148/2835/1501 2146/2833/1733
f 2147/2834/1501 2149/2836/1734 2150/2837/1734 2148/2835/1501
f 2149/2836/1734 2151/2838/1735 2152/2839/1735 2150/2837/1734
f 2151/2840/1735 2153/2841/1736 2154/2842/1736 2152/2843/1735
f 2153/2841/1736 2155/2844/1737 2156/2845/1737 2154/2842/1736
f 2155/2844/1737 2157/2846/1506 2158/2847/1506 2156/2845/1737
f 2157/2846/1506 2159/2848/1738 2160/2849/1738 2158/2847/1506
f 2159/2848/1738 2161/2850/1739 2162/2851/1739 2160/2849/1738
f 2161/2850/1739 2163/2852/1740 2164/2853/1740 2162/2851/1739
f 2163/2854/1740 2165/2855/1741 2166/2856/1741 2164/2857/1740
f 2165/2855/1741 2167/2858/1511 2168/2859/1511 2166/2856/1741
f 2167/2858/1511 2169/2860/1742 2170/2861/1742 2168/2859/1511
f 2169/2860/1742 2171/2862/1743 2172/2863/1743 2170/2861/1742
f 2171/2862/1743 2173/2864/1744 2174/2865/1744 2172/2863/1743
f 2173/2864/1744 2175/2866/1745 2176/2867/1745 2174/2865/1744
f 2175/2866/1746 2177/2868/1746 2178/2869/1746 2176/2867/1746
f 2177/2870/1747 2139/2826/1747 2142/2829/1747 2178/2871/1747
f 1618/2872/1523 1619/2873/1523 1639/2874/1523 1638/2875/1523
f 1619/2873/1523 1620/2876/1523 1640/2877/1523 1639/2874/1523
f 1620/2876/1523 1621/2878/1523 1641/2879/1523 1640/2877/1523
f 1621/2878/1523 1622/2880/1523 1642/2881/1523 1641/2879/1523
f 1622/2880/1523 1623/2882/1523 1643/2883/1523 1642/2881/1523
f 1623/2882/1523 1624/2884/1523 1644/2885/1523 1643/2883/1523
f 1624/2884/1523 1625/2886/1523 1645/2887/1523 1644/2885/1523
f 1625/2886/1523 1626/2888/1523 1646/2889/1523 1645/2887/1523
f 1626/2888/1523 1627/2890/1523 1647/2891/1523 1646/2889/1523
f 1627/2890/1523 1628/2892/1523 1648/2893/1523 1647/2891/1523
f 1628/2892/1523 1629/2894/1523 1649/2895/1523 1648/2893/1523
f 1629/2894/1523 1630/2896/1523 1650/2897/1523 1649/2895/1523
f 1630/2896/1523 1631/2898/1523 1651/2899/1523 1650/2897/1523
f 1631/2898/1523 1632/2900/1523 1652/2901/1523 1651/2899/1523
f 1632/2900/1523 1633/2902/1523 1653/2903/1523 1652/2901/1523
f 1633/2902/1523 1634/2904/1523 1654/2905/1523 1653/2903/1523
f 1634/2904/1523 1635/2906/1523 1655/2907/1523 1654/2905/1523
f 1635/2906/1523 1636/2908/1523 1656/2909/1523 1655/2907/1523
f 1636/2908/1523 1637/2910/1523 1657/2911/1523 1656/2909/1523
f 1637/2910/1523 1618/2872/1523 1638/2875/1523 1657/2911/1523
f 1638/2912/1748 1639/2913/1749 1659/2914/1749 1658/2915/1748
f 1639/2913/1749 1640/2916/1750 1660/2917/1750 1659/2914/1749
f 1640/2916/1750 1641/2918/1751 1661/2919/1751 1660/2917/1750
f 1641/2918/1751 1642/2920/1501 1662/2921/1501 1661/2919/1751
f 1642/2920/1501 1643/2922/1502 1663/2923/1502 1662/2921/1501
f 1643/2922/1502 1644/2924/1503 1664/2925/1503 1663/2923/1502
f 1644/2926/1503 1645/2927/1504 1665/2928/1504 1664/2929/1503
f 1645/2927/1504 1646/2930/1505 1666/2931/1505 1665/2928/1504
f 1646/2930/1505 1647/2932/1506 1667/2933/1506 1666/2931/1505
f 1647/2932/1506 1648/2934/1507 1668/2935/1507 1667/2933/1506
f 1648/2934/1507 1649/2936/1508 1669/2937/1508 1668/2935/1507
f 1649/2936/1508 1650/2938/1509 1670/2939/1509 1669/2937/1508
f 1650/2940/1509 1651/2941/1510 1671/2942/1510 1670/2943/1509
f 1651/2941/1510 1652/2944/1511 1672/2945/1511 1671/2942/1510
f 1652/2944/1511 1653/2946/1512 1673/2947/1512 1672/2945/1511
f 1653/2946/1512 1654/2948/1752 1674/2949/1752 1673/2947/1512
f 1654/2948/1752 1655/2950/1753 1675/2951/1753 1674/2949/1752
f 1655/2950/1753 1656/2952/1754 1676/2953/1754 1675/2951/1753
f 1656/2952/1755 1657/2839/1755 1677/2954/1755 1676/2953/1755
f 1657/2955/1756 1638/2912/1756 1658/2915/1756 1677/2956/1756
f 1658/2957/1517 1659/2958/1517 1679/2959/1517 1678/2960/1517
f 1659/2958/1517 1660/2961/1517 1680/2962/1517 1679/2959/1517
f 1660/2961/1517 1661/2963/1517 1681/2964/1517 1680/2962/1517
f 1661/2963/1517 1662/2965/1517 1682/2966/1517 1681/2964/1517
f 1662/2965/1517 1663/2967/1517 1683/2968/1517 1682/2966/1517
f 1663/2967/1517 1664/2969/1517 1684/2970/1517 1683/2968/1517
f 1664/2969/1517 1665/2971/1517 1685/2972/1517 1684/2970/1517
f 1665/2971/1517 1666/2973/1517 1686/2974/1517 1685/2972/1517
f 1666/2973/1517 1667/2975/1517 1687/2976/1517 1686/2974/1517
f 1667/2975/1517 1668/2977/1517 1688/2978/1517 1687/2976/1517
f 1668/2977/1517 1669/2979/1517 1689/2980/1517 1688/2978/1517
f 1669/2979/1517 1670/2981/1517 1690/2982/1517 1689/2980/1517
f 1670/2981/1517 1671/2983/1517 1691/2984/1517 1690/2982/1517
f 1671/2983/1517 1672/2985/1517 1692/2986/1517 1691/2984/1517
f 1672/2985/1517 1673/2987/1517 1693/2988/1517 1692/2986/1517
f 1673/2987/1517 1674/2989/1517 1694/2990/1517 1693/2988/1517
f 1674/2989/1517 1675/2991/1517 1695/2992/1517 1694/2990/1517
f 1675/2991/1517 1676/2993/1517 1696/2994/1517 1695/2992/1517
f 1676/2993/1517 1677/2995/1517 1697/2996/1517 1696/2994/1517
f 1677/2995/1517 1658/2957/1517 1678/2960/1517 1697/2996/1517
f 2179/2997/1730 2180/2998/1731 2181/2999/1731 2182/3000/1730
f 2180/2998/1731 2183/3001/1757 2184/3002/1757 2181/2999/1731
f 2183/3001/1757 2185/3003/1758 2186/3004/1758 2184/3002/1757
f 2185/3003/1758 2187/3005/1501 2188/3006/1501 2186/3004/1758
f 2187/3005/1501 2189/3007/1759 2190/3008/1759 2188/3006/1501
f 2189/3007/1759 2191/3009/1735 2192/3010/1735 2190/3008/1759
f 2191/3011/1735 2193/3012/1736 2194/3013/1736 2192/3014/1735
f 2193/3012/1736 2195/3015/1760 2196/3016/1760 2194/3013/1736
f 2195/3015/1760 2197/3017/1506 2198/3018/1506 2196/3016/1760
f 2197/3017/1506 2199/3019/1738 2200/3020/1738 2198/3018/1506
f 2199/3019/1738 2201/3021/1739 2202/3022/1739 2200/3020/1738
f 2201/3021/1739 2203/3023/1761 2204/3024/1761 2202/3022/1739
f 2203/3025/1761 2205/3026/1741 2206/3027/1741 2204/3028/1761
f 2205/3026/1741 2207/3029/1511 2208/3030/1511 2206/3027/1741
f 2207/3029/1511 2209/3031/1762 2210/3032/1762 2208/3030/1511
f 2209/3031/1762 2211/3033/1763 2212/3034/1763 2210/3032/1762
f 2211/3033/1763 2213/3035/1764 2214/3036/1764 2212/3034/1763
f 2213/3035/1764 2215/3037/1745 2216/3038/1745 2214/3036/1764
f 2215/3037/1746 2217/3039/1746 2218/3040/1746 2216/3038/1746
f 2217/3041/1747 2179/2997/1747 2182/3000/1747 2218/3042/1747
f 1698/3043/1523 1699/3044/1523 1719/3045/1523 1718/3046/1523
f 1699/3044/1523 1700/3047/1523 1720/3048/1523 1719/3045/1523
f 1700/3047/1523 1701/3049/1523 1721/3050/1523 1720/3048/1523
f 1701/3049/1523 1702/3051/1523 1722/3052/1523 1721/3050/1523
f 1702/3051/1523 1703/3053/1523 1723/3054/1523 1722/3052/1523
f 1703/3053/1523 1704/3055/1523 1724/3056/1523 1723/3054/1523
f 1704/3055/1523 1705/3057/1523 1725/3058/1523 1724/3056/1523
f 1705/3057/1523 1706/3059/1523 1726/3060/1523 1725/3058/1523
f 1706/3059/1523 1707/3061/1523 1727/3062/1523 1726/3060/1523
f 1707/3061/1523 1708/3063/1523 1728/3064/1523 1727/3062/1523
f 1708/3063/1523 1709/3065/1523 1729/3066/1523 1728/3064/1523
f 1709/3065/1523 1710/3067/1523 1730/3068/1523 1729/3066/1523
f 1710/3067/1523 1711/3069/1523 1731/3070/1523 1730/3068/1523
f 1711/3069/1523 1712/3071/1523 1732/3072/1523 1731/3070/1523
f 1712/3071/1523 1713/3073/1523 1733/3074/1523 1732/3072/1523
f 1713/3073/1523 1714/3075/1523 1734/3076/1523 1733/3074/1523
f 1714/3075/1523 1715/3077/1523 1735/3078/1523 1734/3076/1523
f 1715/3077/1523 1716/3079/1765 1736/3080/1523 1735/3078/1523
f 1716/3079/1765 1717/3081/1523 1737/3082/1523 1736/3080/1523
f 1717/3081/1523 1698/3043/1523 1718/3046/1523 1737/3082/1523
f 1718/3083/1748 1719/3084/1749 1739/3085/1749 1738/3086/1748
f 1719/3084/1749 1720/3087/1732 1740/3088/1732 1739/3085/1749
f 1720/3087/1732 1721/3089/1766 1741/3090/1766 1740/3088/1732
f 1721/3089/1766 1722/3091/1501 1742/3092/1501 1741/3090/1766
f 1722/3091/1501 1723/3093/1502 1743/3094/1502 1742/3092/1501
f 1723/3093/1502 1724/3095/1503 1744/3096/1503 1743/3094/1502
f 1724/3097/1503 1725/3098/1504 1745/3099/1504 1744/3100/1503
f 1725/3098/1504 1726/3101/1505 1746/3102/1505 1745/3099/1504
f 1726/3101/1505 1727/3103/1506 1747/3104/1506 1746/3102/1505
f 1727/3103/1506 1728/3105/1507 1748/3106/1507 1747/3104/1506
f 1728/3105/1507 1729/3107/1508 1749/3108/1508 1748/3106/1507
f 1729/3107/1508 1730/3109/1509 1750/3110/1509 1749/3108/1508
f 1730/3111/1509 1731/3112/1510 1751/3113/1510 1750/3114/1509
f 1731/3112/1510 1732/3115/1511 1752/3116/1511 1751/3113/1510
f 1732/3115/1511 1733/3117/1512 1753/3118/1512 1752/3116/1511
f 1733/3117/1512 1734/3119/1767 1754/3120/1767 1753/3118/1512
f 1734/3119/1767 1735/3121/1768 1755/3122/1768 1754/3120/1767
f 1735/3121/1768 1736/3123/1754 1756/3124/1754 1755/3122/1768
f 1736/3123/1755 1737/3125/1755 1757/3126/1755 1756/3124/1755
f 1737/3127/1756 1718/3083/1756 1738/3086/1756 1757/3128/1756
f 1738/3129/1517 1739/3130/1517 1759/3131/1517 1758/3132/1517
f 1739/3130/1517 1740/3133/1517 1760/3134/1517 1759/3131/1517
f 1740/3133/1517 1741/3135/1517 1761/3136/1517 1760/3134/1517
f 1741/3135/1517 1742/3137/1517 1762/3138/1517 1761/3136/1517
f 1742/3137/1517 1743/3139/1517 1763/3140/1517 1762/3138/1517
f 1743/3139/1517 1744/3141/1517 1764/3142/1517 1763/3140/1517
f 1744/3141/1517 1745/3143/1517 1765/3144/1517 1764/3142/1517
f 1745/3143/1517 1746/3145/1517 1766/3146/1517 1765/3144/1517
f 1746/3145/1517 1747/3147/1517 1767/3148/1517 1766/3146/1517
f 1747/3147/1517 1748/3149/1517 1768/3150/1517 1767/3148/1517
f 1748/3149/1517 1749/3151/1517 1769/3152/1517 1768/3150/1517
f 1749/3151/1517 1750/3153/1517 1770/3154/1517 1769/3152/1517
f 1750/3153/1517 1751/3155/1517 1771/3156/1517 1770/3154/1517
f 1751/3155/1517 1752/3157/1517 1772/3158/1517 1771/3156/1517
f 1752/3157/1517 1753/3159/1517 1773/3160/1517 1772/3158/1517
f 1753/3159/1517 1754/3161/1517 1774/3162/1517 1773/3160/1517
f 1754/3161/1517 1755/3163/1517 1775/3164/1517 1774/3162/1517
f 1755/3163/1517 1756/3165/1517 1776/3166/1769 1775/3164/1517
f 1756/3165/1517 1757/3167/1517 1777/3168/1517 1776/3166/1769
f 1757/3167/1517 1738/3129/1517 1758/3132/1517 1777/3168/1517
f 2219/3169/1730 2220/3170/1731 2221/3171/1731 2222/3172/1730
f 2220/3170/1731 2223/3173/1770 2224/3174/1770 2221/3171/1731
f 2223/3173/1770 2225/3175/1771 2226/3176/1771 2224/3174/1770
f 2225/3175/1771 2227/3177/1501 2228/3178/1501 2226/3176/1771
f 2227/3177/1501 2229/3179/1759 2230/3180/1759 2228/3178/1501
f 2229/3179/1759 2231/3181/1735 2232/3182/1735 2230/3180/1759
f 2231/3183/1735 2233/3184/1736 2234/3185/1736 2232/3186/1735
f 2233/3184/1736 2235/3187/1737 2236/3188/1737 2234/3185/1736
f 2235/3187/1737 2237/3189/1506 2238/3190/1506 2236/3188/1737
f 2237/3189/1506 2239/3191/1772 2240/3192/1772 2238/3190/1506
f 2239/3191/1772 2241/3193/1739 2242/3194/1739 2240/3192/1772
f 2241/3193/1739 2243/3195/1761 2244/3196/1761 2242/3194/1739
f 2243/3197/1761 2245/3198/1773 2246/3199/1773 2244/3200/1761
f 2245/3198/1773 2247/3201/1511 2248/3202/1511 2246/3199/1773
f 2247/3201/1511 2249/3203/1762 2250/3204/1762 2248/3202/1511
f 2249/3203/1762 2251/3205/1774 2252/3206/1774 2250/3204/1762
f 2251/3205/1774 2253/3207/1775 2254/3208/1775 2252/3206/1774
f 2253/3207/1775 2255/3209/1745 2256/3210/1745 2254/3208/1775
f 2255/3209/1746 2257/3211/1746 2258/3212/1746 2256/3210/1746
f 2257/3213/1747 2219/3169/1747 2222/3172/1747 2258/3214/1747
f 1778/3215/1523 1779/3216/1523 1799/3217/1523 1798/3218/1523
f 1779/3216/1523 1780/3219/1523 1800/3220/1523 1799/3217/1523
f 1780/3219/1523 1781/3221/1523 1801/3222/1523 1800/3220/1523
f 1781/3221/1523 1782/3223/1523 1802/3224/1523 1801/3222/1523
f 1782/3223/1523 1783/3225/1523 1803/3226/1523 1802/3224/1523
f 1783/3225/1523 1784/3227/1523 1804/3228/1523 1803/3226/1523
f 1784/3227/1523 1785/3229/1523 1805/3230/1523 1804/3228/1523
f 1785/3229/1523 1786/3231/1523 1806/3232/1523 1805/3230/1523
f 1786/3231/1523 1787/3233/1523 1807/3234/1523 1806/3232/1523
f 1787/3233/1523 1788/3235/1523 1808/3236/1523 1807/3234/1523
f 1788/3235/1523 1789/3237/1523 1809/3238/1523 1808/3236/1523
f 1789/3237/1523 1790/3239/1523 1810/3240/1523 1809/3238/1523
f 1790/3239/1523 1791/3241/1523 1811/3242/1523 1810/3240/1523
f 1791/3241/1523 1792/3243/1523 1812/3244/1523 1811/3242/1523
f 1792/3243/1523 1793/3245/1523 1813/3246/1523 1812/3244/1523
f 1793/3245/1523 1794/3247/1523 1814/3248/1523 1813/3246/1523
f 1794/3247/1523 1795/3249/1523 1815/3250/1523 1814/3248/1523
f 1795/3249/1523 1796/3251/1523 1816/3252/1523 1815/3250/1523
f 1796/3251/1523 1797/3253/1523 1817/3254/1523 1816/3252/1523
f 1797/3253/1523 1778/3215/1523 1798/3218/1523 1817/3254/1523
f 1798/3255/1748 1799/3256/1749 1819/3257/1749 1818/3258/1748
f 1799/3256/1749 1800/3259/1776 1820/3260/1776 1819/3257/1749
f 1800/3259/1776 1801/3261/1777 1821/3262/1777 1820/3260/1776
f 1801/3261/1777 1802/3263/1501 1822/3264/1501 1821/3262/1777
f 1802/3263/1501 1803/3265/1502 1823/3266/1502 1822/3264/1501
f 1803/3265/1502 1804/3267/1503 1824/3268/1503 1823/3266/1502
f 1804/3269/1503 1805/3270/1504 1825/3271/1504 1824/3272/1503
f 1805/3270/1504 1806/3273/1505 1826/3274/1505 1825/3271/1504
f 1806/3273/1505 1807/3275/1506 1827/3276/1506 1826/3274/1505
f 1807/3275/1506 1808/3277/1507 1828/3278/1507 1827/3276/1506
f 1808/3277/1507 1809/3279/1508 1829/3280/1508 1828/3278/1507
f 1809/3279/1508 1810/3281/1509 1830/3282/1509 1829/3280/1508
f 1810/3283/1509 1811/3284/1510 1831/3285/1510 1830/3286/1509
f 1811/3284/1510 1812/3287/1511 1832/3288/1511 1831/3285/1510
f 1812/3287/1511 1813/3289/1512 1833/3290/1512 1832/3288/1511
f 1813/3289/1512 1814/3291/1778 1834/3292/1778 1833/3290/1512
f 1814/3291/1778 1815/3293/1779 1835/3294/1779 1834/3292/1778
f 1815/3293/1779 1816/3295/1754 1836/3296/1754 1835/3294/1779
f 1816/3295/1780 1817/3297/1780 1837/3298/1780 1836/3296/1780
f 1817/3299/1756 1798/3255/1756 1818/3258/1756 1837/3300/1756
f 1818/3301/1517 1819/3302/1517 1839/3303/1517 1838/3304/1517
f 1819/3302/1517 1820/3305/1517 1840/3306/1517 1839/3303/1517
f 1820/3305/1517 1821/3307/1517 1841/3308/1517 1840/3306/1517
f 1821/3307/1517 1822/3309/1517 1842/3310/1517 1841/3308/1517
f 1822/3309/1517 1823/3311/1517 1843/3312/1517 1842/3310/1517
f 1823/3311/1517 1824/3313/1517 1844/3314/1517 1843/3312/1517
f 1824/3313/1517 1825/3315/1517 1845/3316/1517 1844/3314/1517
f 1825/3315/1517 1826/3317/1517 1846/3318/1517 1845/3316/1517
f 1826/3317/1517 1827/3319/1517 1847/3320/1517 1846/3318/1517
f 1827/3319/1517 1828/3321/1517 1848/3322/1517 1847/3320/1517
f 1828/3321/1517 1829/3323/1517 1849/3324/1517 1848/3322/1517
f 1829/3323/1517 1830/3325/1517 1850/3326/1517 1849/3324/1517
f 1830/3325/1517 1831/3327/1517 1851/3328/1517 1850/3326/1517
f 1831/3327/1517 1832/3329/1517 1852/3330/1517 1851/3328/1517
f 1832/3329/1517 1833/3331/1517 1853/3332/1517 1852/3330/1517
f 1833/3331/1517 1834/3333/1517 1854/3334/1517 1853/3332/1517
f 1834/3333/1517 1835/3335/1517 1855/3336/1517 1854/3334/1517
f 1835/3335/1517 1836/3337/1517 1856/3338/1517 1855/3336/1517
f 1836/3337/1517 1837/3339/1517 1857/3340/1517 1856/3338/1517
f 1837/3339/1517 1818/3301/1517 1838/3304/1517 1857/3340/1517
f 2259/3341/1730 2260/3342/1731 2261/3343/1731 2262/3344/1730
f 2260/3342/1731 2263/3345/1781 2264/3346/1781 2261/3343/1731
f 2263/3345/1781 2265/3347/1782 2266/3348/1782 2264/3346/1781
f 2265/3347/1782 2267/3349/1501 2268/3350/1501 2266/3348/1782
f 2267/3349/1501 2269/3351/1759 2270/3352/1759 2268/3350/1501
f 2269/3351/1759 2271/3353/1783 2272/3354/1783 2270/3352/1759
f 2271/3355/1783 2273/3356/1736 2274/3357/1736 2272/3358/1783
f 2273/3356/1736 2275/3359/1737 2276/3360/1737 2274/3357/1736
f 2275/3359/1737 2277/3361/1506 2278/3362/1506 2276/3360/1737
f 2277/3361/1506 2279/3363/1738 2280/3364/1738 2278/3362/1506
f 2279/3363/1738 2281/3365/1784 2282/3366/1784 2280/3364/1738
f 2281/3365/1784 2283/3367/1785 2284/3368/1785 2282/3366/1784
f 2283/3369/1785 2285/3370/1741 2286/3371/1741 2284/3372/1785
f 2285/3370/1741 2287/3373/1511 2288/3374/1511 2286/3371/1741
f 2287/3373/1511 2289/3375/1742 2290/3376/1742 2288/3374/1511
f 2289/3375/1742 2291/3377/1786 2292/3378/1786 2290/3376/1742
f 2291/3377/1786 2293/3379/1787 2294/3380/1787 2292/3378/1786
f 2293/3379/1787 2295/3381/1745 2296/3382/1745 2294/3380/1787
f 2295/3381/1746 2297/3383/1746 2298/3384/1746 2296/3382/1746
f 2297/3385/1747 2259/3341/1747 2262/3344/1747 2298/3386/1747
f 1858/3387/1523 1859/3388/1523 1879/3389/1523 1878/3390/1523
f 1859/3388/1523 1860/3391/1523 1880/3392/1523 1879/3389/1523
f 1860/3391/1523 1861/3393/1523 1881/3394/1523 1880/3392/1523
f 1861/3393/1523 1862/3395/1523 1882/3396/1523 1881/3394/1523
f 1862/3395/1523 1863/3397/1523 1883/3398/1523 1882/3396/1523
f 1863/3397/1523 1864/3399/1523 1884/3400/1523 1883/3398/1523
f 1864/3399/1523 1865/3401/1523 1885/3402/1523 1884/3400/1523
f 1865/3401/1523 1866/3403/1523 1886/3404/1523 1885/3402/1523
f 1866/3403/1523 1867/3405/1523 1887/3406/1523 1886/3404/1523
f 1867/3405/1523 1868/3407/1523 1888/3408/1523 1887/3406/1523
f 1868/3407/1523 1869/3409/1523 1889/3410/1523 1888/3408/1523
f 1869/3409/1523 1870/3411/1523 1890/3412/1523 1889/3410/1523
f 1870/3411/1523 1871/3413/1523 1891/3414/1523 1890/3412/1523
f 1871/3413/1523 1872/3415/1523 1892/3416/1523 1891/3414/1523
f 1872/3415/1523 1873/3417/1523 1893/3418/1523 1892/3416/1523
f 1873/3417/1523 1874/3419/1523 1894/3420/1523 1893/3418/1523
f 1874/3419/1523 1875/3421/1523 1895/3422/1523 1894/3420/1523
f 1875/3421/1523 1876/3423/1523 1896/3424/1523 1895/3422/1523
f 1876/3423/1523 1877/3425/1523 1897/3426/1523 1896/3424/1523
f 1877/3425/1523 1858/3387/1523 1878/3390/1523 1897/3426/1523
f 1878/3427/1748 1879/3428/1749 1899/3429/1749 1898/3430/1748
f 1879/3428/1749 1880/3431/1788 1900/3432/1788 1899/3429/1749
f 1880/3431/1788 1881/3433/1789 1901/3434/1789 1900/3432/1788
f 1881/3433/1789 1882/3435/1501 1902/3436/1501 1901/3434/1789
f 1882/3435/1501 1883/3437/1502 1903/3438/1502 1902/3436/1501
f 1883/3437/1502 1884/3439/1503 1904/3440/1503 1903/3438/1502
f 1884/3441/1503 1885/3442/1504 1905/3443/1504 1904/3444/1503
f 1885/3442/1504 1886/3445/1505 1906/3446/1505 1905/3443/1504
f 1886/3445/1505 1887/3447/1506 1907/3448/1506 1906/3446/1505
f 1887/3447/1506 1888/3449/1507 1908/3450/1507 1907/3448/1506
f 1888/3449/1507 1889/3451/1508 1909/3452/1508 1908/3450/1507
f 1889/3451/1508 1890/3453/1509 1910/3454/1509 1909/3452/1508
f 1890/3455/1509 1891/3456/1510 1911/3457/1510 1910/3458/1509
f 1891/3456/1510 1892/3459/1511 1912/3460/1511 1911/3457/1510
f 1892/3459/1511 1893/3461/1512 1913/3462/1512 1912/3460/1511
f 1893/3461/1512 1894/3463/1790 1914/3464/1790 1913/3462/1512
f 1894/3463/1790 1895/3465/1791 1915/3466/1791 1914/3464/1790
f 1895/3465/1791 1896/3467/1754 1916/3468/1754 1915/3466/1791
f 1896/3467/1755 1897/3469/1755 1917/3470/1755 1916/3468/1755
f 1897/3471/1792 1878/3427/1792 1898/3430/1792 1917/3472/1792
f 1898/3473/1517 1899/3474/1517 1919/3475/1517 1918/3476/1517
f 1899/3474/1517 1900/3477/1517 1920/3478/1517 1919/3475/1517
f 1900/3477/1517 1901/3479/1517 1921/3480/1517 1920/3478/1517
f 1901/3479/1517 1902/3481/1517 1922/3482/1517 1921/3480/1517
f 1902/3481/1517 1903/3483/1517 1923/3484/1517 1922/3482/1517
f 1903/3483/1517 1904/3485/1517 1924/3486/1517 1923/3484/1517
f 1904/3485/1517 1905/3487/1517 1925/3488/1517 1924/3486/1517
f 1905/3487/1517 1906/3489/1517 1926/3490/1517 1925/3488/1517
f 1906/3489/1517 1907/3491/1517 1927/3492/1517 1926/3490/1517
f 1907/3491/1517 1908/3493/1517 1928/3494/1517 1927/3492/1517
f 1908/3493/1517 1909/3495/1517 1929/3496/1517 1928/3494/1517
f 1909/3495/1517 1910/3497/1517 1930/3498/1517 1929/3496/1517
f 1910/3497/1517 1911/3499/1517 1931/3500/1517 1930/3498/1517
f 1911/3499/1517 1912/3501/1517 1932/3502/1517 1931/3500/1517
f 1912/3501/1517 1913/3503/1517 1933/3504/1517 1932/3502/1517
f 1913/3503/1517 1914/3505/1517 1934/3506/1517 1933/3504/1517
f 1914/3505/1517 1915/3507/1517 1935/3508/1517 1934/3506/1517
f 1915/3507/1517 1916/3509/1517 1936/3510/1517 1935/3508/1517
f 1916/3509/1517 1917/3511/1517 1937/3512/1517 1936/3510/1517
f 1917/3511/1517 1898/3473/1517 1918/3476/1517 1937/3512/1517
f 2359/3513/1793 2360/3514/1794 2338/3515/1795 2319/3516/1796
f 2360/3514/1794 2361/3517/1797 2337/3518/1798 2338/3515/1795
f 2361/3517/1797 2362/3519/1799 2336/3520/1800 2337/3518/1798
f 2362/3519/1799 2363/3521/1801 2335/3522/1802 2336/3520/1800
f 2363/3521/1801 2364/3523/1803 2334/3524/1804 2335/3522/1802
f 2364/3523/1803 2365/3525/1805 2333/3526/1806 2334/3524/1804
f 2365/3525/1805 2366/3527/1807 2332/3528/1808 2333/3526/1806
f 2366/3529/1807 2367/3530/1809 2331/3531/1810 2332/3532/1808
f 2367/3530/1809 2368/3533/1811 2330/3534/1811 2331/3531/1810
f 2368/3533/1812 2369/3535/1813 2329/3536/1814 2330/3534/1812
f 2369/3535/1813 2370/3537/1815 2328/3538/1816 2329/3536/1814
f 2370/3539/1815 2371/3540/1817 2327/3541/1817 2328/3542/1816
f 2371/3540/1818 2372/3543/1819 2326/3544/1820 2327/3541/1821
f 2372/3543/1819 2373/3545/1822 2325/3546/1823 2326/3544/1820
f 2373/3545/1822 2374/3547/1824 2324/3548/1825 2325/3546/1823
f 2374/3547/1824 2375/3549/1826 2323/3550/1827 2324/3548/1825
f 2375/3549/1826 2376/3551/1828 2322/3552/1829 2323/3550/1827
f 2376/3551/1828 2377/3553/1830 2321/3554/1831 2322/3552/1829
f 2377/3553/1832 2378/3555/1833 2320/3556/1834 2321/3554/1835
f 2378/3557/1836 2359/3513/1837 2319/3516/1838 2320/3558/1839
f 1558/3559/1840 1559/3560/1841 1960/2737/1643 1959/2736/1642
f 1559/3560/1841 1560/3561/1842 1961/2740/1646 1960/2737/1643
f 1560/3561/1842 1561/2703/1843 1962/2742/1648 1961/2740/1646
f 1561/2703/1843 1562/2702/1844 1963/2744/1650 1962/2742/1648
f 1562/2702/1844 1563/2705/1845 1964/2746/1652 1963/2744/1650
f 1563/2705/1845 1564/2707/1846 1965/2748/1654 1964/2746/1652
f 1564/2711/1846 1565/2710/1847 1966/2751/1656 1965/2750/1654
f 1565/2710/1847 1566/2713/1848 1967/2754/1658 1966/2751/1656
f 1566/2713/1848 1567/2715/1849 1968/2756/1660 1967/2754/1658
f 1567/2715/1849 1568/2717/1850 1969/2758/1662 1968/2756/1660
f 1568/2717/1850 1569/2719/1851 1970/2760/1664 1969/2758/1662
f 1569/2719/1851 1570/2721/1852 1971/2762/1666 1970/2760/1664
f 1570/2725/1852 1571/2724/1853 1972/2765/1668 1971/2764/1666
f 1571/2724/1853 1572/2727/1854 1973/2768/1670 1972/2765/1668
f 1572/2727/1854 1573/2729/1855 1974/2770/1672 1973/2768/1670
f 1573/2729/1855 1574/2731/1856 1975/2772/1674 1974/2770/1672
f 1574/2731/1856 1575/3562/1857 1976/2774/1676 1975/2772/1674
f 1575/3562/1857 1576/3563/1858 1977/2776/1678 1976/2774/1676
f 1576/3563/1859 1577/3564/1859 1978/2778/1681 1977/2776/1680
f 1577/3565/1860 1558/3559/1860 1959/2736/1685 1978/2780/1684
f 1980/2781/1687 1979/2739/1686 1999/3566/1861 2000/3567/1861
f 1981/2777/1683 1980/2779/1682 2000/3568/1862 2001/3569/1862
f 1982/2775/1677 1981/2777/1679 2001/3569/1863 2002/3570/1864
f 1983/2773/1675 1982/2775/1677 2002/3570/1864 2003/3571/1865
f 1984/2771/1673 1983/2773/1675 2003/3571/1865 2004/3572/1866
f 1985/2769/1671 1984/2771/1673 2004/3572/1866 2005/3573/1867
f 1986/2766/1669 1985/2769/1671 2005/3573/1867 2006/3574/1868
f 1987/2767/1667 1986/2766/1669 2006/3574/1868 2007/3575/1869
f 1988/2761/1665 1987/2763/1667 2007/3576/1869 2008/3577/1870
f 1989/2759/1663 1988/2761/1665 2008/3577/1870 2009/3578/1871
f 1990/2757/1661 1989/2759/1663 2009/3578/1871 2010/3579/1872
f 1991/2755/1659 1990/2757/1661 2010/3579/1872 2011/3580/1873
f 1992/2752/1657 1991/2755/1659 2011/3580/1873 2012/3581/1874
f 1993/2753/1655 1992/2752/1657 2012/3581/1874 2013/3582/1875
f 1994/2747/1653 1993/2749/1655 2013/3583/1875 2014/3584/1876
f 1995/2745/1651 1994/2747/1653 2014/3584/1876 2015/3585/1877
f 1996/2743/1649 1995/2745/1651 2015/3585/1877 2016/3586/1878
f 1997/2741/1647 1996/2743/1649 2016/3586/1878 2017/3587/1879
f 1998/2738/1644 1997/2741/1647 2017/3587/1879 2018/3588/1880
f 1979/2739/1645 1998/2738/1644 2018/3588/1880 1999/3566/1881
f 2100/3589/1882 2099/3590/1882 2101/3591/1882 2102/3592/1882
f 2103/3593/1883 2100/3594/1883 2102/3595/1883 2104/3596/1883
f 2105/3597/1884 2103/3593/1885 2104/3596/1885 2106/3598/1886
f 2107/3599/1887 2105/3597/1884 2106/3598/1886 2108/3600/1888
f 2109/3601/1889 2107/3599/1887 2108/3600/1888 2110/3602/1890
f 2111/3603/1891 2109/3601/1889 2110/3602/1890 2112/3604/1892
f 2113/3605/1893 2111/3603/1891 2112/3604/1892 2114/3606/1894
f 2115/3607/1895 2113/3605/1893 2114/3606/1894 2116/3608/1896
f 2117/3609/1897 2115/3610/1895 2116/3611/1896 2118/3612/1898
f 2119/3613/1899 2117/3609/1897 2118/3612/1898 2120/3614/1900
f 2121/3615/1901 2119/3613/1899 2120/3614/1900 2122/3616/1902
f 2123/3617/1903 2121/3615/1901 2122/3616/1902 2124/3618/1904
f 2125/3619/1905 2123/3617/1903 2124/3618/1904 2126/3620/1906
f 2127/3621/1907 2125/3619/1905 2126/3620/1906 2128/3622/1908
f 2129/3623/1909 2127/3624/1907 2128/3625/1908 2130/3626/1910
f 2131/3627/1911 2129/3623/1909 2130/3626/1910 2132/3628/1912
f 2133/3629/1913 2131/3627/1911 2132/3628/1912 2134/3630/1914
f 2135/3631/1915 2133/3629/1913 2134/3630/1914 2136/3632/1916
f 2137/3633/1917 2135/3631/1915 2136/3632/1916 2138/3634/1918
f 2099/3590/1919 2137/3633/1917 2138/3634/1918 2101/3591/1919
f 2078/3635/1920 2059/3636/1921 2039/3637/1922 2040/3638/1920
f 2077/3639/1923 2078/3635/1923 2040/3638/1923 2041/3640/1923
f 2076/3641/1924 2077/3642/1925 2041/3643/1926 2042/3644/1927
f 2075/3645/1928 2076/3641/1924 2042/3644/1927 2043/3646/1929
f 2074/3647/1930 2075/3645/1928 2043/3646/1929 2044/3648/1931
f 2073/3649/1932 2074/3647/1930 2044/3648/1931 2045/3650/1933
f 2072/3651/1934 2073/3649/1932 2045/3650/1933 2046/3652/1935
f 2071/3653/1936 2072/3651/1934 2046/3652/1935 2047/3654/1937
f 2070/3655/1938 2071/3656/1936 2047/3657/1937 2048/3658/1939
f 2069/3659/1940 2070/3655/1938 2048/3658/1939 2049/3660/1941
f 2068/3661/1942 2069/3659/1940 2049/3660/1941 2050/3662/1943
f 2067/3663/1944 2068/3661/1942 2050/3662/1943 2051/3664/1945
f 2066/3665/1946 2067/3663/1944 2051/3664/1945 2052/3666/1947
f 2065/3667/1948 2066/3665/1946 2052/3666/1947 2053/3668/1949
f 2064/3669/1950 2065/3670/1948 2053/3671/1949 2054/3672/1951
f 2063/3673/1952 2064/3669/1950 2054/3672/1951 2055/3674/1953
f 2062/3675/1954 2063/3673/1952 2055/3674/1953 2056/3676/1955
f 2061/3677/1956 2062/3675/1954 2056/3676/1955 2057/3678/1957
f 2060/3679/1958 2061/3677/1956 2057/3678/1957 2058/3680/1959
f 2059/3681/1921 2060/3679/1958 2058/3680/1959 2039/3682/1922
f 2040/3683/1960 2039/3682/1960 1578/3684/1960 1597/3685/1960
f 2041/3643/1961 2040/3686/1961 1597/3687/1961 1596/3688/1961
f 2042/3644/1927 2041/3643/1926 1596/3688/1962 1595/3689/1963
f 2043/3646/1929 2042/3644/1927 1595/3689/1963 1594/3690/1964
f 2044/3648/1931 2043/3646/1929 1594/3690/1964 1593/3691/1965
f 2045/3650/1933 2044/3648/1931 1593/3691/1965 1592/3692/1966
f 2046/3652/1935 2045/3650/1933 1592/3692/1966 1591/3693/1967
f 2047/3654/1968 2046/3652/1935 1591/3693/1967 1590/3694/1969
f 2048/3658/1970 2047/3657/1968 1590/3695/1969 1589/3696/1971
f 2049/3660/1972 2048/3658/1970 1589/3696/1971 1588/3697/1973
f 2050/3662/1974 2049/3660/1972 1588/3697/1973 1587/3698/1974
f 2051/3664/1975 2050/3662/1974 1587/3698/1974 1586/3699/1976
f 2052/3666/1977 2051/3664/1975 1586/3699/1976 1585/3700/1978
f 2053/3668/1979 2052/3666/1977 1585/3700/1978 1584/3701/1980
f 2054/3672/1951 2053/3671/1979 1584/3702/1980 1583/3703/1981
f 2055/3674/1953 2054/3672/1951 1583/3703/1981 1582/3704/1982
f 2056/3676/1955 2055/3674/1953 1582/3704/1982 1581/3705/1983
f 2057/3678/1957 2056/3676/1955 1581/3705/1983 1580/3706/1984
f 2058/3680/1985 2057/3678/1957 1580/3706/1984 1579/3707/1986
f 2039/3682/1987 2058/3680/1985 1579/3707/1986 1578/3684/1987
f 2019/3708/1988 2038/3709/1989 2060/3679/1990 2059/3681/1988
f 2038/3709/1989 2037/3710/1991 2061/3677/1956 2060/3679/1990
f 2037/3710/1991 2036/3711/1992 2062/3675/1954 2061/3677/1956
f 2036/3711/1992 2035/3712/1993 2063/3673/1952 2062/3675/1954
f 2035/3712/1993 2034/3713/1994 2064/3669/1950 2063/3673/1952
f 2034/3713/1994 2033/3714/1995 2065/3670/1996 2064/3669/1950
f 2033/3715/1995 2032/3716/1997 2066/3665/1998 2065/3667/1996
f 2032/3716/1997 2031/3717/1999 2067/3663/2000 2066/3665/1998
f 2031/3717/1999 2030/3718/2001 2068/3661/2002 2067/3663/2000
f 2030/3718/2001 2029/3719/2003 2069/3659/2004 2068/3661/2002
f 2029/3719/2003 2028/3720/2005 2070/3655/2006 2069/3659/2004
f 2028/3720/2005 2027/3721/2007 2071/3656/2008 2070/3655/2006
f 2027/3722/2007 2026/3723/2009 2072/3651/1934 2071/3653/2008
f 2026/3723/2009 2025/3724/2010 2073/3649/1932 2072/3651/1934
f 2025/3724/2010 2024/3725/2011 2074/3647/1930 2073/3649/1932
f 2024/3725/2011 2023/3726/2012 2075/3645/1928 2074/3647/1930
f 2023/3726/2012 2022/3727/2013 2076/3641/1924 2075/3645/1928
f 2022/3727/2013 2021/3728/2014 2077/3642/1925 2076/3641/1924
f 2021/3728/2015 2020/3729/2015 2078/3730/2015 2077/3642/2015
f 2020/3731/2016 2019/3708/2016 2059/3681/2016 2078/3732/2016
f 2299/3733/2017 2300/3734/2018 2358/3735/2019 2339/3736/2020
f 2300/3734/2018 2301/3737/2021 2357/3738/2022 2358/3735/2019
f 2301/3737/2021 2302/3739/2023 2356/3740/2024 2357/3738/2022
f 2302/3739/2023 2303/3741/2025 2355/3742/2026 2356/3740/2024
f 2303/3741/2025 2304/3743/2027 2354/3744/2028 2355/3742/2026
f 2304/3743/2027 2305/3745/2029 2353/3746/2030 2354/3744/2028
f 2305/3747/2029 2306/3748/2031 2352/3749/2032 2353/3750/2030
f 2306/3748/2031 2307/3751/2033 2351/3752/2034 2352/3749/2032
f 2307/3751/2033 2308/3753/2035 2350/3754/2035 2351/3752/2034
f 2308/3753/1812 2309/3755/1813 2349/3756/2036 2350/3754/1812
f 2309/3755/1813 2310/3757/1815 2348/3758/1815 2349/3756/2036
f 2310/3759/1815 2311/3760/1817 2347/3761/1817 2348/3762/1815
f 2311/3760/2037 2312/3763/2038 2346/3764/2039 2347/3761/2040
f 2312/3763/2038 2313/3765/2041 2345/3766/2042 2346/3764/2039
f 2313/3765/2041 2314/3767/2043 2344/3768/2044 2345/3766/2042
f 2314/3767/2043 2315/3769/2045 2343/3770/2046 2344/3768/2044
f 2315/3769/2045 2316/3771/2047 2342/3772/2048 2343/3770/2046
f 2316/3771/2047 2317/3773/2049 2341/3774/2050 2342/3772/2048
f 2317/3773/2051 2318/3775/2052 2340/3776/2053 2341/3774/2054
f 2318/3777/2055 2299/3733/2056 2339/3736/2057 2340/3778/2058
f 2000/3779/2059 1999/3780/2060 2099/3781/2061 2100/3782/2059
f 2019/3783/2062 2020/3784/2063 2102/3785/2063 2101/3786/2064
f 2001/3787/2065 2000/3779/2059 2100/3782/2059 2103/3788/2066
f 2020/3784/2063 2021/3789/2067 2104/3790/2068 2102/3785/2063
f 2002/3791/2069 2001/3787/2065 2103/3788/2066 2105/3792/2070
f 2021/3789/2067 2022/3793/2071 2106/3794/2072 2104/3790/2068
f 2003/3795/2073 2002/3791/2069 2105/3792/2070 2107/3796/2074
f 2022/3793/2071 2023/3797/2075 2108/3798/2076 2106/3794/2072
f 2004/3572/2077 2003/3571/2073 2107/3599/2074 2109/3601/2077
f 2023/3726/2075 2024/3725/2078 2110/3602/2078 2108/3600/2076
f 2005/3573/1867 2004/3572/1866 2109/3601/1889 2111/3603/1891
f 2024/3725/2011 2025/3724/2010 2112/3604/1892 2110/3602/1890
f 2006/3574/1868 2005/3573/1867 2111/3603/1891 2113/3605/1893
f 2025/3724/2010 2026/3723/2009 2114/3606/1894 2112/3604/1892
f 2007/3575/1869 2006/3574/1868 2113/3605/1893 2115/3607/1895
f 2026/3723/2009 2027/3722/2007 2116/3608/1896 2114/3606/1894
f 2008/3577/1870 2007/3576/1869 2115/3610/1895 2117/3609/1897
f 2027/3721/2007 2028/3720/2005 2118/3612/1898 2116/3611/1896
f 2009/3578/1871 2008/3577/1870 2117/3609/1897 2119/3613/1899
f 2028/3720/2005 2029/3719/2003 2120/3614/1900 2118/3612/1898
f 2010/3579/1872 2009/3578/1871 2119/3613/1899 2121/3615/1901
f 2029/3719/2003 2030/3718/2001 2122/3616/1902 2120/3614/1900
f 2011/3580/1873 2010/3579/1872 2121/3615/1901 2123/3617/1903
f 2030/3718/2001 2031/3717/1999 2124/3618/1904 2122/3616/1902
f 2012/3581/1874 2011/3580/1873 2123/3617/1903 2125/3619/1905
f 2031/3717/1999 2032/3716/1997 2126/3620/1906 2124/3618/1904
f 2013/3582/1875 2012/3581/1874 2125/3619/1905 2127/3621/1907
f 2032/3716/1997 2033/3715/1995 2128/3622/1908 2126/3620/1906
f 2014/3584/1876 2013/3583/1875 2127/3624/1907 2129/3623/1909
f 2033/3714/1995 2034/3713/1994 2130/3626/1910 2128/3625/1908
f 2015/3585/1877 2014/3584/1876 2129/3623/1909 2131/3627/1911
f 2034/3713/1994 2035/3712/1993 2132/3628/1912 2130/3626/1910
f 2016/3586/1878 2015/3585/1877 2131/3627/1911 2133/3629/1913
f 2035/3712/1993 2036/3711/1992 2134/3630/1914 2132/3628/1912
f 2017/3587/1879 2016/3586/1878 2133/3629/1913 2135/3631/1915
f 2036/3711/1992 2037/3710/1991 2136/3632/1916 2134/3630/1914
f 2018/3799/2079 2017/3800/2080 2135/3801/2080 2137/3802/2081
f 2037/3803/2082 2038/3804/2083 2138/3805/2084 2136/3806/2082
f 1999/3780/2060 2018/3799/2079 2137/3802/2081 2099/3781/2061
f 2038/3804/2083 2019/3783/2062 2101/3786/2064 2138/3805/2084
f 1598/2825/1729 1599/3807/1517 2140/3808/1517 2139/3809/1517
f 1619/2873/1523 1618/2872/1523 2142/3810/1523 2141/3811/1523
f 1599/3807/1517 1600/2791/1695 2143/3812/1517 2140/3808/1517
f 1620/2876/1523 1619/2873/1523 2141/3811/1523 2144/3813/1523
f 1600/2791/1695 1601/2790/1694 2145/3814/1517 2143/3812/1517
f 1621/2878/1523 1620/2876/1523 2144/3813/1523 2146/3815/1523
f 1601/2790/1694 1602/2793/1697 2147/3816/1517 2145/3814/1517
f 1622/2880/1523 1621/2878/1523 2146/3815/1523 2148/3817/1523
f 1602/2793/1697 1603/2795/1699 2149/3818/1517 2147/3816/1517
f 1623/2882/1523 1622/2880/1523 2148/3817/1523 2150/3819/1523
f 1603/2795/1699 1604/2797/1701 2151/3820/1517 2149/3818/1517
f 1624/2884/1523 1623/2882/1523 2150/3819/1523 2152/3821/1523
f 1604/2797/1701 1605/2799/1703 2153/3822/1517 2151/3820/1517
f 1625/2886/1523 1624/2884/1523 2152/3821/1523 2154/3823/1523
f 1605/2799/1703 1606/2801/1705 2155/3824/1517 2153/3822/1517
f 1626/2888/1523 1625/2886/1523 2154/3823/1523 2156/3825/1523
f 1606/2801/1705 1607/2803/1707 2157/3826/1517 2155/3824/1517
f 1627/2890/1523 1626/2888/1523 2156/3825/1523 2158/3827/1523
f 1607/2803/1707 1608/2805/1709 2159/3828/1517 2157/3826/1517
f 1628/2892/1523 1627/2890/1523 2158/3827/1523 2160/3829/1523
f 1608/2805/1709 1609/2807/1711 2161/3830/1517 2159/3828/1517
f 1629/2894/1523 1628/2892/1523 2160/3829/1523 2162/3831/1523
f 1609/2807/1711 1610/2809/1713 2163/3832/1517 2161/3830/1517
f 1630/2896/1523 1629/2894/1523 2162/3831/1523 2164/3833/1523
f 1610/2809/1713 1611/2811/1715 2165/3834/1517 2163/3832/1517
f 1631/2898/1523 1630/2896/1523 2164/3833/1523 2166/3835/1523
f 1611/2811/1715 1612/2813/1717 2167/3836/1517 2165/3834/1517
f 1632/2900/1523 1631/2898/1523 2166/3835/1523 2168/3837/1523
f 1612/2813/1717 1613/2815/1719 2169/3838/1517 2167/3836/1517
f 1633/2902/1523 1632/2900/1523 2168/3837/1523 2170/3839/1523
f 1613/2815/1719 1614/2817/1721 2171/3840/1517 2169/3838/1517
f 1634/2904/1523 1633/2902/1523 2170/3839/1523 2172/3841/1523
f 1614/3842/1721 1615/3843/1723 2173/3844/1517 2171/3845/1517
f 1635/3846/1523 1634/3847/1523 2172/3848/1523 2174/3849/1523
f 1615/3850/2085 1616/3851/2085 2175/3852/2085 2173/3853/2085
f 1636/3854/1517 1635/3855/1517 2174/3856/1517 2176/3857/1517
f 1616/2821/1725 1617/2823/1727 2177/3858/1517 2175/3859/1517
f 1637/2910/1523 1636/2908/1523 2176/3860/1523 2178/3861/1523
f 1617/2823/1727 1598/2825/1729 2139/3809/1517 2177/3858/1517
f 1618/2872/1523 1637/2910/1523 2178/3861/1523 2142/3810/1523
f 1678/2960/1517 1679/2959/1517 2180/3862/1517 2179/3863/1517
f 1699/3044/1523 1698/3043/1523 2182/3864/1523 2181/3865/1523
f 1679/2959/1517 1680/2962/1517 2183/3866/1517 2180/3862/1517
f 1700/3047/1523 1699/3044/1523 2181/3865/1523 2184/3867/1523
f 1680/2962/1517 1681/2964/1517 2185/3868/1517 2183/3866/1517
f 1701/3049/1523 1700/3047/1523 2184/3867/1523 2186/3869/1523
f 1681/2964/1517 1682/2966/1517 2187/3870/1517 2185/3868/1517
f 1702/3051/1523 1701/3049/1523 2186/3869/1523 2188/3871/1523
f 1682/2966/1517 1683/2968/1517 2189/3872/1517 2187/3870/1517
f 1703/3053/1523 1702/3051/1523 2188/3871/1523 2190/3873/1523
f 1683/2968/1517 1684/2970/1517 2191/3874/1517 2189/3872/1517
f 1704/3055/1523 1703/3053/1523 2190/3873/1523 2192/3875/1523
f 1684/2970/1517 1685/2972/1517 2193/3876/1517 2191/3874/1517
f 1705/3057/1523 1704/3055/1523 2192/3875/1523 2194/3877/1523
f 1685/2972/1517 1686/2974/1517 2195/3878/1517 2193/3876/1517
f 1706/3059/1523 1705/3057/1523 2194/3877/1523 2196/3879/1523
f 1686/2974/1517 1687/2976/1517 2197/3880/1517 2195/3878/1517
f 1707/3061/1523 1706/3059/1523 2196/3879/1523 2198/3881/1523
f 1687/2976/1517 1688/2978/1517 2199/3882/1517 2197/3880/1517
f 1708/3063/1523 1707/3061/1523 2198/3881/1523 2200/3883/1523
f 1688/2978/1517 1689/2980/1517 2201/3884/1517 2199/3882/1517
f 1709/3065/1523 1708/3063/1523 2200/3883/1523 2202/3885/1523
f 1689/2980/1517 1690/2982/1517 2203/3886/1517 2201/3884/1517
f 1710/3067/1523 1709/3065/1523 2202/3885/1523 2204/3887/1523
f 1690/2982/1517 1691/2984/1517 2205/3888/1517 2203/3886/1517
f 1711/3069/1523 1710/3067/1523 2204/3887/1523 2206/3889/1523
f 1691/2984/1517 1692/2986/1517 2207/3890/1517 2205/3888/1517
f 1712/3071/1523 1711/3069/1523 2206/3889/1523 2208/3891/1523
f 1692/2986/1517 1693/2988/1517 2209/3892/1517 2207/3890/1517
f 1713/3073/1523 1712/3071/1523 2208/3891/1523 2210/3893/1523
f 1693/2988/1517 1694/2990/1517 2211/3894/1517 2209/3892/1517
f 1714/3075/1523 1713/3073/1523 2210/3893/1523 2212/3895/1523
f 1694/3896/1517 1695/3897/1517 2213/3898/1517 2211/3899/1517
f 1715/3900/1523 1714/3901/1523 2212/3902/1523 2214/3903/1523
f 1695/2992/1517 1696/2994/1517 2215/3904/1517 2213/3905/1517
f 1716/3079/1765 1715/3077/1523 2214/3906/1523 2216/3907/1523
f 1696/2994/1517 1697/2996/1517 2217/3908/1517 2215/3904/1517
f 1717/3081/1523 1716/3079/1765 2216/3907/1523 2218/3909/1523
f 1697/2996/1517 1678/2960/1517 2179/3863/1517 2217/3908/1517
f 1698/3043/1523 1717/3081/1523 2218/3909/1523 2182/3864/1523
f 1758/3132/1517 1759/3131/1517 2220/3910/1517 2219/3911/1517
f 1779/3216/1523 1778/3215/1523 2222/3912/1523 2221/3913/1523
f 1759/3131/1517 1760/3134/1517 2223/3914/1517 2220/3910/1517
f 1780/3219/1523 1779/3216/1523 2221/3913/1523 2224/3915/1523
f 1760/3134/1517 1761/3136/1517 2225/3916/1517 2223/3914/1517
f 1781/3221/1523 1780/3219/1523 2224/3915/1523 2226/3917/1523
f 1761/3136/1517 1762/3138/1517 2227/3918/1517 2225/3916/1517
f 1782/3223/1523 1781/3221/1523 2226/3917/1523 2228/3919/1523
f 1762/3138/1517 1763/3140/1517 2229/3920/1517 2227/3918/1517
f 1783/3225/1523 1782/3223/1523 2228/3919/1523 2230/3921/1523
f 1763/3140/1517 1764/3142/1517 2231/3922/1517 2229/3920/1517
f 1784/3227/1523 1783/3225/1523 2230/3921/1523 2232/3923/1523
f 1764/3142/1517 1765/3144/1517 2233/3924/1517 2231/3922/1517
f 1785/3229/1523 1784/3227/1523 2232/3923/1523 2234/3925/1523
f 1765/3144/1517 1766/3146/1517 2235/3926/1517 2233/3924/1517
f 1786/3231/1523 1785/3229/1523 2234/3925/1523 2236/3927/1523
f 1766/3146/1517 1767/3148/1517 2237/3928/1517 2235/3926/1517
f 1787/3233/1523 1786/3231/1523 2236/3927/1523 2238/3929/1523
f 1767/3148/1517 1768/3150/1517 2239/3930/1517 2237/3928/1517
f 1788/3235/1523 1787/3233/1523 2238/3929/1523 2240/3931/1523
f 1768/3150/1517 1769/3152/1517 2241/3932/1517 2239/3930/1517
f 1789/3237/1523 1788/3235/1523 2240/3931/1523 2242/3933/1523
f 1769/3152/1517 1770/3154/1517 2243/3934/1517 2241/3932/1517
f 1790/3239/1523 1789/3237/1523 2242/3933/1523 2244/3935/1523
f 1770/3154/1517 1771/3156/1517 2245/3936/1517 2243/3934/1517
f 1791/3241/1523 1790/3239/1523 2244/3935/1523 2246/3937/1523
f 1771/3156/1517 1772/3158/1517 2247/3938/1517 2245/3936/1517
f 1792/3243/1523 1791/3241/1523 2246/3937/1523 2248/3939/1523
f 1772/3158/1517 1773/3160/1517 2249/3940/1517 2247/3938/1517
f 1793/3245/1523 1792/3243/1523 2248/3939/1523 2250/3941/1523
f 1773/3160/1517 1774/3162/1517 2251/3942/1517 2249/3940/1517
f 1794/3247/1523 1793/3245/1523 2250/3941/1523 2252/3943/1523
f 1774/3944/1517 1775/3945/1517 2253/3946/2086 2251/3947/1517
f 1795/3948/1523 1794/3949/1523 2252/3950/1523 2254/3951/1523
f 1775/3164/1517 1776/3166/1769 2255/3952/1517 2253/3953/2086
f 1796/3251/1523 1795/3249/1523 2254/3954/1523 2256/3955/1523
f 1776/3166/1769 1777/3168/1517 2257/3956/1517 2255/3952/1517
f 1797/3253/1523 1796/3251/1523 2256/3955/1523 2258/3957/1523
f 1777/3168/1517 1758/3132/1517 2219/3911/1517 2257/3956/1517
f 1778/3215/1523 1797/3253/1523 2258/3957/1523 2222/3912/1523
f 1838/3304/1517 1839/3303/1517 2260/3958/1517 2259/3959/1517
f 1859/3388/1523 1858/3387/1523 2262/3960/1523 2261/3961/1523
f 1839/3303/1517 1840/3306/1517 2263/3962/1517 2260/3958/1517
f 1860/3391/1523 1859/3388/1523 2261/3961/1523 2264/3963/1523
f 1840/3306/1517 1841/3308/1517 2265/3964/1517 2263/3962/1517
f 1861/3393/1523 1860/3391/1523 2264/3963/1523 2266/3965/1523
f 1841/3308/1517 1842/3310/1517 2267/3966/1517 2265/3964/1517
f 1862/3395/1523 1861/3393/1523 2266/3965/1523 2268/3967/1523
f 1842/3310/1517 1843/3312/1517 2269/3968/1517 2267/3966/1517
f 1863/3397/1523 1862/3395/1523 2268/3967/1523 2270/3969/1523
f 1843/3312/1517 1844/3314/1517 2271/3970/1517 2269/3968/1517
f 1864/3399/1523 1863/3397/1523 2270/3969/1523 2272/3971/1523
f 1844/3314/1517 1845/3316/1517 2273/3972/1517 2271/3970/1517
f 1865/3401/1523 1864/3399/1523 2272/3971/1523 2274/3973/1523
f 1845/3316/1517 1846/3318/1517 2275/3974/1517 2273/3972/1517
f 1866/3403/1523 1865/3401/1523 2274/3973/1523 2276/3975/1523
f 1846/3318/1517 1847/3320/1517 2277/3976/1517 2275/3974/1517
f 1867/3405/1523 1866/3403/1523 2276/3975/1523 2278/3977/1523
f 1847/3320/1517 1848/3322/1517 2279/3978/1517 2277/3976/1517
f 1868/3407/1523 1867/3405/1523 2278/3977/1523 2280/3979/1523
f 1848/3322/1517 1849/3324/1517 2281/3980/1517 2279/3978/1517
f 1869/3409/1523 1868/3407/1523 2280/3979/1523 2282/3981/1523
f 1849/3324/1517 1850/3326/1517 2283/3982/1517 2281/3980/1517
f 1870/3411/1523 1869/3409/1523 2282/3981/1523 2284/3983/1523
f 1850/3326/1517 1851/3328/1517 2285/3984/1517 2283/3982/1517
f 1871/3413/1523 1870/3411/1523 2284/3983/1523 2286/3985/1523
f 1851/3328/1517 1852/3330/1517 2287/3986/1517 2285/3984/1517
f 1872/3415/1523 1871/3413/1523 2286/3985/1523 2288/3987/1523
f 1852/3330/1517 1853/3332/1517 2289/3988/1517 2287/3986/1517
f 1873/3417/1523 1872/3415/1523 2288/3987/1523 2290/3989/1523
f 1853/3332/1517 1854/3334/1517 2291/3990/1517 2289/3988/1517
f 1874/3419/1523 1873/3417/1523 2290/3989/1523 2292/3991/1523
f 1854/3992/1517 1855/3993/1517 2293/3994/1517 2291/3995/1517
f 1875/3996/1523 1874/3997/1523 2292/3998/1523 2294/3999/1523
f 1855/3336/1517 1856/3338/1517 2295/4000/1517 2293/4001/1517
f 1876/3423/1523 1875/3421/1523 2294/4002/1523 2296/4003/1523
f 1856/3338/1517 1857/3340/1517 2297/4004/1517 2295/4000/1517
f 1877/3425/1523 1876/3423/1523 2296/4003/1523 2298/4005/1523
f 1857/3340/1517 1838/3304/1517 2259/3959/1517 2297/4004/1517
f 1858/3387/1523 1877/3425/1523 2298/4005/1523 2262/3960/1523
f 1918/4006/2087 1919/4007/2088 2300/3734/2018 2299/3733/2017
f 1919/4007/2088 1920/4008/2089 2301/3737/2021 2300/3734/2018
f 1920/4008/2089 1921/4009/2090 2302/3739/2023 2301/3737/2021
f 1921/4009/2090 1922/4010/2091 2303/3741/2025 2302/3739/2023
f 1922/4010/2091 1923/4011/2092 2304/3743/2027 2303/3741/2025
f 1923/4011/2092 1924/4012/2093 2305/3745/2029 2304/3743/2027
f 1924/4013/2093 1925/4014/2094 2306/3748/2031 2305/3747/2029
f 1925/4014/2094 1926/4015/2095 2307/3751/2033 2306/3748/2031
f 1926/4015/2095 1927/4016/2035 2308/3753/2035 2307/3751/2033
f 1927/4016/1812 1928/4017/2096 2309/3755/1813 2308/3753/1812
f 1928/4017/2096 1929/4018/2097 2310/3757/1815 2309/3755/1813
f 1929/4019/2097 1930/4020/1817 2311/3760/1817 2310/3759/1815
f 1930/4020/2098 1931/4021/2099 2312/3763/2038 2311/3760/2037
f 1931/4021/2099 1932/4022/2100 2313/3765/2041 2312/3763/2038
f 1932/4022/2100 1933/4023/2101 2314/3767/2043 2313/3765/2041
f 1933/4023/2101 1934/4024/2102 2315/3769/2045 2314/3767/2043
f 1934/4024/2102 1935/4025/2103 2316/3771/2047 2315/3769/2045
f 1935/4025/2103 1936/4026/2104 2317/3773/2049 2316/3771/2047
f 1936/4026/2105 1937/4027/2105 2318/3775/2052 2317/3773/2051
f 1937/4028/2106 1918/4006/2106 2299/3733/2056 2318/3777/2055
f 2320/3558/1839 2319/3516/1838 2379/4029/2107 2380/4030/2108
f 2321/3554/1835 2320/3556/1834 2380/4031/2109 2381/4032/2110
f 2322/3552/1829 2321/3554/1831 2381/4032/2111 2382/4033/2112
f 2323/3550/1827 2322/3552/1829 2382/4033/2112 2383/4034/2113
f 2324/3548/1825 2323/3550/1827 2383/4034/2113 2384/4035/2114
f 2325/3546/1823 2324/3548/1825 2384/4035/2114 2385/4036/2115
f 2326/3544/1820 2325/3546/1823 2385/4036/2115 2386/4037/2116
f 2327/3541/1821 2326/3544/1820 2386/4037/2116 2387/4038/2117
f 2328/3542/1816 2327/3541/1817 2387/4038/1817 2388/4039/1815
f 2329/3536/1814 2328/3538/1816 2388/4040/1815 2389/4041/2118
f 2330/3534/1812 2329/3536/1814 2389/4041/2118 2390/4042/2119
f 2331/3531/1810 2330/3534/1811 2390/4042/1811 2391/4043/2120
f 2332/3532/1808 2331/3531/1810 2391/4043/2120 2392/4044/2121
f 2333/3526/1806 2332/3528/1808 2392/4045/2121 2393/4046/2122
f 2334/3524/1804 2333/3526/1806 2393/4046/2122 2394/4047/2123
f 2335/3522/1802 2334/3524/1804 2394/4047/2123 2395/4048/2124
f 2336/3520/1800 2335/3522/1802 2395/4048/2124 2396/4049/2125
f 2337/3518/1798 2336/3520/1800 2396/4049/2125 2397/4050/2126
f 2338/3515/1795 2337/3518/1798 2397/4050/2126 2398/4051/2127
f 2319/3516/1796 2338/3515/1795 2398/4051/2127 2379/4029/2107
f 2340/3778/2058 2339/3736/2057 2079/4052/2128 2098/4053/2129
f 2341/3774/2054 2340/3776/2053 2098/4054/2130 2097/4055/2131
f 2342/3772/2048 2341/3774/2050 2097/4055/2132 2096/4056/2133
f 2343/3770/2046 2342/3772/2048 2096/4056/2133 2095/4057/2134
f 2344/3768/2044 2343/3770/2046 2095/4057/2134 2094/4058/2135
f 2345/3766/2042 2344/3768/2044 2094/4058/2135 2093/4059/2136
f 2346/3764/2039 2345/3766/2042 2093/4059/2136 2092/4060/2137
f 2347/3761/2040 2346/3764/2039 2092/4060/2137 2091/4061/2138
f 2348/3762/1815 2347/3761/1817 2091/4061/1817 2090/4062/1815
f 2349/3756/2036 2348/3758/1815 2090/4063/1815 2089/4064/2139
f 2350/3754/1812 2349/3756/2036 2089/4064/2139 2088/4065/1812
f 2351/3752/2034 2350/3754/2035 2088/4065/2035 2087/4066/2140
f 2352/3749/2032 2351/3752/2034 2087/4066/2140 2086/4067/2141
f 2353/3746/2030 2352/4068/2032 2086/4069/2141 2085/4070/2142
f 2354/3744/2028 2353/3746/2030 2085/4070/2142 2084/4071/2143
f 2355/3742/2026 2354/3744/2028 2084/4071/2143 2083/4072/2144
f 2356/3740/2024 2355/3742/2026 2083/4072/2144 2082/4073/2145
f 2357/3738/2022 2356/3740/2024 2082/4073/2145 2081/4074/2146
f 2358/3735/2019 2357/3738/2022 2081/4074/2146 2080/4075/2147
f 2339/3736/2020 2358/3735/2019 2080/4075/2147 2079/4052/2148
f 2079/4052/2148 2080/4075/2147 2360/3514/1794 2359/3513/1793
f 2080/4075/2147 2081/4074/2146 2361/3517/1797 2360/3514/1794
f 2081/4074/2146 2082/4073/2145 2362/3519/1799 2361/3517/1797
f 2082/4073/2145 2083/4072/2144 2363/3521/1801 2362/3519/1799
f 2083/4072/2144 2084/4071/2143 2364/3523/1803 2363/3521/1801
f 2084/4071/2143 2085/4070/2142 2365/3525/1805 2364/3523/1803
f 2085/4070/2142 2086/4069/2141 2366/3527/1807 2365/3525/1805
f 2086/4067/2141 2087/4066/2140 2367/3530/1809 2366/3529/1807
f 2087/4066/2140 2088/4065/2035 2368/3533/1811 2367/3530/1809
f 2088/4065/1812 2089/4064/2139 2369/3535/1813 2368/3533/1812
f 2089/4064/2139 2090/4063/1815 2370/3537/1815 2369/3535/1813
f 2090/4062/1815 2091/4061/1817 2371/3540/1817 2370/3539/1815
f 2091/4061/2138 2092/4060/2137 2372/3543/1819 2371/3540/1818
f 2092/4060/2137 2093/4059/2136 2373/3545/1822 2372/3543/1819
f 2093/4059/2136 2094/4058/2135 2374/3547/1824 2373/3545/1822
f 2094/4058/2135 2095/4057/2134 2375/3549/1826 2374/3547/1824
f 2095/4057/2134 2096/4056/2133 2376/3551/1828 2375/3549/1826
f 2096/4056/2133 2097/4055/2132 2377/3553/1830 2376/3551/1828
f 2097/4055/2131 2098/4054/2130 2378/3555/1833 2377/3553/1832
f 2098/4053/2129 2079/4052/2128 2359/3513/1837 2378/3557/1836
f 2380/4076/2108 2379/4077/2107 1938/2055/1518 1958/2053/1533
f 2381/4032/2110 2380/4031/2109 1958/4078/1531 1957/2050/1530
f 2382/4033/2112 2381/4032/2111 1957/2050/1528 1956/2049/1527
f 2383/4079/2113 2382/4080/2112 1956/4081/1527 1955/4082/2149
f 2384/4083/2114 2383/4079/2113 1955/4082/2149 1954/4084/2150
f 2385/4085/2115 2384/4083/2114 1954/4084/2150 1953/4086/2151
f 2386/4037/2116 2385/4036/2115 1953/2051/2151 1952/4087/2152
f 2387/4038/2117 2386/4037/2116 1952/4087/2152 1951/4088/2153
f 2388/4039/1815 2387/4038/1817 1951/4088/1817 1950/4089/1815
f 2389/4041/2118 2388/4040/1815 1950/4090/1815 1949/4091/2154
f 2390/4042/2119 2389/4041/2118 1949/4091/2154 1948/4092/2119
f 2391/4043/2120 2390/4042/1811 1948/4092/1811 1947/4093/2155
f 2392/4044/2121 2391/4043/2120 1947/4093/2155 1946/4094/2156
f 2393/4046/2122 2392/4045/2121 1946/4095/2157 1945/4096/2158
f 2394/4047/2123 2393/4046/2122 1945/4096/2158 1944/4097/2159
f 2395/4048/2124 2394/4047/2123 1944/4097/2159 1943/2030/2160
f 2396/4098/2125 2395/4099/2124 1943/4100/2160 1942/4101/2161
f 2397/4102/2126 2396/4098/2125 1942/4101/2161 1941/4103/1521
f 2398/4051/2127 2397/4050/2126 1941/2031/1521 1939/2029/1519
f 2379/4029/2107 2398/4051/2127 1939/2029/1519 1938/2028/1518
f 1199/4104/1523 1198/4105/1523 2399/4106/1523 2400/4107/1523
f 1200/4108/1523 1199/4104/1523 2400/4107/1523 2401/4109/1523
f 1201/4110/1523 1200/4108/1523 2401/4109/1523 2402/4111/1523
f 1202/4112/1523 1201/4110/1523 2402/4111/1523 2403/4113/1523
f 1203/4114/1523 1202/4112/1523 2403/4113/1523 2404/4115/1523
f 1204/4116/1523 1203/4114/1523 2404/4115/1523 2405/4117/1523
f 1205/4118/1523 1204/4116/1523 2405/4117/1523 2406/4119/1523
f 1206/4120/1523 1205/4118/1523 2406/4119/1523 2407/4121/1523
f 1207/4122/1523 1206/4120/1523 2407/4121/1523 2408/4123/1523
f 1208/4124/1523 1207/4122/1523 2408/4123/1523 2409/4125/1523
f 1209/4126/1523 1208/4124/1523 2409/4125/1523 2410/4127/1523
f 1210/4128/1523 1209/4126/1523 2410/4127/1523 2411/4129/1523
f 1211/4130/1523 1210/4128/1523 2411/4129/1523 2412/4131/1523
f 1212/4132/1523 1211/4130/1523 2412/4131/1523 2413/4133/1523
f 1213/4134/1523 1212/4132/1523 2413/4133/1523 2414/4135/1523
f 1214/4136/1523 1213/4134/1523 2414/4135/1523 2415/4137/1523
f 1215/4138/1523 1214/4136/1523 2415/4137/1523 2416/4139/1523
f 1216/4140/1523 1215/4138/1523 2416/4139/1523 2417/4141/1523
f 1217/4142/1523 1216/4140/1523 2417/4141/1523 2418/4143/1523
f 1198/4105/1523 1217/4142/1523 2418/4143/1523 2399/4106/1523
f 2400/4144/1498 2399/4145/1497 2419/4146/1497 2420/4147/1498
f 2401/4148/1499 2400/4144/1498 2420/4147/1498 2421/4149/1499
f 2402/4150/1500 2401/4151/1499 2421/4152/1499 2422/4153/1500
f 2403/4154/1501 2402/4150/1500 2422/4153/1500 2423/4155/1501
f 2404/4156/1502 2403/4154/1501 2423/4155/1501 2424/4157/1502
f 2405/4158/1503 2404/4156/1502 2424/4157/1502 2425/4159/1503
f 2406/4160/1504 2405/4161/1503 2425/4162/1503 2426/4163/1504
f 2407/4164/1505 2406/4160/1504 2426/4163/1504 2427/4165/1505
f 2408/4166/1506 2407/4164/1505 2427/4165/1505 2428/4167/1506
f 2409/4168/1507 2408/4166/1506 2428/4167/1506 2429/4169/1507
f 2410/4170/1508 2409/4168/1507 2429/4169/1507 2430/4171/1508
f 2411/4172/1509 2410/4170/1508 2430/4171/1508 2431/4173/1509
f 2412/4174/1510 2411/4175/1509 2431/4176/1509 2432/4177/1510
f 2413/4178/1511 2412/4174/1510 2432/4177/1510 2433/4179/1511
f 2414/4180/1512 2413/4178/1511 2433/4179/1511 2434/4181/1512
f 2415/4182/1513 2414/4180/1512 2434/4181/1512 2435/4183/1513
f 2416/4184/1514 2415/4185/1513 2435/4186/1513 2436/4187/1514
f 2417/4188/1515 2416/4184/1514 2436/4187/1514 2437/4189/1515
f 2418/4190/1516 2417/4188/1515 2437/4189/1515 2438/4191/1516
f 2399/4145/1497 2418/4190/1516 2438/4191/1516 2419/4146/1497
f 4243/4192/1498 4242/4193/1497 4244/4194/1497 4245/4195/1498
f 4246/4196/1499 4243/4192/1498 4245/4195/1498 4247/4197/1499
f 4248/4198/1500 4246/4199/1499 4247/4200/1499 4249/4201/1500
f 4250/4202/1501 4248/4198/1500 4249/4201/1500 4251/4203/1501
f 4252/4204/1502 4250/4202/1501 4251/4203/1501 4253/4205/1502
f 4254/4206/1503 4252/4204/1502 4253/4205/1502 4255/4207/1503
f 4256/4208/1504 4254/4209/1503 4255/4210/1503 4257/4211/1504
f 4258/4212/1505 4256/4208/1504 4257/4211/1504 4259/4213/1505
f 4260/4214/1506 4258/4212/1505 4259/4213/1505 4261/4215/1506
f 4262/4216/1507 4260/4214/1506 4261/4215/1506 4263/4217/1507
f 4264/4218/1508 4262/4216/1507 4263/4217/1507 4265/4219/1508
f 4266/4220/1509 4264/4218/1508 4265/4219/1508 4267/4221/1509
f 4268/4222/1510 4266/4223/1509 4267/4224/1509 4269/4225/1510
f 4270/4226/1511 4268/4222/1510 4269/4225/1510 4271/4227/1511
f 4272/4228/1512 4270/4226/1511 4271/4227/1511 4273/4229/1512
f 4274/4230/1513 4272/4228/1512 4273/4229/1512 4275/4231/1513
f 4276/4232/1514 4274/4233/1513 4275/4234/1513 4277/4235/1514
f 4278/4236/1515 4276/4232/1514 4277/4235/1514 4279/4237/1515
f 4280/4238/1516 4278/4236/1515 4279/4237/1515 4281/4239/1516
f 4242/4193/1497 4280/4238/1516 4281/4239/1516 4244/4194/1497
f 2440/4240/1498 2439/4241/1497 2459/4242/1497 2460/4243/1498
f 2441/4244/1499 2440/4240/1498 2460/4243/1498 2461/4245/1499
f 2442/4246/1500 2441/4247/1499 2461/4248/1499 2462/4249/1500
f 2443/4250/1501 2442/4246/1500 2462/4249/1500 2463/4251/1501
f 2444/4252/1502 2443/4250/1501 2463/4251/1501 2464/4253/1502
f 2445/4254/1503 2444/4252/1502 2464/4253/1502 2465/4255/1503
f 2446/4256/1504 2445/4257/1503 2465/4258/1503 2466/4259/1504
f 2447/4260/1505 2446/4256/1504 2466/4259/1504 2467/4261/1505
f 2448/4262/1506 2447/4260/1505 2467/4261/1505 2468/4263/1506
f 2449/4264/1507 2448/4262/1506 2468/4263/1506 2469/4265/1507
f 2450/4266/1508 2449/4264/1507 2469/4265/1507 2470/4267/1508
f 2451/4268/1509 2450/4266/1508 2470/4267/1508 2471/4269/1509
f 2452/4270/1510 2451/4271/1509 2471/4272/1509 2472/4273/1510
f 2453/4274/1511 2452/4270/1510 2472/4273/1510 2473/4275/1511
f 2454/4276/1512 2453/4274/1511 2473/4275/1511 2474/4277/1512
f 2455/4278/1513 2454/4276/1512 2474/4277/1512 2475/4279/1513
f 2456/4280/1514 2455/4281/1513 2475/4282/1513 2476/4283/1514
f 2457/4284/1515 2456/4280/1514 2476/4283/1514 2477/4285/1515
f 2458/4286/1516 2457/4284/1515 2477/4285/1515 2478/4287/1516
f 2439/4241/1497 2458/4286/1516 2478/4287/1516 2459/4242/1497
f 2460/4288/2162 2459/4289/2163 2479/4290/2163 2480/4291/2162
f 2461/4292/2164 2460/4288/2162 2480/4291/2162 2481/4293/2164
f 2462/4294/2165 2461/4292/2164 2481/4293/2164 2482/4295/2165
f 2463/4296/2166 2462/4294/2165 2482/4295/2165 2483/4297/2166
f 2464/4298/2167 2463/4296/2166 2483/4297/2166 2484/4299/2167
f 2465/4300/2168 2464/4298/2167 2484/4299/2167 2485/4301/2168
f 2466/4302/2169 2465/4300/2168 2485/4301/2168 2486/4303/2169
f 2467/4304/2170 2466/4302/2169 2486/4303/2169 2487/4305/2170
f 2468/4306/2171 2467/4304/2170 2487/4305/2170 2488/4307/2171
f 2469/4308/2172 2468/4306/2171 2488/4307/2171 2489/4309/2172
f 2470/4310/2173 2469/4308/2172 2489/4309/2172 2490/4311/2173
f 2471/4312/2174 2470/4310/2173 2490/4311/2173 2491/4313/2174
f 2472/4314/2175 2471/4312/2174 2491/4313/2174 2492/4315/2175
f 2473/4316/2176 2472/4314/2175 2492/4315/2175 2493/4317/2176
f 2474/4318/2177 2473/4316/2176 2493/4317/2176 2494/4319/2177
f 2475/4320/2178 2474/4318/2177 2494/4319/2177 2495/4321/2178
f 2476/4322/2179 2475/4320/2178 2495/4321/2178 2496/4323/2179
f 2477/4324/2180 2476/4322/2179 2496/4323/2179 2497/4325/2180
f 2478/4326/2181 2477/4324/2180 2497/4325/2180 2498/4327/2181
f 2459/4289/2163 2478/4326/2181 2498/4327/2181 2479/4290/2163
f 2480/4328/1498 2479/4329/1497 2499/4330/1497 2500/4331/1498
f 2481/4332/1499 2480/4328/1498 2500/4331/1498 2501/4333/1499
f 2482/4334/1500 2481/4335/1499 2501/4336/1499 2502/4337/1500
f 2483/4338/1501 2482/4334/1500 2502/4337/1500 2503/4339/1501
f 2484/4340/1502 2483/4338/1501 2503/4339/1501 2504/4341/1502
f 2485/4342/1503 2484/4340/1502 2504/4341/1502 2505/4343/1503
f 2486/4344/1504 2485/4345/1503 2505/4346/1503 2506/4347/1504
f 2487/4348/1505 2486/4344/1504 2506/4347/1504 2507/4349/1505
f 2488/4350/1506 2487/4348/1505 2507/4349/1505 2508/4351/1506
f 2489/4352/1507 2488/4350/1506 2508/4351/1506 2509/4353/1507
f 2490/4354/1508 2489/4352/1507 2509/4353/1507 2510/4355/1508
f 2491/4356/1509 2490/4354/1508 2510/4355/1508 2511/4357/1509
f 2492/4358/1510 2491/4359/1509 2511/4360/1509 2512/4361/1510
f 2493/4362/1511 2492/4358/1510 2512/4361/1510 2513/4363/1511
f 2494/4364/1512 2493/4362/1511 2513/4363/1511 2514/4365/1512
f 2495/4366/1513 2494/4364/1512 2514/4365/1512 2515/4367/1513
f 2496/4368/1514 2495/4369/1513 2515/4370/1513 2516/4371/1514
f 2497/4372/1515 2496/4368/1514 2516/4371/1514 2517/4373/1515
f 2498/4374/1516 2497/4372/1515 2517/4373/1515 2518/4375/1516
f 2479/4329/1497 2498/4374/1516 2518/4375/1516 2499/4330/1497
f 2500/4376/1523 2499/4377/1523 2519/4378/1523 2520/4379/1523
f 2501/4380/1523 2500/4376/1523 2520/4379/1523 2521/4381/1523
f 2502/4382/1523 2501/4380/1523 2521/4381/1523 2522/4383/1523
f 2503/4384/1523 2502/4382/1523 2522/4383/1523 2523/4385/1523
f 2504/4386/1523 2503/4384/1523 2523/4385/1523 2524/4387/1523
f 2505/4388/1523 2504/4386/1523 2524/4387/1523 2525/4389/1523
f 2506/4390/1523 2505/4388/1523 2525/4389/1523 2526/4391/1523
f 2507/4392/1523 2506/4390/1523 2526/4391/1523 2527/4393/1523
f 2508/4394/1523 2507/4392/1523 2527/4393/1523 2528/4395/1523
f 2509/4396/1523 2508/4394/1523 2528/4395/1523 2529/4397/1523
f 2510/4398/1523 2509/4396/1523 2529/4397/1523 2530/4399/1523
f 2511/4400/1523 2510/4398/1523 2530/4399/1523 2531/4401/1523
f 2512/4402/1523 2511/4400/1523 2531/4401/1523 2532/4403/1523
f 2513/4404/1523 2512/4402/1523 2532/4403/1523 2533/4405/1523
f 2514/4406/1523 2513/4404/1523 2533/4405/1523 2534/4407/1523
f 2515/4408/1523 2514/4406/1523 2534/4407/1523 2535/4409/1523
f 2516/4410/1523 2515/4408/1523 2535/4409/1523 2536/4411/1523
f 2517/4412/1523 2516/4410/1523 2536/4411/1523 2537/4413/1523
f 2518/4414/1523 2517/4412/1523 2537/4413/1523 2538/4415/1523
f 2499/4377/1523 2518/4414/1523 2538/4415/1523 2519/4378/1523
f 2520/4416/1498 2519/4417/1497 2539/4418/2182 2540/4419/2183
f 2521/4420/1499 2520/4416/1498 2540/4419/2183 2541/4421/2184
f 2522/4422/1500 2521/4423/1499 2541/4424/2184 2542/4425/2185
f 2523/4426/1501 2522/4422/1500 2542/4425/2185 2543/4427/2186
f 2524/4428/1502 2523/4426/1501 2543/4427/2186 2544/4429/2187
f 2525/4430/1503 2524/4428/1502 2544/4429/2187 2545/4431/2188
f 2526/4432/1504 2525/4433/1503 2545/4434/2188 2546/4435/2189
f 2527/4436/1505 2526/4432/1504 2546/4435/2189 2547/4437/2190
f 2528/4438/1506 2527/4436/1505 2547/4437/2190 2548/4439/2191
f 2529/4440/1507 2528/4438/1506 2548/4439/2191 2549/4441/2192
f 2530/4442/1508 2529/4440/1507 2549/4441/2192 2550/4443/2193
f 2531/4444/1509 2530/4442/1508 2550/4443/2193 2551/4445/2194
f 2532/4446/1510 2531/4447/1509 2551/4448/2194 2552/4449/2195
f 2533/4450/1511 2532/4446/1510 2552/4449/2195 2553/4451/2196
f 2534/4452/1512 2533/4450/1511 2553/4451/2196 2554/4453/2197
f 2535/4454/1513 2534/4452/1512 2554/4453/2197 2555/4455/2198
f 2536/4456/1514 2535/4457/1513 2555/4458/2198 2556/4459/2199
f 2537/4460/1515 2536/4456/1514 2556/4459/2199 2557/4461/2200
f 2538/4462/1516 2537/4460/1515 2557/4461/2200 2558/4463/2201
f 2519/4417/1497 2538/4462/1516 2558/4463/2201 2539/4418/2182
f 2621/4464/2202 2620/4465/2202 2622/4466/2202 2623/4467/2202
f 2541/4421/2184 2540/4419/2183 2560/4468/2203 2561/4469/2203
f 2627/4470/2204 2626/4471/2204 2628/4472/2204 2629/4473/2204
f 2543/4427/2186 2542/4425/2185 2562/4474/2205 2563/4475/2205
f 2633/4476/2206 2632/4477/2206 2634/4478/2206 2635/4479/2206
f 2545/4431/2188 2544/4429/2187 2564/4480/2207 2565/4481/2207
f 2639/4482/2208 2638/4483/2208 2640/4484/2208 2641/4485/2208
f 2547/4437/2190 2546/4435/2189 2566/4486/2209 2567/4487/2209
f 2645/4488/2210 2644/4489/2210 2646/4490/2210 2647/4491/2210
f 2549/4441/2192 2548/4439/2191 2568/4492/2211 2569/4493/2211
f 2651/4494/2212 2650/4495/2212 2652/4496/2212 2653/4497/2212
f 2551/4445/2194 2550/4443/2193 2570/4498/2213 2571/4499/2213
f 2657/4500/2214 2656/4501/2214 2658/4502/2214 2659/4503/2214
f 2553/4451/2196 2552/4449/2195 2572/4504/2215 2573/4505/2215
f 2663/4506/2216 2662/4507/2216 2664/4508/2216 2665/4509/2216
f 2555/4455/2198 2554/4453/2197 2574/4510/2217 2575/4511/2217
f 2669/4512/2218 2668/4513/2218 2670/4514/2218 2671/4515/2218
f 2557/4461/2200 2556/4459/2199 2576/4516/2219 2577/4517/2219
f 2675/4518/2220 2674/4519/2220 2676/4520/2220 2677/4521/2220
f 2539/4418/2182 2558/4463/2201 2578/4522/2221 2559/4523/2221
f 2623/4524/2222 2622/4525/2222 2624/4526/2222 2625/4527/2222
f 2561/4528/1517 2560/4529/1517 2580/4530/1517 2581/4531/1517
f 2629/4532/2223 2628/4533/2223 2630/4534/2223 2631/4535/2223
f 2563/4536/1517 2562/4537/1517 2582/4538/1517 2583/4539/1517
f 2635/4540/2224 2634/4541/2224 2636/4542/2224 2637/4543/2224
f 2565/4544/1517 2564/4545/1517 2584/4546/1517 2585/4547/1517
f 2641/4548/2225 2640/4549/2225 2642/4550/2225 2643/4551/2225
f 2567/4552/1517 2566/4553/1517 2586/4554/1517 2587/4555/1517
f 2647/4556/2226 2646/4557/2226 2648/4558/2226 2649/4559/2226
f 2569/4560/1517 2568/4561/1517 2588/4562/1517 2589/4563/1517
f 2653/4564/2227 2652/4565/2227 2654/4566/2227 2655/4567/2227
f 2571/4568/1517 2570/4569/1517 2590/4570/1517 2591/4571/1517
f 2659/4572/2228 2658/4573/2228 2660/4574/2228 2661/4575/2228
f 2573/4576/1517 2572/4577/1517 2592/4578/1517 2593/4579/1517
f 2665/4580/2229 2664/4581/2229 2666/4582/2229 2667/4583/2229
f 2575/4584/1517 2574/4585/1517 2594/4586/1517 2595/4587/1517
f 2671/4588/2230 2670/4589/2230 2672/4590/2230 2673/4591/2230
f 2577/4592/1517 2576/4593/1517 2596/4594/1517 2597/4595/1517
f 2677/4596/2231 2676/4597/2231 2678/4598/2231 2679/4599/2231
f 2559/4600/1517 2578/4601/1517 2598/4602/1517 2579/4603/1517
f 2580/4604/2232 2579/4605/2233 2599/4606/2234 2600/4607/2235
f 2581/4608/2236 2580/4604/2232 2600/4607/2235 2602/4609/2237
f 2582/4610/2238 2581/4611/2236 2602/4612/2237 2603/4613/2239
f 2583/4614/2240 2582/4610/2238 2603/4613/2239 2604/4615/2241
f 2584/4616/2242 2583/4614/2240 2604/4615/2241 2605/4617/2243
f 2585/4618/2244 2584/4616/2242 2605/4617/2243 2606/4619/2245
f 2586/4620/2246 2585/4621/2244 2606/4622/2245 2607/4623/2247
f 2587/4624/2248 2586/4620/2246 2607/4623/2247 2608/4625/2249
f 2588/4626/2250 2587/4624/2248 2608/4625/2249 2609/4627/2251
f 2589/4628/2252 2588/4626/2250 2609/4627/2251 2610/4629/2253
f 2590/4630/2254 2589/4628/2252 2610/4629/2253 2611/4631/2255
f 2591/4632/2256 2590/4630/2254 2611/4631/2255 2612/4633/2257
f 2592/4634/2258 2591/4635/2256 2612/4636/2257 2613/4637/2259
f 2593/4638/2260 2592/4634/2258 2613/4637/2259 2614/4639/2261
f 2594/4640/2262 2593/4638/2260 2614/4639/2261 2615/4641/2263
f 2595/4642/2264 2594/4640/2262 2615/4641/2263 2616/4643/2265
f 2596/4644/2266 2595/4645/2264 2616/4646/2265 2617/4647/2267
f 2597/4648/2268 2596/4644/2266 2617/4647/2267 2618/4649/2269
f 2598/4650/2270 2597/4648/2268 2618/4649/2269 2619/4651/2271
f 2579/4605/2233 2598/4650/2270 2619/4651/2271 2599/4606/2234
f 2540/4652/2272 2539/4653/2272 2620/4654/2272 2621/4655/2272
f 2539/4656/2273 2559/4657/2274 2622/4658/2275 2620/4659/2273
f 2560/4660/2276 2540/4661/2277 2621/4662/2277 2623/4663/2278
f 2559/4657/2274 2579/4664/2279 2624/4665/2279 2622/4658/2275
f 2579/4605/2233 2580/4604/2232 2625/4666/2280 2624/4667/2280
f 2580/4604/2281 2560/4668/2276 2623/4669/2278 2625/4666/2281
f 2542/4670/2282 2541/4671/2282 2626/4672/2282 2627/4673/2282
f 2541/4421/2283 2561/4469/2284 2628/4674/2285 2626/4675/2283
f 2562/4676/2286 2542/4677/2287 2627/4678/2287 2629/4679/2288
f 2561/4469/2284 2581/4680/2289 2630/4681/2289 2628/4674/2285
f 2581/4611/2236 2582/4610/2238 2631/4682/2290 2630/4683/2290
f 2582/4684/2291 2562/4676/2286 2629/4679/2288 2631/4685/2291
f 2544/4686/2292 2543/4687/2292 2632/4688/2292 2633/4689/2292
f 2543/4690/2293 2563/4691/2294 2634/4692/2295 2632/4693/2293
f 2564/4694/2296 2544/4695/2297 2633/4696/2297 2635/4697/2298
f 2563/4691/2294 2583/4698/2299 2636/4699/2299 2634/4692/2295
f 2583/4614/2240 2584/4616/2242 2637/4700/2300 2636/4701/2300
f 2584/4702/2301 2564/4694/2296 2635/4697/2298 2637/4703/2301
f 2546/4704/2302 2545/4705/2302 2638/4706/2302 2639/4707/2302
f 2545/4708/2303 2565/4709/2304 2640/4710/2305 2638/4711/2303
f 2566/4486/2306 2546/4435/2307 2639/4482/2307 2641/4485/2308
f 2565/4709/2304 2585/4621/2309 2642/4712/2309 2640/4710/2305
f 2585/4621/2244 2586/4620/2246 2643/4713/2310 2642/4712/2310
f 2586/4714/2311 2566/4486/2306 2641/4485/2308 2643/4715/2311
f 2548/4716/2312 2547/4717/2312 2644/4718/2312 2645/4719/2312
f 2547/4720/2313 2567/4721/2314 2646/4722/2315 2644/4723/2313
f 2568/4724/2316 2548/4725/2317 2645/4726/2317 2647/4727/2318
f 2567/4721/2314 2587/4728/2319 2648/4729/2319 2646/4722/2315
f 2587/4624/2248 2588/4626/2250 2649/4730/2320 2648/4731/2320
f 2588/4732/2321 2568/4724/2316 2647/4727/2318 2649/4733/2321
f 2550/4734/2322 2549/4735/2322 2650/4736/2322 2651/4737/2322
f 2549/4738/2323 2569/4739/2324 2652/4740/2325 2650/4741/2323
f 2570/4742/2326 2550/4743/2327 2651/4744/2327 2653/4745/2328
f 2569/4739/2324 2589/4746/2329 2654/4747/2329 2652/4740/2325
f 2589/4628/2252 2590/4630/2254 2655/4748/2330 2654/4749/2330
f 2590/4630/2331 2570/4750/2326 2653/4751/2328 2655/4748/2331
f 2552/4752/2332 2551/4753/2332 2656/4754/2332 2657/4755/2332
f 2551/4445/2333 2571/4499/2334 2658/4756/2335 2656/4757/2333
f 2572/4758/2336 2552/4759/2337 2657/4760/2337 2659/4761/2338
f 2571/4499/2334 2591/4762/2339 2660/4763/2339 2658/4756/2335
f 2591/4635/2256 2592/4634/2258 2661/4764/2340 2660/4765/2340
f 2592/4766/2341 2572/4758/2336 2659/4761/2338 2661/4767/2341
f 2554/4768/2342 2553/4769/2342 2662/4770/2342 2663/4771/2342
f 2553/4772/2343 2573/4773/2344 2664/4774/2345 2662/4775/2343
f 2574/4776/2346 2554/4777/2347 2663/4778/2347 2665/4779/2348
f 2573/4773/2344 2593/4780/2349 2666/4781/2349 2664/4774/2345
f 2593/4638/2260 2594/4640/2262 2667/4782/2350 2666/4783/2350
f 2594/4784/2351 2574/4776/2346 2665/4779/2348 2667/4785/2351
f 2556/4786/2352 2555/4787/2352 2668/4788/2352 2669/4789/2352
f 2555/4790/2353 2575/4791/2354 2670/4792/2355 2668/4793/2353
f 2576/4516/2356 2556/4459/2357 2669/4512/2357 2671/4515/2358
f 2575/4791/2354 2595/4645/2359 2672/4794/2359 2670/4792/2355
f 2595/4645/2264 2596/4644/2266 2673/4795/2360 2672/4794/2360
f 2596/4796/2361 2576/4516/2356 2671/4515/2358 2673/4797/2361
f 2558/4798/2362 2557/4799/2362 2674/4800/2362 2675/4801/2362
f 2557/4802/2363 2577/4803/2364 2676/4804/2365 2674/4805/2363
f 2578/4806/2366 2558/4807/2367 2675/4808/2367 2677/4809/2368
f 2577/4803/2364 2597/4810/2369 2678/4811/2369 2676/4804/2365
f 2597/4648/2268 2598/4650/2270 2679/4812/2370 2678/4813/2370
f 2598/4814/2371 2578/4806/2366 2677/4809/2368 2679/4815/2371
f 2680/4816/1505 2700/4817/1505 2701/4818/1504 2681/4819/1504
f 2681/4819/1504 2701/4818/1504 2702/4820/1503 2682/4821/1503
f 2682/4822/1503 2702/4823/1503 2703/4824/1502 2683/4825/1502
f 2683/4825/1502 2703/4824/1502 2704/4826/1501 2684/4827/1501
f 2684/4827/1501 2704/4826/1501 2705/4828/1500 2685/4829/1500
f 2685/4829/1500 2705/4828/1500 2706/4830/1499 2686/4831/1499
f 2686/4832/1499 2706/4833/1499 2707/4834/1498 2687/4835/1498
f 2687/4835/1498 2707/4834/1498 2708/4836/1497 2688/4837/1497
f 2688/4837/1497 2708/4836/1497 2709/4838/1516 2689/4839/1516
f 2689/4839/1516 2709/4838/1516 2710/4840/1515 2690/4841/1515
f 2690/4841/1515 2710/4840/1515 2711/4842/1514 2691/4843/1514
f 2691/4843/1514 2711/4842/1514 2712/4844/1513 2692/4845/1513
f 2692/4846/1513 2712/4847/1513 2713/4848/1512 2693/4849/1512
f 2693/4849/1512 2713/4848/1512 2714/4850/1511 2694/4851/1511
f 2694/4851/1511 2714/4850/1511 2715/4852/1510 2695/4853/1510
f 2695/4853/1510 2715/4852/1510 2716/4854/1509 2696/4855/1509
f 2696/4856/1509 2716/4857/1509 2717/4858/1508 2697/4859/1508
f 2697/4859/1508 2717/4858/1508 2718/4860/1507 2698/4861/1507
f 2698/4861/1507 2718/4860/1507 2719/4862/1506 2699/4863/1506
f 2699/4863/1506 2719/4862/1506 2700/4817/1505 2680/4816/1505
f 4082/4864/1517 4083/4865/1517 4081/4866/1517
f 4084/4867/1517 4083/4865/1517 4082/4864/1517
f 4085/4868/1517 4083/4865/1517 4084/4867/1517
f 4086/4869/1517 4083/4865/1517 4085/4868/1517
f 4087/4870/1517 4083/4865/1517 4086/4869/1517
f 4088/4871/1517 4083/4865/1517 4087/4870/1517
f 4089/4872/1517 4083/4865/1517 4088/4871/1517
f 4090/4873/1517 4083/4865/1517 4089/4872/1517
f 4091/4874/1517 4083/4865/1517 4090/4873/1517
f 4092/4875/1517 4083/4865/1517 4091/4874/1517
f 4093/4876/1517 4083/4865/1517 4092/4875/1517
f 4094/4877/1517 4083/4865/1517 4093/4876/1517
f 4095/4878/1517 4083/4865/1517 4094/4877/1517
f 4096/4879/1517 4083/4865/1517 4095/4878/1517
f 4097/4880/1517 4083/4865/1517 4096/4879/1517
f 4098/4881/1517 4083/4865/1517 4097/4880/1517
f 4099/4882/1517 4083/4865/1517 4098/4881/1517
f 4100/4883/1517 4083/4865/1517 4099/4882/1517
f 4101/4884/1517 4083/4865/1517 4100/4883/1517
f 4081/4866/1517 4083/4865/1517 4101/4884/1517
f 3420/4885/2372 3422/4886/2373 3421/4887/2374
f 3421/4887/2374 3422/4886/2373 3423/4888/2375
f 3423/4889/2376 3422/4890/2376 3424/4891/2376
f 3424/4891/1523 3422/4890/1523 3425/4892/1523
f 3425/4892/1523 3422/4890/1523 3426/4893/1523
f 3426/4893/1523 3422/4890/1523 3427/4894/1523
f 3427/4894/1523 3422/4890/1523 3428/4895/2377
f 3428/4895/2377 3422/4890/1523 3429/4896/1523
f 3429/4896/1523 3422/4890/1523 3430/4897/1523
f 3430/4897/1523 3422/4890/1523 3431/4898/1523
f 3431/4898/1523 3422/4890/1523 3432/4899/1523
f 3432/4899/1523 3422/4890/1523 3433/4900/2377
f 3433/4900/2377 3422/4890/1523 3434/4901/1523
f 3434/4901/1523 3422/4890/1523 3435/4902/2377
f 3435/4902/2377 3422/4890/1523 3436/4903/1523
f 3436/4903/1523 3422/4890/1523 3437/4904/1765
f 3437/4904/2378 3422/4890/2378 3438/4905/2378
f 3438/4906/2379 3422/4907/2380 3439/4908/2381
f 3439/4909/2382 3422/4910/2383 3440/4911/2384
f 3440/4911/2385 3422/4910/2373 3420/4912/2372
f 2700/4913/1517 2720/4914/1517 2721/4915/1517 2701/4916/1517
f 2701/4916/1517 2721/4915/1517 2722/4917/1517 2702/4918/1517
f 2702/4918/1517 2722/4917/1517 2723/4919/1517 2703/4920/1517
f 2703/4920/1517 2723/4919/1517 2724/4921/1517 2704/4922/1517
f 2704/4922/1517 2724/4921/1517 2725/4923/1517 2705/4924/1517
f 2705/4924/1517 2725/4923/1517 2726/4925/1517 2706/4926/1517
f 2706/4926/1517 2726/4925/1517 2727/4927/1517 2707/4928/1517
f 2707/4928/1517 2727/4927/1517 2728/4929/1517 2708/4930/1517
f 2708/4930/1517 2728/4929/1517 2729/4931/1517 2709/4932/1517
f 2709/4932/1517 2729/4931/1517 2730/4933/1517 2710/4934/1517
f 2710/4934/1517 2730/4933/1517 2731/4935/1517 2711/4936/1517
f 2711/4936/1517 2731/4935/1517 2732/4937/1517 2712/4938/1517
f 2712/4938/1517 2732/4937/1517 2733/4939/1517 2713/4940/1517
f 2713/4940/1517 2733/4939/1517 2734/4941/1517 2714/4942/1517
f 2714/4942/1517 2734/4941/1517 2735/4943/1517 2715/4944/1517
f 2715/4944/1517 2735/4943/1517 2736/4945/1517 2716/4946/1517
f 2716/4946/1517 2736/4945/1517 2737/4947/1517 2717/4948/1517
f 2717/4948/1517 2737/4947/1517 2738/4949/1517 2718/4950/1517
f 2718/4950/1517 2738/4949/1517 2739/4951/1517 2719/4952/1517
f 2719/4952/1517 2739/4951/1517 2720/4914/1517 2700/4913/1517
f 2720/4953/1505 2740/4954/1505 2741/4955/1504 2721/4956/1504
f 2721/4956/1504 2741/4955/1504 2742/4957/1503 2722/4958/1503
f 2722/4959/1503 2742/4960/1503 2743/4961/1502 2723/4962/1502
f 2723/4962/1502 2743/4961/1502 2744/4963/1501 2724/4964/1501
f 2724/4964/1501 2744/4963/1501 2745/4965/1500 2725/4966/1500
f 2725/4966/1500 2745/4965/1500 2746/4967/1499 2726/4968/1499
f 2726/4969/1499 2746/4970/1499 2747/4971/1498 2727/4972/1498
f 2727/4972/1498 2747/4971/1498 2748/4973/1497 2728/4974/1497
f 2728/4974/1497 2748/4973/1497 2749/4975/1516 2729/4976/1516
f 2729/4976/1516 2749/4975/1516 2750/4977/1515 2730/4978/1515
f 2730/4978/1515 2750/4977/1515 2751/4979/1514 2731/4980/1514
f 2731/4980/1514 2751/4979/1514 2752/4981/1513 2732/4982/1513
f 2732/4983/1513 2752/4984/1513 2753/4985/1512 2733/4986/1512
f 2733/4986/1512 2753/4985/1512 2754/4987/1511 2734/4988/1511
f 2734/4988/1511 2754/4987/1511 2755/4989/1510 2735/4990/1510
f 2735/4990/1510 2755/4989/1510 2756/4991/1509 2736/4992/1509
f 2736/4993/1509 2756/4994/1509 2757/4995/1508 2737/4996/1508
f 2737/4996/1508 2757/4995/1508 2758/4997/1507 2738/4998/1507
f 2738/4998/1507 2758/4997/1507 2759/4999/1506 2739/5000/1506
f 2739/5000/1506 2759/4999/1506 2740/4954/1505 2720/4953/1505
f 2740/5001/1523 2760/5002/1523 2761/5003/1523 2741/5004/1523
f 2741/5004/1523 2761/5003/1523 2762/5005/1523 2742/5006/1523
f 2742/5006/1523 2762/5005/1523 2763/5007/1523 2743/5008/1523
f 2743/5008/1523 2763/5007/1523 2764/5009/1523 2744/5010/1523
f 2744/5010/1523 2764/5009/1523 2765/5011/1523 2745/5012/1523
f 2745/5012/1523 2765/5011/1523 2766/5013/1523 2746/5014/1523
f 2746/5014/1523 2766/5013/1523 2767/5015/1523 2747/5016/1523
f 2747/5016/1523 2767/5015/1523 2768/5017/1523 2748/5018/1523
f 2748/5018/1523 2768/5017/1523 2769/5019/1523 2749/5020/1523
f 2749/5020/1523 2769/5019/1523 2770/5021/1523 2750/5022/1523
f 2750/5022/1523 2770/5021/1523 2771/5023/1523 2751/5024/1523
f 2751/5024/1523 2771/5023/1523 2772/5025/1523 2752/5026/1523
f 2752/5026/1523 2772/5025/1523 2773/5027/1523 2753/5028/1523
f 2753/5028/1523 2773/5027/1523 2774/5029/1523 2754/5030/1523
f 2754/5030/1523 2774/5029/1523 2775/5031/1523 2755/5032/1523
f 2755/5032/1523 2775/5031/1523 2776/5033/1523 2756/5034/1523
f 2756/5034/1523 2776/5033/1523 2777/5035/1523 2757/5036/1523
f 2757/5036/1523 2777/5035/1523 2778/5037/1523 2758/5038/1523
f 2758/5038/1523 2778/5037/1523 2779/5039/1523 2759/5040/1523
f 2759/5040/1523 2779/5039/1523 2760/5002/1523 2740/5001/1523
f 2760/5041/1542 2780/5042/1542 2781/5043/1541 2761/5044/1541
f 2761/5044/1541 2781/5043/1541 2782/5045/1540 2762/5046/1540
f 2762/5047/1540 2782/5048/1540 2783/5049/1539 2763/5050/1539
f 2763/5050/1539 2783/5049/1539 2784/5051/1538 2764/5052/1538
f 2764/5052/1538 2784/5051/1538 2785/5053/1537 2765/5054/1537
f 2765/5054/1537 2785/5053/1537 2786/5055/1536 2766/5056/1536
f 2766/5057/1536 2786/5058/1536 2787/5059/1535 2767/5060/1535
f 2767/5060/1535 2787/5059/1535 2788/5061/1534 2768/5062/1534
f 2768/5062/1534 2788/5061/1534 2789/5063/1553 2769/5064/1553
f 2769/5064/1553 2789/5063/1553 2790/5065/1552 2770/5066/1552
f 2770/5066/1552 2790/5065/1552 2791/5067/1551 2771/5068/1551
f 2771/5068/1551 2791/5067/1551 2792/5069/1550 2772/5070/1550
f 2772/5071/1550 2792/5072/1550 2793/5073/1549 2773/5074/1549
f 2773/5074/1549 2793/5073/1549 2794/5075/1548 2774/5076/1548
f 2774/5076/1548 2794/5075/1548 2795/5077/1547 2775/5078/1547
f 2775/5078/1547 2795/5077/1547 2796/5079/1546 2776/5080/1546
f 2776/5081/1546 2796/5082/1546 2797/5083/1545 2777/5084/1545
f 2777/5084/1545 2797/5083/1545 2798/5085/1544 2778/5086/1544
f 2778/5086/1544 2798/5085/1544 2799/5087/1543 2779/5088/1543
f 2779/5088/1543 2799/5087/1543 2780/5042/1542 2760/5041/1542
f 2780/5089/1562 2800/5090/1562 2801/5091/1561 2781/5092/1561
f 2781/5092/1561 2801/5091/1561 2802/5093/1560 2782/5094/1560
f 2782/5094/1560 2802/5093/1560 2803/5095/1559 2783/5096/1559
f 2783/5096/1559 2803/5095/1559 2804/5097/1558 2784/5098/1558
f 2784/5098/1558 2804/5097/1558 2805/5099/1557 2785/5100/1557
f 2785/5100/1557 2805/5099/1557 2806/5101/1556 2786/5102/1556
f 2786/5102/1556 2806/5101/1556 2807/5103/1555 2787/5104/1555
f 2787/5104/1555 2807/5103/1555 2808/5105/1554 2788/5106/1554
f 2788/5106/1554 2808/5105/1554 2809/5107/1573 2789/5108/1573
f 2789/5108/1573 2809/5107/1573 2810/5109/1572 2790/5110/1572
f 2790/5110/1572 2810/5109/1572 2811/5111/1571 2791/5112/1571
f 2791/5112/1571 2811/5111/1571 2812/5113/1570 2792/5114/1570
f 2792/5114/1570 2812/5113/1570 2813/5115/1569 2793/5116/1569
f 2793/5116/1569 2813/5115/1569 2814/5117/1568 2794/5118/1568
f 2794/5118/1568 2814/5117/1568 2815/5119/1567 2795/5120/1567
f 2795/5120/1567 2815/5119/1567 2816/5121/1566 2796/5122/1566
f 2796/5122/1566 2816/5121/1566 2817/5123/1565 2797/5124/1565
f 2797/5124/1565 2817/5123/1565 2818/5125/1564 2798/5126/1564
f 2798/5126/1564 2818/5125/1564 2819/5127/1563 2799/5128/1563
f 2799/5128/1563 2819/5127/1563 2800/5090/1562 2780/5089/1562
f 2800/5129/1505 2820/5130/1505 2821/5131/1504 2801/5132/1504
f 2801/5132/1504 2821/5131/1504 2822/5133/1503 2802/5134/1503
f 2802/5135/1503 2822/5136/1503 2823/5137/1502 2803/5138/1502
f 2803/5138/1502 2823/5137/1502 2824/5139/1501 2804/5140/1501
f 2804/5140/1501 2824/5139/1501 2825/5141/1500 2805/5142/1500
f 2805/5142/1500 2825/5141/1500 2826/5143/1499 2806/5144/1499
f 2806/5145/1499 2826/5146/1499 2827/5147/1498 2807/5148/1498
f 2807/5148/1498 2827/5147/1498 2828/5149/1497 2808/5150/1497
f 2808/5150/1497 2828/5149/1497 2829/5151/1516 2809/5152/1516
f 2809/5152/1516 2829/5151/1516 2830/5153/1515 2810/5154/1515
f 2810/5154/1515 2830/5153/1515 2831/5155/1514 2811/5156/1514
f 2811/5156/1514 2831/5155/1514 2832/5157/1513 2812/5158/1513
f 2812/5159/1513 2832/5160/1513 2833/5161/1512 2813/5162/1512
f 2813/5162/1512 2833/5161/1512 2834/5163/1511 2814/5164/1511
f 2814/5164/1511 2834/5163/1511 2835/5165/1510 2815/5166/1510
f 2815/5166/1510 2835/5165/1510 2836/5167/1509 2816/5168/1509
f 2816/5169/1509 2836/5170/1509 2837/5171/1508 2817/5172/1508
f 2817/5172/1508 2837/5171/1508 2838/5173/1507 2818/5174/1507
f 2818/5174/1507 2838/5173/1507 2839/5175/1506 2819/5176/1506
f 2819/5176/1506 2839/5175/1506 2820/5130/1505 2800/5129/1505
f 2820/5130/1582 2840/5177/1582 2841/5178/1581 2821/5131/1581
f 2821/5131/1581 2841/5178/1581 2842/5179/1580 2822/5133/1580
f 2822/5136/1580 2842/5180/1580 2843/5181/1579 2823/5137/1579
f 2823/5137/1579 2843/5181/1579 2844/5182/1578 2824/5139/1578
f 2824/5139/1578 2844/5182/1578 2845/5183/1577 2825/5141/1577
f 2825/5141/1577 2845/5183/1577 2846/5184/1576 2826/5143/1576
f 2826/5146/1576 2846/5185/1576 2847/5186/1575 2827/5147/1575
f 2827/5147/1575 2847/5186/1575 2848/5187/1574 2828/5149/1574
f 2828/5149/1574 2848/5187/1574 2849/5188/1593 2829/5151/1593
f 2829/5151/1593 2849/5188/1593 2850/5189/1592 2830/5153/1592
f 2830/5153/1592 2850/5189/1592 2851/5190/1591 2831/5155/1591
f 2831/5155/1591 2851/5190/1591 2852/5191/1590 2832/5157/1590
f 2832/5160/1590 2852/5192/1590 2853/5193/1589 2833/5161/1589
f 2833/5161/1589 2853/5193/1589 2854/5194/1588 2834/5163/1588
f 2834/5163/1588 2854/5194/1588 2855/5195/1587 2835/5165/1587
f 2835/5165/1587 2855/5195/1587 2856/5196/1586 2836/5167/1586
f 2836/5170/1586 2856/5197/1586 2857/5198/1585 2837/5171/1585
f 2837/5171/1585 2857/5198/1585 2858/5199/1584 2838/5173/1584
f 2838/5173/1584 2858/5199/1584 2859/5200/1583 2839/5175/1583
f 2839/5175/1583 2859/5200/1583 2840/5177/1582 2820/5130/1582
f 2840/5201/1523 2860/5202/1523 2861/5203/1523 2841/5204/1523
f 2841/5204/1523 2861/5203/1523 2862/5205/1523 2842/5206/1523
f 2842/5206/1523 2862/5205/1523 2863/5207/1523 2843/5208/1523
f 2843/5208/1523 2863/5207/1523 2864/5209/1523 2844/5210/1523
f 2844/5210/1523 2864/5209/1523 2865/5211/1523 2845/5212/1523
f 2845/5212/1523 2865/5211/1523 2866/5213/1523 2846/5214/1523
f 2846/5214/1523 2866/5213/1523 2867/5215/1523 2847/5216/1523
f 2847/5216/1523 2867/5215/1523 2868/5217/1523 2848/5218/1523
f 2848/5218/1523 2868/5217/1523 2869/5219/1523 2849/5220/1523
f 2849/5220/1523 2869/5219/1523 2870/5221/1523 2850/5222/1523
f 2850/5222/1523 2870/5221/1523 2871/5223/1523 2851/5224/1523
f 2851/5224/1523 2871/5223/1523 2872/5225/1523 2852/5226/1523
f 2852/5226/1523 2872/5225/1523 2873/5227/1523 2853/5228/1523
f 2853/5228/1523 2873/5227/1523 2874/5229/1523 2854/5230/1523
f 2854/5230/1523 2874/5229/1523 2875/5231/1523 2855/5232/1523
f 2855/5232/1523 2875/5231/1523 2876/5233/1523 2856/5234/1523
f 2856/5234/1523 2876/5233/1523 2877/5235/1523 2857/5236/1523
f 2857/5236/1523 2877/5235/1523 2878/5237/1523 2858/5238/1523
f 2858/5238/1523 2878/5237/1523 2879/5239/1523 2859/5240/1523
f 2859/5240/1523 2879/5239/1523 2860/5202/1523 2840/5201/1523
f 2860/5241/1505 2880/5242/1505 2881/5243/1504 2861/5244/1504
f 2861/5244/1504 2881/5243/1504 2882/5245/1503 2862/5246/1503
f 2862/5247/1503 2882/5248/1503 2883/5249/1502 2863/5250/1502
f 2863/5250/1502 2883/5249/1502 2884/5251/1501 2864/5252/1501
f 2864/5252/1501 2884/5251/1501 2885/5253/1500 2865/5254/1500
f 2865/5254/1500 2885/5253/1500 2886/5255/1499 2866/5256/1499
f 2866/5257/1499 2886/5258/1499 2887/5259/1498 2867/5260/1498
f 2867/5260/1498 2887/5259/1498 2888/5261/1497 2868/5262/1497
f 2868/5262/1497 2888/5261/1497 2889/5263/1516 2869/5264/1516
f 2869/5264/1516 2889/5263/1516 2890/5265/1515 2870/5266/1515
f 2870/5266/1515 2890/5265/1515 2891/5267/1514 2871/5268/1514
f 2871/5268/1514 2891/5267/1514 2892/5269/1513 2872/5270/1513
f 2872/5271/1513 2892/5272/1513 2893/5273/1512 2873/5274/1512
f 2873/5274/1512 2893/5273/1512 2894/5275/1511 2874/5276/1511
f 2874/5276/1511 2894/5275/1511 2895/5277/1510 2875/5278/1510
f 2875/5278/1510 2895/5277/1510 2896/5279/1509 2876/5280/1509
f 2876/5281/1509 2896/5282/1509 2897/5283/1508 2877/5284/1508
f 2877/5284/1508 2897/5283/1508 2898/5285/1507 2878/5286/1507
f 2878/5286/1507 2898/5285/1507 2899/5287/1506 2879/5288/1506
f 2879/5288/1506 2899/5287/1506 2880/5242/1505 2860/5241/1505
f 2880/5289/1523 2900/5290/1523 2901/5291/1523 2881/5292/1523
f 2881/5292/1523 2901/5291/1523 2902/5293/1523 2882/5294/1523
f 2882/5294/1523 2902/5293/1523 2903/5295/1523 2883/5296/1523
f 2883/5296/1523 2903/5295/1523 2904/5297/1523 2884/5298/1523
f 2884/5298/1523 2904/5297/1523 2905/5299/1523 2885/5300/1523
f 2885/5300/1523 2905/5299/1523 2906/5301/1523 2886/5302/1523
f 2886/5302/1523 2906/5301/1523 2907/5303/1523 2887/5304/1523
f 2887/5304/1523 2907/5303/1523 2908/5305/1523 2888/5306/1523
f 2888/5306/1523 2908/5305/1523 2909/5307/1523 2889/5308/1523
f 2889/5308/1523 2909/5307/1523 2910/5309/1523 2890/5310/1523
f 2890/5310/1523 2910/5309/1523 2911/5311/1523 2891/5312/1523
f 2891/5312/1523 2911/5311/1523 2912/5313/1523 2892/5314/1523
f 2892/5314/1523 2912/5313/1523 2913/5315/1523 2893/5316/1523
f 2893/5316/1523 2913/5315/1523 2914/5317/1523 2894/5318/1523
f 2894/5318/1523 2914/5317/1523 2915/5319/1523 2895/5320/1523
f 2895/5320/1523 2915/5319/1523 2916/5321/1523 2896/5322/1523
f 2896/5322/1523 2916/5321/1523 2917/5323/1523 2897/5324/1523
f 2897/5324/1523 2917/5323/1523 2918/5325/1523 2898/5326/1523
f 2898/5326/1523 2918/5325/1523 2919/5327/1523 2899/5328/1523
f 2899/5328/1523 2919/5327/1523 2900/5290/1523 2880/5289/1523
f 2900/5329/1505 2920/5330/1505 2921/5331/1504 2901/5332/1504
f 2901/5332/1504 2921/5331/1504 2922/5333/1503 2902/5334/1503
f 2902/5335/1503 2922/5336/1503 2923/5337/1502 2903/5338/1502
f 2903/5338/1502 2923/5337/1502 2924/5339/1501 2904/5340/1501
f 2904/5340/1501 2924/5339/1501 2925/5341/1500 2905/5342/1500
f 2905/5342/1500 2925/5341/1500 2926/5343/1499 2906/5344/1499
f 2906/5345/1499 2926/5346/1499 2927/5347/1498 2907/5348/1498
f 2907/5348/1498 2927/5347/1498 2928/5349/1497 2908/5350/1497
f 2908/5350/1497 2928/5349/1497 2929/5351/1516 2909/5352/1516
f 2909/5352/1516 2929/5351/1516 2930/5353/1515 2910/5354/1515
f 2910/5354/1515 2930/5353/1515 2931/5355/1514 2911/5356/1514
f 2911/5356/1514 2931/5355/1514 2932/5357/1513 2912/5358/1513
f 2912/5359/1513 2932/5360/1513 2933/5361/1512 2913/5362/1512
f 2913/5362/1512 2933/5361/1512 2934/5363/1511 2914/5364/1511
f 2914/5364/1511 2934/5363/1511 2935/5365/1510 2915/5366/1510
f 2915/5366/1510 2935/5365/1510 2936/5367/1509 2916/5368/1509
f 2916/5369/1509 2936/5370/1509 2937/5371/1508 2917/5372/1508
f 2917/5372/1508 2937/5371/1508 2938/5373/1507 2918/5374/1507
f 2918/5374/1507 2938/5373/1507 2939/5375/1506 2919/5376/1506
f 2919/5376/1506 2939/5375/1506 2920/5330/1505 2900/5329/1505
f 2920/5377/1517 2940/5378/1517 2941/5379/1517 2921/5380/1517
f 2921/5380/1517 2941/5379/1517 2942/5381/1517 2922/5382/1517
f 2922/5382/1517 2942/5381/1517 2943/5383/1517 2923/5384/1517
f 2923/5384/1517 2943/5383/1517 2944/5385/1517 2924/5386/1517
f 2924/5386/1517 2944/5385/1517 2945/5387/1517 2925/5388/1517
f 2925/5388/1517 2945/5387/1517 2946/5389/1517 2926/5390/1517
f 2926/5390/1517 2946/5389/1517 2947/5391/1517 2927/5392/1517
f 2927/5392/1517 2947/5391/1517 2948/5393/1517 2928/5394/1517
f 2928/5394/1517 2948/5393/1517 2949/5395/1517 2929/5396/1517
f 2929/5396/1517 2949/5395/1517 2950/5397/1517 2930/5398/1517
f 2930/5398/1517 2950/5397/1517 2951/5399/1517 2931/5400/1517
f 2931/5400/1517 2951/5399/1517 2952/5401/1517 2932/5402/1517
f 2932/5402/1517 2952/5401/1517 2953/5403/1517 2933/5404/1517
f 2933/5404/1517 2953/5403/1517 2954/5405/1517 2934/5406/1517
f 2934/5406/1517 2954/5405/1517 2955/5407/1517 2935/5408/1517
f 2935/5408/1517 2955/5407/1517 2956/5409/1517 2936/5410/1517
f 2936/5410/1517 2956/5409/1517 2957/5411/1517 2937/5412/1517
f 2937/5412/1517 2957/5411/1517 2958/5413/1517 2938/5414/1517
f 2938/5414/1517 2958/5413/1517 2959/5415/1517 2939/5416/1517
f 2939/5416/1517 2959/5415/1517 2940/5378/1517 2920/5377/1517
f 2940/5417/1505 2960/5418/1505 2961/5419/1504 2941/5420/1504
f 2941/5420/1504 2961/5419/1504 2962/5421/1503 2942/5422/1503
f 2942/5423/1503 2962/5424/1503 2963/5425/1502 2943/5426/1502
f 2943/5426/1502 2963/5425/1502 2964/5427/1501 2944/5428/1501
f 2944/5428/1501 2964/5427/1501 2965/5429/1500 2945/5430/1500
f 2945/5430/1500 2965/5429/1500 2966/5431/1499 2946/5432/1499
f 2946/5433/1499 2966/5434/1499 2967/5435/1498 2947/5436/1498
f 2947/5436/1498 2967/5435/1498 2968/5437/1497 2948/5438/1497
f 2948/5438/1497 2968/5437/1497 2969/5439/1516 2949/5440/1516
f 2949/5440/1516 2969/5439/1516 2970/5441/1515 2950/5442/1515
f 2950/5442/1515 2970/5441/1515 2971/5443/1514 2951/5444/1514
f 2951/5444/1514 2971/5443/1514 2972/5445/1513 2952/5446/1513
f 2952/5447/1513 2972/5448/1513 2973/5449/1512 2953/5450/1512
f 2953/5450/1512 2973/5449/1512 2974/5451/1511 2954/5452/1511
f 2954/5452/1511 2974/5451/1511 2975/5453/1510 2955/5454/1510
f 2955/5454/1510 2975/5453/1510 2976/5455/1509 2956/5456/1509
f 2956/5457/1509 2976/5458/1509 2977/5459/1508 2957/5460/1508
f 2957/5460/1508 2977/5459/1508 2978/5461/1507 2958/5462/1507
f 2958/5462/1507 2978/5461/1507 2979/5463/1506 2959/5464/1506
f 2959/5464/1506 2979/5463/1506 2960/5418/1505 2940/5417/1505
f 2960/5418/1602 2980/5465/1602 2981/5466/1601 2961/5419/1601
f 2961/5419/1601 2981/5466/1601 2982/5467/1600 2962/5421/1600
f 2962/5424/1600 2982/5468/1600 2983/5469/1599 2963/5425/1599
f 2963/5425/1599 2983/5469/1599 2984/5470/1598 2964/5427/1598
f 2964/5427/1598 2984/5470/1598 2985/5471/1597 2965/5429/1597
f 2965/5429/1597 2985/5471/1597 2986/5472/1596 2966/5431/1596
f 2966/5434/1596 2986/5473/1596 2987/5474/1595 2967/5435/1595
f 2967/5435/1595 2987/5474/1595 2988/5475/1594 2968/5437/1594
f 2968/5437/1594 2988/5475/1594 2989/5476/1613 2969/5439/1613
f 2969/5439/1613 2989/5476/1613 2990/5477/1612 2970/5441/1612
f 2970/5441/1612 2990/5477/1612 2991/5478/1611 2971/5443/1611
f 2971/5443/1611 2991/5478/1611 2992/5479/1610 2972/5445/1610
f 2972/5448/1610 2992/5480/1610 2993/5481/1609 2973/5449/1609
f 2973/5449/1609 2993/5481/1609 2994/5482/1608 2974/5451/1608
f 2974/5451/1608 2994/5482/1608 2995/5483/1607 2975/5453/1607
f 2975/5453/1607 2995/5483/1607 2996/5484/1606 2976/5455/1606
f 2976/5458/1606 2996/5485/1606 2997/5486/1605 2977/5459/1605
f 2977/5459/1605 2997/5486/1605 2998/5487/1604 2978/5461/1604
f 2978/5461/1604 2998/5487/1604 2999/5488/1603 2979/5463/1603
f 2979/5463/1603 2999/5488/1603 2980/5465/1602 2960/5418/1602
f 2980/5465/1505 3000/5489/1505 3001/5490/1504 2981/5466/1504
f 2981/5466/1504 3001/5490/1504 3002/5491/1503 2982/5467/1503
f 2982/5468/1503 3002/5492/1503 3003/5493/1502 2983/5469/1502
f 2983/5469/1502 3003/5493/1502 3004/5494/1501 2984/5470/1501
f 2984/5470/1501 3004/5494/1501 3005/5495/1500 2985/5471/1500
f 2985/5471/1500 3005/5495/1500 3006/5496/1499 2986/5472/1499
f 2986/5473/1499 3006/5497/1499 3007/5498/1498 2987/5474/1498
f 2987/5474/1498 3007/5498/1498 3008/5499/1497 2988/5475/1497
f 2988/5475/1497 3008/5499/1497 3009/5500/1516 2989/5476/1516
f 2989/5476/1516 3009/5500/1516 3010/5501/1515 2990/5477/1515
f 2990/5477/1515 3010/5501/1515 3011/5502/1514 2991/5478/1514
f 2991/5478/1514 3011/5502/1514 3012/5503/1513 2992/5479/1513
f 2992/5480/1513 3012/5504/1513 3013/5505/1512 2993/5481/1512
f 2993/5481/1512 3013/5505/1512 3014/5506/1511 2994/5482/1511
f 2994/5482/1511 3014/5506/1511 3015/5507/1510 2995/5483/1510
f 2995/5483/1510 3015/5507/1510 3016/5508/1509 2996/5484/1509
f 2996/5485/1509 3016/5509/1509 3017/5510/1508 2997/5486/1508
f 2997/5486/1508 3017/5510/1508 3018/5511/1507 2998/5487/1507
f 2998/5487/1507 3018/5511/1507 3019/5512/1506 2999/5488/1506
f 2999/5488/1506 3019/5512/1506 3000/5489/1505 2980/5465/1505
f 3000/5513/1517 3020/5514/2386 3021/5515/2387 3001/5516/1517
f 3001/5516/1517 3021/5515/2387 3022/5517/2388 3002/5518/1517
f 3002/5518/1517 3022/5517/2388 3023/5519/2389 3003/5520/1517
f 3003/5520/1517 3023/5519/2389 3024/5521/1517 3004/5522/1517
f 3004/5522/1517 3024/5521/1517 3025/5523/1517 3005/5524/1517
f 3005/5524/1517 3025/5523/1517 3026/5525/1517 3006/5526/1517
f 3006/5526/1517 3026/5525/1517 3027/5527/1517 3007/5528/1517
f 3007/5528/1517 3027/5527/1517 3028/5529/1517 3008/5530/1517
f 3008/5530/1517 3028/5529/1517 3029/5531/1517 3009/5532/1517
f 3009/5532/1517 3029/5531/1517 3030/5533/1517 3010/5534/1517
f 3010/5534/1517 3030/5533/1517 3031/5535/1517 3011/5536/1517
f 3011/5536/1517 3031/5535/1517 3032/5537/1517 3012/5538/1517
f 3012/5538/1517 3032/5537/1517 3033/5539/1517 3013/5540/1517
f 3013/5540/1517 3033/5539/1517 3034/5541/1517 3014/5542/1517
f 3014/5542/1517 3034/5541/1517 3035/5543/1517 3015/5544/1517
f 3015/5544/1517 3035/5543/1517 3036/5545/2390 3016/5546/1517
f 3016/5546/1517 3036/5545/2390 3037/5547/2391 3017/5548/1517
f 3017/5548/1517 3037/5547/2391 3038/5549/2392 3018/5550/1517
f 3018/5550/1517 3038/5549/2392 3039/5551/2393 3019/5552/1517
f 3019/5552/1517 3039/5551/2393 3020/5514/2386 3000/5513/1517
f 3020/5514/2386 3040/5553/2394 3041/5554/2395 3021/5515/2387
f 3021/5515/2387 3041/5554/2395 3042/5555/2396 3022/5517/2388
f 3022/5517/2388 3042/5555/2396 3043/5556/2397 3023/5519/2389
f 3023/5557/2389 3043/5558/2397 3044/5559/1626 3024/5560/1626
f 3024/5560/1626 3044/5559/1626 3045/5561/2398 3025/5562/2398
f 3025/5562/2398 3045/5561/2398 3046/5563/2399 3026/5564/2399
f 3026/5565/2399 3046/5566/2399 3047/5567/2400 3027/5568/2400
f 3027/5568/2400 3047/5567/2400 3048/5569/2401 3028/5570/2401
f 3028/5570/2401 3048/5569/2401 3049/5571/2402 3029/5572/2402
f 3029/5572/2402 3049/5571/2402 3050/5573/2403 3030/5574/2403
f 3030/5574/2403 3050/5573/2403 3051/5575/2404 3031/5576/2404
f 3031/5576/2404 3051/5575/2404 3052/5577/2405 3032/5578/2405
f 3032/5579/2405 3052/5580/2405 3053/5581/1637 3033/5582/1637
f 3033/5582/1637 3053/5581/1637 3054/5583/1636 3034/5584/1636
f 3034/5584/1636 3054/5583/1636 3055/5585/1635 3035/5586/1635
f 3035/5586/1635 3055/5585/1635 3056/5587/2406 3036/5588/2390
f 3036/5545/2390 3056/5589/2406 3057/5590/2407 3037/5547/2391
f 3037/5547/2391 3057/5590/2407 3058/5591/2408 3038/5549/2392
f 3038/5549/2392 3058/5591/2408 3059/5592/2409 3039/5551/2393
f 3039/5551/2393 3059/5592/2409 3040/5553/2394 3020/5514/2386
f 3441/5593/2410 3461/5594/2411 3480/5595/2412 3442/5596/2413
f 3442/5596/2413 3480/5595/2412 3479/5597/2414 3443/5598/2415
f 3443/5598/2415 3479/5597/2414 3478/5599/2416 3444/5600/2417
f 3444/5600/2417 3478/5599/2416 3477/5601/2418 3445/5602/2419
f 3445/5602/2419 3477/5601/2418 3476/5603/2420 3446/5604/2421
f 3446/5604/2421 3476/5603/2420 3475/5605/2422 3447/5606/2423
f 3447/5607/2423 3475/5608/2422 3474/5609/2424 3448/5610/2425
f 3448/5610/2425 3474/5609/2424 3473/5611/2426 3449/5612/2427
f 3449/5612/2427 3473/5611/2426 3472/5613/2428 3450/5614/2429
f 3450/5614/2429 3472/5613/2428 3471/5615/2430 3451/5616/2431
f 3451/5616/2431 3471/5615/2430 3470/5617/2432 3452/5618/2433
f 3452/5618/2433 3470/5617/2432 3469/5619/2434 3453/5620/2435
f 3453/5621/2435 3469/5622/2434 3468/5623/2436 3454/5624/2437
f 3454/5624/2437 3468/5623/2436 3467/5625/2438 3455/5626/2439
f 3455/5626/2439 3467/5625/2438 3466/5627/2440 3456/5628/2441
f 3456/5628/2441 3466/5627/2440 3465/5629/2442 3457/5630/2443
f 3457/5630/2443 3465/5629/2442 3464/5631/2444 3458/5632/2445
f 3458/5632/2445 3464/5631/2444 3463/5633/2446 3459/5634/2447
f 3459/5634/2448 3463/5633/2449 3462/5635/2449 3460/5636/2450
f 3460/5637/2451 3462/5638/2452 3461/5594/2452 3441/5593/2453
f 3060/5639/2454 3080/5640/2454 3081/5641/2455 3061/5642/2456
f 3061/5642/2456 3081/5641/2455 3082/5643/2457 3062/5644/2457
f 3062/5645/2458 3082/5646/2459 3083/5647/2460 3063/5648/2461
f 3063/5648/2461 3083/5647/2460 3084/5649/2462 3064/5650/2463
f 3064/5650/2463 3084/5649/2462 3085/5651/2464 3065/5652/2465
f 3065/5652/2465 3085/5651/2464 3086/5653/2466 3066/5654/2467
f 3066/5654/2467 3086/5653/2466 3087/5655/2468 3067/5656/2469
f 3067/5656/2469 3087/5655/2468 3088/5657/2470 3068/5658/2471
f 3068/5658/2471 3088/5657/2470 3089/5659/2472 3069/5660/2473
f 3069/5660/2473 3089/5659/2472 3090/5661/2474 3070/5662/2475
f 3070/5662/2475 3090/5661/2474 3091/5663/2476 3071/5664/2477
f 3071/5664/2477 3091/5663/2476 3092/5665/2478 3072/5666/2479
f 3072/5666/2479 3092/5665/2478 3093/5667/2480 3073/5668/2481
f 3073/5668/2481 3093/5667/2480 3094/5669/2482 3074/5670/2483
f 3074/5670/2483 3094/5669/2482 3095/5671/2484 3075/5672/2485
f 3075/5672/2485 3095/5671/2484 3096/5673/2486 3076/5674/2487
f 3076/5674/2487 3096/5673/2486 3097/5675/2488 3077/5676/2489
f 3077/5676/2489 3097/5675/2488 3098/5677/2490 3078/5678/2491
f 3078/5678/2491 3098/5677/2490 3099/5679/2492 3079/5680/2493
f 3079/5680/2493 3099/5679/2492 3080/5681/2494 3060/5682/2495
f 3621/5683/2496 3624/5684/2496 3623/5685/2497 3622/5686/2497
f 3622/5686/2497 3623/5685/2497 3626/5687/2498 3625/5688/2498
f 3625/5688/2498 3626/5687/2498 3628/5689/2499 3627/5690/2499
f 3627/5690/2499 3628/5689/2499 3630/5691/1501 3629/5692/1501
f 3629/5692/1501 3630/5691/1501 3632/5693/2500 3631/5694/2500
f 3631/5694/2500 3632/5693/2500 3634/5695/2501 3633/5696/2501
f 3633/5697/2501 3634/5698/2501 3636/5699/2502 3635/5700/2502
f 3635/5700/2502 3636/5699/2502 3638/5701/2503 3637/5702/2503
f 3637/5702/2503 3638/5701/2503 3640/5703/1516 3639/5704/1516
f 3639/5704/1516 3640/5703/1516 3642/5705/2504 3641/5706/2504
f 3641/5706/2504 3642/5705/2504 3644/5707/2505 3643/5708/2505
f 3643/5708/2505 3644/5707/2505 3646/5709/2506 3645/5710/2506
f 3645/2854/2506 3646/2857/2506 3648/5711/1762 3647/5712/1762
f 3647/5712/1762 3648/5711/1762 3650/5713/1511 3649/5714/1511
f 3649/5714/1511 3650/5713/1511 3652/5715/1773 3651/5716/1773
f 3651/5716/1773 3652/5715/1773 3654/5717/2507 3653/5718/2507
f 3653/5718/2507 3654/5717/2507 3656/5719/2508 3655/5720/2508
f 3655/5720/2508 3656/5719/2508 3658/5721/2509 3657/5722/2509
f 3657/5722/2510 3658/5721/2510 3660/5723/2510 3659/5695/2510
f 3659/5724/2511 3660/5725/2511 3624/5684/2511 3621/5683/2511
f 3100/5726/1523 3120/5727/1523 3121/5728/1523 3101/5729/1523
f 3101/5729/1523 3121/5728/1523 3122/5730/1523 3102/5731/1523
f 3102/5731/1523 3122/5730/1523 3123/5732/1523 3103/5733/1523
f 3103/5733/1523 3123/5732/1523 3124/5734/1523 3104/5735/1523
f 3104/5735/1523 3124/5734/1523 3125/5736/1523 3105/5737/1523
f 3105/5737/1523 3125/5736/1523 3126/5738/1523 3106/5739/1523
f 3106/5739/1523 3126/5738/1523 3127/5740/1523 3107/5741/1523
f 3107/5741/1523 3127/5740/1523 3128/5742/1523 3108/5743/1523
f 3108/5743/1523 3128/5742/1523 3129/5744/1523 3109/5745/1523
f 3109/5745/1523 3129/5744/1523 3130/5746/1523 3110/5747/1523
f 3110/5747/1523 3130/5746/1523 3131/5748/1523 3111/5749/1523
f 3111/5749/1523 3131/5748/1523 3132/5750/1523 3112/5751/1523
f 3112/5751/1523 3132/5750/1523 3133/5752/1523 3113/5753/1523
f 3113/5753/1523 3133/5752/1523 3134/5754/1523 3114/5755/1523
f 3114/5755/1523 3134/5754/1523 3135/5756/1523 3115/5757/1523
f 3115/5757/1523 3135/5756/1523 3136/5758/1523 3116/5759/1523
f 3116/5759/1523 3136/5758/1523 3137/5760/1523 3117/5761/1523
f 3117/5761/1523 3137/5760/1523 3138/5762/1523 3118/5763/1523
f 3118/5763/1523 3138/5762/1523 3139/5764/1523 3119/5765/1523
f 3119/5765/1523 3139/5764/1523 3120/5727/1523 3100/5726/1523
f 3120/5766/2512 3140/5767/2512 3141/5768/2513 3121/5769/2513
f 3121/5769/2513 3141/5768/2513 3142/5770/2514 3122/5771/2514
f 3122/5771/2514 3142/5770/2514 3143/5772/2515 3123/5773/2515
f 3123/5773/2515 3143/5772/2515 3144/5774/1501 3124/5775/1501
f 3124/5775/1501 3144/5774/1501 3145/5776/1500 3125/5777/1500
f 3125/5777/1500 3145/5776/1500 3146/2925/1499 3126/2924/1499
f 3126/5778/1499 3146/5779/1499 3147/5780/1498 3127/5781/1498
f 3127/5781/1498 3147/5780/1498 3148/5782/1497 3128/5783/1497
f 3128/5783/1497 3148/5782/1497 3149/5784/1516 3129/5785/1516
f 3129/5785/1516 3149/5784/1516 3150/5786/1515 3130/5787/1515
f 3130/5787/1515 3150/5786/1515 3151/5788/1514 3131/5789/1514
f 3131/5789/1514 3151/5788/1514 3152/5790/1513 3132/5791/1513
f 3132/5792/1513 3152/5793/1513 3153/5794/1512 3133/5795/1512
f 3133/5795/1512 3153/5794/1512 3154/5796/1511 3134/5797/1511
f 3134/5797/1511 3154/5796/1511 3155/5798/1510 3135/5799/1510
f 3135/5799/1510 3155/5798/1510 3156/5800/2516 3136/5801/2516
f 3136/5801/2516 3156/5800/2516 3157/5802/2517 3137/5803/2517
f 3137/5803/2517 3157/5802/2517 3158/5804/2518 3138/5805/2518
f 3138/5805/2519 3158/5804/2519 3159/5806/2519 3139/5807/2519
f 3139/5808/2520 3159/5809/2520 3140/5767/2520 3120/5766/2520
f 3140/5810/1517 3160/5811/1517 3161/5812/1517 3141/5813/1517
f 3141/5813/1517 3161/5812/1517 3162/5814/1517 3142/5815/1517
f 3142/5815/1517 3162/5814/1517 3163/5816/1517 3143/5817/1517
f 3143/5817/1517 3163/5816/1517 3164/5818/1517 3144/5819/1517
f 3144/5819/1517 3164/5818/1517 3165/5820/1517 3145/5821/1517
f 3145/5821/1517 3165/5820/1517 3166/5822/1517 3146/5823/1517
f 3146/5823/1517 3166/5822/1517 3167/5824/1517 3147/5825/1517
f 3147/5825/1517 3167/5824/1517 3168/5826/1517 3148/5827/1517
f 3148/5827/1517 3168/5826/1517 3169/5828/1517 3149/5829/1517
f 3149/5829/1517 3169/5828/1517 3170/5830/1517 3150/5831/1517
f 3150/5831/1517 3170/5830/1517 3171/5832/1517 3151/5833/1517
f 3151/5833/1517 3171/5832/1517 3172/5834/1517 3152/5835/1517
f 3152/5835/1517 3172/5834/1517 3173/5836/1517 3153/5837/1517
f 3153/5837/1517 3173/5836/1517 3174/5838/1517 3154/5839/1517
f 3154/5839/1517 3174/5838/1517 3175/5840/1517 3155/5841/1517
f 3155/5841/1517 3175/5840/1517 3176/5842/1517 3156/5843/1517
f 3156/5843/1517 3176/5842/1517 3177/5844/1517 3157/5845/1517
f 3157/5845/1517 3177/5844/1517 3178/5846/1517 3158/5847/1517
f 3158/5847/1517 3178/5846/1517 3179/5848/1517 3159/5849/1517
f 3159/5849/1517 3179/5848/1517 3160/5811/1517 3140/5810/1517
f 3661/5850/2496 3664/5851/2496 3663/5852/2497 3662/5853/2497
f 3662/5853/2497 3663/5852/2497 3666/5854/2521 3665/5855/2521
f 3665/5855/2521 3666/5854/2521 3668/5856/2522 3667/5857/2522
f 3667/5857/2522 3668/5856/2522 3670/5858/1501 3669/5859/1501
f 3669/5859/1501 3670/5858/1501 3672/5860/2523 3671/5861/2523
f 3671/5861/2523 3672/5860/2523 3674/5862/2501 3673/5863/2501
f 3673/5864/2501 3674/5865/2501 3676/5866/2502 3675/5867/2502
f 3675/5867/2502 3676/5866/2502 3678/5868/2524 3677/5869/2524
f 3677/5869/2524 3678/5868/2524 3680/5870/1516 3679/5871/1516
f 3679/5871/1516 3680/5870/1516 3682/5872/2504 3681/5873/2504
f 3681/5873/2504 3682/5872/2504 3684/5874/2505 3683/5875/2505
f 3683/5875/2505 3684/5874/2505 3686/5876/2525 3685/5877/2525
f 3685/5878/2525 3686/5879/2525 3688/5880/1762 3687/5881/1762
f 3687/5881/1762 3688/5880/1762 3690/5882/1511 3689/5883/1511
f 3689/5883/1511 3690/5882/1511 3692/5884/1741 3691/5885/1741
f 3691/5885/1741 3692/5884/1741 3694/5886/2526 3693/5887/2526
f 3693/5887/2526 3694/5886/2526 3696/5888/2527 3695/5889/2527
f 3695/5889/2527 3696/5888/2527 3698/5890/2509 3697/5891/2509
f 3697/5891/2510 3698/5890/2510 3700/5892/2510 3699/5893/2510
f 3699/5894/2511 3700/2868/2511 3664/5851/2511 3661/5850/2511
f 3180/5895/1523 3200/5896/1523 3201/5897/1523 3181/5898/1523
f 3181/5898/1523 3201/5897/1523 3202/5899/1523 3182/5900/1523
f 3182/5900/1523 3202/5899/1523 3203/5901/1523 3183/5902/1523
f 3183/5902/1523 3203/5901/1523 3204/5903/1523 3184/5904/1523
f 3184/5904/1523 3204/5903/1523 3205/5905/1523 3185/5906/1523
f 3185/5906/1523 3205/5905/1523 3206/5907/1523 3186/5908/1523
f 3186/5908/1523 3206/5907/1523 3207/5909/1523 3187/5910/1523
f 3187/5910/1523 3207/5909/1523 3208/5911/1523 3188/5912/1523
f 3188/5912/1523 3208/5911/1523 3209/5913/1523 3189/5914/1523
f 3189/5914/1523 3209/5913/1523 3210/5915/1523 3190/5916/1523
f 3190/5916/1523 3210/5915/1523 3211/5917/1523 3191/5918/1523
f 3191/5918/1523 3211/5917/1523 3212/5919/1523 3192/5920/1523
f 3192/5920/1523 3212/5919/1523 3213/5921/1523 3193/5922/1523
f 3193/5922/1523 3213/5921/1523 3214/5923/1523 3194/5924/1523
f 3194/5924/1523 3214/5923/1523 3215/5925/1523 3195/5926/1523
f 3195/5926/1523 3215/5925/1523 3216/5927/1523 3196/5928/1523
f 3196/5928/1523 3216/5927/1523 3217/5929/1523 3197/5930/1523
f 3197/5930/1523 3217/5929/1523 3218/5931/1523 3198/5932/1523
f 3198/5932/1523 3218/5931/1523 3219/5933/1523 3199/5934/1523
f 3199/5934/1523 3219/5933/1523 3200/5896/1523 3180/5895/1523
f 3200/5935/2512 3220/5936/2512 3221/5937/2513 3201/5938/2513
f 3201/5938/2513 3221/5937/2513 3222/5939/2498 3202/5940/2498
f 3202/5940/2498 3222/5939/2498 3223/5941/2528 3203/5942/2528
f 3203/5942/2528 3223/5941/2528 3224/5943/1501 3204/5944/1501
f 3204/5944/1501 3224/5943/1501 3225/5945/1500 3205/5946/1500
f 3205/5946/1500 3225/5945/1500 3226/5947/1499 3206/5948/1499
f 3206/5949/1499 3226/5950/1499 3227/5951/1498 3207/5952/1498
f 3207/5952/1498 3227/5951/1498 3228/5953/1497 3208/5954/1497
f 3208/5954/1497 3228/5953/1497 3229/5955/1516 3209/5956/1516
f 3209/5956/1516 3229/5955/1516 3230/5957/1515 3210/5958/1515
f 3210/5958/1515 3230/5957/1515 3231/5959/1514 3211/5960/1514
f 3211/5960/1514 3231/5959/1514 3232/5961/1513 3212/5962/1513
f 3212/5963/1513 3232/5964/1513 3233/5965/1512 3213/5966/1512
f 3213/5966/1512 3233/5965/1512 3234/5967/1511 3214/5968/1511
f 3214/5968/1511 3234/5967/1511 3235/5969/1510 3215/5970/1510
f 3215/5970/1510 3235/5969/1510 3236/5971/2529 3216/5972/2529
f 3216/5972/2529 3236/5971/2529 3237/5973/2530 3217/5974/2530
f 3217/5974/2530 3237/5973/2530 3238/5975/2518 3218/5976/2518
f 3218/5976/2519 3238/5975/2519 3239/3126/2519 3219/3125/2519
f 3219/5977/2520 3239/5978/2520 3220/5936/2520 3200/5935/2520
f 3220/5979/1517 3240/5980/1517 3241/5981/1517 3221/5982/1517
f 3221/5982/1517 3241/5981/1517 3242/5983/1517 3222/5984/1517
f 3222/5984/1517 3242/5983/1517 3243/5985/1517 3223/5986/1517
f 3223/5986/1517 3243/5985/1517 3244/5987/1517 3224/5988/1517
f 3224/5988/1517 3244/5987/1517 3245/5989/1517 3225/5990/1517
f 3225/5990/1517 3245/5989/1517 3246/5991/1517 3226/5992/1517
f 3226/5992/1517 3246/5991/1517 3247/5993/1517 3227/5994/1517
f 3227/5994/1517 3247/5993/1517 3248/5995/1517 3228/5996/1517
f 3228/5996/1517 3248/5995/1517 3249/5997/1517 3229/5998/1517
f 3229/5998/1517 3249/5997/1517 3250/5999/1517 3230/6000/1517
f 3230/6000/1517 3250/5999/1517 3251/6001/1517 3231/6002/1517
f 3231/6002/1517 3251/6001/1517 3252/6003/1517 3232/6004/1517
f 3232/6004/1517 3252/6003/1517 3253/6005/1517 3233/6006/1517
f 3233/6006/1517 3253/6005/1517 3254/6007/1517 3234/6008/1517
f 3234/6008/1517 3254/6007/1517 3255/6009/1517 3235/6010/1517
f 3235/6010/1517 3255/6009/1517 3256/6011/1517 3236/6012/1517
f 3236/6012/1517 3256/6011/1517 3257/6013/1517 3237/6014/1517
f 3237/6014/1517 3257/6013/1517 3258/6015/1517 3238/6016/1517
f 3238/6016/1517 3258/6015/1517 3259/6017/1517 3239/6018/1517
f 3239/6018/1517 3259/6017/1517 3240/5980/1517 3220/5979/1517
f 3701/6019/2496 3704/6020/2496 3703/6021/2497 3702/6022/2497
f 3702/6022/2497 3703/6021/2497 3706/6023/2531 3705/6024/2531
f 3705/6024/2531 3706/6023/2531 3708/6025/2532 3707/6026/2532
f 3707/6026/2532 3708/6025/2532 3710/6027/1501 3709/6028/1501
f 3709/6028/1501 3710/6027/1501 3712/6029/2523 3711/6030/2523
f 3711/6030/2523 3712/6029/2523 3714/6031/2501 3713/6032/2501
f 3713/6033/2501 3714/6034/2501 3716/6035/2502 3715/6036/2502
f 3715/6036/2502 3716/6035/2502 3718/6037/2503 3717/6038/2503
f 3717/6038/2503 3718/6037/2503 3720/6039/1516 3719/6040/1516
f 3719/6040/1516 3720/6039/1516 3722/6041/2533 3721/6042/2533
f 3721/6042/2533 3722/6041/2533 3724/6043/2505 3723/6044/2505
f 3723/6044/2505 3724/6043/2505 3726/3183/2525 3725/3186/2525
f 3725/6045/2525 3726/6046/2525 3728/6047/1742 3727/6048/1742
f 3727/6048/1742 3728/6047/1742 3730/6049/1511 3729/6050/1511
f 3729/6050/1511 3730/6049/1511 3732/6051/1741 3731/6052/1741
f 3731/6052/1741 3732/6051/1741 3734/6053/2534 3733/6054/2534
f 3733/6054/2534 3734/6053/2534 3736/6055/2535 3735/6056/2535
f 3735/6056/2535 3736/6055/2535 3738/6057/2509 3737/6058/2509
f 3737/6058/2510 3738/6057/2510 3740/6059/2510 3739/6060/2510
f 3739/6061/2511 3740/6062/2511 3704/6020/2511 3701/6019/2511
f 3260/6063/1523 3280/6064/1523 3281/6065/1523 3261/6066/1523
f 3261/6066/1523 3281/6065/1523 3282/6067/1523 3262/6068/1523
f 3262/6068/1523 3282/6067/1523 3283/6069/1523 3263/6070/1523
f 3263/6070/1523 3283/6069/1523 3284/6071/1523 3264/6072/1523
f 3264/6072/1523 3284/6071/1523 3285/6073/1523 3265/6074/1523
f 3265/6074/1523 3285/6073/1523 3286/6075/1523 3266/6076/1523
f 3266/6076/1523 3286/6075/1523 3287/6077/1523 3267/6078/1523
f 3267/6078/1523 3287/6077/1523 3288/6079/1523 3268/6080/1523
f 3268/6080/1523 3288/6079/1523 3289/6081/1523 3269/6082/1523
f 3269/6082/1523 3289/6081/1523 3290/6083/1523 3270/6084/1523
f 3270/6084/1523 3290/6083/1523 3291/6085/1523 3271/6086/1523
f 3271/6086/1523 3291/6085/1523 3292/6087/1523 3272/6088/1523
f 3272/6088/1523 3292/6087/1523 3293/6089/1523 3273/6090/1523
f 3273/6090/1523 3293/6089/1523 3294/6091/1523 3274/6092/1523
f 3274/6092/1523 3294/6091/1523 3295/6093/1523 3275/6094/1523
f 3275/6094/1523 3295/6093/1523 3296/6095/1523 3276/6096/1523
f 3276/6096/1523 3296/6095/1523 3297/6097/1523 3277/6098/1523
f 3277/6098/1523 3297/6097/1523 3298/6099/1523 3278/6100/1523
f 3278/6100/1523 3298/6099/1523 3299/6101/1523 3279/6102/1523
f 3279/6102/1523 3299/6101/1523 3280/6064/1523 3260/6063/1523
f 3280/6103/2512 3300/6104/2512 3301/6105/2513 3281/6106/2513
f 3281/6106/2513 3301/6105/2513 3302/6107/2536 3282/6108/2536
f 3282/6108/2536 3302/6107/2536 3303/6109/2537 3283/6110/2537
f 3283/6110/2537 3303/6109/2537 3304/6111/1501 3284/6112/1501
f 3284/6112/1501 3304/6111/1501 3305/6113/1500 3285/6114/1500
f 3285/6114/1500 3305/6113/1500 3306/6115/1499 3286/6116/1499
f 3286/6117/1499 3306/6118/1499 3307/6119/1498 3287/6120/1498
f 3287/6120/1498 3307/6119/1498 3308/6121/1497 3288/6122/1497
f 3288/6122/1497 3308/6121/1497 3309/6123/1516 3289/6124/1516
f 3289/6124/1516 3309/6123/1516 3310/6125/1515 3290/6126/1515
f 3290/6126/1515 3310/6125/1515 3311/6127/1514 3291/6128/1514
f 3291/6128/1514 3311/6127/1514 3312/6129/1513 3292/6130/1513
f 3292/6131/1513 3312/6132/1513 3313/6133/1512 3293/6134/1512
f 3293/6134/1512 3313/6133/1512 3314/6135/1511 3294/6136/1511
f 3294/6136/1511 3314/6135/1511 3315/6137/1510 3295/6138/1510
f 3295/6138/1510 3315/6137/1510 3316/6139/2538 3296/6140/2538
f 3296/6140/2538 3316/6139/2538 3317/6141/2539 3297/6142/2539
f 3297/6142/2539 3317/6141/2539 3318/6143/2518 3298/6144/2518
f 3298/6144/2540 3318/6143/2540 3319/6145/2540 3299/6146/2540
f 3299/6147/2520 3319/2115/2520 3300/6104/2520 3280/6103/2520
f 3300/6148/1517 3320/6149/1517 3321/6150/1517 3301/6151/1517
f 3301/6151/1517 3321/6150/1517 3322/6152/1517 3302/6153/1517
f 3302/6153/1517 3322/6152/1517 3323/6154/1517 3303/6155/1517
f 3303/6155/1517 3323/6154/1517 3324/6156/1517 3304/6157/1517
f 3304/6157/1517 3324/6156/1517 3325/6158/1517 3305/6159/1517
f 3305/6159/1517 3325/6158/1517 3326/6160/1517 3306/6161/1517
f 3306/6161/1517 3326/6160/1517 3327/6162/1517 3307/6163/1517
f 3307/6163/1517 3327/6162/1517 3328/6164/1517 3308/6165/1517
f 3308/6165/1517 3328/6164/1517 3329/6166/1517 3309/6167/1517
f 3309/6167/1517 3329/6166/1517 3330/6168/1517 3310/6169/1517
f 3310/6169/1517 3330/6168/1517 3331/6170/1517 3311/6171/1517
f 3311/6171/1517 3331/6170/1517 3332/6172/1517 3312/6173/1517
f 3312/6173/1517 3332/6172/1517 3333/6174/1517 3313/6175/1517
f 3313/6175/1517 3333/6174/1517 3334/6176/1517 3314/6177/1517
f 3314/6177/1517 3334/6176/1517 3335/6178/1517 3315/6179/1517
f 3315/6179/1517 3335/6178/1517 3336/6180/1517 3316/6181/1517
f 3316/6181/1517 3336/6180/1517 3337/6182/1517 3317/6183/1517
f 3317/6183/1517 3337/6182/1517 3338/6184/1517 3318/6185/1517
f 3318/6185/1517 3338/6184/1517 3339/6186/1517 3319/6187/1517
f 3319/6187/1517 3339/6186/1517 3320/6149/1517 3300/6148/1517
f 3741/6188/2496 3744/6189/2496 3743/6190/2497 3742/6191/2497
f 3742/6191/2497 3743/6190/2497 3746/6192/2541 3745/6193/2541
f 3745/6193/2541 3746/6192/2541 3748/6194/2542 3747/6195/2542
f 3747/6195/2542 3748/6194/2542 3750/6196/1501 3749/6197/1501
f 3749/6197/1501 3750/6196/1501 3752/6198/2523 3751/6199/2523
f 3751/6199/2523 3752/6198/2523 3754/6200/2543 3753/6201/2543
f 3753/6202/2543 3754/6203/2543 3756/6204/2502 3755/6205/2502
f 3755/6205/2502 3756/6204/2502 3758/6206/2503 3757/6207/2503
f 3757/6207/2503 3758/6206/2503 3760/6208/1516 3759/6209/1516
f 3759/6209/1516 3760/6208/1516 3762/6210/2504 3761/6211/2504
f 3761/6211/2504 3762/6210/2504 3764/6212/2544 3763/6213/2544
f 3763/6213/2544 3764/6212/2544 3766/6214/2545 3765/6215/2545
f 3765/6216/2545 3766/6217/2545 3768/6218/1762 3767/6219/1762
f 3767/6219/1762 3768/6218/1762 3770/6220/1511 3769/6221/1511
f 3769/6221/1511 3770/6220/1511 3772/6222/1773 3771/6223/1773
f 3771/6223/1773 3772/6222/1773 3774/6224/2546 3773/6225/2546
f 3773/6225/2546 3774/6224/2546 3776/6226/2547 3775/6227/2547
f 3775/6227/2547 3776/6226/2547 3778/6228/2509 3777/6229/2509
f 3777/6229/2510 3778/6228/2510 3780/6230/2510 3779/6231/2510
f 3779/6232/2511 3780/6233/2511 3744/6189/2511 3741/6188/2511
f 3340/6234/1523 3360/6235/1523 3361/6236/1523 3341/6237/1523
f 3341/6237/1523 3361/6236/1523 3362/6238/1523 3342/6239/1523
f 3342/6239/1523 3362/6238/1523 3363/6240/1523 3343/6241/1523
f 3343/6241/1523 3363/6240/1523 3364/6242/1523 3344/6243/1523
f 3344/6243/1523 3364/6242/1523 3365/6244/1523 3345/6245/1523
f 3345/6245/1523 3365/6244/1523 3366/6246/1523 3346/6247/1523
f 3346/6247/1523 3366/6246/1523 3367/6248/1523 3347/6249/1523
f 3347/6249/1523 3367/6248/1523 3368/6250/1523 3348/6251/1523
f 3348/6251/1523 3368/6250/1523 3369/6252/1523 3349/6253/1523
f 3349/6253/1523 3369/6252/1523 3370/6254/1523 3350/6255/1523
f 3350/6255/1523 3370/6254/1523 3371/6256/1523 3351/6257/1523
f 3351/6257/1523 3371/6256/1523 3372/6258/1523 3352/6259/1523
f 3352/6259/1523 3372/6258/1523 3373/6260/1523 3353/6261/1523
f 3353/6261/1523 3373/6260/1523 3374/6262/1523 3354/6263/1523
f 3354/6263/1523 3374/6262/1523 3375/6264/1523 3355/6265/1523
f 3355/6265/1523 3375/6264/1523 3376/6266/1523 3356/6267/1523
f 3356/6267/1523 3376/6266/1523 3377/6268/1523 3357/6269/1523
f 3357/6269/1523 3377/6268/1523 3378/6270/1523 3358/6271/1523
f 3358/6271/1523 3378/6270/1523 3379/6272/1523 3359/6273/1523
f 3359/6273/1523 3379/6272/1523 3360/6235/1523 3340/6234/1523
f 3360/6274/2512 3380/6275/2512 3381/6276/2513 3361/6277/2513
f 3361/6277/2513 3381/6276/2513 3382/6278/2548 3362/6279/2548
f 3362/6279/2548 3382/6278/2548 3383/6280/2549 3363/6281/2549
f 3363/6281/2549 3383/6280/2549 3384/6282/1501 3364/6283/1501
f 3364/6283/1501 3384/6282/1501 3385/6284/1500 3365/6285/1500
f 3365/6285/1500 3385/6284/1500 3386/6286/1499 3366/6287/1499
f 3366/6288/1499 3386/6289/1499 3387/6290/1498 3367/6291/1498
f 3367/6291/1498 3387/6290/1498 3388/6292/1497 3368/6293/1497
f 3368/6293/1497 3388/6292/1497 3389/6294/1516 3369/6295/1516
f 3369/6295/1516 3389/6294/1516 3390/6296/1515 3370/6297/1515
f 3370/6297/1515 3390/6296/1515 3391/6298/1514 3371/6299/1514
f 3371/6299/1514 3391/6298/1514 3392/6300/1513 3372/6301/1513
f 3372/6302/1513 3392/6303/1513 3393/6304/1512 3373/6305/1512
f 3373/6305/1512 3393/6304/1512 3394/6306/1511 3374/6307/1511
f 3374/6307/1511 3394/6306/1511 3395/6308/1510 3375/6309/1510
f 3375/6309/1510 3395/6308/1510 3396/6310/2550 3376/6311/2550
f 3376/6311/2550 3396/6310/2550 3397/6312/2551 3377/6313/2551
f 3377/6313/2551 3397/6312/2551 3398/6314/2518 3378/6315/2518
f 3378/6315/2519 3398/6314/2519 3399/6316/2519 3379/6317/2519
f 3379/6318/2552 3399/6319/2552 3380/6275/2552 3360/6274/2552
f 3380/6320/1517 3400/6321/1517 3401/6322/1517 3381/6323/1517
f 3381/6323/1517 3401/6322/1517 3402/6324/1517 3382/6325/1517
f 3382/6325/1517 3402/6324/1517 3403/6326/1517 3383/6327/1517
f 3383/6327/1517 3403/6326/1517 3404/6328/1517 3384/6329/1517
f 3384/6329/1517 3404/6328/1517 3405/6330/1517 3385/6331/1517
f 3385/6331/1517 3405/6330/1517 3406/6332/1517 3386/6333/1517
f 3386/6333/1517 3406/6332/1517 3407/6334/1517 3387/6335/1517
f 3387/6335/1517 3407/6334/1517 3408/6336/1517 3388/6337/1517
f 3388/6337/1517 3408/6336/1517 3409/6338/1517 3389/6339/1517
f 3389/6339/1517 3409/6338/1517 3410/6340/1517 3390/6341/1517
f 3390/6341/1517 3410/6340/1517 3411/6342/1517 3391/6343/1517
f 3391/6343/1517 3411/6342/1517 3412/6344/1517 3392/6345/1517
f 3392/6345/1517 3412/6344/1517 3413/6346/1517 3393/6347/1517
f 3393/6347/1517 3413/6346/1517 3414/6348/1517 3394/6349/1517
f 3394/6349/1517 3414/6348/1517 3415/6350/1517 3395/6351/1517
f 3395/6351/1517 3415/6350/1517 3416/6352/1517 3396/6353/1517
f 3396/6353/1517 3416/6352/1517 3417/6354/1517 3397/6355/1517
f 3397/6355/1517 3417/6354/1517 3418/6356/1517 3398/6357/1517
f 3398/6357/1517 3418/6356/1517 3419/6358/1517 3399/6359/1517
f 3399/6359/1517 3419/6358/1517 3400/6321/1517 3380/6320/1517
f 3841/6360/2553 3801/6361/2554 3820/6362/2555 3842/6363/2556
f 3842/6363/2556 3820/6362/2555 3819/6364/2557 3843/6365/2558
f 3843/6365/2558 3819/6364/2557 3818/6366/2559 3844/6367/2560
f 3844/6367/2560 3818/6366/2559 3817/6368/2561 3845/6369/2562
f 3845/6369/2562 3817/6368/2561 3816/6370/2563 3846/6371/2564
f 3846/6371/2564 3816/6370/2563 3815/6372/2565 3847/6373/2566
f 3847/6373/2566 3815/6372/2565 3814/6374/2567 3848/6375/2568
f 3848/6376/2568 3814/6377/2567 3813/6378/2569 3849/6379/2570
f 3849/6379/2570 3813/6378/2569 3812/6380/2571 3850/6381/2571
f 3850/6381/2572 3812/6380/2572 3811/6382/2573 3851/6383/2574
f 3851/6383/2574 3811/6382/2573 3810/6384/2575 3852/6385/2576
f 3852/6386/2576 3810/6387/2575 3809/6388/2577 3853/6389/2577
f 3853/6389/2578 3809/6388/2579 3808/6390/2580 3854/6391/2581
f 3854/6391/2581 3808/6390/2580 3807/6392/2582 3855/6393/2583
f 3855/6393/2583 3807/6392/2582 3806/6394/2584 3856/6395/2585
f 3856/6395/2585 3806/6394/2584 3805/6396/2586 3857/6397/2587
f 3857/6397/2587 3805/6396/2586 3804/6398/2588 3858/6399/2589
f 3858/6399/2589 3804/6398/2588 3803/6400/2590 3859/6401/2591
f 3859/6401/2592 3803/6400/2593 3802/6402/2594 3860/6403/2595
f 3860/6404/2596 3802/6405/2597 3801/6361/2598 3841/6360/2599
f 3040/6406/2600 3441/5593/2410 3442/5596/2413 3041/6407/2601
f 3041/6407/2601 3442/5596/2413 3443/5598/2415 3042/6408/2602
f 3042/6408/2602 3443/5598/2415 3444/5600/2417 3043/5558/2603
f 3043/5558/2603 3444/5600/2417 3445/5602/2419 3044/5559/2604
f 3044/5559/2604 3445/5602/2419 3446/5604/2421 3045/5561/2605
f 3045/5561/2605 3446/5604/2421 3447/5606/2423 3046/5563/2606
f 3046/5566/2606 3447/5607/2423 3448/5610/2425 3047/5567/2607
f 3047/5567/2607 3448/5610/2425 3449/5612/2427 3048/5569/2608
f 3048/5569/2608 3449/5612/2427 3450/5614/2429 3049/5571/2609
f 3049/5571/2609 3450/5614/2429 3451/5616/2431 3050/5573/2610
f 3050/5573/2610 3451/5616/2431 3452/5618/2433 3051/5575/2611
f 3051/5575/2611 3452/5618/2433 3453/5620/2435 3052/5577/2612
f 3052/5580/2612 3453/5621/2435 3454/5624/2437 3053/5581/2613
f 3053/5581/2613 3454/5624/2437 3455/5626/2439 3054/5583/2614
f 3054/5583/2614 3455/5626/2439 3456/5628/2441 3055/5585/2615
f 3055/5585/2615 3456/5628/2441 3457/5630/2443 3056/5587/2616
f 3056/5587/2616 3457/5630/2443 3458/5632/2445 3057/6409/2617
f 3057/6409/2617 3458/5632/2445 3459/5634/2447 3058/6410/2618
f 3058/6410/2619 3459/5634/2448 3460/5636/2450 3059/6411/2619
f 3059/6412/2620 3460/5637/2451 3441/5593/2453 3040/6406/2620
f 3462/5638/2452 3482/6413/2621 3481/6414/2621 3461/5594/2452
f 3463/5633/2449 3483/6415/2622 3482/6416/2622 3462/5635/2449
f 3464/5631/2444 3484/6417/2623 3483/6415/2624 3463/5633/2446
f 3465/5629/2442 3485/6418/2625 3484/6417/2623 3464/5631/2444
f 3466/5627/2440 3486/6419/2626 3485/6418/2625 3465/5629/2442
f 3467/5625/2438 3487/6420/2627 3486/6419/2626 3466/5627/2440
f 3468/5623/2436 3488/6421/2628 3487/6420/2627 3467/5625/2438
f 3469/5622/2434 3489/6422/2629 3488/6421/2628 3468/5623/2436
f 3470/5617/2432 3490/6423/2630 3489/6424/2629 3469/5619/2434
f 3471/5615/2430 3491/6425/2631 3490/6423/2630 3470/5617/2432
f 3472/5613/2428 3492/6426/2632 3491/6425/2631 3471/5615/2430
f 3473/5611/2426 3493/6427/2633 3492/6426/2632 3472/5613/2428
f 3474/5609/2424 3494/6428/2634 3493/6427/2633 3473/5611/2426
f 3475/5608/2422 3495/6429/2635 3494/6428/2634 3474/5609/2424
f 3476/5603/2420 3496/6430/2636 3495/6431/2635 3475/5605/2422
f 3477/5601/2418 3497/6432/2637 3496/6430/2636 3476/5603/2420
f 3478/5599/2416 3498/6433/2638 3497/6432/2637 3477/5601/2418
f 3479/5597/2414 3499/6434/2639 3498/6433/2638 3478/5599/2416
f 3480/5595/2412 3500/6435/2640 3499/6434/2639 3479/5597/2414
f 3461/5594/2411 3481/6414/2641 3500/6435/2640 3480/5595/2412
f 3582/6436/2642 3584/6437/2642 3583/6438/2642 3581/6439/2642
f 3585/6440/2643 3586/6441/2643 3584/6442/2643 3582/6443/2643
f 3587/6444/2644 3588/6445/2645 3586/6441/2646 3585/6440/2646
f 3589/6446/2647 3590/6447/2648 3588/6445/2645 3587/6444/2644
f 3591/6448/2649 3592/6449/2650 3590/6447/2648 3589/6446/2647
f 3593/6450/2651 3594/6451/2652 3592/6449/2650 3591/6448/2649
f 3595/6452/2653 3596/6453/2654 3594/6451/2652 3593/6450/2651
f 3597/6454/2655 3598/6455/2656 3596/6453/2654 3595/6452/2653
f 3599/6456/2657 3600/6457/2658 3598/6458/2656 3597/6459/2655
f 3601/6460/2659 3602/6461/2660 3600/6457/2658 3599/6456/2657
f 3603/6462/2661 3604/6463/2662 3602/6461/2660 3601/6460/2659
f 3605/6464/2663 3606/6465/2664 3604/6463/2662 3603/6462/2661
f 3607/6466/2665 3608/6467/2666 3606/6465/2664 3605/6464/2663
f 3609/6468/2667 3610/6469/2668 3608/6467/2666 3607/6466/2665
f 3611/6470/2669 3612/6471/2670 3610/6472/2668 3609/6473/2667
f 3613/6474/2671 3614/6475/2672 3612/6471/2670 3611/6470/2669
f 3615/6476/2673 3616/6477/2674 3614/6475/2672 3613/6474/2671
f 3617/6478/2675 3618/6479/2676 3616/6477/2674 3615/6476/2673
f 3619/6480/2677 3620/6481/2678 3618/6479/2676 3617/6478/2675
f 3581/6439/2679 3583/6438/2679 3620/6481/2678 3619/6480/2677
f 3560/6482/2680 3522/6483/2680 3521/6484/2681 3541/6485/2682
f 3559/6486/2683 3523/6487/2683 3522/6483/2683 3560/6482/2683
f 3558/6488/2684 3524/6489/2685 3523/6490/2686 3559/6491/2687
f 3557/6492/2688 3525/6493/2689 3524/6489/2685 3558/6488/2684
f 3556/6494/2690 3526/6495/2691 3525/6493/2689 3557/6492/2688
f 3555/6496/2692 3527/6497/2693 3526/6495/2691 3556/6494/2690
f 3554/6498/2694 3528/6499/2695 3527/6497/2693 3555/6496/2692
f 3553/6500/2696 3529/6501/2697 3528/6499/2695 3554/6498/2694
f 3552/6502/2698 3530/6503/2699 3529/6504/2697 3553/6505/2696
f 3551/6506/2700 3531/6507/2701 3530/6503/2699 3552/6502/2698
f 3550/6508/2702 3532/6509/2703 3531/6507/2701 3551/6506/2700
f 3549/6510/2704 3533/6511/2705 3532/6509/2703 3550/6508/2702
f 3548/6512/2706 3534/6513/2707 3533/6511/2705 3549/6510/2704
f 3547/6514/2708 3535/6515/2709 3534/6513/2707 3548/6512/2706
f 3546/6516/2710 3536/6517/2711 3535/6518/2709 3547/6519/2708
f 3545/6520/2712 3537/6521/2713 3536/6517/2711 3546/6516/2710
f 3544/6522/2714 3538/6523/2715 3537/6521/2713 3545/6520/2712
f 3543/6524/2716 3539/6525/2717 3538/6523/2715 3544/6522/2714
f 3542/6526/2718 3540/6527/2719 3539/6525/2717 3543/6524/2716
f 3541/6528/2682 3521/6529/2681 3540/6527/2719 3542/6526/2718
f 3522/6530/2720 3079/6531/2720 3060/6532/2720 3521/6529/2720
f 3523/6490/2721 3078/6533/2721 3079/6534/2721 3522/6535/2721
f 3524/6489/2685 3077/6536/2722 3078/6533/2723 3523/6490/2686
f 3525/6493/2689 3076/6537/2724 3077/6536/2722 3524/6489/2685
f 3526/6495/2691 3075/6538/2725 3076/6537/2724 3525/6493/2689
f 3527/6497/2693 3074/6539/2726 3075/6538/2725 3526/6495/2691
f 3528/6499/2695 3073/6540/2727 3074/6539/2726 3527/6497/2693
f 3529/6501/2728 3072/6541/2729 3073/6540/2727 3528/6499/2695
f 3530/6503/2730 3071/6542/2731 3072/6543/2729 3529/6504/2728
f 3531/6507/2732 3070/6544/2733 3071/6542/2731 3530/6503/2730
f 3532/6509/2734 3069/6545/2734 3070/6544/2733 3531/6507/2732
f 3533/6511/2735 3068/6546/2736 3069/6545/2734 3532/6509/2734
f 3534/6513/2737 3067/6547/2738 3068/6546/2736 3533/6511/2735
f 3535/6515/2739 3066/6548/2740 3067/6547/2738 3534/6513/2737
f 3536/6517/2711 3065/6549/2741 3066/6550/2740 3535/6518/2739
f 3537/6521/2713 3064/6551/2742 3065/6549/2741 3536/6517/2711
f 3538/6523/2715 3063/6552/2743 3064/6551/2742 3537/6521/2713
f 3539/6525/2717 3062/6553/2744 3063/6552/2743 3538/6523/2715
f 3540/6527/2745 3061/6554/2746 3062/6553/2744 3539/6525/2717
f 3521/6529/2747 3060/6532/2747 3061/6554/2746 3540/6527/2745
f 3501/6555/2748 3541/6528/2748 3542/6526/2749 3520/6556/2750
f 3520/6556/2750 3542/6526/2749 3543/6524/2716 3519/6557/2751
f 3519/6557/2751 3543/6524/2716 3544/6522/2714 3518/6558/2752
f 3518/6558/2752 3544/6522/2714 3545/6520/2712 3517/6559/2753
f 3517/6559/2753 3545/6520/2712 3546/6516/2710 3516/6560/2754
f 3516/6560/2754 3546/6516/2710 3547/6519/2755 3515/6561/2756
f 3515/6562/2756 3547/6514/2755 3548/6512/2757 3514/6563/2758
f 3514/6563/2758 3548/6512/2757 3549/6510/2759 3513/6564/2760
f 3513/6564/2760 3549/6510/2759 3550/6508/2761 3512/6565/2762
f 3512/6565/2762 3550/6508/2761 3551/6506/2763 3511/6566/2764
f 3511/6566/2764 3551/6506/2763 3552/6502/2765 3510/6567/2766
f 3510/6567/2766 3552/6502/2765 3553/6505/2767 3509/6568/2768
f 3509/6569/2768 3553/6500/2767 3554/6498/2694 3508/6570/2769
f 3508/6570/2769 3554/6498/2694 3555/6496/2692 3507/6571/2770
f 3507/6571/2770 3555/6496/2692 3556/6494/2690 3506/6572/2771
f 3506/6572/2771 3556/6494/2690 3557/6492/2688 3505/6573/2772
f 3505/6573/2772 3557/6492/2688 3558/6488/2684 3504/6574/2773
f 3504/6574/2773 3558/6488/2684 3559/6491/2687 3503/6575/2774
f 3503/6575/2775 3559/6491/2775 3560/6576/2775 3502/6577/2775
f 3502/6578/2776 3560/6579/2776 3541/6528/2776 3501/6555/2776
f 3781/6580/2777 3821/6581/2778 3840/6582/2779 3782/6583/2780
f 3782/6583/2780 3840/6582/2779 3839/6584/2781 3783/6585/2782
f 3783/6585/2782 3839/6584/2781 3838/6586/2783 3784/6587/2784
f 3784/6587/2784 3838/6586/2783 3837/6588/2785 3785/6589/2786
f 3785/6589/2786 3837/6588/2785 3836/6590/2787 3786/6591/2788
f 3786/6591/2788 3836/6590/2787 3835/6592/2789 3787/6593/2790
f 3787/6594/2790 3835/6595/2789 3834/6596/2791 3788/6597/2792
f 3788/6597/2792 3834/6596/2791 3833/6598/2793 3789/6599/2794
f 3789/6599/2794 3833/6598/2793 3832/6600/2795 3790/6601/2795
f 3790/6601/2572 3832/6600/2572 3831/6602/2796 3791/6603/2574
f 3791/6603/2574 3831/6602/2796 3830/6604/2576 3792/6605/2576
f 3792/6606/2576 3830/6607/2576 3829/6608/2577 3793/6609/2577
f 3793/6609/2797 3829/6608/2798 3828/6610/2799 3794/6611/2800
f 3794/6611/2800 3828/6610/2799 3827/6612/2801 3795/6613/2802
f 3795/6613/2802 3827/6612/2801 3826/6614/2803 3796/6615/2804
f 3796/6615/2804 3826/6614/2803 3825/6616/2805 3797/6617/2806
f 3797/6617/2806 3825/6616/2805 3824/6618/2807 3798/6619/2808
f 3798/6619/2808 3824/6618/2807 3823/6620/2809 3799/6621/2810
f 3799/6621/2811 3823/6620/2812 3822/6622/2813 3800/6623/2814
f 3800/6624/2815 3822/6625/2816 3821/6581/2817 3781/6580/2818
f 3482/6626/2819 3582/6627/2819 3581/6628/2820 3481/6629/2821
f 3501/6630/2822 3583/6631/2823 3584/6632/2824 3502/6633/2824
f 3483/6634/2825 3585/6635/2826 3582/6627/2819 3482/6626/2819
f 3502/6633/2824 3584/6632/2824 3586/6636/2827 3503/6637/2828
f 3484/6638/2829 3587/6639/2830 3585/6635/2826 3483/6634/2825
f 3503/6637/2828 3586/6636/2827 3588/6640/2831 3504/6641/2832
f 3485/6642/2833 3589/6643/2834 3587/6639/2830 3484/6638/2829
f 3504/6641/2832 3588/6640/2831 3590/6644/2835 3505/6645/2836
f 3486/6419/2837 3591/6448/2837 3589/6446/2834 3485/6418/2833
f 3505/6573/2836 3590/6447/2835 3592/6449/2838 3506/6572/2838
f 3487/6420/2627 3593/6450/2651 3591/6448/2649 3486/6419/2626
f 3506/6572/2771 3592/6449/2650 3594/6451/2652 3507/6571/2770
f 3488/6421/2628 3595/6452/2653 3593/6450/2651 3487/6420/2627
f 3507/6571/2770 3594/6451/2652 3596/6453/2654 3508/6570/2769
f 3489/6422/2629 3597/6454/2655 3595/6452/2653 3488/6421/2628
f 3508/6570/2769 3596/6453/2654 3598/6455/2656 3509/6569/2768
f 3490/6423/2630 3599/6456/2657 3597/6459/2655 3489/6424/2629
f 3509/6568/2768 3598/6458/2656 3600/6457/2658 3510/6567/2766
f 3491/6425/2631 3601/6460/2659 3599/6456/2657 3490/6423/2630
f 3510/6567/2766 3600/6457/2658 3602/6461/2660 3511/6566/2764
f 3492/6426/2632 3603/6462/2661 3601/6460/2659 3491/6425/2631
f 3511/6566/2764 3602/6461/2660 3604/6463/2662 3512/6565/2762
f 3493/6427/2633 3605/6464/2663 3603/6462/2661 3492/6426/2632
f 3512/6565/2762 3604/6463/2662 3606/6465/2664 3513/6564/2760
f 3494/6428/2634 3607/6466/2665 3605/6464/2663 3493/6427/2633
f 3513/6564/2760 3606/6465/2664 3608/6467/2666 3514/6563/2758
f 3495/6429/2635 3609/6468/2667 3607/6466/2665 3494/6428/2634
f 3514/6563/2758 3608/6467/2666 3610/6469/2668 3515/6562/2756
f 3496/6430/2636 3611/6470/2669 3609/6473/2667 3495/6431/2635
f 3515/6561/2756 3610/6472/2668 3612/6471/2670 3516/6560/2754
f 3497/6432/2637 3613/6474/2671 3611/6470/2669 3496/6430/2636
f 3516/6560/2754 3612/6471/2670 3614/6475/2672 3517/6559/2753
f 3498/6433/2638 3615/6476/2673 3613/6474/2671 3497/6432/2637
f 3517/6559/2753 3614/6475/2672 3616/6477/2674 3518/6558/2752
f 3499/6434/2639 3617/6478/2675 3615/6476/2673 3498/6433/2638
f 3518/6558/2752 3616/6477/2674 3618/6479/2676 3519/6557/2751
f 3500/6646/2839 3619/6647/2840 3617/6648/2841 3499/6649/2841
f 3519/6650/2842 3618/6651/2842 3620/6652/2843 3520/6653/2844
f 3481/6629/2821 3581/6628/2820 3619/6647/2840 3500/6646/2839
f 3520/6653/2844 3620/6652/2843 3583/6631/2823 3501/6630/2822
f 3080/5681/2494 3621/6654/1517 3622/6655/1517 3081/6656/1517
f 3101/5729/1523 3623/6657/1523 3624/6658/1523 3100/5726/1523
f 3081/6656/1517 3622/6655/1517 3625/6659/1517 3082/5646/2459
f 3102/5731/1523 3626/6660/1523 3623/6657/1523 3101/5729/1523
f 3082/6661/2459 3625/6662/1517 3627/6663/1517 3083/6664/2460
f 3103/5733/1523 3628/6665/1523 3626/6660/1523 3102/5731/1523
f 3083/5647/2460 3627/6666/1517 3629/6667/1517 3084/5649/2462
f 3104/5735/1523 3630/6668/1523 3628/6665/1523 3103/5733/1523
f 3084/5649/2462 3629/6667/1517 3631/6669/1517 3085/5651/2464
f 3105/5737/1523 3632/6670/1523 3630/6668/1523 3104/5735/1523
f 3085/5651/2464 3631/6669/1517 3633/6671/1517 3086/5653/2466
f 3106/5739/1523 3634/6672/1523 3632/6670/1523 3105/5737/1523
f 3086/5653/2466 3633/6671/1517 3635/6673/1517 3087/5655/2468
f 3107/5741/1523 3636/6674/1523 3634/6672/1523 3106/5739/1523
f 3087/5655/2468 3635/6673/1517 3637/6675/1517 3088/5657/2470
f 3108/5743/1523 3638/6676/1523 3636/6674/1523 3107/5741/1523
f 3088/5657/2470 3637/6675/1517 3639/6677/1517 3089/5659/2472
f 3109/5745/1523 3640/6678/1523 3638/6676/1523 3108/5743/1523
f 3089/5659/2472 3639/6677/1517 3641/6679/1517 3090/5661/2474
f 3110/5747/1523 3642/6680/1523 3640/6678/1523 3109/5745/1523
f 3090/5661/2474 3641/6679/1517 3643/6681/1517 3091/5663/2476
f 3111/5749/1523 3644/6682/1523 3642/6680/1523 3110/5747/1523
f 3091/5663/2476 3643/6681/1517 3645/6683/1517 3092/5665/2478
f 3112/5751/1523 3646/6684/1523 3644/6682/1523 3111/5749/1523
f 3092/5665/2478 3645/6683/1517 3647/6685/1517 3093/5667/2480
f 3113/5753/1523 3648/6686/1523 3646/6684/1523 3112/5751/1523
f 3093/5667/2480 3647/6685/1517 3649/6687/1517 3094/5669/2482
f 3114/5755/1523 3650/6688/1523 3648/6686/1523 3113/5753/1523
f 3094/5669/2482 3649/6687/1517 3651/6689/1517 3095/5671/2484
f 3115/5757/1523 3652/6690/1523 3650/6688/1523 3114/5755/1523
f 3095/5671/2484 3651/6689/1517 3653/6691/1517 3096/5673/2486
f 3116/5759/1523 3654/6692/1523 3652/6690/1523 3115/5757/1523
f 3096/6693/2486 3653/6694/1517 3655/6695/1517 3097/6696/2488
f 3117/6697/1523 3656/6698/1523 3654/6699/1523 3116/6700/1523
f 3097/6701/1523 3655/6702/1523 3657/6703/1523 3098/6704/1523
f 3118/6705/2845 3658/6706/2846 3656/6707/2846 3117/6708/2846
f 3098/5677/2490 3657/6709/1517 3659/6710/1517 3099/5679/2492
f 3119/5765/1523 3660/6711/1523 3658/6712/1523 3118/5763/1523
f 3099/5679/2492 3659/6710/1517 3621/6654/1517 3080/5681/2494
f 3100/5726/1523 3624/6658/1523 3660/6711/1523 3119/5765/1523
f 3160/5811/1517 3661/6713/1517 3662/6714/1517 3161/5812/1517
f 3181/5898/1523 3663/6715/1523 3664/6716/1523 3180/5895/1523
f 3161/5812/1517 3662/6714/1517 3665/6717/1517 3162/5814/1517
f 3182/5900/1523 3666/6718/1523 3663/6715/1523 3181/5898/1523
f 3162/5814/1517 3665/6717/1517 3667/6719/1517 3163/5816/1517
f 3183/5902/1523 3668/6720/1523 3666/6718/1523 3182/5900/1523
f 3163/5816/1517 3667/6719/1517 3669/6721/1517 3164/5818/1517
f 3184/5904/1523 3670/6722/1523 3668/6720/1523 3183/5902/1523
f 3164/5818/1517 3669/6721/1517 3671/6723/1517 3165/5820/1517
f 3185/5906/1523 3672/6724/1523 3670/6722/1523 3184/5904/1523
f 3165/5820/1517 3671/6723/1517 3673/6725/1517 3166/5822/1517
f 3186/5908/1523 3674/6726/1523 3672/6724/1523 3185/5906/1523
f 3166/5822/1517 3673/6725/1517 3675/6727/1517 3167/5824/1517
f 3187/5910/1523 3676/6728/1523 3674/6726/1523 3186/5908/1523
f 3167/5824/1517 3675/6727/1517 3677/6729/1517 3168/5826/1517
f 3188/5912/1523 3678/6730/1523 3676/6728/1523 3187/5910/1523
f 3168/5826/1517 3677/6729/1517 3679/6731/1517 3169/5828/1517
f 3189/5914/1523 3680/6732/1523 3678/6730/1523 3188/5912/1523
f 3169/5828/1517 3679/6731/1517 3681/6733/1517 3170/5830/1517
f 3190/5916/1523 3682/6734/1523 3680/6732/1523 3189/5914/1523
f 3170/5830/1517 3681/6733/1517 3683/6735/1517 3171/5832/1517
f 3191/5918/1523 3684/6736/1523 3682/6734/1523 3190/5916/1523
f 3171/5832/1517 3683/6735/1517 3685/6737/1517 3172/5834/1517
f 3192/5920/1523 3686/6738/1523 3684/6736/1523 3191/5918/1523
f 3172/5834/1517 3685/6737/1517 3687/6739/1517 3173/5836/1517
f 3193/5922/1523 3688/6740/1523 3686/6738/1523 3192/5920/1523
f 3173/5836/1517 3687/6739/1517 3689/6741/1517 3174/5838/1517
f 3194/5924/1523 3690/6742/1523 3688/6740/1523 3193/5922/1523
f 3174/5838/1517 3689/6741/1517 3691/6743/1517 3175/5840/1517
f 3195/5926/1523 3692/6744/1523 3690/6742/1523 3194/5924/1523
f 3175/5840/1517 3691/6743/1517 3693/6745/1517 3176/5842/1517
f 3196/5928/1523 3694/6746/1523 3692/6744/1523 3195/5926/1523
f 3176/6747/1517 3693/6748/1517 3695/6749/1517 3177/6750/1517
f 3197/6751/1523 3696/6752/1523 3694/6753/1523 3196/6754/1523
f 3177/5844/1517 3695/6755/1517 3697/6756/1517 3178/5846/1517
f 3198/5932/1523 3698/6757/1523 3696/6758/1523 3197/5930/1523
f 3178/5846/1517 3697/6756/1517 3699/6759/1517 3179/5848/1517
f 3199/5934/1523 3700/6760/1523 3698/6757/1523 3198/5932/1523
f 3179/5848/1517 3699/6759/1517 3661/6713/1517 3160/5811/1517
f 3180/5895/1523 3664/6716/1523 3700/6760/1523 3199/5934/1523
f 3240/5980/1517 3701/6761/1517 3702/6762/1517 3241/5981/1517
f 3261/6066/1523 3703/6763/1523 3704/6764/1523 3260/6063/1523
f 3241/5981/1517 3702/6762/1517 3705/6765/1517 3242/5983/1517
f 3262/6068/1523 3706/6766/1523 3703/6763/1523 3261/6066/1523
f 3242/5983/1517 3705/6765/1517 3707/6767/1517 3243/5985/1517
f 3263/6070/1523 3708/6768/1523 3706/6766/1523 3262/6068/1523
f 3243/5985/1517 3707/6767/1517 3709/6769/1517 3244/5987/1517
f 3264/6072/1523 3710/6770/1523 3708/6768/1523 3263/6070/1523
f 3244/5987/1517 3709/6769/1517 3711/6771/1517 3245/5989/1517
f 3265/6074/1523 3712/6772/1523 3710/6770/1523 3264/6072/1523
f 3245/5989/1517 3711/6771/1517 3713/6773/1517 3246/5991/1517
f 3266/6076/1523 3714/6774/1523 3712/6772/1523 3265/6074/1523
f 3246/5991/1517 3713/6773/1517 3715/6775/1517 3247/5993/1517
f 3267/6078/1523 3716/6776/1523 3714/6774/1523 3266/6076/1523
f 3247/5993/1517 3715/6775/1517 3717/6777/1517 3248/5995/1517
f 3268/6080/1523 3718/6778/1523 3716/6776/1523 3267/6078/1523
f 3248/5995/1517 3717/6777/1517 3719/6779/1517 3249/5997/1517
f 3269/6082/1523 3720/6780/1523 3718/6778/1523 3268/6080/1523
f 3249/5997/1517 3719/6779/1517 3721/6781/1517 3250/5999/1517
f 3270/6084/1523 3722/6782/1523 3720/6780/1523 3269/6082/1523
f 3250/5999/1517 3721/6781/1517 3723/6783/1517 3251/6001/1517
f 3271/6086/1523 3724/6784/1523 3722/6782/1523 3270/6084/1523
f 3251/6001/1517 3723/6783/1517 3725/6785/1517 3252/6003/1517
f 3272/6088/1523 3726/6786/1523 3724/6784/1523 3271/6086/1523
f 3252/6003/1517 3725/6785/1517 3727/6787/1517 3253/6005/1517
f 3273/6090/1523 3728/6788/1523 3726/6786/1523 3272/6088/1523
f 3253/6005/1517 3727/6787/1517 3729/6789/1517 3254/6007/1517
f 3274/6092/1523 3730/6790/1523 3728/6788/1523 3273/6090/1523
f 3254/6007/1517 3729/6789/1517 3731/6791/1517 3255/6009/1517
f 3275/6094/1523 3732/6792/1523 3730/6790/1523 3274/6092/1523
f 3255/6009/1517 3731/6791/1517 3733/6793/1517 3256/6011/1517
f 3276/6096/1523 3734/6794/1523 3732/6792/1523 3275/6094/1523
f 3256/6795/1517 3733/6796/1517 3735/6797/1517 3257/6798/1517
f 3277/6799/1523 3736/6800/1523 3734/6801/1523 3276/6802/1523
f 3257/6013/1517 3735/6803/1517 3737/6804/1517 3258/6015/1517
f 3278/6100/1523 3738/6805/1523 3736/6806/1523 3277/6098/1523
f 3258/6015/1517 3737/6804/1517 3739/6807/1517 3259/6017/1517
f 3279/6102/1523 3740/6808/1523 3738/6805/1523 3278/6100/1523
f 3259/6017/1517 3739/6807/1517 3701/6761/1517 3240/5980/1517
f 3260/6063/1523 3704/6764/1523 3740/6808/1523 3279/6102/1523
f 3320/6149/1517 3741/6809/1517 3742/6810/1517 3321/6150/1517
f 3341/6237/1523 3743/6811/1523 3744/6812/1523 3340/6234/1523
f 3321/6150/1517 3742/6810/1517 3745/6813/1517 3322/6152/1517
f 3342/6239/1523 3746/6814/1523 3743/6811/1523 3341/6237/1523
f 3322/6152/1517 3745/6813/1517 3747/6815/1517 3323/6154/1517
f 3343/6241/1523 3748/6816/1523 3746/6814/1523 3342/6239/1523
f 3323/6154/1517 3747/6815/1517 3749/6817/1517 3324/6156/1517
f 3344/6243/1523 3750/6818/1523 3748/6816/1523 3343/6241/1523
f 3324/6156/1517 3749/6817/1517 3751/6819/1517 3325/6158/1517
f 3345/6245/1523 3752/6820/1523 3750/6818/1523 3344/6243/1523
f 3325/6158/1517 3751/6819/1517 3753/6821/1517 3326/6160/1517
f 3346/6247/1523 3754/6822/1523 3752/6820/1523 3345/6245/1523
f 3326/6160/1517 3753/6821/1517 3755/6823/1517 3327/6162/1517
f 3347/6249/1523 3756/6824/1523 3754/6822/1523 3346/6247/1523
f 3327/6162/1517 3755/6823/1517 3757/6825/1517 3328/6164/1517
f 3348/6251/1523 3758/6826/1523 3756/6824/1523 3347/6249/1523
f 3328/6164/1517 3757/6825/1517 3759/6827/1517 3329/6166/1517
f 3349/6253/1523 3760/6828/1523 3758/6826/1523 3348/6251/1523
f 3329/6166/1517 3759/6827/1517 3761/6829/1517 3330/6168/1517
f 3350/6255/1523 3762/6830/1523 3760/6828/1523 3349/6253/1523
f 3330/6168/1517 3761/6829/1517 3763/6831/1517 3331/6170/1517
f 3351/6257/1523 3764/6832/1523 3762/6830/1523 3350/6255/1523
f 3331/6170/1517 3763/6831/1517 3765/6833/1517 3332/6172/1517
f 3352/6259/1523 3766/6834/1523 3764/6832/1523 3351/6257/1523
f 3332/6172/1517 3765/6833/1517 3767/6835/1517 3333/6174/1517
f 3353/6261/1523 3768/6836/1523 3766/6834/1523 3352/6259/1523
f 3333/6174/1517 3767/6835/1517 3769/6837/1517 3334/6176/1517
f 3354/6263/1523 3770/6838/1523 3768/6836/1523 3353/6261/1523
f 3334/6176/1517 3769/6837/1517 3771/6839/1517 3335/6178/1517
f 3355/6265/1523 3772/6840/1523 3770/6838/1523 3354/6263/1523
f 3335/6178/1517 3771/6839/1517 3773/6841/1517 3336/6180/1517
f 3356/6267/1523 3774/6842/1523 3772/6840/1523 3355/6265/1523
f 3336/6843/1517 3773/6844/1517 3775/6845/1517 3337/6846/1517
f 3357/6847/1523 3776/6848/1523 3774/6849/1523 3356/6850/1523
f 3337/6182/1517 3775/6851/1517 3777/6852/1517 3338/6184/1517
f 3358/6271/1523 3778/6853/1523 3776/6854/1523 3357/6269/1523
f 3338/6184/1517 3777/6852/1517 3779/6855/1517 3339/6186/1517
f 3359/6273/1523 3780/6856/1523 3778/6853/1523 3358/6271/1523
f 3339/6186/1517 3779/6855/1517 3741/6809/1517 3320/6149/1517
f 3340/6234/1523 3744/6812/1523 3780/6856/1523 3359/6273/1523
f 3400/6857/2847 3781/6580/2777 3782/6583/2780 3401/6858/2848
f 3401/6858/2848 3782/6583/2780 3783/6585/2782 3402/6859/2849
f 3402/6859/2849 3783/6585/2782 3784/6587/2784 3403/6860/2850
f 3403/6860/2850 3784/6587/2784 3785/6589/2786 3404/6861/2851
f 3404/6861/2851 3785/6589/2786 3786/6591/2788 3405/6862/2852
f 3405/6862/2852 3786/6591/2788 3787/6593/2790 3406/6863/2853
f 3406/6864/2853 3787/6594/2790 3788/6597/2792 3407/6865/2854
f 3407/6865/2854 3788/6597/2792 3789/6599/2794 3408/6866/2855
f 3408/6866/2855 3789/6599/2794 3790/6601/2795 3409/6867/2795
f 3409/6867/2572 3790/6601/2572 3791/6603/2574 3410/6868/2856
f 3410/6868/2856 3791/6603/2574 3792/6605/2576 3411/6869/2857
f 3411/6870/2857 3792/6606/2576 3793/6609/2577 3412/6871/2577
f 3412/6871/2858 3793/6609/2797 3794/6611/2800 3413/6872/2859
f 3413/6872/2859 3794/6611/2800 3795/6613/2802 3414/6873/2860
f 3414/6873/2860 3795/6613/2802 3796/6615/2804 3415/6874/2861
f 3415/6874/2861 3796/6615/2804 3797/6617/2806 3416/6875/2862
f 3416/6875/2862 3797/6617/2806 3798/6619/2808 3417/6876/2863
f 3417/6876/2863 3798/6619/2808 3799/6621/2810 3418/6877/2864
f 3418/6877/2865 3799/6621/2811 3800/6623/2814 3419/6878/2865
f 3419/6879/2866 3800/6624/2815 3781/6580/2818 3400/6857/2866
f 3802/6405/2597 3862/6880/2867 3861/6881/2868 3801/6361/2598
f 3803/6400/2593 3863/6882/2869 3862/6883/2870 3802/6402/2594
f 3804/6398/2588 3864/6884/2871 3863/6882/2872 3803/6400/2590
f 3805/6396/2586 3865/6885/2873 3864/6884/2871 3804/6398/2588
f 3806/6394/2584 3866/6886/2874 3865/6885/2873 3805/6396/2586
f 3807/6392/2582 3867/6887/2875 3866/6886/2874 3806/6394/2584
f 3808/6390/2580 3868/6888/2876 3867/6887/2875 3807/6392/2582
f 3809/6388/2579 3869/6889/2877 3868/6888/2876 3808/6390/2580
f 3810/6387/2575 3870/6890/2576 3869/6889/2577 3809/6388/2577
f 3811/6382/2573 3871/6891/2878 3870/6892/2576 3810/6384/2575
f 3812/6380/2572 3872/6893/2879 3871/6891/2878 3811/6382/2573
f 3813/6378/2569 3873/6894/2880 3872/6893/2571 3812/6380/2571
f 3814/6377/2567 3874/6895/2881 3873/6894/2880 3813/6378/2569
f 3815/6372/2565 3875/6896/2882 3874/6897/2881 3814/6374/2567
f 3816/6370/2563 3876/6898/2883 3875/6896/2882 3815/6372/2565
f 3817/6368/2561 3877/6899/2884 3876/6898/2883 3816/6370/2563
f 3818/6366/2559 3878/6900/2885 3877/6899/2884 3817/6368/2561
f 3819/6364/2557 3879/6901/2886 3878/6900/2885 3818/6366/2559
f 3820/6362/2555 3880/6902/2887 3879/6901/2886 3819/6364/2557
f 3801/6361/2554 3861/6881/2868 3880/6902/2887 3820/6362/2555
f 3822/6625/2816 3580/6903/2888 3561/6904/2889 3821/6581/2817
f 3823/6620/2812 3579/6905/2890 3580/6906/2891 3822/6622/2813
f 3824/6618/2807 3578/6907/2892 3579/6905/2893 3823/6620/2809
f 3825/6616/2805 3577/6908/2894 3578/6907/2892 3824/6618/2807
f 3826/6614/2803 3576/6909/2895 3577/6908/2894 3825/6616/2805
f 3827/6612/2801 3575/6910/2896 3576/6909/2895 3826/6614/2803
f 3828/6610/2799 3574/6911/2897 3575/6910/2896 3827/6612/2801
f 3829/6608/2798 3573/6912/2898 3574/6911/2897 3828/6610/2799
f 3830/6607/2576 3572/6913/2576 3573/6912/2577 3829/6608/2577
f 3831/6602/2796 3571/6914/2899 3572/6915/2576 3830/6604/2576
f 3832/6600/2572 3570/6916/2572 3571/6914/2899 3831/6602/2796
f 3833/6598/2793 3569/6917/2900 3570/6916/2795 3832/6600/2795
f 3834/6596/2791 3568/6918/2901 3569/6917/2900 3833/6598/2793
f 3835/6592/2789 3567/6919/2902 3568/6920/2901 3834/6921/2791
f 3836/6590/2787 3566/6922/2903 3567/6919/2902 3835/6592/2789
f 3837/6588/2785 3565/6923/2904 3566/6922/2903 3836/6590/2787
f 3838/6586/2783 3564/6924/2905 3565/6923/2904 3837/6588/2785
f 3839/6584/2781 3563/6925/2906 3564/6924/2905 3838/6586/2783
f 3840/6582/2779 3562/6926/2907 3563/6925/2906 3839/6584/2781
f 3821/6581/2778 3561/6904/2908 3562/6926/2907 3840/6582/2779
f 3561/6904/2908 3841/6360/2553 3842/6363/2556 3562/6926/2907
f 3562/6926/2907 3842/6363/2556 3843/6365/2558 3563/6925/2906
f 3563/6925/2906 3843/6365/2558 3844/6367/2560 3564/6924/2905
f 3564/6924/2905 3844/6367/2560 3845/6369/2562 3565/6923/2904
f 3565/6923/2904 3845/6369/2562 3846/6371/2564 3566/6922/2903
f 3566/6922/2903 3846/6371/2564 3847/6373/2566 3567/6919/2902
f 3567/6919/2902 3847/6373/2566 3848/6375/2568 3568/6920/2901
f 3568/6918/2901 3848/6376/2568 3849/6379/2570 3569/6917/2900
f 3569/6917/2900 3849/6379/2570 3850/6381/2571 3570/6916/2795
f 3570/6916/2572 3850/6381/2572 3851/6383/2574 3571/6914/2899
f 3571/6914/2899 3851/6383/2574 3852/6385/2576 3572/6915/2576
f 3572/6913/2576 3852/6386/2576 3853/6389/2577 3573/6912/2577
f 3573/6912/2898 3853/6389/2578 3854/6391/2581 3574/6911/2897
f 3574/6911/2897 3854/6391/2581 3855/6393/2583 3575/6910/2896
f 3575/6910/2896 3855/6393/2583 3856/6395/2585 3576/6909/2895
f 3576/6909/2895 3856/6395/2585 3857/6397/2587 3577/6908/2894
f 3577/6908/2894 3857/6397/2587 3858/6399/2589 3578/6907/2892
f 3578/6907/2892 3858/6399/2589 3859/6401/2591 3579/6905/2893
f 3579/6905/2890 3859/6401/2592 3860/6403/2595 3580/6906/2891
f 3580/6903/2888 3860/6404/2596 3841/6360/2599 3561/6904/2889
f 3862/6927/2867 3440/4911/2385 3420/4912/2372 3861/6928/2868
f 3863/6882/2869 3439/4908/2382 3440/6929/2384 3862/6883/2870
f 3864/6884/2871 3438/4906/2379 3439/4908/2381 3863/6882/2872
f 3865/6930/2873 3437/6931/2909 3438/6932/2379 3864/6933/2871
f 3866/6934/2874 3436/6935/2910 3437/6931/2909 3865/6930/2873
f 3867/6936/2875 3435/6937/2911 3436/6935/2910 3866/6934/2874
f 3868/6888/2876 3434/6938/2912 3435/4907/2911 3867/6887/2875
f 3869/6889/2877 3433/6939/2913 3434/6938/2912 3868/6888/2876
f 3870/6890/2576 3432/6940/2576 3433/6939/2577 3869/6889/2577
f 3871/6891/2878 3431/6941/2914 3432/6942/2576 3870/6892/2576
f 3872/6893/2879 3430/6943/2879 3431/6941/2914 3871/6891/2878
f 3873/6894/2880 3429/6944/2915 3430/6943/2571 3872/6893/2571
f 3874/6895/2881 3428/6945/2916 3429/6944/2915 3873/6894/2880
f 3875/6896/2882 3427/6946/2917 3428/6947/2918 3874/6897/2881
f 3876/6898/2883 3426/6948/2919 3427/6946/2917 3875/6896/2882
f 3877/6899/2884 3425/4886/2920 3426/6948/2919 3876/6898/2883
f 3878/6949/2885 3424/6950/2921 3425/6951/2920 3877/6952/2884
f 3879/6953/2886 3423/6954/2375 3424/6950/2921 3878/6949/2885
f 3880/6902/2887 3421/4887/2374 3423/4888/2375 3879/6901/2886
f 3861/6881/2868 3420/4885/2372 3421/4887/2374 3880/6902/2887
f 2681/6955/1523 3882/6956/1523 3881/6957/1523 2680/6958/1523
f 2682/6959/1523 3883/6960/1523 3882/6956/1523 2681/6955/1523
f 2683/6961/1523 3884/6962/1523 3883/6960/1523 2682/6959/1523
f 2684/6963/1523 3885/6964/1523 3884/6962/1523 2683/6961/1523
f 2685/6965/1523 3886/6966/1523 3885/6964/1523 2684/6963/1523
f 2686/6967/1523 3887/6968/1523 3886/6966/1523 2685/6965/1523
f 2687/6969/1523 3888/6970/1523 3887/6968/1523 2686/6967/1523
f 2688/6971/1523 3889/6972/1523 3888/6970/1523 2687/6969/1523
f 2689/6973/1523 3890/6974/1523 3889/6972/1523 2688/6971/1523
f 2690/6975/1523 3891/6976/1523 3890/6974/1523 2689/6973/1523
f 2691/6977/1523 3892/6978/1523 3891/6976/1523 2690/6975/1523
f 2692/6979/1523 3893/6980/1523 3892/6978/1523 2691/6977/1523
f 2693/6981/1523 3894/6982/1523 3893/6980/1523 2692/6979/1523
f 2694/6983/1523 3895/6984/1523 3894/6982/1523 2693/6981/1523
f 2695/6985/1523 3896/6986/1523 3895/6984/1523 2694/6983/1523
f 2696/6987/1523 3897/6988/1523 3896/6986/1523 2695/6985/1523
f 2697/6989/1523 3898/6990/1523 3897/6988/1523 2696/6987/1523
f 2698/6991/1523 3899/6992/1523 3898/6990/1523 2697/6989/1523
f 2699/6993/1523 3900/6994/1523 3899/6992/1523 2698/6991/1523
f 2680/6958/1523 3881/6957/1523 3900/6994/1523 2699/6993/1523
f 3882/6995/1504 3902/6996/1504 3901/6997/1505 3881/6998/1505
f 3883/6999/1503 3903/7000/1503 3902/6996/1504 3882/6995/1504
f 3884/7001/1502 3904/7002/1502 3903/7003/1503 3883/7004/1503
f 3885/7005/1501 3905/7006/1501 3904/7002/1502 3884/7001/1502
f 3886/7007/1500 3906/7008/1500 3905/7006/1501 3885/7005/1501
f 3887/7009/1499 3907/7010/1499 3906/7008/1500 3886/7007/1500
f 3888/7011/1498 3908/7012/1498 3907/7013/1499 3887/7014/1499
f 3889/7015/1497 3909/7016/1497 3908/7012/1498 3888/7011/1498
f 3890/7017/1516 3910/7018/1516 3909/7016/1497 3889/7015/1497
f 3891/7019/1515 3911/7020/1515 3910/7018/1516 3890/7017/1516
f 3892/7021/1514 3912/7022/1514 3911/7020/1515 3891/7019/1515
f 3893/7023/1513 3913/7024/1513 3912/7022/1514 3892/7021/1514
f 3894/7025/1512 3914/7026/1512 3913/7027/1513 3893/7028/1513
f 3895/7029/1511 3915/7030/1511 3914/7026/1512 3894/7025/1512
f 3896/7031/1510 3916/7032/1510 3915/7030/1511 3895/7029/1511
f 3897/7033/1509 3917/7034/1509 3916/7032/1510 3896/7031/1510
f 3898/7035/1508 3918/7036/1508 3917/7037/1509 3897/7038/1509
f 3899/7039/1507 3919/7040/1507 3918/7036/1508 3898/7035/1508
f 3900/7041/1506 3920/7042/1506 3919/7040/1507 3899/7039/1507
f 3881/6998/1505 3901/6997/1505 3920/7042/1506 3900/7041/1506
f 4282/7043/1504 4283/7044/1504 4284/7045/1505 4285/7046/1505
f 4286/7047/1503 4287/7048/1503 4283/7044/1504 4282/7043/1504
f 4288/7049/1502 4289/7050/1502 4287/7051/1503 4286/7052/1503
f 4290/7053/1501 4291/7054/1501 4289/7050/1502 4288/7049/1502
f 4292/7055/1500 4293/7056/1500 4291/7054/1501 4290/7053/1501
f 4294/7057/1499 4295/7058/1499 4293/7056/1500 4292/7055/1500
f 4296/7059/1498 4297/7060/1498 4295/7061/1499 4294/7062/1499
f 4298/7063/1497 4299/7064/1497 4297/7060/1498 4296/7059/1498
f 4300/7065/1516 4301/7066/1516 4299/7064/1497 4298/7063/1497
f 4302/7067/1515 4303/7068/1515 4301/7066/1516 4300/7065/1516
f 4304/7069/1514 4305/7070/1514 4303/7068/1515 4302/7067/1515
f 4306/7071/1513 4307/7072/1513 4305/7070/1514 4304/7069/1514
f 4308/7073/1512 4309/7074/1512 4307/7075/1513 4306/7076/1513
f 4310/7077/1511 4311/7078/1511 4309/7074/1512 4308/7073/1512
f 4312/7079/1510 4313/7080/1510 4311/7078/1511 4310/7077/1511
f 4314/7081/1509 4315/7082/1509 4313/7080/1510 4312/7079/1510
f 4316/7083/1508 4317/7084/1508 4315/7085/1509 4314/7086/1509
f 4318/7087/1507 4319/7088/1507 4317/7084/1508 4316/7083/1508
f 4320/7089/1506 4321/7090/1506 4319/7088/1507 4318/7087/1507
f 4285/7046/1505 4284/7045/1505 4321/7090/1506 4320/7089/1506
f 3922/7091/1504 3942/7092/1504 3941/7093/1505 3921/7094/1505
f 3923/7095/1503 3943/7096/1503 3942/7092/1504 3922/7091/1504
f 3924/7097/1502 3944/7098/1502 3943/7099/1503 3923/7100/1503
f 3925/7101/1501 3945/7102/1501 3944/7098/1502 3924/7097/1502
f 3926/7103/1500 3946/7104/1500 3945/7102/1501 3925/7101/1501
f 3927/7105/1499 3947/7106/1499 3946/7104/1500 3926/7103/1500
f 3928/7107/1498 3948/7108/1498 3947/7109/1499 3927/7110/1499
f 3929/7111/1497 3949/7112/1497 3948/7108/1498 3928/7107/1498
f 3930/7113/1516 3950/7114/1516 3949/7112/1497 3929/7111/1497
f 3931/7115/1515 3951/7116/1515 3950/7114/1516 3930/7113/1516
f 3932/7117/1514 3952/7118/1514 3951/7116/1515 3931/7115/1515
f 3933/7119/1513 3953/7120/1513 3952/7118/1514 3932/7117/1514
f 3934/7121/1512 3954/7122/1512 3953/7123/1513 3933/7124/1513
f 3935/7125/1511 3955/7126/1511 3954/7122/1512 3934/7121/1512
f 3936/7127/1510 3956/7128/1510 3955/7126/1511 3935/7125/1511
f 3937/7129/1509 3957/7130/1509 3956/7128/1510 3936/7127/1510
f 3938/7131/1508 3958/7132/1508 3957/7133/1509 3937/7134/1509
f 3939/7135/1507 3959/7136/1507 3958/7132/1508 3938/7131/1508
f 3940/7137/1506 3960/7138/1506 3959/7136/1507 3939/7135/1507
f 3921/7094/1505 3941/7093/1505 3960/7138/1506 3940/7137/1506
f 3942/7139/2169 3962/7140/2169 3961/7141/2170 3941/7142/2170
f 3943/7143/2168 3963/7144/2168 3962/7140/2169 3942/7139/2169
f 3944/7145/2167 3964/7146/2167 3963/7144/2168 3943/7143/2168
f 3945/7147/2166 3965/7148/2166 3964/7146/2167 3944/7145/2167
f 3946/7149/2165 3966/7150/2165 3965/7148/2166 3945/7147/2166
f 3947/7151/2164 3967/7152/2164 3966/7150/2165 3946/7149/2165
f 3948/7153/2162 3968/7154/2162 3967/7152/2164 3947/7151/2164
f 3949/7155/2163 3969/7156/2163 3968/7154/2162 3948/7153/2162
f 3950/7157/2181 3970/7158/2181 3969/7156/2163 3949/7155/2163
f 3951/7159/2180 3971/7160/2180 3970/7158/2181 3950/7157/2181
f 3952/7161/2179 3972/7162/2179 3971/7160/2180 3951/7159/2180
f 3953/7163/2178 3973/7164/2178 3972/7162/2179 3952/7161/2179
f 3954/7165/2177 3974/7166/2177 3973/7164/2178 3953/7163/2178
f 3955/7167/2176 3975/7168/2176 3974/7166/2177 3954/7165/2177
f 3956/7169/2175 3976/7170/2175 3975/7168/2176 3955/7167/2176
f 3957/7171/2174 3977/7172/2174 3976/7170/2175 3956/7169/2175
f 3958/7173/2173 3978/7174/2173 3977/7172/2174 3957/7171/2174
f 3959/7175/2172 3979/7176/2172 3978/7174/2173 3958/7173/2173
f 3960/7177/2171 3980/7178/2171 3979/7176/2172 3959/7175/2172
f 3941/7142/2170 3961/7141/2170 3980/7178/2171 3960/7177/2171
f 3962/7179/1504 3982/7180/1504 3981/7181/1505 3961/7182/1505
f 3963/7183/1503 3983/7184/1503 3982/7180/1504 3962/7179/1504
f 3964/7185/1502 3984/7186/1502 3983/7187/1503 3963/7188/1503
f 3965/7189/1501 3985/7190/1501 3984/7186/1502 3964/7185/1502
f 3966/7191/1500 3986/7192/1500 3985/7190/1501 3965/7189/1501
f 3967/7193/1499 3987/7194/1499 3986/7192/1500 3966/7191/1500
f 3968/7195/1498 3988/7196/1498 3987/7197/1499 3967/7198/1499
f 3969/7199/1497 3989/7200/1497 3988/7196/1498 3968/7195/1498
f 3970/7201/1516 3990/7202/1516 3989/7200/1497 3969/7199/1497
f 3971/7203/1515 3991/7204/1515 3990/7202/1516 3970/7201/1516
f 3972/7205/1514 3992/7206/1514 3991/7204/1515 3971/7203/1515
f 3973/7207/1513 3993/7208/1513 3992/7206/1514 3972/7205/1514
f 3974/7209/1512 3994/7210/1512 3993/7211/1513 3973/7212/1513
f 3975/7213/1511 3995/7214/1511 3994/7210/1512 3974/7209/1512
f 3976/7215/1510 3996/7216/1510 3995/7214/1511 3975/7213/1511
f 3977/7217/1509 3997/7218/1509 3996/7216/1510 3976/7215/1510
f 3978/7219/1508 3998/7220/1508 3997/7221/1509 3977/7222/1509
f 3979/7223/1507 3999/7224/1507 3998/7220/1508 3978/7219/1508
f 3980/7225/1506 4000/7226/1506 3999/7224/1507 3979/7223/1507
f 3961/7182/1505 3981/7181/1505 4000/7226/1506 3980/7225/1506
f 3982/7227/1523 4002/7228/1523 4001/7229/1523 3981/7230/1523
f 3983/7231/1523 4003/7232/1523 4002/7228/1523 3982/7227/1523
f 3984/7233/1523 4004/7234/1523 4003/7232/1523 3983/7231/1523
f 3985/7235/1523 4005/7236/1523 4004/7234/1523 3984/7233/1523
f 3986/7237/1523 4006/7238/1523 4005/7236/1523 3985/7235/1523
f 3987/7239/1523 4007/7240/1523 4006/7238/1523 3986/7237/1523
f 3988/7241/1523 4008/7242/1523 4007/7240/1523 3987/7239/1523
f 3989/7243/1523 4009/7244/1523 4008/7242/1523 3988/7241/1523
f 3990/7245/1523 4010/7246/1523 4009/7244/1523 3989/7243/1523
f 3991/7247/1523 4011/7248/1523 4010/7246/1523 3990/7245/1523
f 3992/7249/1523 4012/7250/1523 4011/7248/1523 3991/7247/1523
f 3993/7251/1523 4013/7252/1523 4012/7250/1523 3992/7249/1523
f 3994/7253/1523 4014/7254/1523 4013/7252/1523 3993/7251/1523
f 3995/7255/1523 4015/7256/1523 4014/7254/1523 3994/7253/1523
f 3996/7257/1523 4016/7258/1523 4015/7256/1523 3995/7255/1523
f 3997/7259/1523 4017/7260/1523 4016/7258/1523 3996/7257/1523
f 3998/7261/1523 4018/7262/1523 4017/7260/1523 3997/7259/1523
f 3999/7263/1523 4019/7264/1523 4018/7262/1523 3998/7261/1523
f 4000/7265/1523 4020/7266/1523 4019/7264/1523 3999/7263/1523
f 3981/7230/1523 4001/7229/1523 4020/7266/1523 4000/7265/1523
f 4002/7267/1504 4022/7268/2922 4021/7269/2923 4001/7270/1505
f 4003/7271/1503 4023/7272/2924 4022/7268/2922 4002/7267/1504
f 4004/7273/1502 4024/7274/2925 4023/7275/2924 4003/7276/1503
f 4005/7277/1501 4025/7278/2926 4024/7274/2925 4004/7273/1502
f 4006/7279/1500 4026/7280/2927 4025/7278/2926 4005/7277/1501
f 4007/7281/1499 4027/7282/2928 4026/7280/2927 4006/7279/1500
f 4008/7283/1498 4028/7284/2929 4027/7285/2928 4007/7286/1499
f 4009/7287/1497 4029/7288/2930 4028/7284/2929 4008/7283/1498
f 4010/7289/1516 4030/7290/2931 4029/7288/2930 4009/7287/1497
f 4011/7291/1515 4031/7292/2932 4030/7290/2931 4010/7289/1516
f 4012/7293/1514 4032/7294/2933 4031/7292/2932 4011/7291/1515
f 4013/7295/1513 4033/7296/2934 4032/7294/2933 4012/7293/1514
f 4014/7297/1512 4034/7298/2935 4033/7299/2934 4013/7300/1513
f 4015/7301/1511 4035/7302/2936 4034/7298/2935 4014/7297/1512
f 4016/7303/1510 4036/7304/2937 4035/7302/2936 4015/7301/1511
f 4017/7305/1509 4037/7306/2938 4036/7304/2937 4016/7303/1510
f 4018/7307/1508 4038/7308/2939 4037/7309/2938 4017/7310/1509
f 4019/7311/1507 4039/7312/2940 4038/7308/2939 4018/7307/1508
f 4020/7313/1506 4040/7314/2941 4039/7312/2940 4019/7311/1507
f 4001/7270/1505 4021/7269/2923 4040/7314/2941 4020/7313/1506
f 4103/7315/2942 4105/7316/2942 4104/7317/2942 4102/7318/2942
f 4023/7272/2924 4043/7319/2943 4042/7320/2943 4022/7268/2922
f 4109/7321/2944 4111/7322/2944 4110/7323/2944 4108/7324/2944
f 4025/7278/2926 4045/7325/2945 4044/7326/2945 4024/7274/2925
f 4115/7327/2946 4117/7328/2946 4116/7329/2946 4114/7330/2946
f 4027/7282/2928 4047/7331/2947 4046/7332/2947 4026/7280/2927
f 4121/7333/2948 4123/7334/2948 4122/7335/2948 4120/7336/2948
f 4029/7288/2930 4049/7337/2949 4048/7338/2949 4028/7284/2929
f 4127/7339/2950 4129/7340/2950 4128/7341/2950 4126/7342/2950
f 4031/7292/2932 4051/7343/2951 4050/7344/2951 4030/7290/2931
f 4133/7345/2952 4135/7346/2952 4134/7347/2952 4132/7348/2952
f 4033/7296/2934 4053/7349/2953 4052/7350/2953 4032/7294/2933
f 4139/7351/2954 4141/7352/2954 4140/7353/2954 4138/7354/2954
f 4035/7302/2936 4055/7355/2955 4054/7356/2955 4034/7298/2935
f 4145/7357/2956 4147/7358/2956 4146/7359/2956 4144/7360/2956
f 4037/7306/2938 4057/7361/2957 4056/7362/2957 4036/7304/2937
f 4151/7363/2958 4153/7364/2958 4152/7365/2958 4150/7366/2958
f 4039/7312/2940 4059/7367/2959 4058/7368/2959 4038/7308/2939
f 4157/7369/2960 4159/7370/2960 4158/7371/2960 4156/7372/2960
f 4021/7269/2923 4041/7373/2961 4060/7374/2961 4040/7314/2941
f 4105/7375/2962 4107/7376/2962 4106/7377/2962 4104/7378/2962
f 4043/7379/1517 4063/7380/1517 4062/7381/1517 4042/7382/1517
f 4111/7383/2963 4113/7384/2963 4112/7385/2963 4110/7386/2963
f 4045/7387/1517 4065/7388/1517 4064/7389/1517 4044/7390/1517
f 4117/7391/2964 4119/7392/2964 4118/7393/2964 4116/7394/2964
f 4047/7395/1517 4067/7396/1517 4066/7397/1517 4046/7398/1517
f 4123/7399/2965 4125/7400/2965 4124/7401/2965 4122/7402/2965
f 4049/7403/1517 4069/7404/1517 4068/7405/1517 4048/7406/1517
f 4129/7407/2966 4131/7408/2966 4130/7409/2966 4128/7410/2966
f 4051/7411/1517 4071/7412/1517 4070/7413/1517 4050/7414/1517
f 4135/7415/2967 4137/7416/2967 4136/7417/2967 4134/7418/2967
f 4053/7419/1517 4073/7420/1517 4072/7421/1517 4052/7422/1517
f 4141/7423/2968 4143/7424/2968 4142/7425/2968 4140/7426/2968
f 4055/7427/1517 4075/7428/1517 4074/7429/1517 4054/7430/1517
f 4147/7431/2969 4149/7432/2969 4148/7433/2969 4146/7434/2969
f 4057/7435/1517 4077/7436/1517 4076/7437/1517 4056/7438/1517
f 4153/7439/2970 4155/7440/2970 4154/7441/2970 4152/7442/2970
f 4059/7443/1517 4079/7444/1517 4078/7445/1517 4058/7446/1517
f 4159/7447/2971 4161/7448/2971 4160/7449/2971 4158/7450/2971
f 4041/7451/1517 4061/7452/1517 4080/7453/1517 4060/7454/1517
f 4062/7455/2972 4082/7456/2247 4081/7457/2249 4061/7458/2973
f 4063/7459/2974 4084/7460/2245 4082/7456/2247 4062/7455/2972
f 4064/7461/2975 4085/7462/2243 4084/7463/2245 4063/7464/2974
f 4065/7465/2976 4086/7466/2241 4085/7462/2243 4064/7461/2975
f 4066/7467/2977 4087/7468/2239 4086/7466/2241 4065/7465/2976
f 4067/7469/2978 4088/7470/2237 4087/7468/2239 4066/7467/2977
f 4068/7471/2979 4089/7472/2235 4088/7473/2237 4067/7474/2978
f 4069/7475/2980 4090/7476/2234 4089/7472/2235 4068/7471/2979
f 4070/7477/2981 4091/7478/2271 4090/7476/2234 4069/7475/2980
f 4071/7479/2982 4092/7480/2269 4091/7478/2271 4070/7477/2981
f 4072/7481/2983 4093/7482/2267 4092/7480/2269 4071/7479/2982
f 4073/7483/2984 4094/7484/2265 4093/7482/2267 4072/7481/2983
f 4074/7485/2985 4095/7486/2263 4094/7487/2265 4073/7488/2984
f 4075/7489/2986 4096/7490/2261 4095/7486/2263 4074/7485/2985
f 4076/7491/2987 4097/7492/2259 4096/7490/2261 4075/7489/2986
f 4077/7493/2988 4098/7494/2257 4097/7492/2259 4076/7491/2987
f 4078/7495/2989 4099/7496/2255 4098/7497/2257 4077/7498/2988
f 4079/7499/2990 4100/7500/2253 4099/7496/2255 4078/7495/2989
f 4080/7501/2991 4101/7502/2251 4100/7500/2253 4079/7499/2990
f 4061/7458/2973 4081/7457/2249 4101/7502/2251 4080/7501/2991
f 4022/7503/2992 4103/7504/2992 4102/7505/2992 4021/7506/2992
f 4021/7507/2993 4102/7508/2993 4104/7509/2994 4041/7510/2995
f 4042/7511/2996 4105/7512/2997 4103/7513/2998 4022/7514/2998
f 4041/7510/2995 4104/7509/2994 4106/7515/2999 4061/7516/2999
f 4061/7458/2973 4106/7517/3000 4107/7518/3000 4062/7455/2972
f 4062/7455/3001 4107/7518/3001 4105/7519/2997 4042/7520/2996
f 4024/7521/3002 4109/7522/3002 4108/7523/3002 4023/7524/3002
f 4023/7272/3003 4108/7525/3003 4110/7526/3004 4043/7319/3005
f 4044/7527/3006 4111/7528/3007 4109/7529/3008 4024/7530/3008
f 4043/7319/3005 4110/7526/3004 4112/7531/3009 4063/7532/3009
f 4063/7464/2974 4112/7533/3010 4113/7534/3010 4064/7461/2975
f 4064/7535/3011 4113/7536/3011 4111/7528/3007 4044/7527/3006
f 4026/7537/3012 4115/7538/3012 4114/7539/3012 4025/7540/3012
f 4025/7541/3013 4114/7542/3013 4116/7543/3014 4045/7544/3015
f 4046/7545/3016 4117/7546/3017 4115/7547/3018 4026/7548/3018
f 4045/7544/3015 4116/7543/3014 4118/7549/3019 4065/7550/3019
f 4065/7465/2976 4118/7551/3020 4119/7552/3020 4066/7467/2977
f 4066/7553/3021 4119/7554/3021 4117/7546/3017 4046/7545/3016
f 4028/7555/3022 4121/7556/3022 4120/7557/3022 4027/7558/3022
f 4027/7559/3023 4120/7560/3023 4122/7561/3024 4047/7562/3025
f 4048/7338/3026 4123/7334/3027 4121/7333/3028 4028/7284/3028
f 4047/7562/3025 4122/7561/3024 4124/7563/3029 4067/7474/3029
f 4067/7474/2978 4124/7563/3030 4125/7564/3030 4068/7471/2979
f 4068/7565/3031 4125/7566/3031 4123/7334/3027 4048/7338/3026
f 4030/7567/3032 4127/7568/3032 4126/7569/3032 4029/7570/3032
f 4029/7571/3033 4126/7572/3033 4128/7573/3034 4049/7574/3035
f 4050/7575/3036 4129/7576/3037 4127/7577/3038 4030/7578/3038
f 4049/7574/3035 4128/7573/3034 4130/7579/3039 4069/7580/3039
f 4069/7475/2980 4130/7581/3040 4131/7582/3040 4070/7477/2981
f 4070/7583/3041 4131/7584/3041 4129/7576/3037 4050/7575/3036
f 4032/7585/3042 4133/7586/3042 4132/7587/3042 4031/7588/3042
f 4031/7589/3043 4132/7590/3043 4134/7591/3044 4051/7592/3045
f 4052/7593/3046 4135/7594/3047 4133/7595/3048 4032/7596/3048
f 4051/7592/3045 4134/7591/3044 4136/7597/3049 4071/7598/3049
f 4071/7479/2982 4136/7599/3050 4137/7600/3050 4072/7481/2983
f 4072/7481/3051 4137/7600/3051 4135/7601/3047 4052/7602/3046
f 4034/7603/3052 4139/7604/3052 4138/7605/3052 4033/7606/3052
f 4033/7296/3053 4138/7607/3053 4140/7608/3054 4053/7349/3055
f 4054/7609/3056 4141/7610/3057 4139/7611/3058 4034/7612/3058
f 4053/7349/3055 4140/7608/3054 4142/7613/3059 4073/7614/3059
f 4073/7488/2984 4142/7615/3060 4143/7616/3060 4074/7485/2985
f 4074/7617/3061 4143/7618/3061 4141/7610/3057 4054/7609/3056
f 4036/7619/3062 4145/7620/3062 4144/7621/3062 4035/7622/3062
f 4035/7623/3063 4144/7624/3063 4146/7625/3064 4055/7626/3065
f 4056/7627/3066 4147/7628/3067 4145/7629/3068 4036/7630/3068
f 4055/7626/3065 4146/7625/3064 4148/7631/3069 4075/7632/3069
f 4075/7489/2986 4148/7633/3070 4149/7634/3070 4076/7491/2987
f 4076/7635/3071 4149/7636/3071 4147/7628/3067 4056/7627/3066
f 4038/7637/3072 4151/7638/3072 4150/7639/3072 4037/7640/3072
f 4037/7641/3073 4150/7642/3073 4152/7643/3074 4057/7644/3075
f 4058/7368/3076 4153/7364/3077 4151/7363/3078 4038/7308/3078
f 4057/7644/3075 4152/7643/3074 4154/7645/3079 4077/7498/3079
f 4077/7498/2988 4154/7645/3080 4155/7646/3080 4078/7495/2989
f 4078/7647/3081 4155/7648/3081 4153/7364/3077 4058/7368/3076
f 4040/7649/3082 4157/7650/3082 4156/7651/3082 4039/7652/3082
f 4039/7653/3083 4156/7654/3083 4158/7655/3084 4059/7656/3085
f 4060/7657/3086 4159/7658/3087 4157/7659/3088 4040/7660/3088
f 4059/7656/3085 4158/7655/3084 4160/7661/3089 4079/7662/3089
f 4079/7499/2990 4160/7663/3090 4161/7664/3090 4080/7501/2991
f 4080/7665/3091 4161/7666/3091 4159/7658/3087 4060/7657/3086
f 2420/7667/3092 2419/7668/3093 4162/7669/3094 4163/7670/3095
f 2439/7671/3096 2440/7672/3097 4165/7673/3098 4164/7674/3099
f 2421/7675/3100 2420/7667/3092 4163/7670/3095 4166/7676/3101
f 2440/7672/3097 2441/7677/3102 4167/7678/3103 4165/7673/3098
f 2422/7679/3104 2421/7675/3100 4166/7676/3101 4168/7680/3105
f 2441/7677/3102 2442/7681/3106 4169/7682/3107 4167/7678/3103
f 2423/7683/3108 2422/7679/3104 4168/7680/3105 4170/7684/3109
f 2442/7681/3106 2443/7685/3110 4171/7686/3111 4169/7682/3107
f 2424/7687/3112 2423/7683/3108 4170/7684/3109 4172/7688/3113
f 2443/7685/3110 2444/7689/3114 4173/7690/3115 4171/7686/3111
f 2425/7691/3116 2424/7687/3112 4172/7688/3113 4174/7692/3117
f 2444/7689/3114 2445/7693/3118 4175/7694/3119 4173/7690/3115
f 2426/7695/3120 2425/7691/3116 4174/7692/3117 4176/7696/3121
f 2445/7693/3118 2446/7697/3122 4177/7698/3123 4175/7694/3119
f 2427/7699/3124 2426/7695/3120 4176/7696/3121 4178/7700/3125
f 2446/7697/3122 2447/7701/3126 4179/7702/3127 4177/7698/3123
f 2428/7703/3128 2427/7699/3124 4178/7700/3125 4180/7704/3129
f 2447/7701/3126 2448/7705/3130 4181/7706/3131 4179/7702/3127
f 2429/7707/3132 2428/7703/3128 4180/7704/3129 4182/7708/3133
f 2448/7705/3130 2449/7709/3134 4183/7710/3135 4181/7706/3131
f 2430/7711/3136 2429/7707/3132 4182/7708/3133 4184/7712/3137
f 2449/7709/3134 2450/7713/3138 4185/7714/3139 4183/7710/3135
f 2431/7715/3140 2430/7711/3136 4184/7712/3137 4186/7716/3141
f 2450/7713/3138 2451/7717/3142 4187/7718/3143 4185/7714/3139
f 2432/7719/3144 2431/7715/3140 4186/7716/3141 4188/7720/3145
f 2451/7717/3142 2452/7721/3146 4189/7722/3147 4187/7718/3143
f 2433/7723/3148 2432/7719/3144 4188/7720/3145 4190/7724/3149
f 2452/7721/3146 2453/7725/3150 4191/7726/3151 4189/7722/3147
f 2434/7727/3152 2433/7723/3148 4190/7724/3149 4192/7728/3153
f 2453/7725/3150 2454/7729/3154 4193/7730/3155 4191/7726/3151
f 2435/7731/3156 2434/7727/3152 4192/7728/3153 4194/7732/3157
f 2454/7729/3154 2455/7733/3158 4195/7734/3159 4193/7730/3155
f 2436/7735/3160 2435/7731/3156 4194/7732/3157 4196/7736/3161
f 2455/7733/3158 2456/7737/3162 4197/7738/3163 4195/7734/3159
f 2437/7739/3164 2436/7735/3160 4196/7736/3161 4198/7740/3165
f 2456/7737/3162 2457/7741/3166 4199/7742/3167 4197/7738/3163
f 2438/7743/3168 2437/7739/3164 4198/7740/3165 4200/7744/3169
f 2457/7741/3166 2458/7745/3170 4201/7746/3171 4199/7742/3167
f 2419/7668/3093 2438/7743/3168 4200/7744/3169 4162/7669/3094
f 2458/7745/3170 2439/7671/3096 4164/7674/3099 4201/7746/3171
f 3922/7747/3122 3921/7748/3126 4204/7749/3127 4203/7750/3123
f 3901/7751/3124 3902/7752/3120 4202/7753/3121 4205/7754/3125
f 3923/7755/3118 3922/7747/3122 4203/7750/3123 4207/7756/3119
f 3902/7752/3120 3903/7757/3116 4206/7758/3117 4202/7753/3121
f 3924/7759/3114 3923/7755/3118 4207/7756/3119 4209/7760/3115
f 3903/7757/3116 3904/7761/3112 4208/7762/3113 4206/7758/3117
f 3925/7763/3110 3924/7759/3114 4209/7760/3115 4211/7764/3111
f 3904/7761/3112 3905/7765/3108 4210/7766/3109 4208/7762/3113
f 3926/7767/3106 3925/7763/3110 4211/7764/3111 4213/7768/3107
f 3905/7765/3108 3906/7769/3104 4212/7770/3105 4210/7766/3109
f 3927/7771/3102 3926/7767/3106 4213/7768/3107 4215/7772/3103
f 3906/7769/3104 3907/7773/3100 4214/7774/3101 4212/7770/3105
f 3928/7775/3097 3927/7771/3102 4215/7772/3103 4217/7776/3098
f 3907/7773/3100 3908/7777/3092 4216/7778/3095 4214/7774/3101
f 3929/7779/3096 3928/7775/3097 4217/7776/3098 4219/7780/3099
f 3908/7777/3092 3909/7781/3093 4218/7782/3094 4216/7778/3095
f 3930/7783/3170 3929/7779/3096 4219/7780/3099 4221/7784/3171
f 3909/7781/3093 3910/7785/3168 4220/7786/3169 4218/7782/3094
f 3931/7787/3166 3930/7783/3170 4221/7784/3171 4223/7788/3167
f 3910/7785/3168 3911/7789/3164 4222/7790/3165 4220/7786/3169
f 3932/7791/3162 3931/7787/3166 4223/7788/3167 4225/7792/3163
f 3911/7789/3164 3912/7793/3160 4224/7794/3161 4222/7790/3165
f 3933/7795/3158 3932/7791/3162 4225/7792/3163 4227/7796/3159
f 3912/7793/3160 3913/7797/3156 4226/7798/3157 4224/7794/3161
f 3934/7799/3154 3933/7795/3158 4227/7796/3159 4229/7800/3155
f 3913/7797/3156 3914/7801/3152 4228/7802/3153 4226/7798/3157
f 3935/7803/3150 3934/7799/3154 4229/7800/3155 4231/7804/3151
f 3914/7801/3152 3915/7805/3148 4230/7806/3149 4228/7802/3153
f 3936/7807/3146 3935/7803/3150 4231/7804/3151 4233/7808/3147
f 3915/7805/3148 3916/7809/3144 4232/7810/3145 4230/7806/3149
f 3937/7811/3142 3936/7807/3146 4233/7808/3147 4235/7812/3143
f 3916/7809/3144 3917/7813/3140 4234/7814/3141 4232/7810/3145
f 3938/7815/3138 3937/7811/3142 4235/7812/3143 4237/7816/3139
f 3917/7813/3140 3918/7817/3136 4236/7818/3137 4234/7814/3141
f 3939/7819/3134 3938/7815/3138 4237/7816/3139 4239/7820/3135
f 3918/7817/3136 3919/7821/3132 4238/7822/3133 4236/7818/3137
f 3940/7823/3130 3939/7819/3134 4239/7820/3135 4241/7824/3131
f 3919/7821/3132 3920/7825/3128 4240/7826/3129 4238/7822/3133
f 3921/7748/3126 3940/7823/3130 4241/7824/3131 4204/7749/3127
f 3920/7825/3128 3901/7751/3124 4205/7754/3125 4240/7826/3129
f 4163/7827/3095 4162/7828/3094 4242/4193/3172 4243/4192/3173
f 4164/7829/3099 4165/7830/3098 4245/4195/3174 4244/4194/3175
f 4166/7676/3101 4163/7670/3095 4243/7831/3173 4246/7832/3176
f 4165/7673/3098 4167/7678/3103 4247/7833/3177 4245/7834/3174
f 4168/7835/3105 4166/7836/3101 4246/4199/3176 4248/4198/3178
f 4167/7837/3103 4169/7838/3107 4249/4201/3179 4247/4200/3177
f 4170/7839/3109 4168/7835/3105 4248/4198/3178 4250/4202/3180
f 4169/7838/3107 4171/7840/3111 4251/4203/3181 4249/4201/3179
f 4172/7841/3113 4170/7839/3109 4250/4202/3180 4252/4204/3182
f 4171/7840/3111 4173/7842/3115 4253/4205/3183 4251/4203/3181
f 4174/7843/3117 4172/7841/3113 4252/4204/3182 4254/4206/3184
f 4173/7842/3115 4175/7844/3119 4255/4207/3185 4253/4205/3183
f 4176/7696/3121 4174/7692/3117 4254/7845/3184 4256/7846/3186
f 4175/7694/3119 4177/7698/3123 4257/7847/3187 4255/7848/3185
f 4178/7849/3125 4176/7850/3121 4256/4208/3186 4258/4212/3188
f 4177/7851/3123 4179/7852/3127 4259/4213/3189 4257/4211/3187
f 4180/7853/3129 4178/7849/3125 4258/4212/3188 4260/4214/3190
f 4179/7852/3127 4181/7854/3131 4261/4215/3191 4259/4213/3189
f 4182/7855/3133 4180/7853/3129 4260/4214/3190 4262/4216/3192
f 4181/7854/3131 4183/7856/3135 4263/4217/3193 4261/4215/3191
f 4184/7857/3137 4182/7855/3133 4262/4216/3192 4264/4218/3194
f 4183/7856/3135 4185/7858/3139 4265/4219/3195 4263/4217/3193
f 4186/7716/3141 4184/7712/3137 4264/7859/3194 4266/7860/3196
f 4185/7714/3139 4187/7718/3143 4267/7861/3197 4265/7862/3195
f 4188/7863/3145 4186/7864/3141 4266/4223/3196 4268/4222/3198
f 4187/7865/3143 4189/7866/3147 4269/4225/3199 4267/4224/3197
f 4190/7867/3149 4188/7863/3145 4268/4222/3198 4270/4226/3200
f 4189/7866/3147 4191/7868/3151 4271/4227/3201 4269/4225/3199
f 4192/7869/3153 4190/7867/3149 4270/4226/3200 4272/4228/3202
f 4191/7868/3151 4193/7870/3155 4273/4229/3203 4271/4227/3201
f 4194/7871/3157 4192/7869/3153 4272/4228/3202 4274/4230/3204
f 4193/7870/3155 4195/7872/3159 4275/4231/3205 4273/4229/3203
f 4196/7736/3161 4194/7732/3157 4274/7873/3204 4276/7874/3206
f 4195/7734/3159 4197/7738/3163 4277/7875/3207 4275/7876/3205
f 4198/7877/3165 4196/7878/3161 4276/4232/3206 4278/4236/3208
f 4197/7879/3163 4199/7880/3167 4279/4237/3209 4277/4235/3207
f 4200/7881/3169 4198/7877/3165 4278/4236/3208 4280/4238/3210
f 4199/7880/3167 4201/7882/3171 4281/4239/3211 4279/4237/3209
f 4162/7828/3094 4200/7881/3169 4280/4238/3210 4242/4193/3172
f 4201/7882/3171 4164/7829/3099 4244/4194/3175 4281/4239/3211
f 4203/7883/3123 4204/7884/3127 4284/7045/3189 4283/7044/3187
f 4205/7885/3125 4202/7886/3121 4282/7043/3186 4285/7046/3188
f 4207/7756/3119 4203/7750/3123 4283/7887/3187 4287/7888/3185
f 4202/7753/3121 4206/7758/3117 4286/7889/3184 4282/7890/3186
f 4209/7891/3115 4207/7892/3119 4287/7051/3185 4289/7050/3183
f 4206/7893/3117 4208/7894/3113 4288/7049/3182 4286/7052/3184
f 4211/7895/3111 4209/7891/3115 4289/7050/3183 4291/7054/3181
f 4208/7894/3113 4210/7896/3109 4290/7053/3180 4288/7049/3182
f 4213/7897/3107 4211/7895/3111 4291/7054/3181 4293/7056/3179
f 4210/7896/3109 4212/7898/3105 4292/7055/3178 4290/7053/3180
f 4215/7899/3103 4213/7897/3107 4293/7056/3179 4295/7058/3177
f 4212/7898/3105 4214/7900/3101 4294/7057/3176 4292/7055/3178
f 4217/7776/3098 4215/7772/3103 4295/7901/3177 4297/7902/3174
f 4214/7774/3101 4216/7778/3095 4296/7903/3173 4294/7904/3176
f 4219/7905/3099 4217/7906/3098 4297/7060/3174 4299/7064/3175
f 4216/7907/3095 4218/7908/3094 4298/7063/3172 4296/7059/3173
f 4221/7909/3171 4219/7905/3099 4299/7064/3175 4301/7066/3211
f 4218/7908/3094 4220/7910/3169 4300/7065/3210 4298/7063/3172
f 4223/7911/3167 4221/7909/3171 4301/7066/3211 4303/7068/3209
f 4220/7910/3169 4222/7912/3165 4302/7067/3208 4300/7065/3210
f 4225/7913/3163 4223/7911/3167 4303/7068/3209 4305/7070/3207
f 4222/7912/3165 4224/7914/3161 4304/7069/3206 4302/7067/3208
f 4227/7796/3159 4225/7792/3163 4305/7915/3207 4307/7916/3205
f 4224/7794/3161 4226/7798/3157 4306/7917/3204 4304/7918/3206
f 4229/7919/3155 4227/7920/3159 4307/7075/3205 4309/7074/3203
f 4226/7921/3157 4228/7922/3153 4308/7073/3202 4306/7076/3204
f 4231/7923/3151 4229/7919/3155 4309/7074/3203 4311/7078/3201
f 4228/7922/3153 4230/7924/3149 4310/7077/3200 4308/7073/3202
f 4233/7925/3147 4231/7923/3151 4311/7078/3201 4313/7080/3199
f 4230/7924/3149 4232/7926/3145 4312/7079/3198 4310/7077/3200
f 4235/7927/3143 4233/7925/3147 4313/7080/3199 4315/7082/3197
f 4232/7926/3145 4234/7928/3141 4314/7081/3196 4312/7079/3198
f 4237/7816/3139 4235/7812/3143 4315/7929/3197 4317/7930/3195
f 4234/7814/3141 4236/7818/3137 4316/7931/3194 4314/7932/3196
f 4239/7933/3135 4237/7934/3139 4317/7084/3195 4319/7088/3193
f 4236/7935/3137 4238/7936/3133 4318/7087/3192 4316/7083/3194
f 4241/7937/3131 4239/7933/3135 4319/7088/3193 4321/7090/3191
f 4238/7936/3133 4240/7938/3129 4320/7089/3190 4318/7087/3192
f 4204/7884/3127 4241/7937/3131 4321/7090/3191 4284/7045/3189
f 4240/7938/3129 4205/7885/3125 4285/7046/3188 4320/7089/3190
o pCylinder3
v 0.009243 0.006039 0.004064
v 0.009395 0.006577 0.004064
v 0.009836 0.007443 0.004064
v 0.010523 0.008130 0.004064
v 0.011389 0.008571 0.004064
v 0.012349 0.008723 0.004064
v 0.013309 0.008571 0.004064
v 0.014175 0.008130 0.004064
v 0.014862 0.007443 0.004064
v 0.015303 0.006577 0.004064
v 0.015455 0.006039 0.004064
v 0.008378 0.006148 0.001403
v 0.008572 0.006836 0.001403
v 0.009136 0.007943 0.001403
v 0.010015 0.008822 0.001403
v 0.011122 0.009386 0.001403
v 0.012349 0.009580 0.001403
v 0.013576 0.009386 0.001403
v 0.014683 0.008822 0.001403
v 0.015561 0.007943 0.001403
v 0.016125 0.006836 0.001403
v 0.016320 0.006148 0.001403
v 0.008623 0.006039 0.004064
v 0.007586 0.006148 0.001403
v 0.008806 0.006769 0.004064
v 0.007819 0.007081 0.001403
v 0.009335 0.007807 0.004064
v 0.008496 0.008409 0.001403
v 0.010159 0.008631 0.004064
v 0.009549 0.009463 0.001403
v 0.011198 0.009161 0.004064
v 0.010877 0.010139 0.001403
v 0.012349 0.009343 0.004064
v 0.012349 0.010372 0.001403
v 0.013500 0.009161 0.004064
v 0.013821 0.010139 0.001403
v 0.014539 0.008631 0.004064
v 0.015148 0.009463 0.001403
v 0.015363 0.007807 0.004064
v 0.016202 0.008409 0.001403
v 0.015892 0.006769 0.004064
v 0.016879 0.007081 0.001403
v 0.016074 0.006039 0.004064
v 0.017112 0.006148 0.001403
v 0.016074 0.005582 0.004064
v 0.017112 0.005565 0.001403
v 0.015455 0.005582 0.004064
v 0.016320 0.005565 0.001403
v 0.008623 0.005582 0.004064
v 0.007586 0.005565 0.001403
v 0.008378 0.005565 0.001403
v 0.009243 0.005582 0.004064
v 0.016320 0.006148 -0.000835
v 0.017112 0.006148 -0.000835
v 0.017112 0.005565 -0.000835
v 0.016320 0.005565 -0.000835
v 0.008378 0.006148 -0.000835
v 0.007586 0.006148 -0.000835
v 0.008378 0.005565 -0.000835
v 0.007586 0.005565 -0.000835
v 0.016320 0.006885 -0.001951
v 0.017112 0.006885 -0.001951
v 0.017112 0.006302 -0.001951
v 0.016320 0.006302 -0.001951
v 0.008378 0.006885 -0.001951
v 0.007586 0.006885 -0.001951
v 0.008378 0.006302 -0.001951
v 0.007586 0.006302 -0.001951
v 0.016320 0.006885 -0.003304
v 0.017112 0.006885 -0.003304
v 0.017112 0.006302 -0.003304
v 0.016320 0.006302 -0.003304
v 0.008378 0.006885 -0.003304
v 0.007586 0.006885 -0.003304
v 0.008378 0.006302 -0.003304
v 0.007586 0.006302 -0.003304
vn -0.9203 0.1418 0.3647
vn -0.8645 0.3490 0.3616
vn -0.8654 0.3468 0.3617
vn -0.9554 0.1065 0.2755
vn -0.7541 0.5481 0.3619
vn -0.7543 0.5478 0.3619
vn -0.5479 0.7545 0.3613
vn -0.5482 0.7543 0.3613
vn -0.2881 0.8870 0.3610
vn -0.2883 0.8869 0.3610
vn -0.0000 0.9326 0.3609
vn 0.2881 0.8870 0.3610
vn 0.2883 0.8869 0.3610
vn 0.5479 0.7545 0.3613
vn 0.5482 0.7543 0.3613
vn 0.7541 0.5481 0.3619
vn 0.7543 0.5478 0.3619
vn 0.8645 0.3490 0.3616
vn 0.8654 0.3468 0.3617
vn 0.9203 0.1418 0.3647
vn 0.9554 0.1065 0.2755
vn -0.0000 -0.0000 1.0000
vn -0.0000 -0.0000 -1.0000
vn 0.7696 -0.5595 -0.3077
vn 0.8763 -0.3713 -0.3069
vn 0.8771 -0.3692 -0.3072
vn 0.7699 -0.5591 -0.3077
vn 0.5593 -0.7700 -0.3071
vn 0.5595 -0.7698 -0.3071
vn 0.2940 -0.9053 -0.3067
vn 0.2942 -0.9052 -0.3067
vn 0.9394 -0.1438 -0.3113
vn 0.9696 -0.1023 -0.2223
vn -0.9394 -0.1438 -0.3113
vn -0.8763 -0.3713 -0.3071
vn -0.8772 -0.3692 -0.3070
vn -0.9696 -0.1023 -0.2223
vn -0.7696 -0.5595 -0.3077
vn -0.7699 -0.5591 -0.3077
vn -0.5593 -0.7700 -0.3071
vn -0.5595 -0.7698 -0.3071
vn -0.2940 -0.9053 -0.3067
vn -0.2942 -0.9052 -0.3067
vn -0.0000 -0.9518 -0.3066
vn -0.0000 -1.0000 0.0029
vn -0.0000 -1.0000 0.0067
vn -0.0000 -1.0000 0.0037
vn 0.9317 -0.0000 0.3633
vn 0.9805 -0.0000 0.1963
vn -0.9864 -0.0000 -0.1646
vn -0.9510 -0.0000 -0.3092
vn -0.9805 0.0001 0.1963
vn -0.9317 -0.0000 0.3633
vn 0.9510 -0.0000 -0.3092
vn 0.9864 -0.0000 -0.1646
vn -0.0000 1.0000 -0.0000
vn 1.0000 -0.0000 -0.0000
vn -0.0000 -1.0000 -0.0000
vn -1.0000 -0.0000 -0.0000
vn -0.0000 0.8343 0.5513
vn -0.0000 -0.8343 -0.5513
vt 0.275125 0.005653
vt 0.282822 0.005653
vt 0.286115 0.033697
vt 0.276275 0.033697
vt 0.293769 0.005653
vt 0.300111 0.033697
vt 0.302456 0.005653
vt 0.311218 0.033697
vt 0.312908 0.618932
vt 0.312908 0.608211
vt 0.340373 0.611520
vt 0.340373 0.625227
vt 0.312908 0.596326
vt 0.340373 0.596326
vt 0.312908 0.584442
vt 0.340373 0.581132
vt 0.312908 0.573721
vt 0.340373 0.567425
vt 0.691369 0.727129
vt 0.682681 0.727129
vt 0.689024 0.699085
vt 0.700131 0.699085
vt 0.671734 0.727129
vt 0.675028 0.699085
vt 0.664037 0.727129
vt 0.665187 0.699085
vt 0.317319 0.694076
vt 0.322529 0.692606
vt 0.324380 0.698303
vt 0.317319 0.700066
vt 0.864353 0.355453
vt 0.871013 0.357332
vt 0.871013 0.364991
vt 0.861986 0.362737
vt 0.330901 0.688340
vt 0.334422 0.693186
vt 0.853649 0.349998
vt 0.849147 0.356194
vt 0.337546 0.681695
vt 0.342392 0.685216
vt 0.845154 0.341503
vt 0.838958 0.346005
vt 0.341812 0.673323
vt 0.347509 0.675174
vt 0.839699 0.330799
vt 0.832416 0.333166
vt 0.343282 0.664042
vt 0.349272 0.664042
vt 0.837820 0.318933
vt 0.830162 0.318933
vt 0.341812 0.654761
vt 0.347509 0.652909
vt 0.839699 0.307067
vt 0.832416 0.304701
vt 0.337546 0.646388
vt 0.342392 0.642867
vt 0.845154 0.296363
vt 0.838958 0.291861
vt 0.330901 0.639743
vt 0.334422 0.634897
vt 0.853649 0.287868
vt 0.849147 0.281672
vt 0.322529 0.635477
vt 0.324380 0.629780
vt 0.864353 0.282414
vt 0.861986 0.275130
vt 0.317319 0.634007
vt 0.317319 0.628017
vt 0.871013 0.280535
vt 0.871013 0.272876
vt 0.250822 0.892534
vt 0.241795 0.892534
vt 0.244497 0.864798
vt 0.256037 0.864798
vt 0.257985 0.892534
vt 0.265196 0.864798
vt 0.375103 0.836686
vt 0.375103 0.845535
vt 0.347910 0.850732
vt 0.347910 0.839418
vt 0.236179 0.892534
vt 0.237316 0.864798
vt 0.201177 0.836441
vt 0.206793 0.836441
vt 0.209495 0.864177
vt 0.202314 0.864177
vt 0.215820 0.836441
vt 0.221035 0.864177
vt 0.222983 0.836441
vt 0.230194 0.864177
vt 0.375103 0.808216
vt 0.375103 0.817066
vt 0.347910 0.814334
vt 0.347910 0.803020
vt 0.375103 0.826876
vt 0.347910 0.826876
vt 0.777169 0.941776
vt 0.770089 0.968910
vt 0.764046 0.969617
vt 0.769444 0.942680
vt 0.619441 0.972352
vt 0.612371 0.945215
vt 0.620095 0.946123
vt 0.625483 0.973062
vt 0.659229 0.727129
vt 0.659040 0.699085
vt 0.312908 0.634007
vt 0.312908 0.628017
vt 0.196235 0.864177
vt 0.196421 0.836441
vt 0.670708 0.093909
vt 0.670708 0.086251
vt 0.676347 0.086251
vt 0.676347 0.093909
vt 0.270128 0.033697
vt 0.270317 0.005653
vt 0.674597 0.020830
vt 0.674597 0.013171
vt 0.680236 0.013171
vt 0.680236 0.020830
vt 0.231423 0.892534
vt 0.231237 0.864798
vt 0.312908 0.700066
vt 0.312908 0.694076
vt 0.044559 0.422358
vt 0.052396 0.422358
vt 0.052396 0.444503
vt 0.044559 0.444503
vt 0.659040 0.675494
vt 0.665187 0.675494
vt 0.766888 0.920852
vt 0.774613 0.919947
vt 0.202314 0.887508
vt 0.196235 0.887508
vt 0.277906 0.915109
vt 0.285743 0.915109
vt 0.285743 0.937254
vt 0.277906 0.937254
vt 0.231237 0.841467
vt 0.237316 0.841467
vt 0.614935 0.923388
vt 0.622660 0.924296
vt 0.276275 0.057288
vt 0.270128 0.057288
vt 0.052396 0.455544
vt 0.044559 0.455544
vt 0.666813 0.663732
vt 0.672960 0.663732
vt 0.765613 0.909968
vt 0.773338 0.909064
vt 0.210002 0.899141
vt 0.203922 0.899141
vt 0.285743 0.948296
vt 0.277906 0.948296
vt 0.238925 0.829834
vt 0.245004 0.829834
vt 0.616214 0.912505
vt 0.623939 0.913412
vt 0.284048 0.069050
vt 0.277901 0.069050
vt 0.052396 0.468933
vt 0.044559 0.468933
vt 0.666813 0.649469
vt 0.672960 0.649469
vt 0.764068 0.896771
vt 0.771793 0.895866
vt 0.210002 0.913247
vt 0.203922 0.913247
vt 0.285743 0.961684
vt 0.277906 0.961684
vt 0.238925 0.815728
vt 0.245004 0.815728
vt 0.617765 0.899308
vt 0.625489 0.900216
vt 0.284048 0.083313
vt 0.277901 0.083313
s 1
usemtl Swoop
f 4344/7939/3212 4346/7940/3213 4347/7941/3214 4345/7942/3215
f 4346/7940/3213 4348/7943/3216 4349/7944/3217 4347/7941/3214
f 4348/7943/3216 4350/7945/3218 4351/7946/3219 4349/7944/3217
f 4350/7947/3218 4352/7948/3220 4353/7949/3221 4351/7950/3219
f 4352/7948/3220 4354/7951/3222 4355/7952/3222 4353/7949/3221
f 4354/7951/3222 4356/7953/3223 4357/7954/3224 4355/7952/3222
f 4356/7953/3223 4358/7955/3225 4359/7956/3226 4357/7954/3224
f 4358/7957/3225 4360/7958/3227 4361/7959/3228 4359/7960/3226
f 4360/7958/3227 4362/7961/3229 4363/7962/3230 4361/7959/3228
f 4362/7961/3229 4364/7963/3231 4365/7964/3232 4363/7962/3230
f 4322/7965/3233 4323/7966/3233 4346/7967/3233 4344/7968/3233
f 4334/7969/3234 4333/7970/3234 4345/7971/3234 4347/7972/3234
f 4323/7966/3233 4324/7973/3233 4348/7974/3233 4346/7967/3233
f 4335/7975/3234 4334/7969/3234 4347/7972/3234 4349/7976/3234
f 4324/7973/3233 4325/7977/3233 4350/7978/3233 4348/7974/3233
f 4336/7979/3234 4335/7975/3234 4349/7976/3234 4351/7980/3234
f 4325/7977/3233 4326/7981/3233 4352/7982/3233 4350/7978/3233
f 4337/7983/3234 4336/7979/3234 4351/7980/3234 4353/7984/3234
f 4326/7981/3233 4327/7985/3233 4354/7986/3233 4352/7982/3233
f 4338/7987/3234 4337/7983/3234 4353/7984/3234 4355/7988/3234
f 4327/7985/3233 4328/7989/3233 4356/7990/3233 4354/7986/3233
f 4339/7991/3234 4338/7987/3234 4355/7988/3234 4357/7992/3234
f 4328/7989/3233 4329/7993/3233 4358/7994/3233 4356/7990/3233
f 4340/7995/3234 4339/7991/3234 4357/7992/3234 4359/7996/3234
f 4329/7993/3233 4330/7997/3233 4360/7998/3233 4358/7994/3233
f 4341/7999/3234 4340/7995/3234 4359/7996/3234 4361/8000/3234
f 4330/7997/3233 4331/8001/3233 4362/8002/3233 4360/7998/3233
f 4342/8003/3234 4341/7999/3234 4361/8000/3234 4363/8004/3234
f 4331/8001/3233 4332/8005/3233 4364/8006/3233 4362/8002/3233
f 4343/8007/3234 4342/8003/3234 4363/8004/3234 4365/8008/3234
f 4324/8009/3235 4323/8010/3236 4334/8011/3237 4335/8012/3238
f 4325/8013/3239 4324/8009/3235 4335/8012/3238 4336/8014/3240
f 4326/8015/3241 4325/8016/3239 4336/8017/3240 4337/8018/3242
f 4323/8010/3236 4322/8019/3243 4333/8020/3244 4334/8011/3237
f 4332/8021/3245 4331/8022/3246 4342/8023/3247 4343/8024/3248
f 4331/8022/3246 4330/8025/3249 4341/8026/3250 4342/8023/3247
f 4330/8025/3249 4329/8027/3251 4340/8028/3252 4341/8026/3250
f 4329/8029/3251 4328/8030/3253 4339/8031/3254 4340/8032/3252
f 4328/8030/3253 4327/8033/3255 4338/8034/3255 4339/8031/3254
f 4327/8033/3255 4326/8015/3241 4337/8018/3242 4338/8034/3255
f 4367/8035/3256 4366/8036/3257 4368/8037/3257 4369/8038/3258
f 4370/8039/3257 4371/8040/3256 4372/8041/3258 4373/8042/3257
f 4365/7964/3232 4364/7963/3231 4366/8043/3259 4367/8044/3260
f 4364/8006/3233 4332/8005/3233 4368/8045/3233 4366/8046/3233
f 4332/8021/3245 4343/8024/3248 4369/8047/3261 4368/8048/3262
f 4390/8049/3234 4391/8050/3234 4392/8051/3234 4393/8052/3234
f 4344/7939/3212 4345/7942/3215 4371/8053/3263 4370/8054/3264
f 4395/8055/3234 4394/8056/3234 4396/8057/3234 4397/8058/3234
f 4333/8020/3244 4322/8019/3243 4373/8059/3265 4372/8060/3266
f 4322/7965/3233 4344/7968/3233 4370/8061/3233 4373/8062/3233
f 4343/8063/3267 4365/8064/3267 4375/8065/3267 4374/8066/3267
f 4365/7964/3232 4367/8044/3260 4376/8067/3268 4375/8068/3268
f 4367/8035/3256 4369/8038/3258 4377/8069/3269 4376/8070/3269
f 4369/8047/3261 4343/8024/3248 4374/8071/3270 4377/8072/3270
f 4345/8073/3267 4333/8074/3267 4378/8075/3267 4379/8076/3267
f 4333/8020/3244 4372/8060/3266 4380/8077/3268 4378/8078/3268
f 4372/8041/3258 4371/8040/3256 4381/8079/3269 4380/8080/3269
f 4371/8053/3263 4345/7942/3215 4379/8081/3270 4381/8082/3270
f 4374/8066/3271 4375/8065/3271 4383/8083/3271 4382/8084/3271
f 4375/8068/3268 4376/8067/3268 4384/8085/3268 4383/8086/3268
f 4376/8070/3272 4377/8069/3272 4385/8087/3272 4384/8088/3272
f 4377/8072/3270 4374/8071/3270 4382/8089/3270 4385/8090/3270
f 4379/8076/3271 4378/8075/3271 4386/8091/3271 4387/8092/3271
f 4378/8078/3268 4380/8077/3268 4388/8093/3268 4386/8094/3268
f 4380/8080/3272 4381/8079/3272 4389/8095/3272 4388/8096/3272
f 4381/8082/3270 4379/8081/3270 4387/8097/3270 4389/8098/3270
f 4382/8084/3267 4383/8083/3267 4391/8099/3267 4390/8100/3267
f 4383/8086/3268 4384/8085/3268 4392/8101/3268 4391/8102/3268
f 4384/8088/3269 4385/8087/3269 4393/8103/3269 4392/8104/3269
f 4385/8090/3270 4382/8089/3270 4390/8105/3270 4393/8106/3270
f 4387/8092/3267 4386/8091/3267 4394/8107/3267 4395/8108/3267
f 4386/8094/3268 4388/8093/3268 4396/8109/3268 4394/8110/3268
f 4388/8096/3269 4389/8095/3269 4397/8111/3269 4396/8112/3269
f 4389/8098/3270 4387/8097/3270 4395/8113/3270 4397/8114/3270
o pCylinder4
v 0.015455 0.005180 0.004064
v 0.015303 0.004641 0.004064
v 0.014862 0.003776 0.004064
v 0.014175 0.003088 0.004064
v 0.013309 0.002647 0.004064
v 0.012349 0.002495 0.004064
v 0.011389 0.002647 0.004064
v 0.010523 0.003088 0.004064
v 0.009836 0.003776 0.004064
v 0.009395 0.004641 0.004064
v 0.009243 0.005180 0.004064
v 0.016320 0.005071 0.001403
v 0.016125 0.004382 0.001403
v 0.015561 0.003275 0.001403
v 0.014683 0.002397 0.001403
v 0.013576 0.001833 0.001403
v 0.012349 0.001638 0.001403
v 0.011122 0.001833 0.001403
v 0.010015 0.002397 0.001403
v 0.009136 0.003275 0.001403
v 0.008572 0.004382 0.001403
v 0.008378 0.005071 0.001403
v 0.016074 0.005180 0.004064
v 0.017112 0.005071 0.001403
v 0.015892 0.004450 0.004064
v 0.016879 0.004138 0.001403
v 0.015363 0.003411 0.004064
v 0.016202 0.002810 0.001403
v 0.014539 0.002587 0.004064
v 0.015148 0.001756 0.001403
v 0.013500 0.002058 0.004064
v 0.013821 0.001080 0.001403
v 0.012349 0.001876 0.004064
v 0.012349 0.000846 0.001403
v 0.011198 0.002058 0.004064
v 0.010877 0.001080 0.001403
v 0.010159 0.002587 0.004064
v 0.009549 0.001756 0.001403
v 0.009335 0.003411 0.004064
v 0.008496 0.002810 0.001403
v 0.008806 0.004450 0.004064
v 0.007819 0.004138 0.001403
v 0.008623 0.005180 0.004064
v 0.007586 0.005071 0.001403
v 0.008623 0.005636 0.004064
v 0.007586 0.005654 0.001403
v 0.009243 0.005636 0.004064
v 0.008378 0.005654 0.001403
v 0.016074 0.005636 0.004064
v 0.017112 0.005654 0.001403
v 0.016320 0.005654 0.001403
v 0.015455 0.005636 0.004064
v 0.008378 0.005071 -0.000835
v 0.007586 0.005071 -0.000835
v 0.007586 0.005654 -0.000835
v 0.008378 0.005654 -0.000835
v 0.016320 0.005071 -0.000835
v 0.017112 0.005071 -0.000835
v 0.016320 0.005654 -0.000835
v 0.017112 0.005654 -0.000835
v 0.008378 0.004334 -0.001951
v 0.007586 0.004334 -0.001951
v 0.007586 0.004917 -0.001951
v 0.008378 0.004917 -0.001951
v 0.016320 0.004334 -0.001951
v 0.017112 0.004334 -0.001951
v 0.016320 0.004917 -0.001951
v 0.017112 0.004917 -0.001951
v 0.008378 0.004334 -0.003304
v 0.007586 0.004334 -0.003304
v 0.007586 0.004917 -0.003304
v 0.008378 0.004917 -0.003304
v 0.016320 0.004334 -0.003304
v 0.017112 0.004334 -0.003304
v 0.016320 0.004917 -0.003304
v 0.017112 0.004917 -0.003304
vn 0.9203 -0.1418 0.3647
vn 0.8645 -0.3490 0.3616
vn 0.8654 -0.3468 0.3617
vn 0.9554 -0.1065 0.2755
vn 0.7541 -0.5481 0.3619
vn 0.7543 -0.5478 0.3619
vn 0.5479 -0.7545 0.3613
vn 0.5482 -0.7543 0.3613
vn 0.2881 -0.8870 0.3610
vn 0.2883 -0.8869 0.3610
vn -0.0000 -0.9326 0.3609
vn -0.2881 -0.8870 0.3610
vn -0.2883 -0.8869 0.3610
vn -0.5479 -0.7545 0.3613
vn -0.5482 -0.7543 0.3613
vn -0.7541 -0.5481 0.3619
vn -0.7543 -0.5478 0.3619
vn -0.8645 -0.3490 0.3616
vn -0.8654 -0.3468 0.3617
vn -0.9203 -0.1418 0.3647
vn -0.9554 -0.1065 0.2755
vn -0.0000 -0.0000 1.0000
vn -0.0000 -0.0000 -1.0000
vn -0.7696 0.5595 -0.3077
vn -0.8763 0.3713 -0.3069
vn -0.8771 0.3692 -0.3072
vn -0.7699 0.5591 -0.3077
vn -0.5593 0.7700 -0.3071
vn -0.5595 0.7698 -0.3071
vn -0.2940 0.9053 -0.3067
vn -0.2942 0.9052 -0.3067
vn -0.9394 0.1438 -0.3113
vn -0.9696 0.1023 -0.2223
vn 0.9394 0.1438 -0.3113
vn 0.8763 0.3713 -0.3071
vn 0.8772 0.3692 -0.3070
vn 0.9696 0.1023 -0.2223
vn 0.7696 0.5595 -0.3077
vn 0.7699 0.5591 -0.3077
vn 0.5593 0.7700 -0.3071
vn 0.5595 0.7698 -0.3071
vn 0.2940 0.9053 -0.3067
vn 0.2942 0.9052 -0.3067
vn -0.0000 0.9518 -0.3066
vn -0.0000 1.0000 0.0029
vn -0.0000 1.0000 0.0067
vn -0.0000 1.0000 0.0037
vn -0.9317 -0.0000 0.3633
vn -0.9805 -0.0000 0.1963
vn 0.9864 -0.0000 -0.1646
vn 0.9510 -0.0000 -0.3092
vn 0.9805 -0.0001 0.1963
vn 0.9317 -0.0000 0.3633
vn -0.9510 -0.0000 -0.3092
vn -0.9864 -0.0000 -0.1646
vn -0.0000 -1.0000 -0.0000
vn -1.0000 -0.0000 -0.0000
vn -0.0000 1.0000 -0.0000
vn 1.0000 -0.0000 -0.0000
vn -0.0000 -0.8343 0.5513
vn -0.0000 0.8343 -0.5513
vt 0.146768 0.151586
vt 0.139071 0.151586
vt 0.135777 0.123542
vt 0.145617 0.123542
vt 0.128124 0.151586
vt 0.121781 0.123542
vt 0.119436 0.151586
vt 0.110674 0.123542
vt 0.429823 0.887672
vt 0.429823 0.898393
vt 0.402358 0.895083
vt 0.402358 0.881376
vt 0.429823 0.910277
vt 0.402358 0.910277
vt 0.429823 0.922162
vt 0.402358 0.925472
vt 0.429823 0.932883
vt 0.402358 0.939179
vt 0.870037 0.142130
vt 0.878724 0.142130
vt 0.872382 0.170174
vt 0.861275 0.170174
vt 0.889671 0.142130
vt 0.886378 0.170174
vt 0.897368 0.142130
vt 0.896218 0.170174
vt 0.725996 0.334178
vt 0.720786 0.335648
vt 0.718935 0.329951
vt 0.725996 0.328188
vt 0.354571 0.790886
vt 0.347910 0.789007
vt 0.347910 0.781348
vt 0.356938 0.783602
vt 0.712413 0.339914
vt 0.708892 0.335068
vt 0.365276 0.796340
vt 0.369777 0.790144
vt 0.705769 0.346559
vt 0.700922 0.343038
vt 0.373771 0.804835
vt 0.379966 0.800334
vt 0.701503 0.354931
vt 0.695805 0.353080
vt 0.379225 0.815540
vt 0.386508 0.813173
vt 0.700033 0.364212
vt 0.694042 0.364212
vt 0.381104 0.827406
vt 0.388763 0.827406
vt 0.701503 0.373494
vt 0.695805 0.375345
vt 0.379225 0.839272
vt 0.386508 0.841638
vt 0.705769 0.381866
vt 0.700922 0.385387
vt 0.373771 0.849976
vt 0.379966 0.854477
vt 0.712413 0.388511
vt 0.708892 0.393357
vt 0.365276 0.858471
vt 0.369777 0.864667
vt 0.720786 0.392777
vt 0.718935 0.398474
vt 0.354571 0.863925
vt 0.356938 0.871209
vt 0.725996 0.394247
vt 0.725996 0.400237
vt 0.347910 0.865804
vt 0.347910 0.873463
vt 0.428400 0.656595
vt 0.437426 0.656595
vt 0.434724 0.684331
vt 0.423184 0.684330
vt 0.421236 0.656595
vt 0.414026 0.684330
vt 0.845718 0.305373
vt 0.845718 0.296524
vt 0.872910 0.291327
vt 0.872910 0.302641
vt 0.443043 0.656595
vt 0.441905 0.684330
vt 0.898070 0.552511
vt 0.892453 0.552511
vt 0.889752 0.524775
vt 0.896932 0.524775
vt 0.883427 0.552511
vt 0.878211 0.524775
vt 0.876264 0.552511
vt 0.869053 0.524775
vt 0.845718 0.333843
vt 0.845718 0.324993
vt 0.872910 0.327725
vt 0.872910 0.339039
vt 0.845718 0.315183
vt 0.872910 0.315183
vt 0.779603 0.923708
vt 0.786684 0.896574
vt 0.792726 0.895867
vt 0.787328 0.922804
vt 0.108944 0.906190
vt 0.116014 0.933327
vt 0.108290 0.932420
vt 0.102902 0.905480
vt 0.902176 0.142130
vt 0.902365 0.170174
vt 0.730406 0.394247
vt 0.730406 0.400237
vt 0.903012 0.524775
vt 0.902825 0.552511
vt 0.672457 0.063678
vt 0.672457 0.071337
vt 0.666818 0.071337
vt 0.666818 0.063678
vt 0.151765 0.123542
vt 0.151576 0.151586
vt 0.680236 0.078592
vt 0.680236 0.086251
vt 0.674597 0.086251
vt 0.674597 0.078592
vt 0.447798 0.656595
vt 0.447985 0.684330
vt 0.730406 0.328188
vt 0.730406 0.334178
vt 0.091287 0.952071
vt 0.083450 0.952071
vt 0.083450 0.929926
vt 0.091287 0.929926
vt 0.902365 0.193765
vt 0.896218 0.193765
vt 0.789884 0.944632
vt 0.782159 0.945537
vt 0.896932 0.501444
vt 0.903012 0.501444
vt 0.064063 0.988074
vt 0.056226 0.988074
vt 0.056226 0.965929
vt 0.064063 0.965929
vt 0.447985 0.707662
vt 0.441905 0.707662
vt 0.113450 0.955155
vt 0.105725 0.954247
vt 0.145617 0.099951
vt 0.151765 0.099951
vt 0.083450 0.918885
vt 0.091287 0.918885
vt 0.894592 0.205527
vt 0.888445 0.205527
vt 0.791159 0.955516
vt 0.783434 0.956420
vt 0.889245 0.489811
vt 0.895324 0.489811
vt 0.056226 0.954887
vt 0.064063 0.954887
vt 0.440297 0.719295
vt 0.434217 0.719295
vt 0.112171 0.966038
vt 0.104446 0.965130
vt 0.137844 0.088189
vt 0.143991 0.088189
vt 0.083450 0.905496
vt 0.091287 0.905496
vt 0.894592 0.219790
vt 0.888445 0.219790
vt 0.792704 0.968713
vt 0.784980 0.969618
vt 0.889245 0.475705
vt 0.895324 0.475705
vt 0.056226 0.941499
vt 0.064063 0.941499
vt 0.440297 0.733401
vt 0.434217 0.733400
vt 0.110620 0.979235
vt 0.102896 0.978327
vt 0.137844 0.073926
vt 0.143991 0.073926
s 1
usemtl Swoop
f 4420/8115/3273 4422/8116/3274 4423/8117/3275 4421/8118/3276
f 4422/8116/3274 4424/8119/3277 4425/8120/3278 4423/8117/3275
f 4424/8119/3277 4426/8121/3279 4427/8122/3280 4425/8120/3278
f 4426/8123/3279 4428/8124/3281 4429/8125/3282 4427/8126/3280
f 4428/8124/3281 4430/8127/3283 4431/8128/3283 4429/8125/3282
f 4430/8127/3283 4432/8129/3284 4433/8130/3285 4431/8128/3283
f 4432/8129/3284 4434/8131/3286 4435/8132/3287 4433/8130/3285
f 4434/8133/3286 4436/8134/3288 4437/8135/3289 4435/8136/3287
f 4436/8134/3288 4438/8137/3290 4439/8138/3291 4437/8135/3289
f 4438/8137/3290 4440/8139/3292 4441/8140/3293 4439/8138/3291
f 4398/8141/3294 4399/8142/3294 4422/8143/3294 4420/8144/3294
f 4410/8145/3295 4409/8146/3295 4421/8147/3295 4423/8148/3295
f 4399/8142/3294 4400/8149/3294 4424/8150/3294 4422/8143/3294
f 4411/8151/3295 4410/8145/3295 4423/8148/3295 4425/8152/3295
f 4400/8149/3294 4401/8153/3294 4426/8154/3294 4424/8150/3294
f 4412/8155/3295 4411/8151/3295 4425/8152/3295 4427/8156/3295
f 4401/8153/3294 4402/8157/3294 4428/8158/3294 4426/8154/3294
f 4413/8159/3295 4412/8155/3295 4427/8156/3295 4429/8160/3295
f 4402/8157/3294 4403/8161/3294 4430/8162/3294 4428/8158/3294
f 4414/8163/3295 4413/8159/3295 4429/8160/3295 4431/8164/3295
f 4403/8161/3294 4404/8165/3294 4432/8166/3294 4430/8162/3294
f 4415/8167/3295 4414/8163/3295 4431/8164/3295 4433/8168/3295
f 4404/8165/3294 4405/8169/3294 4434/8170/3294 4432/8166/3294
f 4416/8171/3295 4415/8167/3295 4433/8168/3295 4435/8172/3295
f 4405/8169/3294 4406/8173/3294 4436/8174/3294 4434/8170/3294
f 4417/8175/3295 4416/8171/3295 4435/8172/3295 4437/8176/3295
f 4406/8173/3294 4407/8177/3294 4438/8178/3294 4436/8174/3294
f 4418/8179/3295 4417/8175/3295 4437/8176/3295 4439/8180/3295
f 4407/8177/3294 4408/8181/3294 4440/8182/3294 4438/8178/3294
f 4419/8183/3295 4418/8179/3295 4439/8180/3295 4441/8184/3295
f 4400/8185/3296 4399/8186/3297 4410/8187/3298 4411/8188/3299
f 4401/8189/3300 4400/8185/3296 4411/8188/3299 4412/8190/3301
f 4402/8191/3302 4401/8192/3300 4412/8193/3301 4413/8194/3303
f 4399/8186/3297 4398/8195/3304 4409/8196/3305 4410/8187/3298
f 4408/8197/3306 4407/8198/3307 4418/8199/3308 4419/8200/3309
f 4407/8198/3307 4406/8201/3310 4417/8202/3311 4418/8199/3308
f 4406/8201/3310 4405/8203/3312 4416/8204/3313 4417/8202/3311
f 4405/8205/3312 4404/8206/3314 4415/8207/3315 4416/8208/3313
f 4404/8206/3314 4403/8209/3316 4414/8210/3316 4415/8207/3315
f 4403/8209/3316 4402/8191/3302 4413/8194/3303 4414/8210/3316
f 4443/8211/3317 4442/8212/3318 4444/8213/3318 4445/8214/3319
f 4446/8215/3318 4447/8216/3317 4448/8217/3319 4449/8218/3318
f 4441/8140/3293 4440/8139/3292 4442/8219/3320 4443/8220/3321
f 4440/8182/3294 4408/8181/3294 4444/8221/3294 4442/8222/3294
f 4408/8197/3306 4419/8200/3309 4445/8223/3322 4444/8224/3323
f 4466/8225/3295 4467/8226/3295 4468/8227/3295 4469/8228/3295
f 4420/8115/3273 4421/8118/3276 4447/8229/3324 4446/8230/3325
f 4471/8231/3295 4470/8232/3295 4472/8233/3295 4473/8234/3295
f 4409/8196/3305 4398/8195/3304 4449/8235/3326 4448/8236/3327
f 4398/8141/3294 4420/8144/3294 4446/8237/3294 4449/8238/3294
f 4419/8239/3328 4441/8240/3328 4451/8241/3328 4450/8242/3328
f 4441/8140/3293 4443/8220/3321 4452/8243/3329 4451/8244/3329
f 4443/8211/3317 4445/8214/3319 4453/8245/3330 4452/8246/3330
f 4445/8223/3322 4419/8200/3309 4450/8247/3331 4453/8248/3331
f 4421/8249/3328 4409/8250/3328 4454/8251/3328 4455/8252/3328
f 4409/8196/3305 4448/8236/3327 4456/8253/3329 4454/8254/3329
f 4448/8217/3319 4447/8216/3317 4457/8255/3330 4456/8256/3330
f 4447/8229/3324 4421/8118/3276 4455/8257/3331 4457/8258/3331
f 4450/8242/3332 4451/8241/3332 4459/8259/3332 4458/8260/3332
f 4451/8244/3329 4452/8243/3329 4460/8261/3329 4459/8262/3329
f 4452/8246/3333 4453/8245/3333 4461/8263/3333 4460/8264/3333
f 4453/8248/3331 4450/8247/3331 4458/8265/3331 4461/8266/3331
f 4455/8252/3332 4454/8251/3332 4462/8267/3332 4463/8268/3332
f 4454/8254/3329 4456/8253/3329 4464/8269/3329 4462/8270/3329
f 4456/8256/3333 4457/8255/3333 4465/8271/3333 4464/8272/3333
f 4457/8258/3331 4455/8257/3331 4463/8273/3331 4465/8274/3331
f 4458/8260/3328 4459/8259/3328 4467/8275/3328 4466/8276/3328
f 4459/8262/3329 4460/8261/3329 4468/8277/3329 4467/8278/3329
f 4460/8264/3330 4461/8263/3330 4469/8279/3330 4468/8280/3330
f 4461/8266/3331 4458/8265/3331 4466/8281/3331 4469/8282/3331
f 4463/8268/3328 4462/8267/3328 4470/8283/3328 4471/8284/3328
f 4462/8270/3329 4464/8269/3329 4472/8285/3329 4470/8286/3329
f 4464/8272/3330 4465/8271/3330 4473/8287/3330 4472/8288/3330
f 4465/8274/3331 4463/8273/3331 4471/8289/3331 4473/8290/3331
o pCylinder5
v -0.009244 0.005180 0.004064
v -0.009396 0.004641 0.004064
v -0.009837 0.003776 0.004064
v -0.010524 0.003088 0.004064
v -0.011390 0.002647 0.004064
v -0.012350 0.002495 0.004064
v -0.013310 0.002647 0.004064
v -0.014176 0.003088 0.004064
v -0.014863 0.003776 0.004064
v -0.015304 0.004641 0.004064
v -0.015456 0.005180 0.004064
v -0.008379 0.005071 0.001403
v -0.008573 0.004382 0.001403
v -0.009137 0.003275 0.001403
v -0.010016 0.002397 0.001403
v -0.011123 0.001833 0.001403
v -0.012350 0.001638 0.001403
v -0.013577 0.001833 0.001403
v -0.014684 0.002397 0.001403
v -0.015563 0.003275 0.001403
v -0.016127 0.004382 0.001403
v -0.016321 0.005071 0.001403
v -0.008625 0.005180 0.004064
v -0.007587 0.005071 0.001403
v -0.008807 0.004450 0.004064
v -0.007820 0.004138 0.001403
v -0.009336 0.003411 0.004064
v -0.008497 0.002810 0.001403
v -0.010160 0.002587 0.004064
v -0.009550 0.001756 0.001403
v -0.011199 0.002058 0.004064
v -0.010878 0.001080 0.001403
v -0.012350 0.001876 0.004064
v -0.012350 0.000846 0.001403
v -0.013501 0.002058 0.004064
v -0.013822 0.001080 0.001403
v -0.014540 0.002587 0.004064
v -0.015150 0.001756 0.001403
v -0.015364 0.003411 0.004064
v -0.016203 0.002810 0.001403
v -0.015893 0.004450 0.004064
v -0.016880 0.004138 0.001403
v -0.016075 0.005180 0.004064
v -0.017113 0.005071 0.001403
v -0.016075 0.005636 0.004064
v -0.017113 0.005654 0.001403
v -0.015456 0.005636 0.004064
v -0.016321 0.005654 0.001403
v -0.008625 0.005636 0.004064
v -0.007587 0.005654 0.001403
v -0.008379 0.005654 0.001403
v -0.009244 0.005636 0.004064
v -0.016321 0.005071 -0.000835
v -0.017113 0.005071 -0.000835
v -0.017113 0.005654 -0.000835
v -0.016321 0.005654 -0.000835
v -0.008379 0.005071 -0.000835
v -0.007587 0.005071 -0.000835
v -0.008379 0.005654 -0.000835
v -0.007587 0.005654 -0.000835
v -0.016321 0.004334 -0.001951
v -0.017113 0.004334 -0.001951
v -0.017113 0.004917 -0.001951
v -0.016321 0.004917 -0.001951
v -0.008379 0.004334 -0.001951
v -0.007587 0.004334 -0.001951
v -0.008379 0.004917 -0.001951
v -0.007587 0.004917 -0.001951
v -0.016321 0.004334 -0.003304
v -0.017113 0.004334 -0.003304
v -0.017113 0.004917 -0.003304
v -0.016321 0.004917 -0.003304
v -0.008379 0.004334 -0.003304
v -0.007587 0.004334 -0.003304
v -0.008379 0.004917 -0.003304
v -0.007587 0.004917 -0.003304
vn 0.9203 -0.1418 0.3647
vn 0.8645 -0.3490 0.3616
vn 0.8654 -0.3468 0.3617
vn 0.9554 -0.1065 0.2755
vn 0.7541 -0.5481 0.3619
vn 0.7543 -0.5478 0.3619
vn 0.5479 -0.7545 0.3613
vn 0.5482 -0.7543 0.3613
vn 0.2881 -0.8870 0.3610
vn 0.2883 -0.8869 0.3610
vn -0.0000 -0.9326 0.3609
vn -0.2881 -0.8870 0.3610
vn -0.2883 -0.8869 0.3610
vn -0.5479 -0.7545 0.3613
vn -0.5482 -0.7543 0.3613
vn -0.7541 -0.5481 0.3619
vn -0.7543 -0.5478 0.3619
vn -0.8645 -0.3490 0.3616
vn -0.8654 -0.3468 0.3617
vn -0.9203 -0.1418 0.3647
vn -0.9554 -0.1065 0.2755
vn -0.0000 -0.0000 1.0000
vn -0.0000 -0.0000 -1.0000
vn -0.7696 0.5595 -0.3077
vn -0.8763 0.3713 -0.3069
vn -0.8771 0.3692 -0.3072
vn -0.7699 0.5591 -0.3077
vn -0.5593 0.7700 -0.3071
vn -0.5595 0.7698 -0.3071
vn -0.2940 0.9053 -0.3067
vn -0.2942 0.9052 -0.3067
vn -0.9394 0.1438 -0.3113
vn -0.9696 0.1023 -0.2223
vn 0.9394 0.1438 -0.3113
vn 0.8763 0.3713 -0.3071
vn 0.8772 0.3692 -0.3070
vn 0.9696 0.1023 -0.2223
vn 0.7696 0.5595 -0.3077
vn 0.7699 0.5591 -0.3077
vn 0.5593 0.7700 -0.3071
vn 0.5595 0.7698 -0.3071
vn 0.2940 0.9053 -0.3067
vn 0.2942 0.9052 -0.3067
vn -0.0000 0.9518 -0.3066
vn -0.0000 1.0000 0.0029
vn -0.0000 1.0000 0.0067
vn -0.0000 1.0000 0.0037
vn -0.9317 -0.0000 0.3633
vn -0.9805 -0.0000 0.1963
vn 0.9864 -0.0000 -0.1646
vn 0.9510 -0.0000 -0.3092
vn 0.9805 -0.0001 0.1963
vn 0.9317 -0.0000 0.3633
vn -0.9510 -0.0000 -0.3092
vn -0.9864 -0.0000 -0.1646
vn -0.0000 -1.0000 -0.0000
vn -1.0000 -0.0000 -0.0000
vn -0.0000 1.0000 -0.0000
vn 1.0000 -0.0000 -0.0000
vn -0.0000 -0.8343 0.5513
vn -0.0000 0.8343 -0.5513
vt 0.170102 0.605183
vt 0.162406 0.605183
vt 0.159112 0.577139
vt 0.168952 0.577139
vt 0.151458 0.605183
vt 0.145116 0.577139
vt 0.142771 0.605183
vt 0.134009 0.577139
vt 0.243145 0.628326
vt 0.243145 0.639047
vt 0.215680 0.635737
vt 0.215680 0.622030
vt 0.243145 0.650932
vt 0.215680 0.650932
vt 0.243145 0.662816
vt 0.215680 0.666126
vt 0.243145 0.673537
vt 0.215680 0.679833
vt 0.858369 0.226037
vt 0.867057 0.226037
vt 0.860714 0.254081
vt 0.849607 0.254081
vt 0.878004 0.226037
vt 0.874710 0.254081
vt 0.885701 0.226037
vt 0.884551 0.254081
vt 0.912673 0.288937
vt 0.907464 0.290407
vt 0.905613 0.284710
vt 0.912673 0.282947
vt 0.311791 0.766685
vt 0.305130 0.764806
vt 0.305130 0.757147
vt 0.314158 0.759401
vt 0.899091 0.294673
vt 0.895570 0.289827
vt 0.322495 0.772139
vt 0.326997 0.765943
vt 0.892446 0.301318
vt 0.887600 0.297797
vt 0.330990 0.780634
vt 0.337186 0.776133
vt 0.888180 0.309690
vt 0.882483 0.307839
vt 0.336444 0.791339
vt 0.343728 0.788972
vt 0.886711 0.318971
vt 0.880720 0.318971
vt 0.338324 0.803205
vt 0.345982 0.803205
vt 0.888180 0.328252
vt 0.882483 0.330104
vt 0.336444 0.815071
vt 0.343728 0.817437
vt 0.892446 0.336625
vt 0.887600 0.340146
vt 0.330990 0.825775
vt 0.337186 0.830277
vt 0.899091 0.343270
vt 0.895570 0.348116
vt 0.322495 0.834270
vt 0.326997 0.840466
vt 0.907464 0.347536
vt 0.905613 0.353233
vt 0.311791 0.839724
vt 0.314158 0.847008
vt 0.912673 0.349006
vt 0.912673 0.354996
vt 0.305130 0.841604
vt 0.305130 0.849262
vt 0.552852 0.111173
vt 0.561878 0.111173
vt 0.559176 0.138909
vt 0.547636 0.138909
vt 0.545688 0.111173
vt 0.538477 0.138909
vt 0.876831 0.908279
vt 0.876831 0.899430
vt 0.904023 0.894233
vt 0.904023 0.905547
vt 0.567495 0.111173
vt 0.566357 0.138909
vt 0.520825 0.082459
vt 0.515209 0.082459
vt 0.512507 0.054723
vt 0.519688 0.054723
vt 0.506182 0.082459
vt 0.500966 0.054723
vt 0.499019 0.082459
vt 0.491808 0.054723
vt 0.876831 0.936749
vt 0.876831 0.927899
vt 0.904023 0.930631
vt 0.904023 0.941945
vt 0.876831 0.918089
vt 0.904023 0.918089
vt 0.775714 0.760102
vt 0.782794 0.732968
vt 0.788836 0.732260
vt 0.783439 0.759198
vt 0.544526 0.139618
vt 0.551596 0.166755
vt 0.543872 0.165847
vt 0.538484 0.138908
vt 0.890509 0.226037
vt 0.890698 0.254081
vt 0.917084 0.349006
vt 0.917084 0.354996
vt 0.525767 0.054723
vt 0.525580 0.082459
vt 0.396330 0.089610
vt 0.396330 0.097268
vt 0.390691 0.097268
vt 0.390691 0.089610
vt 0.175099 0.577139
vt 0.174911 0.605183
vt 0.365217 0.029848
vt 0.365217 0.037507
vt 0.359578 0.037507
vt 0.359578 0.029848
vt 0.572250 0.111173
vt 0.572436 0.138909
vt 0.917084 0.282947
vt 0.917084 0.288937
vt 0.398528 0.962869
vt 0.390691 0.962869
vt 0.390691 0.940724
vt 0.398528 0.940724
vt 0.890698 0.277672
vt 0.884551 0.277672
vt 0.785995 0.781026
vt 0.778270 0.781931
vt 0.519688 0.031392
vt 0.525767 0.031392
vt 0.406306 0.716673
vt 0.398469 0.716673
vt 0.398469 0.694528
vt 0.406306 0.694528
vt 0.572436 0.162240
vt 0.566357 0.162240
vt 0.549031 0.188582
vt 0.541307 0.187674
vt 0.168952 0.553549
vt 0.175099 0.553549
vt 0.390691 0.929682
vt 0.398528 0.929682
vt 0.882924 0.289434
vt 0.876777 0.289434
vt 0.787270 0.791910
vt 0.779545 0.792814
vt 0.512000 0.019759
vt 0.518079 0.019759
vt 0.398469 0.683486
vt 0.406306 0.683486
vt 0.564749 0.173873
vt 0.558669 0.173873
vt 0.547752 0.199465
vt 0.540028 0.198558
vt 0.161179 0.541786
vt 0.167326 0.541786
vt 0.390691 0.916294
vt 0.398528 0.916294
vt 0.882924 0.303697
vt 0.876777 0.303697
vt 0.788815 0.805107
vt 0.781090 0.806012
vt 0.512000 0.005653
vt 0.518079 0.005653
vt 0.398469 0.670098
vt 0.406306 0.670098
vt 0.564749 0.187979
vt 0.558669 0.187979
vt 0.546202 0.212662
vt 0.538477 0.211754
vt 0.161179 0.527524
vt 0.167326 0.527524
s 1
usemtl Swoop
f 4496/8291/3334 4498/8292/3335 4499/8293/3336 4497/8294/3337
f 4498/8292/3335 4500/8295/3338 4501/8296/3339 4499/8293/3336
f 4500/8295/3338 4502/8297/3340 4503/8298/3341 4501/8296/3339
f 4502/8299/3340 4504/8300/3342 4505/8301/3343 4503/8302/3341
f 4504/8300/3342 4506/8303/3344 4507/8304/3344 4505/8301/3343
f 4506/8303/3344 4508/8305/3345 4509/8306/3346 4507/8304/3344
f 4508/8305/3345 4510/8307/3347 4511/8308/3348 4509/8306/3346
f 4510/8309/3347 4512/8310/3349 4513/8311/3350 4511/8312/3348
f 4512/8310/3349 4514/8313/3351 4515/8314/3352 4513/8311/3350
f 4514/8313/3351 4516/8315/3353 4517/8316/3354 4515/8314/3352
f 4474/8317/3355 4475/8318/3355 4498/8319/3355 4496/8320/3355
f 4486/8321/3356 4485/8322/3356 4497/8323/3356 4499/8324/3356
f 4475/8318/3355 4476/8325/3355 4500/8326/3355 4498/8319/3355
f 4487/8327/3356 4486/8321/3356 4499/8324/3356 4501/8328/3356
f 4476/8325/3355 4477/8329/3355 4502/8330/3355 4500/8326/3355
f 4488/8331/3356 4487/8327/3356 4501/8328/3356 4503/8332/3356
f 4477/8329/3355 4478/8333/3355 4504/8334/3355 4502/8330/3355
f 4489/8335/3356 4488/8331/3356 4503/8332/3356 4505/8336/3356
f 4478/8333/3355 4479/8337/3355 4506/8338/3355 4504/8334/3355
f 4490/8339/3356 4489/8335/3356 4505/8336/3356 4507/8340/3356
f 4479/8337/3355 4480/8341/3355 4508/8342/3355 4506/8338/3355
f 4491/8343/3356 4490/8339/3356 4507/8340/3356 4509/8344/3356
f 4480/8341/3355 4481/8345/3355 4510/8346/3355 4508/8342/3355
f 4492/8347/3356 4491/8343/3356 4509/8344/3356 4511/8348/3356
f 4481/8345/3355 4482/8349/3355 4512/8350/3355 4510/8346/3355
f 4493/8351/3356 4492/8347/3356 4511/8348/3356 4513/8352/3356
f 4482/8349/3355 4483/8353/3355 4514/8354/3355 4512/8350/3355
f 4494/8355/3356 4493/8351/3356 4513/8352/3356 4515/8356/3356
f 4483/8353/3355 4484/8357/3355 4516/8358/3355 4514/8354/3355
f 4495/8359/3356 4494/8355/3356 4515/8356/3356 4517/8360/3356
f 4476/8361/3357 4475/8362/3358 4486/8363/3359 4487/8364/3360
f 4477/8365/3361 4476/8361/3357 4487/8364/3360 4488/8366/3362
f 4478/8367/3363 4477/8368/3361 4488/8369/3362 4489/8370/3364
f 4475/8362/3358 4474/8371/3365 4485/8372/3366 4486/8363/3359
f 4484/8373/3367 4483/8374/3368 4494/8375/3369 4495/8376/3370
f 4483/8374/3368 4482/8377/3371 4493/8378/3372 4494/8375/3369
f 4482/8377/3371 4481/8379/3373 4492/8380/3374 4493/8378/3372
f 4481/8381/3373 4480/8382/3375 4491/8383/3376 4492/8384/3374
f 4480/8382/3375 4479/8385/3377 4490/8386/3377 4491/8383/3376
f 4479/8385/3377 4478/8367/3363 4489/8370/3364 4490/8386/3377
f 4519/8387/3378 4518/8388/3379 4520/8389/3379 4521/8390/3380
f 4522/8391/3379 4523/8392/3378 4524/8393/3380 4525/8394/3379
f 4517/8316/3354 4516/8315/3353 4518/8395/3381 4519/8396/3382
f 4516/8358/3355 4484/8357/3355 4520/8397/3355 4518/8398/3355
f 4484/8373/3367 4495/8376/3370 4521/8399/3383 4520/8400/3384
f 4542/8401/3356 4543/8402/3356 4544/8403/3356 4545/8404/3356
f 4496/8291/3334 4497/8294/3337 4523/8405/3385 4522/8406/3386
f 4547/8407/3356 4546/8408/3356 4548/8409/3356 4549/8410/3356
f 4485/8372/3366 4474/8371/3365 4525/8411/3387 4524/8412/3388
f 4474/8317/3355 4496/8320/3355 4522/8413/3355 4525/8414/3355
f 4495/8415/3389 4517/8416/3389 4527/8417/3389 4526/8418/3389
f 4517/8316/3354 4519/8396/3382 4528/8419/3390 4527/8420/3390
f 4519/8387/3378 4521/8390/3380 4529/8421/3391 4528/8422/3391
f 4521/8399/3383 4495/8376/3370 4526/8423/3392 4529/8424/3392
f 4497/8425/3389 4485/8426/3389 4530/8427/3389 4531/8428/3389
f 4485/8372/3366 4524/8412/3388 4532/8429/3390 4530/8430/3390
f 4524/8393/3380 4523/8392/3378 4533/8431/3391 4532/8432/3391
f 4523/8405/3385 4497/8294/3337 4531/8433/3392 4533/8434/3392
f 4526/8418/3393 4527/8417/3393 4535/8435/3393 4534/8436/3393
f 4527/8420/3390 4528/8419/3390 4536/8437/3390 4535/8438/3390
f 4528/8422/3394 4529/8421/3394 4537/8439/3394 4536/8440/3394
f 4529/8424/3392 4526/8423/3392 4534/8441/3392 4537/8442/3392
f 4531/8428/3393 4530/8427/3393 4538/8443/3393 4539/8444/3393
f 4530/8430/3390 4532/8429/3390 4540/8445/3390 4538/8446/3390
f 4532/8432/3394 4533/8431/3394 4541/8447/3394 4540/8448/3394
f 4533/8434/3392 4531/8433/3392 4539/8449/3392 4541/8450/3392
f 4534/8436/3389 4535/8435/3389 4543/8451/3389 4542/8452/3389
f 4535/8438/3390 4536/8437/3390 4544/8453/3390 4543/8454/3390
f 4536/8440/3391 4537/8439/3391 4545/8455/3391 4544/8456/3391
f 4537/8442/3392 4534/8441/3392 4542/8457/3392 4545/8458/3392
f 4539/8444/3389 4538/8443/3389 4546/8459/3389 4547/8460/3389
f 4538/8446/3390 4540/8445/3390 4548/8461/3390 4546/8462/3390
f 4540/8448/3391 4541/8447/3391 4549/8463/3391 4548/8464/3391
f 4541/8450/3392 4539/8449/3392 4547/8465/3392 4549/8466/3392
o pCylinder6
v -0.015456 0.006039 0.004064
v -0.015304 0.006577 0.004064
v -0.014863 0.007443 0.004064
v -0.014176 0.008130 0.004064
v -0.013310 0.008571 0.004064
v -0.012350 0.008723 0.004064
v -0.011390 0.008571 0.004064
v -0.010524 0.008130 0.004064
v -0.009837 0.007443 0.004064
v -0.009396 0.006577 0.004064
v -0.009244 0.006039 0.004064
v -0.016321 0.006148 0.001403
v -0.016127 0.006836 0.001403
v -0.015563 0.007943 0.001403
v -0.014684 0.008822 0.001403
v -0.013577 0.009386 0.001403
v -0.012350 0.009580 0.001403
v -0.011123 0.009386 0.001403
v -0.010016 0.008822 0.001403
v -0.009137 0.007943 0.001403
v -0.008573 0.006836 0.001403
v -0.008379 0.006148 0.001403
v -0.016075 0.006039 0.004064
v -0.017113 0.006148 0.001403
v -0.015893 0.006769 0.004064
v -0.016880 0.007081 0.001403
v -0.015364 0.007807 0.004064
v -0.016203 0.008409 0.001403
v -0.014540 0.008631 0.004064
v -0.015150 0.009463 0.001403
v -0.013501 0.009161 0.004064
v -0.013822 0.010139 0.001403
v -0.012350 0.009343 0.004064
v -0.012350 0.010372 0.001403
v -0.011199 0.009161 0.004064
v -0.010878 0.010139 0.001403
v -0.010160 0.008631 0.004064
v -0.009550 0.009463 0.001403
v -0.009336 0.007807 0.004064
v -0.008497 0.008409 0.001403
v -0.008807 0.006769 0.004064
v -0.007820 0.007081 0.001403
v -0.008625 0.006039 0.004064
v -0.007587 0.006148 0.001403
v -0.008625 0.005582 0.004064
v -0.007587 0.005565 0.001403
v -0.009244 0.005582 0.004064
v -0.008379 0.005565 0.001403
v -0.016075 0.005582 0.004064
v -0.017113 0.005565 0.001403
v -0.016321 0.005565 0.001403
v -0.015456 0.005582 0.004064
v -0.008379 0.006148 -0.000835
v -0.007587 0.006148 -0.000835
v -0.007587 0.005565 -0.000835
v -0.008379 0.005565 -0.000835
v -0.016321 0.006148 -0.000835
v -0.017113 0.006148 -0.000835
v -0.016321 0.005565 -0.000835
v -0.017113 0.005565 -0.000835
v -0.008379 0.006885 -0.001951
v -0.007587 0.006885 -0.001951
v -0.007587 0.006302 -0.001951
v -0.008379 0.006302 -0.001951
v -0.016321 0.006885 -0.001951
v -0.017113 0.006885 -0.001951
v -0.016321 0.006302 -0.001951
v -0.017113 0.006302 -0.001951
v -0.008379 0.006885 -0.003304
v -0.007587 0.006885 -0.003304
v -0.007587 0.006302 -0.003304
v -0.008379 0.006302 -0.003304
v -0.016321 0.006885 -0.003304
v -0.017113 0.006885 -0.003304
v -0.016321 0.006302 -0.003304
v -0.017113 0.006302 -0.003304
vn -0.9203 0.1418 0.3647
vn -0.8645 0.3490 0.3616
vn -0.8654 0.3468 0.3617
vn -0.9554 0.1065 0.2755
vn -0.7541 0.5481 0.3619
vn -0.7543 0.5478 0.3619
vn -0.5479 0.7545 0.3613
vn -0.5482 0.7543 0.3613
vn -0.2881 0.8870 0.3610
vn -0.2883 0.8869 0.3610
vn -0.0000 0.9326 0.3609
vn 0.2881 0.8870 0.3610
vn 0.2883 0.8869 0.3610
vn 0.5479 0.7545 0.3613
vn 0.5482 0.7543 0.3613
vn 0.7541 0.5481 0.3619
vn 0.7543 0.5478 0.3619
vn 0.8645 0.3490 0.3616
vn 0.8654 0.3468 0.3617
vn 0.9203 0.1418 0.3647
vn 0.9554 0.1065 0.2755
vn -0.0000 -0.0000 1.0000
vn -0.0000 -0.0000 -1.0000
vn 0.7696 -0.5595 -0.3077
vn 0.8763 -0.3713 -0.3069
vn 0.8771 -0.3692 -0.3072
vn 0.7699 -0.5591 -0.3077
vn 0.5593 -0.7700 -0.3071
vn 0.5595 -0.7698 -0.3071
vn 0.2940 -0.9053 -0.3067
vn 0.2942 -0.9052 -0.3067
vn 0.9394 -0.1438 -0.3113
vn 0.9696 -0.1023 -0.2223
vn -0.9394 -0.1438 -0.3113
vn -0.8763 -0.3713 -0.3071
vn -0.8772 -0.3692 -0.3070
vn -0.9696 -0.1023 -0.2223
vn -0.7696 -0.5595 -0.3077
vn -0.7699 -0.5591 -0.3077
vn -0.5593 -0.7700 -0.3071
vn -0.5595 -0.7698 -0.3071
vn -0.2940 -0.9053 -0.3067
vn -0.2942 -0.9052 -0.3067
vn -0.0000 -0.9518 -0.3066
vn -0.0000 -1.0000 0.0029
vn -0.0000 -1.0000 0.0067
vn -0.0000 -1.0000 0.0037
vn 0.9317 -0.0000 0.3633
vn 0.9805 -0.0000 0.1963
vn -0.9864 -0.0000 -0.1646
vn -0.9510 -0.0000 -0.3092
vn -0.9805 0.0001 0.1963
vn -0.9317 -0.0000 0.3633
vn 0.9510 -0.0000 -0.3092
vn 0.9864 -0.0000 -0.1646
vn -0.0000 1.0000 -0.0000
vn 1.0000 -0.0000 -0.0000
vn -0.0000 -1.0000 -0.0000
vn -1.0000 -0.0000 -0.0000
vn -0.0000 0.8343 0.5513
vn -0.0000 -0.8343 -0.5513
vt 0.294570 0.789063
vt 0.302267 0.789063
vt 0.305561 0.817107
vt 0.295721 0.817107
vt 0.313214 0.789063
vt 0.319557 0.817107
vt 0.321902 0.789063
vt 0.330664 0.817107
vt 0.907944 0.336819
vt 0.907944 0.326098
vt 0.935409 0.329408
vt 0.935409 0.343115
vt 0.907944 0.314214
vt 0.935409 0.314214
vt 0.907944 0.302329
vt 0.935409 0.299019
vt 0.907944 0.291608
vt 0.935409 0.285312
vt 0.037996 0.862804
vt 0.029308 0.862804
vt 0.035651 0.834760
vt 0.046758 0.834760
vt 0.018361 0.862804
vt 0.021655 0.834760
vt 0.010665 0.862804
vt 0.011815 0.834760
vt 0.134530 0.228146
vt 0.139740 0.226677
vt 0.141591 0.232374
vt 0.134530 0.234137
vt 0.864353 0.216500
vt 0.871014 0.218379
vt 0.871014 0.226037
vt 0.861986 0.223783
vt 0.148113 0.222410
vt 0.151634 0.227257
vt 0.853649 0.211046
vt 0.849147 0.217241
vt 0.154757 0.215766
vt 0.159604 0.219287
vt 0.845154 0.202550
vt 0.838958 0.207052
vt 0.159023 0.207393
vt 0.164720 0.209244
vt 0.839699 0.191846
vt 0.832416 0.194213
vt 0.160493 0.198112
vt 0.166484 0.198112
vt 0.837820 0.179980
vt 0.830162 0.179980
vt 0.159023 0.188831
vt 0.164720 0.186980
vt 0.839699 0.168114
vt 0.832416 0.165747
vt 0.154757 0.180458
vt 0.159604 0.176937
vt 0.845154 0.157410
vt 0.838958 0.152908
vt 0.148113 0.173814
vt 0.151634 0.168968
vt 0.853649 0.148915
vt 0.849147 0.142719
vt 0.139740 0.169548
vt 0.141591 0.163851
vt 0.864353 0.143461
vt 0.861986 0.136177
vt 0.134530 0.168078
vt 0.134530 0.162087
vt 0.871014 0.141581
vt 0.871014 0.133923
vt 0.153594 0.902688
vt 0.144567 0.902688
vt 0.147269 0.874952
vt 0.158809 0.874952
vt 0.160757 0.902688
vt 0.167968 0.874952
vt 0.709567 0.613408
vt 0.709567 0.622258
vt 0.682375 0.627454
vt 0.682375 0.616140
vt 0.138951 0.902688
vt 0.140088 0.874952
vt 0.531752 0.812363
vt 0.537368 0.812363
vt 0.540070 0.840099
vt 0.532889 0.840099
vt 0.546395 0.812363
vt 0.551611 0.840099
vt 0.553558 0.812363
vt 0.560769 0.840099
vt 0.709567 0.584939
vt 0.709567 0.593788
vt 0.682375 0.591056
vt 0.682375 0.579742
vt 0.709567 0.603598
vt 0.682375 0.603598
vt 0.808282 0.186763
vt 0.801201 0.213898
vt 0.795159 0.214605
vt 0.800557 0.187668
vt 0.634997 0.972352
vt 0.627927 0.945215
vt 0.635652 0.946123
vt 0.641039 0.973062
vt 0.005857 0.862804
vt 0.005668 0.834760
vt 0.130120 0.168078
vt 0.130120 0.162087
vt 0.526810 0.840099
vt 0.526997 0.812363
vt 0.662929 0.078995
vt 0.662929 0.071337
vt 0.668568 0.071337
vt 0.668568 0.078995
vt 0.289574 0.817107
vt 0.289762 0.789063
vt 0.379023 0.169732
vt 0.379023 0.162074
vt 0.384662 0.162074
vt 0.384662 0.169732
vt 0.134195 0.902688
vt 0.134009 0.874952
vt 0.130120 0.234137
vt 0.130120 0.228146
vt 0.044559 0.941499
vt 0.052396 0.941499
vt 0.052396 0.963644
vt 0.044559 0.963644
vt 0.005668 0.811169
vt 0.011815 0.811169
vt 0.798001 0.165840
vt 0.805726 0.164935
vt 0.532889 0.863430
vt 0.526810 0.863430
vt 0.375134 0.921754
vt 0.382971 0.921754
vt 0.382971 0.943899
vt 0.375134 0.943899
vt 0.134009 0.851621
vt 0.140088 0.851621
vt 0.630492 0.923388
vt 0.638216 0.924296
vt 0.295721 0.840698
vt 0.289574 0.840698
vt 0.052396 0.974685
vt 0.044559 0.974685
vt 0.013441 0.799407
vt 0.019588 0.799407
vt 0.796726 0.154956
vt 0.804451 0.154051
vt 0.540577 0.875063
vt 0.534498 0.875063
vt 0.382971 0.954940
vt 0.375134 0.954940
vt 0.141697 0.839988
vt 0.147776 0.839988
vt 0.631771 0.912505
vt 0.639495 0.913412
vt 0.303494 0.852460
vt 0.297347 0.852460
vt 0.052396 0.988074
vt 0.044559 0.988074
vt 0.013441 0.785144
vt 0.019588 0.785144
vt 0.795181 0.141759
vt 0.802905 0.140854
vt 0.540577 0.889169
vt 0.534498 0.889169
vt 0.382971 0.968329
vt 0.375134 0.968329
vt 0.141697 0.825882
vt 0.147776 0.825882
vt 0.633321 0.899308
vt 0.641046 0.900216
vt 0.303494 0.866722
vt 0.297347 0.866723
s 1
usemtl Swoop
f 4572/8467/3395 4574/8468/3396 4575/8469/3397 4573/8470/3398
f 4574/8468/3396 4576/8471/3399 4577/8472/3400 4575/8469/3397
f 4576/8471/3399 4578/8473/3401 4579/8474/3402 4577/8472/3400
f 4578/8475/3401 4580/8476/3403 4581/8477/3404 4579/8478/3402
f 4580/8476/3403 4582/8479/3405 4583/8480/3405 4581/8477/3404
f 4582/8479/3405 4584/8481/3406 4585/8482/3407 4583/8480/3405
f 4584/8481/3406 4586/8483/3408 4587/8484/3409 4585/8482/3407
f 4586/8485/3408 4588/8486/3410 4589/8487/3411 4587/8488/3409
f 4588/8486/3410 4590/8489/3412 4591/8490/3413 4589/8487/3411
f 4590/8489/3412 4592/8491/3414 4593/8492/3415 4591/8490/3413
f 4550/8493/3416 4551/8494/3416 4574/8495/3416 4572/8496/3416
f 4562/8497/3417 4561/8498/3417 4573/8499/3417 4575/8500/3417
f 4551/8494/3416 4552/8501/3416 4576/8502/3416 4574/8495/3416
f 4563/8503/3417 4562/8497/3417 4575/8500/3417 4577/8504/3417
f 4552/8501/3416 4553/8505/3416 4578/8506/3416 4576/8502/3416
f 4564/8507/3417 4563/8503/3417 4577/8504/3417 4579/8508/3417
f 4553/8505/3416 4554/8509/3416 4580/8510/3416 4578/8506/3416
f 4565/8511/3417 4564/8507/3417 4579/8508/3417 4581/8512/3417
f 4554/8509/3416 4555/8513/3416 4582/8514/3416 4580/8510/3416
f 4566/8515/3417 4565/8511/3417 4581/8512/3417 4583/8516/3417
f 4555/8513/3416 4556/8517/3416 4584/8518/3416 4582/8514/3416
f 4567/8519/3417 4566/8515/3417 4583/8516/3417 4585/8520/3417
f 4556/8517/3416 4557/8521/3416 4586/8522/3416 4584/8518/3416
f 4568/8523/3417 4567/8519/3417 4585/8520/3417 4587/8524/3417
f 4557/8521/3416 4558/8525/3416 4588/8526/3416 4586/8522/3416
f 4569/8527/3417 4568/8523/3417 4587/8524/3417 4589/8528/3417
f 4558/8525/3416 4559/8529/3416 4590/8530/3416 4588/8526/3416
f 4570/8531/3417 4569/8527/3417 4589/8528/3417 4591/8532/3417
f 4559/8529/3416 4560/8533/3416 4592/8534/3416 4590/8530/3416
f 4571/8535/3417 4570/8531/3417 4591/8532/3417 4593/8536/3417
f 4552/8537/3418 4551/8538/3419 4562/8539/3420 4563/8540/3421
f 4553/8541/3422 4552/8537/3418 4563/8540/3421 4564/8542/3423
f 4554/8543/3424 4553/8544/3422 4564/8545/3423 4565/8546/3425
f 4551/8538/3419 4550/8547/3426 4561/8548/3427 4562/8539/3420
f 4560/8549/3428 4559/8550/3429 4570/8551/3430 4571/8552/3431
f 4559/8550/3429 4558/8553/3432 4569/8554/3433 4570/8551/3430
f 4558/8553/3432 4557/8555/3434 4568/8556/3435 4569/8554/3433
f 4557/8557/3434 4556/8558/3436 4567/8559/3437 4568/8560/3435
f 4556/8558/3436 4555/8561/3438 4566/8562/3438 4567/8559/3437
f 4555/8561/3438 4554/8543/3424 4565/8546/3425 4566/8562/3438
f 4595/8563/3439 4594/8564/3440 4596/8565/3440 4597/8566/3441
f 4598/8567/3440 4599/8568/3439 4600/8569/3441 4601/8570/3440
f 4593/8492/3415 4592/8491/3414 4594/8571/3442 4595/8572/3443
f 4592/8534/3416 4560/8533/3416 4596/8573/3416 4594/8574/3416
f 4560/8549/3428 4571/8552/3431 4597/8575/3444 4596/8576/3445
f 4618/8577/3417 4619/8578/3417 4620/8579/3417 4621/8580/3417
f 4572/8467/3395 4573/8470/3398 4599/8581/3446 4598/8582/3447
f 4623/8583/3417 4622/8584/3417 4624/8585/3417 4625/8586/3417
f 4561/8548/3427 4550/8547/3426 4601/8587/3448 4600/8588/3449
f 4550/8493/3416 4572/8496/3416 4598/8589/3416 4601/8590/3416
f 4571/8591/3450 4593/8592/3450 4603/8593/3450 4602/8594/3450
f 4593/8492/3415 4595/8572/3443 4604/8595/3451 4603/8596/3451
f 4595/8563/3439 4597/8566/3441 4605/8597/3452 4604/8598/3452
f 4597/8575/3444 4571/8552/3431 4602/8599/3453 4605/8600/3453
f 4573/8601/3450 4561/8602/3450 4606/8603/3450 4607/8604/3450
f 4561/8548/3427 4600/8588/3449 4608/8605/3451 4606/8606/3451
f 4600/8569/3441 4599/8568/3439 4609/8607/3452 4608/8608/3452
f 4599/8581/3446 4573/8470/3398 4607/8609/3453 4609/8610/3453
f 4602/8594/3454 4603/8593/3454 4611/8611/3454 4610/8612/3454
f 4603/8596/3451 4604/8595/3451 4612/8613/3451 4611/8614/3451
f 4604/8598/3455 4605/8597/3455 4613/8615/3455 4612/8616/3455
f 4605/8600/3453 4602/8599/3453 4610/8617/3453 4613/8618/3453
f 4607/8604/3454 4606/8603/3454 4614/8619/3454 4615/8620/3454
f 4606/8606/3451 4608/8605/3451 4616/8621/3451 4614/8622/3451
f 4608/8608/3455 4609/8607/3455 4617/8623/3455 4616/8624/3455
f 4609/8610/3453 4607/8609/3453 4615/8625/3453 4617/8626/3453
f 4610/8612/3450 4611/8611/3450 4619/8627/3450 4618/8628/3450
f 4611/8614/3451 4612/8613/3451 4620/8629/3451 4619/8630/3451
f 4612/8616/3452 4613/8615/3452 4621/8631/3452 4620/8632/3452
f 4613/8618/3453 4610/8617/3453 4618/8633/3453 4621/8634/3453
f 4615/8620/3450 4614/8619/3450 4622/8635/3450 4623/8636/3450
f 4614/8622/3451 4616/8621/3451 4624/8637/3451 4622/8638/3451
f 4616/8624/3452 4617/8623/3452 4625/8639/3452 4624/8640/3452
f 4617/8626/3453 4615/8625/3453 4623/8641/3453 4625/8642/3453
o pCube3
v 0.002320 0.005297 0.013292
v 0.002725 0.005205 0.013292
v 0.002196 0.007089 0.013292
v 0.002607 0.007147 0.013292
v 0.002251 0.007138 0.011587
v 0.002691 0.007200 0.011587
v 0.002384 0.005219 0.011587
v 0.002817 0.005121 0.011587
v 0.002404 0.006183 0.013292
v 0.002819 0.006183 0.013292
v 0.002918 0.006167 0.011587
v 0.002473 0.006167 0.011587
v 0.001998 0.008228 0.013292
v 0.002409 0.008286 0.013292
v 0.002479 0.008419 0.011587
v 0.002039 0.008358 0.011587
v 0.001639 0.009426 0.013292
v 0.002034 0.009550 0.013292
v 0.002077 0.009773 0.011587
v 0.001654 0.009640 0.011587
v 0.001232 0.010412 0.013292
v 0.001414 0.010773 0.013292
v 0.001414 0.011083 0.011587
v 0.001218 0.010696 0.011587
v -0.000033 0.010611 0.013292
v -0.000033 0.010972 0.013292
v -0.000033 0.011296 0.011587
v -0.000033 0.010910 0.011587
v 0.002141 0.004218 0.011587
v 0.002574 0.004120 0.011587
v 0.002498 0.004270 0.013292
v 0.002094 0.004362 0.013292
v 0.001644 0.003133 0.011587
v 0.002016 0.002897 0.011587
v 0.001976 0.003128 0.013292
v 0.001629 0.003348 0.013292
v 0.000950 0.002038 0.011587
v 0.000950 0.001613 0.011587
v 0.000981 0.001929 0.013292
v 0.000981 0.002327 0.013292
v 0.000370 0.001922 0.011587
v 0.000370 0.001497 0.011587
v 0.000439 0.001821 0.013292
v 0.000439 0.002218 0.013292
v -0.000033 0.001922 0.011587
v -0.000033 0.001497 0.011587
v -0.000033 0.001821 0.013292
v -0.000033 0.002218 0.013292
v 0.000572 0.010561 0.013292
v 0.000654 0.010922 0.013292
v 0.000600 0.011242 0.011587
v 0.000511 0.010856 0.011587
v 0.001524 0.005758 0.019211
v 0.001796 0.005757 0.019210
v 0.001650 0.006440 0.019212
v 0.001381 0.006396 0.019214
v 0.001466 0.005132 0.019213
v 0.001731 0.005063 0.019211
v 0.001512 0.007232 0.019216
v 0.001245 0.007181 0.019218
v 0.001244 0.008045 0.019224
v 0.000997 0.007946 0.019225
v 0.000836 0.008714 0.019229
v 0.000730 0.008478 0.019229
v 0.000348 0.008544 0.019229
v 0.000395 0.008771 0.019229
v -0.000033 0.008836 0.019229
v -0.000033 0.008604 0.019229
v 0.001305 0.004494 0.019218
v 0.001568 0.004420 0.019215
v 0.000980 0.003892 0.019227
v 0.001190 0.003739 0.019227
v 0.000574 0.003407 0.019227
v 0.000572 0.003178 0.019226
v 0.000274 0.003367 0.019226
v 0.000274 0.003133 0.019225
v -0.000033 0.003347 0.019227
v -0.000033 0.003110 0.019226
v 0.001321 0.005768 0.019901
v 0.001550 0.005767 0.019992
v 0.001418 0.006388 0.019928
v 0.001196 0.006349 0.019841
v 0.001270 0.005198 0.019876
v 0.001491 0.005136 0.019963
v 0.001297 0.007099 0.019869
v 0.001079 0.007059 0.019786
v 0.001077 0.007838 0.019763
v 0.000876 0.007760 0.019690
v 0.000740 0.008456 0.019604
v 0.000654 0.008259 0.019578
v 0.000333 0.008381 0.019477
v 0.000373 0.008584 0.019488
v -0.000033 0.008728 0.019401
v -0.000033 0.008504 0.019400
v 0.001135 0.004616 0.019812
v 0.001351 0.004554 0.019895
v 0.000869 0.004045 0.019685
v 0.001044 0.003911 0.019747
v 0.000526 0.003586 0.019512
v 0.000524 0.003378 0.019505
v 0.000269 0.003504 0.019432
v 0.000270 0.003285 0.019430
v -0.000033 0.003442 0.019381
v -0.000033 0.003216 0.019379
v 0.000843 0.005783 0.020195
v 0.000965 0.005784 0.020289
v 0.000896 0.006315 0.020214
v 0.000775 0.006289 0.020122
v 0.000816 0.005288 0.020165
v 0.000934 0.005245 0.020255
v 0.000833 0.006937 0.020147
v 0.000711 0.006920 0.020055
v 0.000713 0.007616 0.020022
v 0.000597 0.007575 0.019935
v 0.000521 0.008255 0.019826
v 0.000468 0.008089 0.019794
v 0.000263 0.008256 0.019643
v 0.000289 0.008441 0.019660
v -0.000033 0.008643 0.019518
v -0.000033 0.008425 0.019517
v 0.000742 0.004770 0.020087
v 0.000861 0.004736 0.020177
v 0.000593 0.004223 0.019929
v 0.000695 0.004128 0.020003
v 0.000390 0.003707 0.019707
v 0.000389 0.003514 0.019695
v 0.000223 0.003599 0.019576
v 0.000223 0.003390 0.019572
v -0.000033 0.003512 0.019488
v -0.000033 0.003293 0.019485
v 0.000534 0.005788 0.020352
v 0.000607 0.005789 0.020465
v 0.000569 0.006295 0.020397
v 0.000497 0.006268 0.020284
v 0.000519 0.005319 0.020325
v 0.000590 0.005276 0.020435
v 0.000534 0.006893 0.020333
v 0.000462 0.006871 0.020219
v 0.000467 0.007557 0.020212
v 0.000397 0.007505 0.020102
v 0.000356 0.008199 0.020013
v 0.000324 0.008030 0.019972
v 0.000203 0.008164 0.019791
v 0.000218 0.008343 0.019809
v -0.000033 0.008528 0.019667
v -0.000033 0.008320 0.019666
v 0.000479 0.004824 0.020251
v 0.000549 0.004784 0.020362
v 0.000395 0.004287 0.020100
v 0.000457 0.004185 0.020194
v 0.000279 0.003744 0.019890
v 0.000279 0.003555 0.019874
v 0.000180 0.003667 0.019724
v 0.000181 0.003465 0.019719
v -0.000033 0.003596 0.019627
v -0.000033 0.003386 0.019623
v -0.000033 0.005788 0.020588
v -0.000033 0.005789 0.020709
v -0.000033 0.006295 0.020635
v -0.000033 0.006268 0.020515
v -0.000033 0.005319 0.020559
v -0.000033 0.005276 0.020676
v -0.000033 0.006893 0.020566
v -0.000033 0.006871 0.020445
v -0.000033 0.007557 0.020436
v -0.000033 0.007505 0.020318
v -0.000033 0.008199 0.020221
v -0.000033 0.008030 0.020178
v -0.000033 0.008150 0.019979
v -0.000033 0.008338 0.020004
v -0.000033 0.008429 0.019814
v -0.000033 0.008228 0.019813
v -0.000033 0.004824 0.020479
v -0.000033 0.004784 0.020597
v -0.000033 0.004287 0.020316
v -0.000033 0.004185 0.020416
v -0.000033 0.003744 0.020090
v -0.000033 0.003555 0.020070
v -0.000033 0.003667 0.019914
v -0.000033 0.003465 0.019906
v -0.000033 0.003653 0.019779
v -0.000033 0.003449 0.019773
v 0.001868 0.007089 0.012612
v 0.002086 0.007138 0.012367
v 0.001699 0.008228 0.012512
v 0.001905 0.008358 0.012260
v 0.002224 0.005219 0.012407
v 0.001964 0.005297 0.012613
v 0.002037 0.004218 0.012257
v 0.001790 0.004362 0.012472
v 0.001565 0.006927 0.010443
v 0.001782 0.006976 0.010198
v 0.001395 0.008066 0.010344
v 0.001601 0.008195 0.010092
v 0.002080 0.005440 0.010114
v 0.001820 0.005518 0.010320
v 0.001893 0.004439 0.009964
v 0.001646 0.004583 0.010180
vn -1.0000 -0.0000 -0.0000
vn -0.0000 -0.0000 -1.0000
vn 0.9875 0.0640 0.1439
vn 0.9966 0.0591 0.0572
vn 0.9801 0.1908 0.0541
vn 0.9712 0.1877 0.1471
vn -0.9969 -0.0680 -0.0400
vn -0.9898 -0.0729 -0.1226
vn -0.9709 -0.1944 -0.1400
vn -0.9740 -0.2233 -0.0376
vn 0.9775 -0.1626 0.1345
vn 0.9840 -0.1671 0.0614
vn -0.9947 0.0938 -0.0413
vn -0.9804 0.1544 -0.1227
vn 0.9705 0.2341 0.0581
vn 0.9594 0.2360 0.1544
vn -0.7202 -0.1658 -0.6737
vn 0.9237 0.3763 0.0726
vn 0.9061 0.3826 0.1805
vn -0.9568 -0.2872 -0.0446
vn -0.9584 -0.2449 -0.1467
vn -0.9279 -0.3413 -0.1500
vn -0.9412 -0.3341 -0.0504
vn 0.8892 0.4503 0.0815
vn 0.8679 0.4602 0.1870
vn -0.9067 -0.3930 -0.1533
vn -0.9229 -0.3808 -0.0561
vn 0.1326 0.9450 0.2991
vn 0.1370 0.9741 0.1797
vn 0.0772 0.9799 0.1839
vn 0.0919 0.9490 0.3017
vn -0.1574 -0.9738 -0.1640
vn -0.1535 -0.9474 -0.2808
vn -0.1011 -0.9535 -0.2841
vn -0.0888 -0.9816 -0.1692
vn 0.9291 -0.3445 0.1344
vn 0.9370 -0.3418 0.0720
vn -0.5634 0.2245 -0.7951
vn 0.8163 -0.5584 0.1482
vn 0.8309 -0.5485 0.0935
vn -0.9275 0.3534 -0.1220
vn -0.9075 0.4157 -0.0603
vn -0.8732 0.4825 -0.0685
vn -0.8595 0.4965 -0.1215
vn 0.7385 -0.6563 0.1545
vn 0.7651 -0.6354 0.1038
vn -0.8421 0.5341 -0.0748
vn -0.8207 0.5572 -0.1262
vn 0.1937 -0.9652 0.1755
vn 0.1809 -0.9619 0.2048
vn 0.1081 -0.9725 0.2065
vn 0.1065 -0.9776 0.1814
vn -0.1773 0.9672 -0.1817
vn -0.1943 0.9678 -0.1600
vn -0.1070 0.9804 -0.1657
vn -0.1054 0.9774 -0.1833
vn 0.0216 -0.9779 0.2077
vn -0.0000 -0.9824 0.1866
vn -0.0000 0.9853 -0.1709
vn -0.0196 0.9826 -0.1844
vn 0.1678 0.9400 0.2972
vn 0.1898 0.9660 0.1754
vn -0.2179 -0.9630 -0.1588
vn -0.1995 -0.9394 -0.2788
vn 0.9632 0.1887 0.1912
vn 0.9811 0.0534 0.1858
vn -0.9849 -0.0618 -0.1620
vn -0.9670 -0.1925 -0.1668
vn 0.9705 -0.1670 0.1741
vn -0.9741 0.1697 -0.1494
vn 0.9529 0.2289 0.1991
vn -0.9582 -0.2273 -0.1736
vn 0.9002 0.3711 0.2277
vn -0.9222 -0.3347 -0.1937
vn 0.8509 0.4643 0.2458
vn -0.8934 -0.3987 -0.2072
vn 0.0980 0.9329 0.3465
vn 0.1291 0.9282 0.3490
vn -0.1507 -0.9324 -0.3286
vn -0.1062 -0.9391 -0.3269
vn -0.9269 0.3455 -0.1466
vn 0.9193 -0.3540 0.1717
vn -0.8495 0.5046 -0.1537
vn 0.8029 -0.5674 0.1830
vn -0.8068 0.5693 -0.1584
vn 0.6032 -0.7706 0.2057
vn -0.1014 0.9744 -0.2005
vn -0.1693 0.9649 -0.2008
vn 0.1084 -0.9678 0.2272
vn -0.0270 0.9797 -0.1985
vn 0.0298 -0.9739 0.2249
vn 0.1572 0.9237 0.3492
vn -0.1908 -0.9250 -0.3287
vn 0.9296 0.1932 0.3140
vn 0.9498 0.0580 0.3074
vn -0.9556 -0.0653 -0.2872
vn -0.9370 -0.1943 -0.2902
vn 0.9354 -0.1597 0.3153
vn -0.9420 0.1594 -0.2952
vn 0.9114 0.2257 0.3442
vn -0.9235 -0.2193 -0.3146
vn 0.7057 0.3624 0.6087
vn -0.7615 -0.3351 -0.5549
vn 0.5342 0.5698 0.6245
vn -0.7340 -0.4193 -0.5342
vn 0.1473 0.7955 0.5878
vn 0.1090 0.7828 0.6126
vn -0.1388 -0.8058 -0.5757
vn -0.1525 -0.8201 -0.5516
vn -0.8904 0.3239 -0.3199
vn 0.8763 -0.3373 0.3440
vn -0.6660 0.4970 -0.5563
vn 0.6029 -0.5311 0.5954
vn -0.5108 0.6598 -0.5511
vn 0.4316 -0.6896 0.5815
vn -0.0877 0.8297 -0.5513
vn 0.1011 -0.7952 0.5978
vn -0.0729 0.8338 -0.5472
vn 0.0780 -0.8043 0.5891
vn -0.1262 -0.7956 -0.5925
vn 0.4548 0.0437 0.8895
vn 0.4584 0.1649 0.8733
vn 0.4643 0.1598 0.8712
vn 0.4547 0.0498 0.8893
vn -0.5317 -0.1697 -0.8297
vn -0.5267 -0.0510 -0.8485
vn -0.5057 -0.0563 -0.8609
vn -0.5158 -0.1638 -0.8409
vn 0.4399 -0.1414 0.8869
vn 0.4460 -0.1320 0.8853
vn -0.5116 0.1462 -0.8467
vn -0.4962 0.1352 -0.8576
vn 0.4541 0.2013 0.8679
vn 0.4769 0.1860 0.8591
vn -0.5304 -0.2043 -0.8228
vn -0.5301 -0.1867 -0.8271
vn 0.4758 0.2958 0.8283
vn -0.5384 -0.2775 -0.7957
vn 0.3845 0.4897 0.7826
vn -0.5329 -0.3507 -0.7701
vn 0.1728 0.7577 0.6293
vn 0.1370 0.7594 0.6360
vn -0.1576 -0.7791 -0.6068
vn -0.1750 -0.7855 -0.5935
vn -0.4743 0.2933 -0.8301
vn -0.4824 0.2699 -0.8333
vn 0.4009 -0.2894 0.8692
vn 0.4319 -0.2709 0.8603
vn -0.4823 0.4128 -0.7726
vn 0.4119 -0.4384 0.7988
vn -0.4166 0.5915 -0.6904
vn 0.3390 -0.6112 0.7152
vn -0.1059 0.8483 -0.5188
vn 0.1259 -0.8136 0.5676
vn -0.0910 0.8431 -0.5300
vn 0.0975 -0.8140 0.5726
vn -0.1566 -0.7851 -0.5993
vn 0.4064 0.1358 0.9036
vn 0.3957 0.0416 0.9174
vn -0.4177 -0.0474 -0.9074
vn -0.4302 -0.1381 -0.8921
vn 0.3960 -0.1143 0.9111
vn -0.4181 0.1155 -0.9010
vn 0.4283 0.1608 0.8892
vn -0.4540 -0.1596 -0.8766
vn 0.4554 0.2584 0.8519
vn -0.4856 -0.2307 -0.8432
vn 0.4817 0.3338 0.8102
vn -0.5233 -0.2757 -0.8063
vn 0.2389 0.7861 0.5701
vn 0.2516 0.8217 0.5113
vn -0.2524 -0.8252 -0.5053
vn -0.2279 -0.8066 -0.5455
vn -0.4323 0.2315 -0.8715
vn 0.4100 -0.2369 0.8808
vn -0.4706 0.3455 -0.8119
vn 0.4375 -0.3898 0.8103
vn -0.5187 0.4079 -0.7514
vn 0.4475 -0.5595 0.6976
vn -0.1883 0.9107 -0.3678
vn -0.2363 0.9066 -0.3495
vn 0.2234 -0.8807 0.4177
vn -0.1139 0.9047 -0.4106
vn 0.1239 -0.8847 0.4493
vn 0.2605 0.8330 0.4881
vn -0.2692 -0.8310 -0.4867
vn 0.3647 0.1275 0.9224
vn 0.3594 0.0378 0.9324
vn -0.3890 -0.0433 -0.9202
vn -0.3963 -0.1302 -0.9088
vn 0.3603 -0.1072 0.9267
vn -0.3903 0.1083 -0.9143
vn 0.3789 0.1510 0.9131
vn -0.4138 -0.1508 -0.8978
vn 0.3991 0.2425 0.8843
vn -0.4374 -0.2154 -0.8731
vn 0.4145 0.3115 0.8551
vn -0.4583 -0.2514 -0.8525
vn 0.2928 0.8329 0.4697
vn 0.2880 0.8355 0.4680
vn -0.2869 -0.8373 -0.4654
vn -0.2714 -0.8459 -0.4591
vn -0.4021 0.2174 -0.8894
vn 0.3702 -0.2222 0.9020
vn -0.4291 0.3217 -0.8440
vn 0.3915 -0.3652 0.8446
vn -0.4548 0.3741 -0.8082
vn 0.4082 -0.4713 0.7819
vn -0.2292 0.9188 -0.3212
vn -0.2497 0.9078 -0.3369
vn 0.2934 -0.8675 0.4016
vn 0.2673 -0.8857 0.3795
vn -0.1255 0.9626 -0.2403
vn 0.1377 -0.9539 0.2667
vn 0.2868 0.8361 0.4676
vn -0.2905 -0.8352 -0.4669
vn -0.0104 -0.9986 -0.0517
vn 0.1315 -0.9913 -0.0057
vn 0.1727 -0.9849 0.0078
vn -0.9111 -0.1297 0.3912
vn -0.9691 -0.1328 0.2079
vn -0.9668 -0.1327 0.2184
vn -0.0314 0.9914 0.1274
vn -0.9662 -0.1644 -0.1986
vn -0.0231 0.9961 -0.0850
vn 0.2376 0.9710 0.0256
vn 0.2032 0.9791 0.0106
vn -0.9607 0.2189 -0.1704
vn -0.0518 -0.9887 0.1403
vn -0.9029 0.1639 0.3973
vn -0.9698 0.1711 0.1738
vn -0.9734 0.1713 0.1521
vn 0.2579 -0.9655 0.0360
vn -0.9802 -0.1327 0.1472
vn -0.5244 0.8514 0.0098
vn 0.9802 0.1327 -0.1472
vn 0.3367 0.9390 0.0693
vn 0.9821 -0.1714 -0.0782
vn -0.5339 -0.8442 -0.0478
vn -0.9821 0.1714 0.0782
vt 0.092705 0.663030
vt 0.093870 0.663037
vt 0.093158 0.667933
vt 0.091997 0.667669
vt 0.022152 0.709671
vt 0.022152 0.713162
vt 0.005668 0.716294
vt 0.005668 0.712556
vt 0.875581 0.734412
vt 0.879836 0.733814
vt 0.882032 0.743797
vt 0.877732 0.743797
vt 0.005668 0.625647
vt 0.005668 0.621534
vt 0.022152 0.624666
vt 0.022152 0.628506
vt 0.163314 0.691999
vt 0.180666 0.691845
vt 0.180666 0.702353
vt 0.163314 0.701813
vt 0.518090 0.765423
vt 0.518243 0.748150
vt 0.527428 0.748150
vt 0.527925 0.765423
vt 0.092421 0.658499
vt 0.093553 0.658074
vt 0.163314 0.682052
vt 0.180666 0.681194
vt 0.881054 0.753915
vt 0.876868 0.752964
vt 0.508484 0.765423
vt 0.509273 0.748150
vt 0.092493 0.673716
vt 0.091322 0.673499
vt 0.180666 0.714767
vt 0.163314 0.713406
vt 0.873531 0.722619
vt 0.877787 0.722022
vt 0.286332 0.066267
vt 0.285684 0.063776
vt 0.297463 0.064134
vt 0.298945 0.066650
vt 0.091232 0.680137
vt 0.090097 0.679630
vt 0.180666 0.728548
vt 0.163314 0.726276
vt 0.869809 0.710215
vt 0.873899 0.708930
vt 0.540282 0.765423
vt 0.538969 0.748150
vt 0.551108 0.748150
vt 0.553280 0.765423
vt 0.089152 0.686347
vt 0.088742 0.684706
vt 0.180666 0.741877
vt 0.163314 0.738724
vt 0.865596 0.700006
vt 0.867487 0.696268
vt 0.561098 0.748150
vt 0.563978 0.765423
vt 0.086811 0.685870
vt 0.087053 0.687690
vt 0.085215 0.688569
vt 0.085205 0.686625
vt 0.385911 0.127746
vt 0.385365 0.144830
vt 0.379023 0.144830
vt 0.379023 0.127746
vt 0.859615 0.694721
vt 0.858762 0.698459
vt 0.853496 0.697940
vt 0.853496 0.694201
vt 0.932836 0.529249
vt 0.933439 0.546300
vt 0.927390 0.546300
vt 0.927390 0.529249
vt 0.878705 0.763599
vt 0.874519 0.762647
vt 0.163314 0.672533
vt 0.180666 0.671001
vt 0.091648 0.653712
vt 0.092791 0.653325
vt 0.426092 0.414390
vt 0.425119 0.416477
vt 0.414547 0.417268
vt 0.416218 0.415129
vt 0.873306 0.775426
vt 0.869711 0.773142
vt 0.163314 0.660906
vt 0.180666 0.658551
vt 0.090078 0.648516
vt 0.091040 0.647524
vt 0.499796 0.748150
vt 0.498337 0.765423
vt 0.487339 0.765423
vt 0.489525 0.748150
vt 0.863000 0.787836
vt 0.863000 0.783724
vt 0.163314 0.648705
vt 0.180666 0.645487
vt 0.087885 0.643264
vt 0.087697 0.641438
vt 0.476251 0.765423
vt 0.479170 0.748150
vt 0.857392 0.788962
vt 0.857392 0.784849
vt 0.972215 0.005653
vt 0.972529 0.022693
vt 0.967115 0.022693
vt 0.966419 0.005653
vt 0.086182 0.642521
vt 0.086112 0.640563
vt 0.956866 0.755097
vt 0.956556 0.771958
vt 0.950820 0.771958
vt 0.951509 0.755097
vt 0.853496 0.788962
vt 0.853496 0.784849
vt 0.962392 0.022693
vt 0.962392 0.005653
vt 0.084883 0.642384
vt 0.084825 0.640413
vt 0.946835 0.771958
vt 0.946835 0.755097
vt 0.393530 0.127746
vt 0.393523 0.144830
vt 0.939905 0.529249
vt 0.940041 0.546300
vt 0.103051 0.694619
vt 0.103077 0.687669
vt 0.513938 0.688170
vt 0.520404 0.688138
vt 0.103066 0.680608
vt 0.507603 0.688157
vt 0.103018 0.702680
vt 0.528360 0.688103
vt 0.102937 0.710962
vt 0.536113 0.688033
vt 0.102881 0.717769
vt 0.541499 0.687991
vt 0.379023 0.068246
vt 0.383316 0.068247
vt 0.079562 0.690258
vt 0.079562 0.692503
vt 0.931203 0.605683
vt 0.927390 0.605684
vt 0.501138 0.688106
vt 0.103018 0.674059
vt 0.495031 0.688009
vt 0.102903 0.667130
vt 0.490120 0.688013
vt 0.102909 0.661418
vt 0.949876 0.696409
vt 0.952836 0.696396
vt 0.968441 0.082009
vt 0.965466 0.081999
vt 0.946835 0.696398
vt 0.079536 0.637137
vt 0.079538 0.639421
vt 0.962392 0.082009
vt 0.387734 0.068246
vt 0.935018 0.605684
vt 0.095770 0.694087
vt 0.095118 0.687773
vt 0.514041 0.681179
vt 0.519928 0.681785
vt 0.095411 0.681343
vt 0.508265 0.681430
vt 0.096367 0.701330
vt 0.527126 0.682343
vt 0.097447 0.708847
vt 0.534226 0.683320
vt 0.099066 0.715144
vt 0.539284 0.684449
vt 0.379023 0.066526
vt 0.383098 0.065646
vt 0.081219 0.689290
vt 0.081221 0.691454
vt 0.931052 0.608169
vt 0.927390 0.607398
vt 0.502371 0.682080
vt 0.096102 0.675418
vt 0.496583 0.683371
vt 0.097605 0.668877
vt 0.491931 0.685125
vt 0.100066 0.663456
vt 0.949827 0.694369
vt 0.952361 0.693577
vt 0.967960 0.084800
vt 0.965417 0.084041
vt 0.946835 0.694871
vt 0.081017 0.638162
vt 0.081032 0.640348
vt 0.962392 0.083541
vt 0.386776 0.064490
vt 0.934262 0.609180
vt 0.022082 0.335596
vt 0.020711 0.342027
vt 0.015303 0.341271
vt 0.016018 0.335769
vt 0.514192 0.678200
vt 0.519322 0.678937
vt 0.021467 0.329047
vt 0.015698 0.330185
vt 0.509177 0.678504
vt 0.019459 0.349403
vt 0.014642 0.347717
vt 0.525721 0.679621
vt 0.017176 0.357060
vt 0.013407 0.354757
vt 0.532348 0.680841
vt 0.013687 0.363472
vt 0.011414 0.361381
vt 0.557635 0.005653
vt 0.557636 0.011612
vt 0.554034 0.012225
vt 0.555027 0.006522
vt 0.379023 0.065351
vt 0.382256 0.063927
vt 0.082351 0.688533
vt 0.082355 0.690635
vt 0.930351 0.609828
vt 0.927390 0.608570
vt 0.503928 0.679297
vt 0.020016 0.323012
vt 0.014937 0.324898
vt 0.503965 0.041184
vt 0.501197 0.047129
vt 0.498327 0.045282
vt 0.499877 0.039585
vt 0.016839 0.316350
vt 0.013221 0.318595
vt 0.955757 0.691865
vt 0.951019 0.691643
vt 0.953030 0.689451
vt 0.973163 0.087217
vt 0.969674 0.089777
vt 0.966613 0.086698
vt 0.949369 0.692942
vt 0.964956 0.085466
vt 0.946835 0.693816
vt 0.082038 0.638905
vt 0.082063 0.641020
vt 0.962392 0.084596
vt 0.384579 0.062261
vt 0.932400 0.611333
vt 0.011908 0.341066
vt 0.012300 0.335817
vt 0.500223 0.023772
vt 0.500928 0.029041
vt 0.497715 0.028986
vt 0.497326 0.023992
vt 0.012125 0.330497
vt 0.500642 0.034193
vt 0.497559 0.033864
vt 0.011543 0.347267
vt 0.519107 0.677299
vt 0.525216 0.677955
vt 0.010849 0.354151
vt 0.531641 0.679145
vt 0.009706 0.360809
vt 0.537564 0.682268
vt 0.536960 0.680465
vt 0.379023 0.063858
vt 0.381545 0.062430
vt 0.083789 0.687510
vt 0.083795 0.689527
vt 0.929747 0.611311
vt 0.927390 0.610056
vt 0.497135 0.039016
vt 0.011707 0.325405
vt 0.496268 0.044609
vt 0.010744 0.319186
vt 0.496211 0.050646
vt 0.495055 0.050263
vt 0.967286 0.091683
vt 0.965513 0.088479
vt 0.948947 0.691475
vt 0.949921 0.689841
vt 0.964531 0.086930
vt 0.946835 0.692434
vt 0.083374 0.639798
vt 0.083414 0.641830
vt 0.962392 0.085977
vt 0.382927 0.060388
vt 0.930961 0.613113
vt 0.005668 0.341066
vt 0.005668 0.335817
vt 0.491808 0.028986
vt 0.491808 0.023992
vt 0.005668 0.330497
vt 0.491808 0.033864
vt 0.005668 0.347267
vt 0.496957 0.017717
vt 0.491808 0.017717
vt 0.005668 0.354151
vt 0.496285 0.011117
vt 0.491808 0.011117
vt 0.005668 0.360809
vt 0.495525 0.005653
vt 0.491808 0.005653
vt 0.379023 0.062387
vt 0.379023 0.060482
vt 0.927390 0.613183
vt 0.927390 0.611521
vt 0.491808 0.039016
vt 0.005668 0.325405
vt 0.491808 0.044609
vt 0.005668 0.319186
vt 0.491808 0.050263
vt 0.008905 0.312661
vt 0.005668 0.312661
vt 0.946835 0.689603
vt 0.946835 0.687861
vt 0.962392 0.090445
vt 0.962392 0.088807
vt 0.946835 0.690931
vt 0.962392 0.087477
vt 0.379023 0.058306
vt 0.927390 0.615180
vt 0.656372 0.036568
vt 0.653520 0.053054
vt 0.651262 0.046000
vt 0.653710 0.043918
vt 0.285686 0.034363
vt 0.297407 0.033697
vt 0.297863 0.041721
vt 0.286084 0.041362
vt 0.778929 0.161067
vt 0.778930 0.178339
vt 0.777737 0.171490
vt 0.775714 0.168891
vt 0.519032 0.017651
vt 0.519032 0.005653
vt 0.526702 0.005653
vt 0.525654 0.017651
vt 0.662148 0.034841
vt 0.663842 0.051712
vt 0.661741 0.043680
vt 0.659040 0.041802
vt 0.503475 0.052084
vt 0.503475 0.042203
vt 0.510080 0.042203
vt 0.511563 0.052084
vt 0.779080 0.120062
vt 0.779083 0.137666
vt 0.775714 0.129295
vt 0.778200 0.126999
vt 0.416334 0.382463
vt 0.426098 0.383190
vt 0.425570 0.390282
vt 0.415697 0.391021
vt 0.651264 0.024519
vt 0.653712 0.022437
vt 0.299344 0.044237
vt 0.511542 0.659736
vt 0.499586 0.659883
vt 0.499590 0.638642
vt 0.511546 0.638494
vt 0.661745 0.066514
vt 0.659044 0.064636
vt 0.744601 0.093101
vt 0.745122 0.083234
vt 0.767596 0.083229
vt 0.767075 0.093096
vt 0.414026 0.393160
s 1
usemtl Swoop
f 4782/8643/3456 4783/8644/3456 4784/8645/3456 4785/8646/3456
f 4650/8647/3456 4651/8648/3456 4652/8649/3456 4653/8650/3456
f 4630/8651/3457 4631/8652/3457 4636/8653/3457 4637/8654/3457
f 4670/8655/3456 4671/8656/3456 4672/8657/3456 4673/8658/3456
f 4635/8659/3458 4636/8660/3459 4631/8661/3460 4629/8662/3461
f 4637/8663/3462 4634/8664/3463 4628/8665/3464 4630/8666/3465
f 4786/8667/3456 4787/8668/3456 4783/8644/3456 4782/8643/3456
f 4627/8669/3466 4633/8670/3467 4636/8660/3459 4635/8659/3458
f 4637/8654/3457 4636/8653/3457 4633/8671/3457 4632/8672/3457
f 4632/8673/3468 4626/8674/3469 4634/8664/3463 4637/8663/3462
f 4785/8646/3456 4784/8645/3456 4788/8675/3456 4789/8676/3456
f 4629/8662/3461 4631/8661/3460 4640/8677/3470 4639/8678/3471
f 4631/8652/3457 4630/8651/3457 4641/8679/3457 4640/8680/3457
f 4817/8681/3472 4816/8682/3472 4818/8683/3472 4819/8684/3472
f 4789/8676/3456 4788/8675/3456 4790/8685/3456 4791/8686/3456
f 4639/8678/3471 4640/8677/3470 4644/8687/3473 4643/8688/3474
f 4640/8680/3457 4641/8679/3457 4645/8689/3457 4644/8690/3457
f 4641/8691/3475 4638/8692/3476 4642/8693/3477 4645/8694/3478
f 4791/8686/3456 4790/8685/3456 4792/8695/3456 4793/8696/3456
f 4643/8688/3474 4644/8687/3473 4648/8697/3479 4647/8698/3480
f 4644/8690/3457 4645/8689/3457 4649/8699/3457 4648/8700/3457
f 4645/8694/3478 4642/8693/3477 4646/8701/3481 4649/8702/3482
f 4794/8703/3456 4795/8704/3456 4796/8705/3456 4797/8706/3456
f 4675/8707/3483 4676/8708/3484 4652/8709/3485 4651/8710/3486
f 4676/8711/3457 4677/8712/3457 4653/8713/3457 4652/8714/3457
f 4677/8715/3487 4674/8716/3488 4650/8717/3489 4653/8718/3490
f 4632/8672/3457 4633/8671/3457 4655/8719/3457 4654/8720/3457
f 4633/8670/3467 4627/8669/3466 4656/8721/3491 4655/8722/3492
f 4787/8668/3456 4786/8667/3456 4798/8723/3456 4799/8724/3456
f 4821/8725/3493 4820/8726/3493 4822/8727/3493 4823/8728/3493
f 4654/8720/3457 4655/8719/3457 4659/8729/3457 4658/8730/3457
f 4655/8722/3492 4656/8721/3491 4660/8731/3494 4659/8732/3495
f 4799/8724/3456 4798/8723/3456 4800/8733/3456 4801/8734/3456
f 4657/8735/3496 4654/8736/3497 4658/8737/3498 4661/8738/3499
f 4658/8730/3457 4659/8729/3457 4663/8739/3457 4662/8740/3457
f 4659/8732/3495 4660/8731/3494 4664/8741/3500 4663/8742/3501
f 4801/8734/3456 4800/8733/3456 4802/8743/3456 4803/8744/3456
f 4661/8738/3499 4658/8737/3498 4662/8745/3502 4665/8746/3503
f 4662/8740/3457 4663/8739/3457 4667/8747/3457 4666/8748/3457
f 4663/8749/3504 4664/8750/3505 4668/8751/3506 4667/8752/3507
f 4803/8744/3456 4802/8743/3456 4804/8753/3456 4805/8754/3456
f 4665/8755/3508 4662/8756/3509 4666/8757/3510 4669/8758/3511
f 4666/8748/3457 4667/8747/3457 4671/8759/3457 4670/8760/3457
f 4667/8752/3507 4668/8751/3506 4672/8761/3512 4671/8762/3513
f 4805/8754/3456 4804/8753/3456 4806/8763/3456 4807/8764/3456
f 4669/8758/3511 4666/8757/3510 4670/8765/3514 4673/8766/3515
f 4793/8696/3456 4792/8695/3456 4795/8704/3456 4794/8703/3456
f 4647/8767/3516 4648/8768/3517 4676/8708/3484 4675/8707/3483
f 4648/8700/3457 4649/8699/3457 4677/8712/3457 4676/8711/3457
f 4649/8769/3518 4646/8770/3519 4674/8716/3488 4677/8715/3487
f 4635/8659/3458 4629/8662/3461 4680/8771/3520 4679/8772/3521
f 4628/8665/3464 4634/8664/3463 4678/8773/3522 4681/8774/3523
f 4627/8669/3466 4635/8659/3458 4679/8772/3521 4683/8775/3524
f 4634/8664/3463 4626/8674/3469 4682/8776/3525 4678/8773/3522
f 4629/8662/3461 4639/8678/3471 4684/8777/3526 4680/8771/3520
f 4638/8692/3476 4628/8665/3464 4681/8774/3523 4685/8778/3527
f 4639/8678/3471 4643/8688/3474 4686/8779/3528 4684/8777/3526
f 4642/8693/3477 4638/8692/3476 4685/8778/3527 4687/8780/3529
f 4643/8688/3474 4647/8698/3480 4688/8781/3530 4686/8779/3528
f 4646/8701/3481 4642/8693/3477 4687/8780/3529 4689/8782/3531
f 4675/8707/3483 4651/8710/3486 4692/8783/3532 4691/8784/3533
f 4651/8648/3456 4650/8647/3456 4693/8785/3456 4692/8786/3456
f 4650/8717/3489 4674/8716/3488 4690/8787/3534 4693/8788/3535
f 4626/8674/3469 4657/8735/3496 4694/8789/3536 4682/8776/3525
f 4656/8721/3491 4627/8669/3466 4683/8775/3524 4695/8790/3537
f 4657/8735/3496 4661/8738/3499 4696/8791/3538 4694/8789/3536
f 4660/8731/3494 4656/8721/3491 4695/8790/3537 4697/8792/3539
f 4661/8738/3499 4665/8746/3503 4698/8793/3540 4696/8791/3538
f 4664/8741/3500 4660/8731/3494 4697/8792/3539 4699/8794/3541
f 4665/8755/3508 4669/8758/3511 4700/8795/3542 4698/8796/3543
f 4668/8751/3506 4664/8750/3505 4699/8797/3541 4701/8798/3544
f 4669/8758/3511 4673/8766/3515 4702/8799/3545 4700/8795/3542
f 4673/8658/3456 4672/8657/3456 4703/8800/3456 4702/8801/3456
f 4672/8761/3512 4668/8751/3506 4701/8798/3544 4703/8802/3546
f 4647/8767/3516 4675/8707/3483 4691/8784/3533 4688/8803/3547
f 4674/8716/3488 4646/8770/3519 4689/8804/3548 4690/8787/3534
f 4679/8772/3521 4680/8771/3520 4706/8805/3549 4705/8806/3550
f 4681/8774/3523 4678/8773/3522 4704/8807/3551 4707/8808/3552
f 4683/8775/3524 4679/8772/3521 4705/8806/3550 4709/8809/3553
f 4678/8773/3522 4682/8776/3525 4708/8810/3554 4704/8807/3551
f 4680/8771/3520 4684/8777/3526 4710/8811/3555 4706/8805/3549
f 4685/8778/3527 4681/8774/3523 4707/8808/3552 4711/8812/3556
f 4684/8777/3526 4686/8779/3528 4712/8813/3557 4710/8811/3555
f 4687/8780/3529 4685/8778/3527 4711/8812/3556 4713/8814/3558
f 4686/8779/3528 4688/8781/3530 4714/8815/3559 4712/8813/3557
f 4689/8782/3531 4687/8780/3529 4713/8814/3558 4715/8816/3560
f 4691/8784/3533 4692/8783/3532 4718/8817/3561 4717/8818/3562
f 4692/8786/3456 4693/8785/3456 4719/8819/3456 4718/8820/3456
f 4693/8788/3535 4690/8787/3534 4716/8821/3563 4719/8822/3564
f 4682/8776/3525 4694/8789/3536 4720/8823/3565 4708/8810/3554
f 4695/8790/3537 4683/8775/3524 4709/8809/3553 4721/8824/3566
f 4694/8789/3536 4696/8791/3538 4722/8825/3567 4720/8823/3565
f 4697/8792/3539 4695/8790/3537 4721/8824/3566 4723/8826/3568
f 4696/8791/3538 4698/8793/3540 4724/8827/3569 4722/8825/3567
f 4699/8794/3541 4697/8792/3539 4723/8826/3568 4725/8828/3570
f 4698/8796/3543 4700/8795/3542 4726/8829/3571 4724/8830/3569
f 4701/8798/3544 4699/8797/3541 4725/8831/3570 4727/8832/3572
f 4700/8795/3542 4702/8799/3545 4728/8833/3573 4726/8829/3571
f 4702/8801/3456 4703/8800/3456 4729/8834/3456 4728/8835/3456
f 4703/8802/3546 4701/8798/3544 4727/8832/3572 4729/8836/3574
f 4688/8803/3547 4691/8784/3533 4717/8818/3562 4714/8837/3559
f 4690/8787/3534 4689/8804/3548 4715/8838/3575 4716/8821/3563
f 4705/8839/3576 4706/8840/3577 4732/8841/3578 4731/8842/3579
f 4707/8808/3580 4704/8807/3581 4730/8843/3582 4733/8844/3583
f 4709/8845/3584 4705/8839/3576 4731/8842/3579 4735/8846/3585
f 4704/8807/3581 4708/8810/3586 4734/8847/3587 4730/8843/3582
f 4706/8840/3577 4710/8848/3588 4736/8849/3589 4732/8841/3578
f 4711/8812/3590 4707/8808/3580 4733/8844/3583 4737/8850/3591
f 4710/8848/3588 4712/8851/3557 4738/8852/3592 4736/8849/3589
f 4713/8814/3558 4711/8812/3590 4737/8850/3591 4739/8853/3593
f 4712/8851/3557 4714/8854/3559 4740/8855/3594 4738/8852/3592
f 4715/8856/3560 4713/8857/3558 4739/8858/3593 4741/8859/3595
f 4717/8818/3562 4718/8817/3561 4744/8860/3596 4743/8861/3597
f 4718/8820/3456 4719/8819/3456 4745/8862/3456 4744/8863/3456
f 4719/8822/3564 4716/8821/3563 4742/8864/3598 4745/8865/3599
f 4708/8810/3586 4720/8823/3600 4746/8866/3601 4734/8847/3587
f 4721/8867/3602 4709/8845/3584 4735/8846/3585 4747/8868/3603
f 4720/8869/3600 4722/8870/3567 4748/8871/3604 4746/8872/3601
f 4723/8873/3568 4721/8867/3602 4747/8868/3603 4749/8874/3605
f 4722/8875/3567 4724/8830/3569 4750/8876/3606 4748/8877/3604
f 4725/8831/3570 4723/8878/3568 4749/8879/3605 4751/8880/3607
f 4724/8830/3569 4726/8829/3571 4752/8881/3608 4750/8876/3606
f 4727/8832/3572 4725/8831/3570 4751/8880/3607 4753/8882/3609
f 4726/8829/3571 4728/8833/3573 4754/8883/3610 4752/8881/3608
f 4728/8835/3456 4729/8834/3456 4755/8884/3456 4754/8885/3456
f 4729/8836/3574 4727/8832/3572 4753/8882/3609 4755/8886/3611
f 4714/8837/3559 4717/8818/3562 4743/8861/3597 4740/8887/3594
f 4716/8821/3563 4715/8838/3575 4741/8888/3612 4742/8864/3598
f 4731/8842/3579 4732/8841/3578 4758/8889/3613 4757/8890/3614
f 4733/8891/3583 4730/8892/3582 4756/8893/3615 4759/8894/3616
f 4735/8846/3585 4731/8842/3579 4757/8890/3614 4761/8895/3617
f 4730/8892/3582 4734/8896/3587 4760/8897/3618 4756/8893/3615
f 4732/8841/3578 4736/8849/3589 4762/8898/3619 4758/8889/3613
f 4737/8850/3591 4733/8844/3583 4759/8899/3616 4763/8900/3620
f 4736/8849/3589 4738/8852/3592 4764/8901/3621 4762/8898/3619
f 4739/8853/3593 4737/8850/3591 4763/8900/3620 4765/8902/3622
f 4738/8852/3592 4740/8855/3594 4766/8903/3623 4764/8901/3621
f 4741/8904/3595 4739/8853/3593 4765/8902/3622 4767/8905/3624
f 4743/8861/3597 4744/8860/3596 4770/8906/3625 4769/8907/3626
f 4744/8863/3456 4745/8862/3456 4771/8908/3456 4770/8909/3456
f 4745/8865/3599 4742/8864/3598 4768/8910/3627 4771/8911/3628
f 4734/8896/3587 4746/8872/3601 4772/8912/3629 4760/8897/3618
f 4747/8868/3603 4735/8846/3585 4761/8895/3617 4773/8913/3630
f 4746/8872/3601 4748/8871/3604 4774/8914/3631 4772/8912/3629
f 4749/8874/3605 4747/8868/3603 4773/8913/3630 4775/8915/3632
f 4748/8871/3604 4750/8916/3606 4776/8917/3633 4774/8914/3631
f 4751/8880/3607 4749/8879/3605 4775/8918/3632 4777/8919/3634
f 4750/8876/3606 4752/8881/3608 4778/8920/3635 4776/8921/3636
f 4753/8882/3609 4751/8880/3607 4777/8919/3634 4779/8922/3637
f 4752/8881/3608 4754/8883/3610 4780/8923/3638 4778/8920/3635
f 4754/8885/3456 4755/8884/3456 4781/8924/3456 4780/8925/3456
f 4755/8886/3611 4753/8882/3609 4779/8922/3637 4781/8926/3639
f 4740/8887/3594 4743/8861/3597 4769/8907/3626 4766/8927/3640
f 4742/8864/3598 4741/8888/3612 4767/8928/3641 4768/8910/3627
f 4757/8890/3614 4758/8889/3613 4784/8929/3642 4783/8930/3643
f 4759/8894/3616 4756/8893/3615 4782/8931/3644 4785/8932/3645
f 4761/8895/3617 4757/8890/3614 4783/8930/3643 4787/8933/3646
f 4756/8893/3615 4760/8897/3618 4786/8934/3647 4782/8931/3644
f 4758/8889/3613 4762/8898/3619 4788/8935/3648 4784/8929/3642
f 4763/8936/3620 4759/8894/3616 4785/8932/3645 4789/8937/3649
f 4762/8898/3619 4764/8901/3621 4790/8938/3650 4788/8935/3648
f 4765/8939/3622 4763/8936/3620 4789/8937/3649 4791/8940/3651
f 4764/8901/3621 4766/8903/3623 4792/8941/3652 4790/8938/3650
f 4767/8942/3624 4765/8939/3622 4791/8940/3651 4793/8943/3653
f 4769/8907/3626 4770/8906/3625 4796/8944/3654 4795/8945/3655
f 4770/8909/3456 4771/8908/3456 4797/8706/3456 4796/8705/3456
f 4771/8911/3628 4768/8910/3627 4794/8946/3656 4797/8947/3657
f 4760/8897/3618 4772/8912/3629 4798/8948/3658 4786/8934/3647
f 4773/8913/3630 4761/8895/3617 4787/8933/3646 4799/8949/3659
f 4772/8912/3629 4774/8914/3631 4800/8950/3660 4798/8948/3658
f 4775/8915/3632 4773/8913/3630 4799/8949/3659 4801/8951/3661
f 4774/8914/3631 4776/8917/3633 4802/8952/3662 4800/8950/3660
f 4777/8953/3634 4775/8915/3632 4801/8951/3661 4803/8954/3663
f 4776/8921/3636 4778/8920/3635 4804/8955/3664 4802/8956/3665
f 4779/8922/3637 4777/8919/3634 4803/8957/3666 4805/8958/3667
f 4778/8920/3635 4780/8923/3638 4806/8959/3668 4804/8955/3664
f 4780/8925/3456 4781/8924/3456 4807/8764/3456 4806/8763/3456
f 4781/8926/3639 4779/8922/3637 4805/8958/3667 4807/8960/3669
f 4766/8927/3640 4769/8907/3626 4795/8945/3655 4792/8961/3670
f 4768/8910/3627 4767/8928/3641 4793/8962/3671 4794/8946/3656
f 4630/8963/3672 4628/8964/3672 4808/8965/3673 4809/8966/3674
f 4628/8967/3675 4638/8968/3675 4810/8969/3676 4808/8970/3677
f 4638/8971/3678 4641/8972/3678 4811/8973/3678 4810/8974/3678
f 4641/8975/3679 4630/8976/3679 4809/8977/3679 4811/8978/3679
f 4626/8979/3680 4632/8980/3680 4812/8981/3681 4813/8982/3682
f 4632/8983/3683 4654/8984/3683 4814/8985/3683 4812/8986/3683
f 4654/8987/3684 4657/8988/3684 4815/8989/3684 4814/8990/3684
f 4657/8991/3685 4626/8992/3685 4813/8993/3686 4815/8994/3687
f 4809/8966/3674 4808/8965/3673 4816/8995/3688 4817/8996/3688
f 4808/8970/3677 4810/8969/3676 4818/8683/3689 4816/8682/3689
f 4810/8969/3690 4811/8997/3690 4819/8684/3690 4818/8683/3690
f 4811/8998/3691 4809/8999/3691 4817/9000/3691 4819/9001/3691
f 4813/8982/3682 4812/8981/3681 4820/9002/3692 4821/9003/3692
f 4812/9004/3693 4814/9005/3693 4822/9006/3693 4820/9007/3693
f 4814/9008/3694 4815/8994/3694 4823/8728/3694 4822/8727/3694
f 4815/8994/3687 4813/8993/3686 4821/8725/3695 4823/8728/3695
o pCube4
v -0.002324 0.005297 0.013292
v -0.002724 0.005205 0.013292
v -0.002201 0.007089 0.013292
v -0.002607 0.007147 0.013292
v -0.002255 0.007138 0.011587
v -0.002690 0.007200 0.011587
v -0.002387 0.005219 0.011587
v -0.002815 0.005121 0.011587
v -0.002406 0.006183 0.013292
v -0.002817 0.006183 0.013292
v -0.002915 0.006167 0.011587
v -0.002475 0.006167 0.011587
v -0.002005 0.008228 0.013292
v -0.002412 0.008286 0.013292
v -0.002481 0.008419 0.011587
v -0.002045 0.008358 0.011587
v -0.001649 0.009426 0.013292
v -0.002040 0.009550 0.013292
v -0.002083 0.009773 0.011587
v -0.001664 0.009640 0.011587
v -0.001247 0.010412 0.013292
v -0.001427 0.010773 0.013292
v -0.001427 0.011083 0.011587
v -0.001233 0.010696 0.011587
v 0.000005 0.010611 0.013292
v 0.000005 0.010972 0.013292
v 0.000005 0.011296 0.011587
v 0.000005 0.010910 0.011587
v -0.002146 0.004218 0.011587
v -0.002575 0.004120 0.011587
v -0.002499 0.004270 0.013292
v -0.002099 0.004362 0.013292
v -0.001654 0.003133 0.011587
v -0.002022 0.002897 0.011587
v -0.001983 0.003128 0.013292
v -0.001640 0.003348 0.013292
v -0.000967 0.002038 0.011587
v -0.000967 0.001613 0.011587
v -0.000998 0.001929 0.013292
v -0.000998 0.002327 0.013292
v -0.000394 0.001922 0.011587
v -0.000394 0.001497 0.011587
v -0.000463 0.001821 0.013292
v -0.000463 0.002218 0.013292
v 0.000005 0.001922 0.011587
v 0.000005 0.001497 0.011587
v 0.000005 0.001821 0.013292
v 0.000005 0.002218 0.013292
v -0.000593 0.010561 0.013292
v -0.000675 0.010922 0.013292
v -0.000621 0.011242 0.011587
v -0.000534 0.010856 0.011587
v -0.001536 0.005758 0.019211
v -0.001805 0.005757 0.019210
v -0.001660 0.006440 0.019212
v -0.001394 0.006396 0.019214
v -0.001479 0.005132 0.019213
v -0.001741 0.005063 0.019211
v -0.001524 0.007232 0.019216
v -0.001259 0.007181 0.019218
v -0.001259 0.008045 0.019224
v -0.001015 0.007946 0.019225
v -0.000855 0.008714 0.019229
v -0.000750 0.008478 0.019229
v -0.000372 0.008544 0.019229
v -0.000419 0.008771 0.019229
v 0.000005 0.008836 0.019229
v 0.000005 0.008604 0.019229
v -0.001319 0.004494 0.019218
v -0.001579 0.004420 0.019215
v -0.000998 0.003892 0.019227
v -0.001205 0.003739 0.019227
v -0.000595 0.003407 0.019227
v -0.000594 0.003178 0.019226
v -0.000299 0.003367 0.019226
v -0.000299 0.003133 0.019225
v 0.000005 0.003347 0.019227
v 0.000005 0.003110 0.019226
v -0.001335 0.005768 0.019901
v -0.001562 0.005767 0.019992
v -0.001431 0.006388 0.019928
v -0.001211 0.006349 0.019841
v -0.001284 0.005198 0.019876
v -0.001503 0.005136 0.019963
v -0.001311 0.007099 0.019869
v -0.001096 0.007059 0.019786
v -0.001093 0.007838 0.019763
v -0.000894 0.007760 0.019690
v -0.000760 0.008456 0.019604
v -0.000675 0.008259 0.019578
v -0.000357 0.008381 0.019477
v -0.000397 0.008584 0.019488
v 0.000005 0.008728 0.019401
v 0.000005 0.008504 0.019400
v -0.001151 0.004616 0.019812
v -0.001364 0.004554 0.019895
v -0.000888 0.004045 0.019685
v -0.001061 0.003911 0.019747
v -0.000548 0.003586 0.019512
v -0.000546 0.003378 0.019505
v -0.000294 0.003504 0.019432
v -0.000294 0.003285 0.019430
v 0.000005 0.003442 0.019381
v 0.000005 0.003216 0.019379
v -0.000862 0.005783 0.020195
v -0.000983 0.005784 0.020289
v -0.000915 0.006315 0.020214
v -0.000795 0.006289 0.020122
v -0.000835 0.005288 0.020165
v -0.000952 0.005245 0.020255
v -0.000852 0.006937 0.020147
v -0.000732 0.006920 0.020055
v -0.000734 0.007616 0.020022
v -0.000618 0.007575 0.019935
v -0.000543 0.008255 0.019826
v -0.000491 0.008089 0.019794
v -0.000288 0.008256 0.019643
v -0.000314 0.008441 0.019660
v 0.000005 0.008643 0.019518
v 0.000005 0.008425 0.019517
v -0.000762 0.004770 0.020087
v -0.000880 0.004736 0.020177
v -0.000615 0.004223 0.019929
v -0.000716 0.004128 0.020003
v -0.000414 0.003707 0.019707
v -0.000413 0.003514 0.019695
v -0.000248 0.003599 0.019576
v -0.000249 0.003390 0.019572
v 0.000005 0.003512 0.019488
v 0.000005 0.003293 0.019485
v -0.000557 0.005788 0.020352
v -0.000628 0.005789 0.020465
v -0.000591 0.006295 0.020397
v -0.000520 0.006268 0.020284
v -0.000542 0.005319 0.020325
v -0.000611 0.005276 0.020435
v -0.000556 0.006893 0.020333
v -0.000484 0.006871 0.020219
v -0.000490 0.007557 0.020212
v -0.000421 0.007505 0.020102
v -0.000380 0.008199 0.020013
v -0.000348 0.008030 0.019972
v -0.000228 0.008164 0.019791
v -0.000244 0.008343 0.019809
v 0.000005 0.008528 0.019667
v 0.000005 0.008320 0.019666
v -0.000501 0.004824 0.020251
v -0.000571 0.004784 0.020362
v -0.000419 0.004287 0.020100
v -0.000479 0.004185 0.020194
v -0.000304 0.003744 0.019890
v -0.000304 0.003555 0.019874
v -0.000206 0.003667 0.019724
v -0.000207 0.003465 0.019719
v 0.000005 0.003596 0.019627
v 0.000005 0.003386 0.019623
v 0.000005 0.005788 0.020588
v 0.000005 0.005789 0.020709
v 0.000005 0.006295 0.020635
v 0.000005 0.006268 0.020515
v 0.000005 0.005319 0.020559
v 0.000005 0.005276 0.020676
v 0.000005 0.006893 0.020566
v 0.000005 0.006871 0.020445
v 0.000005 0.007557 0.020436
v 0.000005 0.007505 0.020318
v 0.000005 0.008199 0.020221
v 0.000005 0.008030 0.020178
v 0.000005 0.008150 0.019979
v 0.000005 0.008338 0.020004
v 0.000005 0.008429 0.019814
v 0.000005 0.008228 0.019813
v 0.000005 0.004824 0.020479
v 0.000005 0.004784 0.020597
v 0.000005 0.004287 0.020316
v 0.000005 0.004185 0.020416
v 0.000005 0.003744 0.020090
v 0.000005 0.003555 0.020070
v 0.000005 0.003667 0.019914
v 0.000005 0.003465 0.019906
v 0.000005 0.003653 0.019779
v 0.000005 0.003449 0.019773
v -0.001876 0.007089 0.012612
v -0.002092 0.007138 0.012367
v -0.001709 0.008228 0.012512
v -0.001913 0.008358 0.012260
v -0.002228 0.005219 0.012407
v -0.001972 0.005297 0.012613
v -0.002043 0.004218 0.012257
v -0.001799 0.004362 0.012472
v -0.001576 0.006927 0.010443
v -0.001791 0.006976 0.010198
v -0.001409 0.008066 0.010344
v -0.001612 0.008195 0.010092
v -0.002086 0.005440 0.010114
v -0.001829 0.005518 0.010320
v -0.001901 0.004439 0.009964
v -0.001657 0.004583 0.010180
vn 1.0000 -0.0000 -0.0000
vn -0.0000 -0.0000 -1.0000
vn -0.9878 0.0634 0.1424
vn -0.9717 0.1858 0.1456
vn -0.9805 0.1888 0.0535
vn -0.9967 0.0585 0.0566
vn 0.9969 -0.0673 -0.0395
vn 0.9745 -0.2211 -0.0373
vn 0.9715 -0.1925 -0.1386
vn 0.9900 -0.0722 -0.1214
vn -0.9779 -0.1609 0.1331
vn -0.9843 -0.1655 0.0608
vn 0.9948 0.0928 -0.0409
vn 0.9808 0.1529 -0.1214
vn -0.9602 0.2338 0.1529
vn -0.9711 0.2318 0.0575
vn 0.7238 -0.1649 -0.6700
vn -0.9078 0.3794 0.1789
vn -0.9251 0.3729 0.0720
vn 0.9577 -0.2844 -0.0442
vn 0.9423 -0.3311 -0.0500
vn 0.9292 -0.3383 -0.1486
vn 0.9592 -0.2426 -0.1453
vn -0.8702 0.4565 0.1855
vn -0.8911 0.4465 0.0808
vn 0.9244 -0.3774 -0.0556
vn 0.9084 -0.3896 -0.1519
vn -0.1339 0.9448 0.2990
vn -0.0929 0.9489 0.3017
vn -0.0780 0.9798 0.1839
vn -0.1385 0.9739 0.1797
vn 0.1590 -0.9736 -0.1640
vn 0.0897 -0.9815 -0.1692
vn 0.1022 -0.9534 -0.2840
vn 0.1551 -0.9472 -0.2807
vn -0.9382 -0.3387 0.0713
vn -0.9305 -0.3414 0.1332
vn 0.5674 0.2237 -0.7924
vn -0.8336 -0.5445 0.0928
vn -0.8191 -0.5545 0.1471
vn 0.9288 0.3502 -0.1209
vn 0.8618 0.4926 -0.1206
vn 0.8754 0.4786 -0.0680
vn 0.9092 0.4121 -0.0598
vn -0.7685 -0.6315 0.1031
vn -0.7420 -0.6525 0.1535
vn 0.8236 0.5532 -0.1253
vn 0.8447 0.5301 -0.0742
vn -0.1957 -0.9649 0.1754
vn -0.1077 -0.9775 0.1814
vn -0.1092 -0.9723 0.2065
vn -0.1828 -0.9616 0.2047
vn 0.1792 0.9669 -0.1816
vn 0.1065 0.9773 -0.1833
vn 0.1081 0.9802 -0.1657
vn 0.1962 0.9674 -0.1599
vn -0.0000 -0.9824 0.1866
vn -0.0218 -0.9779 0.2077
vn 0.0198 0.9826 -0.1845
vn -0.0000 0.9853 -0.1709
vn -0.1695 0.9397 0.2972
vn -0.1918 0.9656 0.1754
vn 0.2201 -0.9625 -0.1587
vn 0.2016 -0.9390 -0.2787
vn -0.9815 0.0528 0.1840
vn -0.9640 0.1868 0.1894
vn 0.9677 -0.1906 -0.1652
vn 0.9852 -0.0612 -0.1604
vn -0.9710 -0.1653 0.1724
vn 0.9746 0.1680 -0.1479
vn -0.9538 0.2267 0.1972
vn 0.9591 -0.2251 -0.1719
vn -0.9020 0.3679 0.2258
vn 0.9237 -0.3316 -0.1920
vn -0.8533 0.4608 0.2439
vn 0.8952 -0.3954 -0.2054
vn -0.1305 0.9280 0.3489
vn -0.0990 0.9328 0.3465
vn 0.1073 -0.9390 -0.3269
vn 0.1523 -0.9321 -0.3286
vn 0.9283 0.3423 -0.1452
vn -0.9212 -0.3499 0.1702
vn 0.8520 0.5008 -0.1525
vn -0.8059 -0.5634 0.1817
vn 0.8097 0.5654 -0.1573
vn -0.6074 -0.7675 0.2049
vn 0.1710 0.9646 -0.2008
vn 0.1024 0.9743 -0.2005
vn -0.1069 -0.9680 0.2271
vn 0.0273 0.9797 -0.1985
vn -0.0301 -0.9739 0.2249
vn -0.1589 0.9235 0.3492
vn 0.1927 -0.9246 -0.3286
vn -0.9508 0.0575 0.3045
vn -0.9309 0.1915 0.3111
vn 0.9382 -0.1925 -0.2875
vn 0.9565 -0.0646 -0.2845
vn -0.9367 -0.1582 0.3124
vn 0.9432 0.1577 -0.2924
vn -0.9130 0.2237 0.3412
vn 0.9250 -0.2173 -0.3118
vn -0.7095 0.3606 0.6055
vn 0.7649 -0.3331 -0.5513
vn -0.5387 0.5682 0.6221
vn 0.7380 -0.4170 -0.5305
vn -0.1102 0.7828 0.6125
vn -0.1488 0.7954 0.5875
vn 0.1541 -0.8199 -0.5513
vn 0.1403 -0.8056 -0.5756
vn 0.8924 0.3210 -0.3172
vn -0.8786 -0.3342 0.3411
vn 0.6699 0.4947 -0.5536
vn -0.6071 -0.5291 0.5929
vn 0.5151 0.6581 -0.5491
vn -0.4357 -0.6884 0.5798
vn 0.0886 0.8296 -0.5512
vn -0.1022 -0.7952 0.5977
vn 0.0737 0.8338 -0.5471
vn -0.0788 -0.8042 0.5891
vn 0.1274 -0.7953 -0.5927
vn -0.4586 0.0437 0.8876
vn -0.4586 0.0492 0.8873
vn -0.4681 0.1594 0.8692
vn -0.4621 0.1646 0.8714
vn 0.5358 -0.1692 -0.8272
vn 0.5198 -0.1634 -0.8385
vn 0.5096 -0.0561 -0.8586
vn 0.5307 -0.0504 -0.8460
vn -0.4436 -0.1413 0.8850
vn -0.4498 -0.1317 0.8834
vn 0.5002 0.1348 -0.8554
vn 0.5156 0.1459 -0.8443
vn -0.4809 0.1855 0.8570
vn -0.4579 0.2009 0.8660
vn 0.5344 -0.2039 -0.8203
vn 0.5342 -0.1861 -0.8246
vn -0.4798 0.2949 0.8263
vn 0.5425 -0.2766 -0.7932
vn -0.3880 0.4888 0.7814
vn 0.5368 -0.3497 -0.7679
vn -0.1382 0.7592 0.6361
vn -0.1745 0.7574 0.6292
vn 0.1768 -0.7853 -0.5934
vn 0.1591 -0.7788 -0.6067
vn 0.4864 0.2692 -0.8312
vn 0.4780 0.2930 -0.8280
vn -0.4044 -0.2893 0.8676
vn -0.4357 -0.2702 0.8586
vn 0.4863 0.4117 -0.7707
vn -0.4158 -0.4375 0.7973
vn 0.4202 0.5903 -0.6891
vn -0.3419 -0.6105 0.7144
vn 0.1069 0.8482 -0.5189
vn -0.1271 -0.8134 0.5677
vn 0.0919 0.8430 -0.5300
vn -0.0986 -0.8139 0.5726
vn 0.1586 -0.7851 -0.5988
vn -0.3992 0.0415 0.9159
vn -0.4100 0.1356 0.9020
vn 0.4339 -0.1378 -0.8903
vn 0.4213 -0.0473 -0.9057
vn -0.3996 -0.1141 0.9096
vn 0.4217 0.1153 -0.8994
vn -0.4320 0.1605 0.8875
vn 0.4577 -0.1593 -0.8747
vn -0.4592 0.2579 0.8501
vn 0.4895 -0.2301 -0.8411
vn -0.4858 0.3331 0.8081
vn 0.5274 -0.2750 -0.8039
vn -0.2541 0.8212 0.5109
vn -0.2412 0.7855 0.5699
vn 0.2301 -0.8060 -0.5453
vn 0.2548 -0.8247 -0.5049
vn 0.4360 0.2310 -0.8698
vn -0.4136 -0.2365 0.8792
vn 0.4745 0.3447 -0.8100
vn -0.4412 -0.3890 0.8087
vn 0.5229 0.4068 -0.7491
vn -0.4514 -0.5585 0.6959
vn 0.2389 0.9061 -0.3491
vn 0.1901 0.9104 -0.3675
vn -0.2256 -0.8804 0.4172
vn 0.1150 0.9044 -0.4109
vn -0.1252 -0.8844 0.4496
vn -0.2633 0.8324 0.4876
vn 0.2721 -0.8304 -0.4862
vn -0.3627 0.0378 0.9311
vn -0.3680 0.1274 0.9211
vn 0.3998 -0.1300 -0.9073
vn 0.3925 -0.0433 -0.9187
vn -0.3636 -0.1071 0.9254
vn 0.3938 0.1086 -0.9127
vn -0.3823 0.1507 0.9117
vn 0.4174 -0.1503 -0.8962
vn -0.4026 0.2421 0.8828
vn 0.4411 -0.2149 -0.8713
vn -0.4181 0.3109 0.8535
vn 0.4621 -0.2509 -0.8506
vn -0.2908 0.8347 0.4676
vn -0.2956 0.8321 0.4693
vn 0.2741 -0.8452 -0.4587
vn 0.2897 -0.8366 -0.4650
vn 0.4057 0.2170 -0.8879
vn -0.3736 -0.2219 0.9007
vn 0.4328 0.3211 -0.8424
vn -0.3950 -0.3645 0.8433
vn 0.4586 0.3733 -0.8064
vn -0.4118 -0.4704 0.7805
vn 0.2522 0.9072 -0.3367
vn 0.2317 0.9182 -0.3212
vn -0.2702 -0.8849 0.3794
vn -0.2963 -0.8667 0.4012
vn 0.1268 0.9624 -0.2402
vn -0.1391 -0.9537 0.2666
vn -0.2896 0.8354 0.4672
vn 0.2933 -0.8345 -0.4665
vn 0.0106 -0.9986 -0.0517
vn -0.1746 -0.9846 0.0078
vn -0.1321 -0.9912 -0.0060
vn 0.9127 -0.1286 0.3878
vn 0.9675 -0.1314 0.2162
vn 0.9697 -0.1314 0.2059
vn 0.0317 0.9913 0.1274
vn 0.9669 -0.1628 -0.1967
vn 0.0234 0.9961 -0.0850
vn -0.2044 0.9788 0.0103
vn -0.2401 0.9704 0.0256
vn 0.9615 0.2168 -0.1688
vn 0.0523 -0.9887 0.1403
vn 0.9047 0.1625 0.3939
vn 0.9739 0.1696 0.1507
vn 0.9704 0.1695 0.1720
vn -0.2604 -0.9648 0.0360
vn 0.9806 -0.1314 0.1457
vn 0.5284 0.8489 0.0098
vn -0.9806 0.1314 -0.1457
vn -0.3399 0.9379 0.0692
vn -0.9825 -0.1697 -0.0774
vn 0.5380 -0.8416 -0.0476
vn 0.9825 0.1697 0.0774
vt 0.551310 0.674213
vt 0.552018 0.678852
vt 0.550857 0.679116
vt 0.550145 0.674220
vt 0.621863 0.720855
vt 0.638347 0.723739
vt 0.638347 0.727477
vt 0.621863 0.724346
vt 0.879326 0.792182
vt 0.877197 0.801568
vt 0.872942 0.801568
vt 0.875115 0.791585
vt 0.638347 0.636830
vt 0.621863 0.639690
vt 0.621863 0.635849
vt 0.638347 0.632717
vt 0.699711 0.052122
vt 0.699711 0.061927
vt 0.682375 0.062467
vt 0.682375 0.051968
vt 0.222511 0.702759
vt 0.232345 0.702759
vt 0.231849 0.720030
vt 0.222665 0.720030
vt 0.551594 0.669682
vt 0.550462 0.669257
vt 0.699711 0.042185
vt 0.682375 0.041327
vt 0.878052 0.810734
vt 0.873909 0.811686
vt 0.212907 0.702759
vt 0.213695 0.720030
vt 0.552693 0.684682
vt 0.551522 0.684900
vt 0.699711 0.073509
vt 0.682375 0.074869
vt 0.877143 0.779792
vt 0.881354 0.780389
vt 0.014093 0.390848
vt 0.026692 0.390465
vt 0.025213 0.392978
vt 0.013446 0.393336
vt 0.553918 0.690813
vt 0.552783 0.691320
vt 0.699711 0.086367
vt 0.682375 0.088637
vt 0.880990 0.766701
vt 0.885037 0.767985
vt 0.244701 0.702759
vt 0.257698 0.702759
vt 0.255525 0.720030
vt 0.243388 0.720030
vt 0.555273 0.695889
vt 0.554863 0.697530
vt 0.699711 0.098804
vt 0.682375 0.101954
vt 0.887335 0.754038
vt 0.889206 0.757777
vt 0.268394 0.702759
vt 0.265514 0.720030
vt 0.557204 0.697053
vt 0.558810 0.697809
vt 0.558800 0.699753
vt 0.556962 0.698873
vt 0.822145 0.075811
vt 0.828961 0.075811
vt 0.828961 0.092897
vt 0.822685 0.092897
vt 0.895124 0.752492
vt 0.901179 0.751972
vt 0.901179 0.755710
vt 0.895969 0.756230
vt 0.938410 0.612701
vt 0.943800 0.612701
vt 0.943800 0.629755
vt 0.937813 0.629755
vt 0.880376 0.820418
vt 0.876234 0.821369
vt 0.682375 0.031143
vt 0.699711 0.032674
vt 0.551224 0.664508
vt 0.552367 0.664895
vt 0.422188 0.586862
vt 0.412327 0.586124
vt 0.410657 0.583988
vt 0.421216 0.584777
vt 0.885134 0.830913
vt 0.881576 0.833196
vt 0.682375 0.018705
vt 0.699711 0.021058
vt 0.552975 0.658707
vt 0.553937 0.659699
vt 0.204220 0.720030
vt 0.193951 0.720030
vt 0.191765 0.702759
vt 0.202761 0.702759
vt 0.891775 0.841494
vt 0.891775 0.845607
vt 0.682375 0.005653
vt 0.699711 0.008869
vt 0.556318 0.652621
vt 0.556130 0.654447
vt 0.183597 0.720030
vt 0.180678 0.702759
vt 0.897323 0.842620
vt 0.897323 0.846732
vt 0.959440 0.091673
vt 0.965177 0.091673
vt 0.964487 0.108714
vt 0.959130 0.108714
vt 0.557903 0.651746
vt 0.557833 0.653704
vt 0.962392 0.891464
vt 0.967693 0.891464
vt 0.968374 0.908328
vt 0.962698 0.908328
vt 0.901179 0.842620
vt 0.901179 0.846732
vt 0.969162 0.091673
vt 0.969162 0.108714
vt 0.559190 0.651596
vt 0.559132 0.653567
vt 0.972318 0.891464
vt 0.972318 0.908328
vt 0.814605 0.075811
vt 0.814612 0.092897
vt 0.931413 0.612701
vt 0.931279 0.629755
vt 0.759892 0.047796
vt 0.759918 0.054739
vt 0.224825 0.780034
vt 0.218360 0.780003
vt 0.759903 0.040741
vt 0.212026 0.780015
vt 0.759951 0.062793
vt 0.232780 0.780069
vt 0.760032 0.071068
vt 0.240532 0.780140
vt 0.760088 0.077868
vt 0.245918 0.780182
vt 0.824713 0.016305
vt 0.828961 0.016304
vt 0.564453 0.703686
vt 0.564453 0.701441
vt 0.943800 0.689147
vt 0.940025 0.689146
vt 0.205562 0.780067
vt 0.759951 0.034198
vt 0.199455 0.780163
vt 0.760066 0.027276
vt 0.194545 0.780160
vt 0.760060 0.021569
vt 0.966380 0.832756
vt 0.969309 0.832769
vt 0.966120 0.168029
vt 0.963175 0.168039
vt 0.972318 0.832759
vt 0.564477 0.650605
vt 0.564480 0.648320
vt 0.969162 0.168040
vt 0.820341 0.016304
vt 0.936250 0.689147
vt 0.767844 0.047900
vt 0.767193 0.054208
vt 0.224349 0.786387
vt 0.218463 0.786993
vt 0.767551 0.041476
vt 0.212688 0.786742
vt 0.766596 0.061444
vt 0.231546 0.785829
vt 0.765517 0.068955
vt 0.238645 0.784852
vt 0.763899 0.075245
vt 0.243703 0.783723
vt 0.824929 0.013704
vt 0.828961 0.014584
vt 0.562794 0.702638
vt 0.562796 0.700473
vt 0.943800 0.690862
vt 0.940175 0.691632
vt 0.206795 0.786092
vt 0.766861 0.035556
vt 0.201008 0.784801
vt 0.765358 0.029021
vt 0.196356 0.783047
vt 0.762900 0.023605
vt 0.966850 0.829937
vt 0.969357 0.830729
vt 0.966168 0.170072
vt 0.963652 0.170831
vt 0.972318 0.831231
vt 0.562983 0.651531
vt 0.562998 0.649345
vt 0.969162 0.169572
vt 0.821289 0.012548
vt 0.936998 0.692643
vt 0.791270 0.072614
vt 0.797277 0.072787
vt 0.797986 0.078295
vt 0.792628 0.079051
vt 0.223743 0.789235
vt 0.218614 0.789971
vt 0.791880 0.066059
vt 0.797593 0.067198
vt 0.213600 0.789667
vt 0.798640 0.084747
vt 0.793869 0.086435
vt 0.230141 0.788550
vt 0.799863 0.091794
vt 0.796130 0.094098
vt 0.236768 0.787331
vt 0.801837 0.098424
vt 0.799585 0.100517
vt 0.241983 0.785904
vt 0.825762 0.011984
vt 0.828961 0.013409
vt 0.561660 0.701818
vt 0.561664 0.699716
vt 0.943800 0.692033
vt 0.940869 0.693291
vt 0.208351 0.788874
vt 0.793317 0.060018
vt 0.798347 0.061906
vt 0.600703 0.202397
vt 0.604753 0.200796
vt 0.606288 0.206499
vt 0.603445 0.208349
vt 0.796463 0.053350
vt 0.800048 0.055597
vt 0.963489 0.828225
vt 0.966188 0.825811
vt 0.968178 0.828003
vt 0.964985 0.172729
vt 0.961955 0.175809
vt 0.958503 0.173248
vt 0.969811 0.829302
vt 0.966625 0.171497
vt 0.972318 0.830176
vt 0.561952 0.652203
vt 0.561977 0.650088
vt 0.969162 0.170627
vt 0.823464 0.010319
vt 0.938841 0.694797
vt 0.800960 0.072836
vt 0.801347 0.078090
vt 0.604410 0.184967
vt 0.607279 0.185188
vt 0.606894 0.190187
vt 0.603711 0.190242
vt 0.801132 0.067510
vt 0.607049 0.195069
vt 0.603994 0.195399
vt 0.801710 0.084297
vt 0.229636 0.790217
vt 0.223529 0.790872
vt 0.802396 0.091187
vt 0.236061 0.789026
vt 0.803529 0.097851
vt 0.241379 0.787707
vt 0.826466 0.010487
vt 0.828961 0.011916
vt 0.560220 0.700711
vt 0.560227 0.698693
vt 0.943800 0.693520
vt 0.941466 0.694774
vt 0.607469 0.200227
vt 0.801547 0.062414
vt 0.608328 0.205826
vt 0.802501 0.056189
vt 0.609529 0.211485
vt 0.608384 0.211869
vt 0.966073 0.174511
vt 0.964319 0.177715
vt 0.969265 0.826201
vt 0.970229 0.827835
vt 0.967045 0.172961
vt 0.972318 0.828794
vt 0.560601 0.653013
vt 0.560641 0.650981
vt 0.969162 0.172009
vt 0.825098 0.008445
vt 0.940265 0.696577
vt 0.807529 0.072836
vt 0.807529 0.078090
vt 0.612745 0.185188
vt 0.612745 0.190187
vt 0.807529 0.067510
vt 0.612745 0.195069
vt 0.807529 0.084297
vt 0.607645 0.178907
vt 0.612745 0.178907
vt 0.807529 0.091187
vt 0.608311 0.172300
vt 0.612745 0.172300
vt 0.807529 0.097851
vt 0.609064 0.166830
vt 0.612745 0.166830
vt 0.828961 0.008539
vt 0.828961 0.010444
vt 0.943800 0.694985
vt 0.943800 0.696647
vt 0.612745 0.200227
vt 0.807529 0.062414
vt 0.612745 0.205826
vt 0.807529 0.056189
vt 0.612745 0.211485
vt 0.804322 0.049657
vt 0.807529 0.049657
vt 0.972318 0.824221
vt 0.972318 0.825963
vt 0.969162 0.174839
vt 0.969162 0.176477
vt 0.972318 0.827291
vt 0.969162 0.173509
vt 0.828961 0.006363
vt 0.943800 0.698644
vt 0.488857 0.268366
vt 0.481499 0.271000
vt 0.479410 0.273423
vt 0.472362 0.271187
vt 0.013448 0.422719
vt 0.013845 0.415726
vt 0.025612 0.415368
vt 0.025156 0.423384
vt 0.752379 0.176405
vt 0.755565 0.184236
vt 0.753563 0.186838
vt 0.752382 0.193692
vt 0.518921 0.049180
vt 0.512302 0.049180
vt 0.511254 0.037187
vt 0.518921 0.037187
vt 0.466260 0.100925
vt 0.469337 0.107886
vt 0.466663 0.109769
vt 0.464584 0.117808
vt 0.138204 0.069646
vt 0.130120 0.069646
vt 0.131603 0.059770
vt 0.138204 0.059770
vt 0.756270 0.138531
vt 0.757142 0.145476
vt 0.759605 0.147773
vt 0.756268 0.156156
vt 0.412443 0.618750
vt 0.411805 0.610202
vt 0.421666 0.610940
vt 0.422194 0.618023
vt 0.502982 0.271000
vt 0.500893 0.273423
vt 0.027091 0.412855
vt 0.912119 0.258869
vt 0.912123 0.280106
vt 0.900170 0.279958
vt 0.900166 0.258721
vt 0.469336 0.130730
vt 0.466662 0.132614
vt 0.470565 0.036484
vt 0.470560 0.058954
vt 0.460695 0.059475
vt 0.460700 0.037006
vt 0.410136 0.608065
s 1
usemtl Swoop
f 4980/9009/3696 4983/9010/3696 4982/9011/3696 4981/9012/3696
f 4848/9013/3696 4851/9014/3696 4850/9015/3696 4849/9016/3696
f 4828/9017/3697 4835/9018/3697 4834/9019/3697 4829/9020/3697
f 4868/9021/3696 4871/9022/3696 4870/9023/3696 4869/9024/3696
f 4833/9025/3698 4827/9026/3699 4829/9027/3700 4834/9028/3701
f 4835/9029/3702 4828/9030/3703 4826/9031/3704 4832/9032/3705
f 4984/9033/3696 4980/9009/3696 4981/9012/3696 4985/9034/3696
f 4825/9035/3706 4833/9025/3698 4834/9028/3701 4831/9036/3707
f 4835/9018/3697 4830/9037/3697 4831/9038/3697 4834/9019/3697
f 4830/9039/3708 4835/9029/3702 4832/9032/3705 4824/9040/3709
f 4983/9010/3696 4987/9041/3696 4986/9042/3696 4982/9011/3696
f 4827/9026/3699 4837/9043/3710 4838/9044/3711 4829/9027/3700
f 4829/9020/3697 4838/9045/3697 4839/9046/3697 4828/9017/3697
f 5015/9047/3712 5017/9048/3712 5016/9049/3712 5014/9050/3712
f 4987/9041/3696 4989/9051/3696 4988/9052/3696 4986/9042/3696
f 4837/9043/3710 4841/9053/3713 4842/9054/3714 4838/9044/3711
f 4838/9045/3697 4842/9055/3697 4843/9056/3697 4839/9046/3697
f 4839/9057/3715 4843/9058/3716 4840/9059/3717 4836/9060/3718
f 4989/9051/3696 4991/9061/3696 4990/9062/3696 4988/9052/3696
f 4841/9053/3713 4845/9063/3719 4846/9064/3720 4842/9054/3714
f 4842/9055/3697 4846/9065/3697 4847/9066/3697 4843/9056/3697
f 4843/9058/3716 4847/9067/3721 4844/9068/3722 4840/9059/3717
f 4992/9069/3696 4995/9070/3696 4994/9071/3696 4993/9072/3696
f 4873/9073/3723 4849/9074/3724 4850/9075/3725 4874/9076/3726
f 4874/9077/3697 4850/9078/3697 4851/9079/3697 4875/9080/3697
f 4875/9081/3727 4851/9082/3728 4848/9083/3729 4872/9084/3730
f 4830/9037/3697 4852/9085/3697 4853/9086/3697 4831/9038/3697
f 4831/9036/3707 4853/9087/3731 4854/9088/3732 4825/9035/3706
f 4985/9034/3696 4997/9089/3696 4996/9090/3696 4984/9033/3696
f 5019/9091/3733 5021/9092/3733 5020/9093/3733 5018/9094/3733
f 4852/9085/3697 4856/9095/3697 4857/9096/3697 4853/9086/3697
f 4853/9087/3731 4857/9097/3734 4858/9098/3735 4854/9088/3732
f 4997/9089/3696 4999/9099/3696 4998/9100/3696 4996/9090/3696
f 4855/9101/3736 4859/9102/3737 4856/9103/3738 4852/9104/3739
f 4856/9095/3697 4860/9105/3697 4861/9106/3697 4857/9096/3697
f 4857/9097/3734 4861/9107/3740 4862/9108/3741 4858/9098/3735
f 4999/9099/3696 5001/9109/3696 5000/9110/3696 4998/9100/3696
f 4859/9102/3737 4863/9111/3742 4860/9112/3743 4856/9103/3738
f 4860/9105/3697 4864/9113/3697 4865/9114/3697 4861/9106/3697
f 4861/9115/3744 4865/9116/3745 4866/9117/3746 4862/9118/3747
f 5001/9109/3696 5003/9119/3696 5002/9120/3696 5000/9110/3696
f 4863/9121/3748 4867/9122/3749 4864/9123/3750 4860/9124/3751
f 4864/9113/3697 4868/9125/3697 4869/9126/3697 4865/9114/3697
f 4865/9116/3745 4869/9127/3752 4870/9128/3753 4866/9117/3746
f 5003/9119/3696 5005/9129/3696 5004/9130/3696 5002/9120/3696
f 4867/9122/3749 4871/9131/3754 4868/9132/3755 4864/9123/3750
f 4991/9061/3696 4992/9069/3696 4993/9072/3696 4990/9062/3696
f 4845/9133/3756 4873/9073/3723 4874/9076/3726 4846/9134/3757
f 4846/9065/3697 4874/9077/3697 4875/9080/3697 4847/9066/3697
f 4847/9135/3758 4875/9081/3727 4872/9084/3730 4844/9136/3759
f 4833/9025/3698 4877/9137/3760 4878/9138/3761 4827/9026/3699
f 4826/9031/3704 4879/9139/3762 4876/9140/3763 4832/9032/3705
f 4825/9035/3706 4881/9141/3764 4877/9137/3760 4833/9025/3698
f 4832/9032/3705 4876/9140/3763 4880/9142/3765 4824/9040/3709
f 4827/9026/3699 4878/9138/3761 4882/9143/3766 4837/9043/3710
f 4836/9060/3718 4883/9144/3767 4879/9139/3762 4826/9031/3704
f 4837/9043/3710 4882/9143/3766 4884/9145/3768 4841/9053/3713
f 4840/9059/3717 4885/9146/3769 4883/9144/3767 4836/9060/3718
f 4841/9053/3713 4884/9145/3768 4886/9147/3770 4845/9063/3719
f 4844/9068/3722 4887/9148/3771 4885/9146/3769 4840/9059/3717
f 4873/9073/3723 4889/9149/3772 4890/9150/3773 4849/9074/3724
f 4849/9016/3696 4890/9151/3696 4891/9152/3696 4848/9013/3696
f 4848/9083/3729 4891/9153/3774 4888/9154/3775 4872/9084/3730
f 4824/9040/3709 4880/9142/3765 4892/9155/3776 4855/9101/3736
f 4854/9088/3732 4893/9156/3777 4881/9141/3764 4825/9035/3706
f 4855/9101/3736 4892/9155/3776 4894/9157/3778 4859/9102/3737
f 4858/9098/3735 4895/9158/3779 4893/9156/3777 4854/9088/3732
f 4859/9102/3737 4894/9157/3778 4896/9159/3780 4863/9111/3742
f 4862/9108/3741 4897/9160/3781 4895/9158/3779 4858/9098/3735
f 4863/9121/3748 4896/9161/3782 4898/9162/3783 4867/9122/3749
f 4866/9117/3746 4899/9163/3784 4897/9164/3781 4862/9118/3747
f 4867/9122/3749 4898/9162/3783 4900/9165/3785 4871/9131/3754
f 4871/9022/3696 4900/9166/3696 4901/9167/3696 4870/9023/3696
f 4870/9128/3753 4901/9168/3786 4899/9163/3784 4866/9117/3746
f 4845/9133/3756 4886/9169/3787 4889/9149/3772 4873/9073/3723
f 4872/9084/3730 4888/9154/3775 4887/9170/3788 4844/9136/3759
f 4877/9137/3760 4903/9171/3789 4904/9172/3790 4878/9138/3761
f 4879/9139/3762 4905/9173/3791 4902/9174/3792 4876/9140/3763
f 4881/9141/3764 4907/9175/3793 4903/9171/3789 4877/9137/3760
f 4876/9140/3763 4902/9174/3792 4906/9176/3794 4880/9142/3765
f 4878/9138/3761 4904/9172/3790 4908/9177/3795 4882/9143/3766
f 4883/9144/3767 4909/9178/3796 4905/9173/3791 4879/9139/3762
f 4882/9143/3766 4908/9177/3795 4910/9179/3797 4884/9145/3768
f 4885/9146/3769 4911/9180/3798 4909/9178/3796 4883/9144/3767
f 4884/9145/3768 4910/9179/3797 4912/9181/3799 4886/9147/3770
f 4887/9148/3771 4913/9182/3800 4911/9180/3798 4885/9146/3769
f 4889/9149/3772 4915/9183/3801 4916/9184/3802 4890/9150/3773
f 4890/9151/3696 4916/9185/3696 4917/9186/3696 4891/9152/3696
f 4891/9153/3774 4917/9187/3803 4914/9188/3804 4888/9154/3775
f 4880/9142/3765 4906/9176/3794 4918/9189/3805 4892/9155/3776
f 4893/9156/3777 4919/9190/3806 4907/9175/3793 4881/9141/3764
f 4892/9155/3776 4918/9189/3805 4920/9191/3807 4894/9157/3778
f 4895/9158/3779 4921/9192/3808 4919/9190/3806 4893/9156/3777
f 4894/9157/3778 4920/9191/3807 4922/9193/3809 4896/9159/3780
f 4897/9160/3781 4923/9194/3810 4921/9192/3808 4895/9158/3779
f 4896/9161/3782 4922/9195/3809 4924/9196/3811 4898/9162/3783
f 4899/9163/3784 4925/9197/3812 4923/9198/3810 4897/9164/3781
f 4898/9162/3783 4924/9196/3811 4926/9199/3813 4900/9165/3785
f 4900/9166/3696 4926/9200/3696 4927/9201/3696 4901/9167/3696
f 4901/9168/3786 4927/9202/3814 4925/9197/3812 4899/9163/3784
f 4886/9169/3787 4912/9203/3799 4915/9183/3801 4889/9149/3772
f 4888/9154/3775 4914/9188/3804 4913/9204/3815 4887/9170/3788
f 4903/9205/3816 4929/9206/3817 4930/9207/3818 4904/9208/3819
f 4905/9173/3820 4931/9209/3821 4928/9210/3822 4902/9174/3823
f 4907/9211/3824 4933/9212/3825 4929/9206/3817 4903/9205/3816
f 4902/9174/3823 4928/9210/3822 4932/9213/3826 4906/9176/3827
f 4904/9208/3819 4930/9207/3818 4934/9214/3828 4908/9215/3829
f 4909/9178/3830 4935/9216/3831 4931/9209/3821 4905/9173/3820
f 4908/9215/3829 4934/9214/3828 4936/9217/3832 4910/9218/3797
f 4911/9180/3798 4937/9219/3833 4935/9216/3831 4909/9178/3830
f 4910/9218/3797 4936/9217/3832 4938/9220/3834 4912/9221/3799
f 4913/9182/3800 4939/9222/3835 4937/9219/3833 4911/9180/3798
f 4915/9183/3801 4941/9223/3836 4942/9224/3837 4916/9184/3802
f 4916/9185/3696 4942/9225/3696 4943/9226/3696 4917/9186/3696
f 4917/9187/3803 4943/9227/3838 4940/9228/3839 4914/9188/3804
f 4906/9176/3827 4932/9213/3826 4944/9229/3840 4918/9189/3841
f 4919/9230/3842 4945/9231/3843 4933/9212/3825 4907/9211/3824
f 4918/9232/3841 4944/9233/3840 4946/9234/3844 4920/9235/3807
f 4921/9236/3808 4947/9237/3845 4945/9231/3843 4919/9230/3842
f 4920/9238/3807 4946/9239/3844 4948/9240/3846 4922/9195/3809
f 4923/9198/3810 4949/9241/3847 4947/9242/3845 4921/9243/3808
f 4922/9195/3809 4948/9240/3846 4950/9244/3848 4924/9196/3811
f 4925/9197/3812 4951/9245/3849 4949/9241/3847 4923/9198/3810
f 4924/9196/3811 4950/9244/3848 4952/9246/3850 4926/9199/3813
f 4926/9200/3696 4952/9247/3696 4953/9248/3696 4927/9201/3696
f 4927/9202/3814 4953/9249/3851 4951/9245/3849 4925/9197/3812
f 4912/9203/3799 4938/9250/3834 4941/9223/3836 4915/9183/3801
f 4914/9188/3804 4940/9228/3839 4939/9251/3852 4913/9204/3815
f 4929/9206/3817 4955/9252/3853 4956/9253/3854 4930/9207/3818
f 4931/9254/3821 4957/9255/3855 4954/9256/3856 4928/9257/3822
f 4933/9212/3825 4959/9258/3857 4955/9252/3853 4929/9206/3817
f 4928/9257/3822 4954/9256/3856 4958/9259/3858 4932/9260/3826
f 4930/9207/3818 4956/9253/3854 4960/9261/3859 4934/9214/3828
f 4935/9216/3831 4961/9262/3860 4957/9263/3855 4931/9209/3821
f 4934/9214/3828 4960/9261/3859 4962/9264/3861 4936/9217/3832
f 4937/9219/3833 4963/9265/3862 4961/9262/3860 4935/9216/3831
f 4936/9217/3832 4962/9264/3861 4964/9266/3863 4938/9220/3834
f 4939/9222/3835 4965/9267/3864 4963/9265/3862 4937/9219/3833
f 4941/9223/3836 4967/9268/3865 4968/9269/3866 4942/9224/3837
f 4942/9225/3696 4968/9270/3696 4969/9271/3696 4943/9226/3696
f 4943/9227/3838 4969/9272/3867 4966/9273/3868 4940/9228/3839
f 4932/9260/3826 4958/9259/3858 4970/9274/3869 4944/9233/3840
f 4945/9231/3843 4971/9275/3870 4959/9258/3857 4933/9212/3825
f 4944/9233/3840 4970/9274/3869 4972/9276/3871 4946/9234/3844
f 4947/9237/3845 4973/9277/3872 4971/9275/3870 4945/9231/3843
f 4946/9234/3844 4972/9276/3871 4974/9278/3873 4948/9279/3846
f 4949/9241/3847 4975/9280/3874 4973/9281/3872 4947/9242/3845
f 4948/9240/3846 4974/9282/3875 4976/9283/3876 4950/9244/3848
f 4951/9245/3849 4977/9284/3877 4975/9280/3874 4949/9241/3847
f 4950/9244/3848 4976/9283/3876 4978/9285/3878 4952/9246/3850
f 4952/9247/3696 4978/9286/3696 4979/9287/3696 4953/9248/3696
f 4953/9249/3851 4979/9288/3879 4977/9284/3877 4951/9245/3849
f 4938/9250/3834 4964/9289/3880 4967/9268/3865 4941/9223/3836
f 4940/9228/3839 4966/9273/3868 4965/9290/3881 4939/9251/3852
f 4955/9252/3853 4981/9291/3882 4982/9292/3883 4956/9253/3854
f 4957/9255/3855 4983/9293/3884 4980/9294/3885 4954/9256/3856
f 4959/9258/3857 4985/9295/3886 4981/9291/3882 4955/9252/3853
f 4954/9256/3856 4980/9294/3885 4984/9296/3887 4958/9259/3858
f 4956/9253/3854 4982/9292/3883 4986/9297/3888 4960/9261/3859
f 4961/9298/3860 4987/9299/3889 4983/9293/3884 4957/9255/3855
f 4960/9261/3859 4986/9297/3888 4988/9300/3890 4962/9264/3861
f 4963/9301/3862 4989/9302/3891 4987/9299/3889 4961/9298/3860
f 4962/9264/3861 4988/9300/3890 4990/9303/3892 4964/9266/3863
f 4965/9304/3864 4991/9305/3893 4989/9302/3891 4963/9301/3862
f 4967/9268/3865 4993/9306/3894 4994/9307/3895 4968/9269/3866
f 4968/9270/3696 4994/9071/3696 4995/9070/3696 4969/9271/3696
f 4969/9272/3867 4995/9308/3896 4992/9309/3897 4966/9273/3868
f 4958/9259/3858 4984/9296/3887 4996/9310/3898 4970/9274/3869
f 4971/9275/3870 4997/9311/3899 4985/9295/3886 4959/9258/3857
f 4970/9274/3869 4996/9310/3898 4998/9312/3900 4972/9276/3871
f 4973/9277/3872 4999/9313/3901 4997/9311/3899 4971/9275/3870
f 4972/9276/3871 4998/9312/3900 5000/9314/3902 4974/9278/3873
f 4975/9315/3874 5001/9316/3903 4999/9313/3901 4973/9277/3872
f 4974/9282/3875 5000/9317/3904 5002/9318/3905 4976/9283/3876
f 4977/9284/3877 5003/9319/3906 5001/9320/3907 4975/9280/3874
f 4976/9283/3876 5002/9318/3905 5004/9321/3908 4978/9285/3878
f 4978/9286/3696 5004/9130/3696 5005/9129/3696 4979/9287/3696
f 4979/9288/3879 5005/9322/3909 5003/9319/3906 4977/9284/3877
f 4964/9289/3880 4990/9323/3910 4993/9306/3894 4967/9268/3865
f 4966/9273/3868 4992/9309/3897 4991/9324/3911 4965/9290/3881
f 4828/9325/3912 5007/9326/3913 5006/9327/3914 4826/9328/3912
f 4826/9329/3915 5006/9330/3916 5008/9331/3917 4836/9332/3915
f 4836/9333/3918 5008/9334/3918 5009/9335/3918 4839/9336/3918
f 4839/9337/3919 5009/9338/3919 5007/9339/3919 4828/9340/3919
f 4824/9341/3920 5011/9342/3921 5010/9343/3922 4830/9344/3920
f 4830/9345/3923 5010/9346/3923 5012/9347/3923 4852/9348/3923
f 4852/9349/3924 5012/9350/3924 5013/9351/3924 4855/9352/3924
f 4855/9353/3925 5013/9354/3926 5011/9355/3927 4824/9356/3925
f 5007/9326/3913 5015/9357/3928 5014/9358/3928 5006/9327/3914
f 5006/9330/3916 5014/9050/3929 5016/9049/3929 5008/9331/3917
f 5008/9331/3930 5016/9049/3930 5017/9048/3930 5009/9359/3930
f 5009/9360/3931 5017/9361/3931 5015/9362/3931 5007/9363/3931
f 5011/9342/3921 5019/9364/3932 5018/9365/3932 5010/9343/3922
f 5010/9366/3933 5018/9367/3933 5020/9368/3933 5012/9369/3933
f 5012/9370/3934 5020/9093/3934 5021/9092/3934 5013/9354/3934
f 5013/9354/3926 5021/9092/3935 5019/9091/3935 5011/9355/3927
o pCylinder11
v -0.000545 0.010364 -0.011928
v -0.000691 0.010506 -0.011961
v -0.000890 0.010558 -0.011973
v -0.001089 0.010506 -0.011961
v -0.001235 0.010364 -0.011928
v -0.001288 0.010170 -0.011883
v -0.001235 0.009977 -0.011838
v -0.001089 0.009835 -0.011805
v -0.000890 0.009783 -0.011793
v -0.000691 0.009835 -0.011805
v -0.000545 0.009977 -0.011838
v -0.000492 0.010170 -0.011883
v -0.000545 0.010392 -0.011808
v -0.000691 0.010534 -0.011841
v -0.000890 0.010586 -0.011853
v -0.001089 0.010534 -0.011841
v -0.001235 0.010392 -0.011808
v -0.001288 0.010198 -0.011763
v -0.001235 0.010004 -0.011718
v -0.001089 0.009862 -0.011685
v -0.000890 0.009810 -0.011673
v -0.000691 0.009862 -0.011685
v -0.000545 0.010004 -0.011718
v -0.000492 0.010198 -0.011763
v -0.000636 0.009901 -0.013272
v -0.000691 0.009925 -0.013277
v -0.000890 0.009867 -0.013264
v -0.000890 0.009934 -0.013279
v -0.001089 0.009925 -0.013277
v -0.001144 0.009901 -0.013272
v -0.001164 0.009867 -0.013264
v -0.001144 0.009834 -0.013256
v -0.001089 0.009809 -0.013251
v -0.000890 0.009801 -0.013248
v -0.000691 0.009809 -0.013251
v -0.000636 0.009834 -0.013256
v -0.000616 0.009867 -0.013264
v -0.000576 0.010382 -0.011775
v -0.000709 0.010511 -0.011805
v -0.000890 0.010559 -0.011816
v -0.001071 0.010511 -0.011805
v -0.001204 0.010382 -0.011775
v -0.001253 0.010205 -0.011734
v -0.001204 0.010028 -0.011693
v -0.001071 0.009899 -0.011663
v -0.000890 0.009852 -0.011652
v -0.000709 0.009899 -0.011663
v -0.000576 0.010028 -0.011693
v -0.000527 0.010205 -0.011734
v -0.000613 0.010361 -0.011770
v -0.000730 0.010475 -0.011797
v -0.000890 0.010517 -0.011806
v -0.001050 0.010475 -0.011797
v -0.001167 0.010361 -0.011770
v -0.001210 0.010205 -0.011734
v -0.001167 0.010049 -0.011698
v -0.001050 0.009935 -0.011671
v -0.000890 0.009893 -0.011661
v -0.000730 0.009935 -0.011671
v -0.000613 0.010049 -0.011698
v -0.000570 0.010205 -0.011734
v -0.000634 0.010341 -0.011805
v -0.000742 0.010446 -0.011830
v -0.000890 0.010196 -0.011772
v -0.000890 0.010485 -0.011839
v -0.001038 0.010446 -0.011830
v -0.001146 0.010341 -0.011805
v -0.001186 0.010196 -0.011772
v -0.001146 0.010052 -0.011738
v -0.001038 0.009947 -0.011714
v -0.000890 0.009908 -0.011705
v -0.000742 0.009947 -0.011714
v -0.000634 0.010052 -0.011738
v -0.000594 0.010196 -0.011772
vn 0.7071 0.6888 -0.1600
vn 0.2588 0.9409 -0.2186
vn -0.2588 0.9409 -0.2186
vn -0.7071 0.6888 -0.1600
vn -0.9659 0.2521 -0.0586
vn -0.9659 -0.2521 0.0586
vn -0.7071 -0.6888 0.1600
vn -0.2588 -0.9409 0.2186
vn 0.2588 -0.9409 0.2186
vn 0.7071 -0.6888 0.1600
vn 0.9659 -0.2521 0.0586
vn 0.9659 0.2521 -0.0586
vn -0.0000 -0.2263 -0.9741
vn -0.0000 0.2263 0.9741
vn 0.6433 0.7047 -0.2991
vn 0.1520 0.8979 -0.4130
vn -0.1520 0.8979 -0.4130
vn -0.6433 0.7047 -0.2991
vn -0.9505 0.2712 -0.1518
vn -0.9499 -0.3118 -0.0237
vn -0.6417 -0.7666 0.0244
vn -0.1512 -0.9885 0.0024
vn 0.1512 -0.9885 0.0024
vn 0.6417 -0.7666 0.0244
vn 0.9499 -0.3118 -0.0237
vn 0.9505 0.2712 -0.1518
vn 0.4693 0.6264 0.6225
vn 0.1718 0.7937 0.5836
vn -0.1718 0.7937 0.5836
vn -0.4693 0.6264 0.6225
vn -0.6410 0.3366 0.6898
vn -0.6410 0.0020 0.7675
vn -0.4693 -0.2878 0.8348
vn -0.1718 -0.4551 0.8737
vn 0.1718 -0.4551 0.8737
vn 0.4693 -0.2878 0.8348
vn 0.6410 0.0020 0.7675
vn 0.6410 0.3366 0.6898
vn -0.6053 -0.4727 0.6405
vn -0.2215 -0.6885 0.6906
vn 0.2215 -0.6885 0.6906
vn 0.6053 -0.4727 0.6405
vn 0.8269 -0.0989 0.5536
vn 0.8269 0.3328 0.4533
vn 0.6053 0.7066 0.3665
vn 0.2216 0.9224 0.3164
vn -0.2216 0.9224 0.3164
vn -0.6053 0.7066 0.3665
vn -0.8269 0.3328 0.4533
vn -0.8269 -0.0989 0.5536
vt 0.276057 0.140179
vt 0.277646 0.140179
vt 0.277646 0.141522
vt 0.276057 0.141522
vt 0.139596 0.046234
vt 0.137551 0.046358
vt 0.137551 0.045125
vt 0.139596 0.045002
vt 0.135506 0.046234
vt 0.135506 0.045002
vt 0.674444 0.013171
vt 0.674444 0.011582
vt 0.675787 0.011582
vt 0.675787 0.013171
vt 0.674444 0.009412
vt 0.675787 0.009412
vt 0.674444 0.007242
vt 0.675787 0.007242
vt 0.674444 0.005653
vt 0.675788 0.005653
vt 0.783492 0.026305
vt 0.785438 0.026423
vt 0.785438 0.027596
vt 0.783492 0.027478
vt 0.787383 0.026305
vt 0.787383 0.027478
vt 0.270128 0.140179
vt 0.271717 0.140179
vt 0.271717 0.141523
vt 0.270128 0.141523
vt 0.273887 0.140179
vt 0.273887 0.141523
vt 0.344022 0.006407
vt 0.344237 0.005863
vt 0.344674 0.008331
vt 0.344021 0.008360
vt 0.344196 0.010305
vt 0.344458 0.010828
vt 0.344793 0.011008
vt 0.345111 0.010799
vt 0.345325 0.010255
vt 0.345326 0.008302
vt 0.345152 0.006356
vt 0.344890 0.005834
vt 0.344554 0.005653
vt 0.770652 0.057091
vt 0.769377 0.056321
vt 0.771388 0.054290
vt 0.768641 0.055007
vt 0.768641 0.053501
vt 0.769377 0.052207
vt 0.770651 0.051470
vt 0.772124 0.051489
vt 0.773398 0.052259
vt 0.774135 0.053573
vt 0.774135 0.055079
vt 0.773399 0.056374
vt 0.772124 0.057110
vt 0.274444 0.124775
vt 0.274717 0.124775
vt 0.139596 0.059748
vt 0.137551 0.059770
vt 0.135506 0.059748
vt 0.659040 0.010242
vt 0.659040 0.009969
vt 0.659040 0.009596
vt 0.659040 0.009223
vt 0.659040 0.008951
vt 0.783492 0.012185
vt 0.785438 0.012205
vt 0.787383 0.012185
vt 0.273425 0.124775
vt 0.273698 0.124776
vt 0.274071 0.124775
vt 0.141093 0.044663
vt 0.139414 0.044628
vt 0.140779 0.044319
vt 0.137551 0.044741
vt 0.135687 0.044628
vt 0.134009 0.044663
vt 0.134323 0.044319
vt 0.676117 0.009412
vt 0.676117 0.011390
vt 0.676117 0.007435
vt 0.772359 0.050526
vt 0.774075 0.051562
vt 0.773770 0.051821
vt 0.772206 0.050878
vt 0.775065 0.053330
vt 0.774672 0.053433
vt 0.775066 0.055357
vt 0.774673 0.055279
vt 0.774075 0.057099
vt 0.773770 0.056867
vt 0.273887 0.141852
vt 0.271909 0.141853
vt 0.275865 0.141852
vt 0.770402 0.057746
vt 0.768839 0.056803
vt 0.769128 0.056510
vt 0.770508 0.057343
vt 0.767936 0.055192
vt 0.768332 0.055088
vt 0.767936 0.053345
vt 0.768332 0.053458
vt 0.768838 0.051757
vt 0.769128 0.052058
vt 0.770401 0.050854
vt 0.770507 0.051261
vt 0.772100 0.051282
vt 0.773480 0.052114
vt 0.774276 0.053536
vt 0.774276 0.055166
vt 0.773480 0.056567
vt 0.772207 0.057770
vt 0.772101 0.057363
vt 0.018675 0.006097
vt 0.017335 0.006097
vt 0.017575 0.005653
vt 0.018813 0.005653
vt 0.573480 0.031680
vt 0.573480 0.030340
vt 0.573924 0.030201
vt 0.573924 0.031439
vt 0.573480 0.028510
vt 0.573923 0.028510
vt 0.573480 0.026681
vt 0.573923 0.026819
vt 0.573480 0.025341
vt 0.573923 0.025581
vt 0.507462 0.012097
vt 0.507364 0.010485
vt 0.507801 0.010485
vt 0.507891 0.011975
vt 0.507462 0.008873
vt 0.507891 0.008995
vt 0.023674 0.006097
vt 0.022334 0.006097
vt 0.022196 0.005653
vt 0.023434 0.005654
vt 0.020504 0.006097
vt 0.020505 0.005653
s 1
usemtl Swoop
f 5022/9371/3936 5023/9372/3936 5035/9373/3936 5034/9374/3936
f 5023/9375/3937 5024/9376/3937 5036/9377/3937 5035/9378/3937
f 5024/9376/3938 5025/9379/3938 5037/9380/3938 5036/9377/3938
f 5025/9381/3939 5026/9382/3939 5038/9383/3939 5037/9384/3939
f 5026/9382/3940 5027/9385/3940 5039/9386/3940 5038/9383/3940
f 5027/9385/3941 5028/9387/3941 5040/9388/3941 5039/9386/3941
f 5028/9387/3942 5029/9389/3942 5041/9390/3942 5040/9388/3942
f 5029/9391/3943 5030/9392/3943 5042/9393/3943 5041/9394/3943
f 5030/9392/3944 5031/9395/3944 5043/9396/3944 5042/9393/3944
f 5031/9397/3945 5032/9398/3945 5044/9399/3945 5043/9400/3945
f 5032/9398/3946 5033/9401/3946 5045/9402/3946 5044/9399/3946
f 5033/9401/3947 5022/9371/3947 5034/9374/3947 5045/9402/3947
f 5047/9403/3948 5046/9404/3948 5048/9405/3948
f 5049/9406/3948 5047/9403/3948 5048/9405/3948
f 5050/9407/3948 5049/9406/3948 5048/9405/3948
f 5051/9408/3948 5050/9407/3948 5048/9405/3948
f 5052/9409/3948 5051/9408/3948 5048/9405/3948
f 5053/9410/3948 5052/9409/3948 5048/9405/3948
f 5054/9411/3948 5053/9410/3948 5048/9405/3948
f 5055/9412/3948 5054/9411/3948 5048/9405/3948
f 5056/9413/3948 5055/9412/3948 5048/9405/3948
f 5057/9414/3948 5056/9413/3948 5048/9405/3948
f 5058/9415/3948 5057/9414/3948 5048/9405/3948
f 5046/9404/3948 5058/9415/3948 5048/9405/3948
f 5083/9416/3949 5084/9417/3949 5085/9418/3949
f 5084/9417/3949 5086/9419/3949 5085/9418/3949
f 5086/9419/3949 5087/9420/3949 5085/9418/3949
f 5087/9420/3949 5088/9421/3949 5085/9418/3949
f 5088/9421/3949 5089/9422/3949 5085/9418/3949
f 5089/9422/3949 5090/9423/3949 5085/9418/3949
f 5090/9423/3949 5091/9424/3949 5085/9418/3949
f 5091/9424/3949 5092/9425/3949 5085/9418/3949
f 5092/9425/3949 5093/9426/3949 5085/9418/3949
f 5093/9426/3949 5094/9427/3949 5085/9418/3949
f 5094/9427/3949 5095/9428/3949 5085/9418/3949
f 5095/9428/3949 5083/9416/3949 5085/9418/3949
f 5023/9372/3950 5022/9371/3950 5046/9429/3950 5047/9430/3950
f 5024/9376/3951 5023/9375/3951 5047/9431/3951 5049/9432/3951
f 5025/9379/3952 5024/9376/3952 5049/9432/3952 5050/9433/3952
f 5026/9382/3953 5025/9381/3953 5050/9434/3953 5051/9435/3953
f 5027/9385/3954 5026/9382/3954 5051/9435/3954 5052/9436/3954
f 5028/9387/3955 5027/9385/3955 5052/9436/3955 5053/9437/3955
f 5029/9389/3956 5028/9387/3956 5053/9437/3956 5054/9438/3956
f 5030/9392/3957 5029/9391/3957 5054/9439/3957 5055/9440/3957
f 5031/9395/3958 5030/9392/3958 5055/9440/3958 5056/9441/3958
f 5032/9398/3959 5031/9397/3959 5056/9442/3959 5057/9443/3959
f 5033/9401/3960 5032/9398/3960 5057/9443/3960 5058/9444/3960
f 5022/9371/3961 5033/9401/3961 5058/9444/3961 5046/9429/3961
f 5034/9445/3962 5035/9378/3962 5060/9446/3962 5059/9447/3962
f 5035/9378/3963 5036/9377/3963 5061/9448/3963 5060/9446/3963
f 5036/9377/3964 5037/9380/3964 5062/9449/3964 5061/9448/3964
f 5037/9380/3965 5038/9450/3965 5063/9451/3965 5062/9449/3965
f 5038/9383/3966 5039/9386/3966 5064/9452/3966 5063/9453/3966
f 5039/9386/3967 5040/9388/3967 5065/9454/3967 5064/9452/3967
f 5040/9455/3968 5041/9456/3968 5066/9457/3968 5065/9458/3968
f 5041/9456/3969 5042/9459/3969 5067/9460/3969 5066/9457/3969
f 5042/9459/3970 5043/9461/3970 5068/9462/3970 5067/9460/3970
f 5043/9461/3971 5044/9463/3971 5069/9464/3971 5068/9462/3971
f 5044/9399/3972 5045/9402/3972 5070/9465/3972 5069/9466/3972
f 5045/9402/3973 5034/9374/3973 5059/9467/3973 5070/9465/3973
f 5059/9468/3949 5060/9469/3949 5072/9470/3949 5071/9471/3949
f 5060/9469/3949 5061/9472/3949 5073/9473/3949 5072/9470/3949
f 5061/9472/3949 5062/9474/3949 5074/9475/3949 5073/9473/3949
f 5062/9474/3949 5063/9476/3949 5075/9477/3949 5074/9475/3949
f 5063/9476/3949 5064/9478/3949 5076/9479/3949 5075/9477/3949
f 5064/9478/3949 5065/9458/3949 5077/9480/3949 5076/9479/3949
f 5065/9458/3949 5066/9457/3949 5078/9481/3949 5077/9480/3949
f 5066/9457/3949 5067/9460/3949 5079/9482/3949 5078/9481/3949
f 5067/9460/3949 5068/9462/3949 5080/9483/3949 5079/9482/3949
f 5068/9462/3949 5069/9464/3949 5081/9484/3949 5080/9483/3949
f 5069/9464/3949 5070/9485/3949 5082/9486/3949 5081/9484/3949
f 5070/9485/3949 5059/9468/3949 5071/9471/3949 5082/9486/3949
f 5071/9487/3974 5072/9488/3974 5084/9489/3974 5083/9490/3974
f 5072/9470/3975 5073/9473/3975 5086/9419/3975 5084/9417/3975
f 5073/9473/3976 5074/9475/3976 5087/9420/3976 5086/9419/3976
f 5074/9491/3977 5075/9492/3977 5088/9493/3977 5087/9494/3977
f 5075/9492/3978 5076/9495/3978 5089/9496/3978 5088/9493/3978
f 5076/9495/3979 5077/9497/3979 5090/9498/3979 5089/9496/3979
f 5077/9497/3980 5078/9499/3980 5091/9500/3980 5090/9498/3980
f 5078/9501/3981 5079/9502/3981 5092/9503/3981 5091/9504/3981
f 5079/9502/3982 5080/9505/3982 5093/9506/3982 5092/9503/3982
f 5080/9507/3983 5081/9508/3983 5094/9509/3983 5093/9510/3983
f 5081/9508/3984 5082/9511/3984 5095/9512/3984 5094/9509/3984
f 5082/9511/3985 5071/9487/3985 5083/9490/3985 5095/9512/3985
o pCylinder10
v 0.001239 0.010364 -0.011928
v 0.001093 0.010506 -0.011961
v 0.000894 0.010558 -0.011973
v 0.000695 0.010506 -0.011961
v 0.000549 0.010364 -0.011928
v 0.000496 0.010170 -0.011883
v 0.000549 0.009977 -0.011838
v 0.000695 0.009835 -0.011805
v 0.000894 0.009783 -0.011793
v 0.001093 0.009835 -0.011805
v 0.001239 0.009977 -0.011838
v 0.001293 0.010170 -0.011883
v 0.001239 0.010392 -0.011808
v 0.001093 0.010534 -0.011841
v 0.000894 0.010586 -0.011853
v 0.000695 0.010534 -0.011841
v 0.000549 0.010392 -0.011808
v 0.000496 0.010198 -0.011763
v 0.000549 0.010004 -0.011718
v 0.000695 0.009862 -0.011685
v 0.000894 0.009810 -0.011673
v 0.001093 0.009862 -0.011685
v 0.001239 0.010004 -0.011718
v 0.001293 0.010198 -0.011763
v 0.001148 0.009901 -0.013272
v 0.001093 0.009925 -0.013277
v 0.000894 0.009867 -0.013264
v 0.000894 0.009934 -0.013279
v 0.000695 0.009925 -0.013277
v 0.000641 0.009901 -0.013272
v 0.000621 0.009867 -0.013264
v 0.000641 0.009834 -0.013256
v 0.000695 0.009809 -0.013251
v 0.000894 0.009801 -0.013248
v 0.001093 0.009809 -0.013251
v 0.001148 0.009834 -0.013256
v 0.001168 0.009867 -0.013264
v 0.001209 0.010382 -0.011775
v 0.001076 0.010511 -0.011805
v 0.000894 0.010559 -0.011816
v 0.000713 0.010511 -0.011805
v 0.000580 0.010382 -0.011775
v 0.000531 0.010205 -0.011734
v 0.000580 0.010028 -0.011693
v 0.000713 0.009899 -0.011663
v 0.000894 0.009852 -0.011652
v 0.001076 0.009899 -0.011663
v 0.001209 0.010028 -0.011693
v 0.001257 0.010205 -0.011734
v 0.001172 0.010361 -0.011770
v 0.001054 0.010475 -0.011797
v 0.000894 0.010517 -0.011806
v 0.000734 0.010475 -0.011797
v 0.000617 0.010361 -0.011770
v 0.000574 0.010205 -0.011734
v 0.000617 0.010049 -0.011698
v 0.000734 0.009935 -0.011671
v 0.000894 0.009893 -0.011661
v 0.001054 0.009935 -0.011671
v 0.001172 0.010049 -0.011698
v 0.001215 0.010205 -0.011734
v 0.001151 0.010341 -0.011805
v 0.001042 0.010446 -0.011830
v 0.000894 0.010196 -0.011772
v 0.000894 0.010485 -0.011839
v 0.000746 0.010446 -0.011830
v 0.000638 0.010341 -0.011805
v 0.000598 0.010196 -0.011772
v 0.000638 0.010052 -0.011738
v 0.000746 0.009947 -0.011714
v 0.000894 0.009908 -0.011705
v 0.001042 0.009947 -0.011714
v 0.001151 0.010052 -0.011738
v 0.001190 0.010196 -0.011772
vn 0.7071 0.6888 -0.1600
vn 0.2588 0.9409 -0.2186
vn -0.2588 0.9409 -0.2186
vn -0.7071 0.6888 -0.1600
vn -0.9659 0.2521 -0.0586
vn -0.9659 -0.2521 0.0586
vn -0.7071 -0.6888 0.1600
vn -0.2588 -0.9409 0.2186
vn 0.2588 -0.9409 0.2186
vn 0.7071 -0.6888 0.1600
vn 0.9659 -0.2521 0.0586
vn 0.9659 0.2521 -0.0586
vn -0.0000 -0.2263 -0.9741
vn -0.0000 0.2263 0.9741
vn 0.6433 0.7047 -0.2991
vn 0.1520 0.8979 -0.4130
vn -0.1520 0.8979 -0.4130
vn -0.6433 0.7047 -0.2991
vn -0.9505 0.2712 -0.1518
vn -0.9499 -0.3118 -0.0237
vn -0.6417 -0.7666 0.0244
vn -0.1512 -0.9885 0.0024
vn 0.1512 -0.9885 0.0024
vn 0.6417 -0.7666 0.0244
vn 0.9499 -0.3118 -0.0237
vn 0.9505 0.2712 -0.1518
vn 0.4693 0.6264 0.6225
vn 0.1718 0.7937 0.5836
vn -0.1718 0.7937 0.5836
vn -0.4693 0.6264 0.6224
vn -0.6410 0.3366 0.6898
vn -0.6410 0.0020 0.7675
vn -0.4693 -0.2878 0.8348
vn -0.1718 -0.4551 0.8737
vn 0.1718 -0.4551 0.8737
vn 0.4693 -0.2878 0.8348
vn 0.6410 0.0020 0.7675
vn 0.6410 0.3366 0.6898
vn -0.6053 -0.4727 0.6405
vn -0.2216 -0.6885 0.6906
vn 0.2216 -0.6885 0.6906
vn 0.6053 -0.4727 0.6405
vn 0.8269 -0.0989 0.5536
vn 0.8269 0.3328 0.4533
vn 0.6053 0.7066 0.3665
vn 0.2216 0.9224 0.3164
vn -0.2216 0.9224 0.3164
vn -0.6053 0.7066 0.3665
vn -0.8269 0.3328 0.4533
vn -0.8269 -0.0989 0.5536
vt 0.314948 0.021057
vt 0.316537 0.021057
vt 0.316537 0.022400
vt 0.314949 0.022400
vt 0.139596 0.101213
vt 0.137551 0.101337
vt 0.137551 0.100104
vt 0.139596 0.099980
vt 0.135506 0.101213
vt 0.135506 0.099980
vt 0.619996 0.108824
vt 0.619996 0.107236
vt 0.621339 0.107236
vt 0.621339 0.108824
vt 0.619996 0.105065
vt 0.621340 0.105065
vt 0.619996 0.102895
vt 0.621340 0.102895
vt 0.619997 0.101306
vt 0.621340 0.101306
vt 0.122341 0.102528
vt 0.124287 0.102646
vt 0.124287 0.103820
vt 0.122341 0.103702
vt 0.126233 0.102528
vt 0.126233 0.103702
vt 0.309019 0.021057
vt 0.310608 0.021057
vt 0.310608 0.022400
vt 0.309019 0.022401
vt 0.312778 0.021057
vt 0.312778 0.022400
vt 0.340133 0.006406
vt 0.340348 0.005863
vt 0.340785 0.008331
vt 0.340132 0.008360
vt 0.340307 0.010305
vt 0.340569 0.010828
vt 0.340904 0.011008
vt 0.341221 0.010799
vt 0.341436 0.010255
vt 0.341437 0.008302
vt 0.341263 0.006356
vt 0.341000 0.005834
vt 0.340665 0.005653
vt 0.786209 0.080960
vt 0.784934 0.080190
vt 0.786944 0.078159
vt 0.784197 0.078877
vt 0.784197 0.077370
vt 0.784933 0.076076
vt 0.786208 0.075339
vt 0.787680 0.075359
vt 0.788955 0.076128
vt 0.789691 0.077442
vt 0.789691 0.078948
vt 0.788955 0.080243
vt 0.787681 0.080979
vt 0.313335 0.005653
vt 0.313608 0.005653
vt 0.139596 0.114727
vt 0.137551 0.114748
vt 0.135506 0.114727
vt 0.604593 0.105895
vt 0.604593 0.105622
vt 0.604593 0.105249
vt 0.604593 0.104877
vt 0.604593 0.104604
vt 0.122341 0.088408
vt 0.124287 0.088429
vt 0.126233 0.088408
vt 0.312317 0.005653
vt 0.312589 0.005653
vt 0.312962 0.005653
vt 0.141093 0.099641
vt 0.139414 0.099606
vt 0.140778 0.099297
vt 0.137551 0.099719
vt 0.135687 0.099606
vt 0.134009 0.099641
vt 0.134323 0.099297
vt 0.621669 0.105065
vt 0.621669 0.107043
vt 0.621670 0.103088
vt 0.787916 0.074395
vt 0.789631 0.075431
vt 0.789326 0.075691
vt 0.787763 0.074747
vt 0.790622 0.077199
vt 0.790229 0.077302
vt 0.790622 0.079226
vt 0.790229 0.079149
vt 0.789632 0.080968
vt 0.789327 0.080736
vt 0.312778 0.022730
vt 0.310801 0.022730
vt 0.314756 0.022730
vt 0.785958 0.081616
vt 0.784395 0.080672
vt 0.784685 0.080379
vt 0.786065 0.081212
vt 0.783492 0.079061
vt 0.783888 0.078957
vt 0.783492 0.077214
vt 0.783888 0.077328
vt 0.784394 0.075626
vt 0.784684 0.075927
vt 0.785958 0.074723
vt 0.786064 0.075130
vt 0.787657 0.075151
vt 0.789036 0.075983
vt 0.789833 0.077405
vt 0.789833 0.079035
vt 0.789037 0.080436
vt 0.787763 0.081639
vt 0.787657 0.081232
vt 0.026453 0.006097
vt 0.025113 0.006097
vt 0.025354 0.005653
vt 0.026592 0.005653
vt 0.347911 0.029605
vt 0.347911 0.028266
vt 0.348355 0.028127
vt 0.348355 0.029365
vt 0.347911 0.026436
vt 0.348354 0.026436
vt 0.347911 0.024606
vt 0.348354 0.024745
vt 0.347910 0.023267
vt 0.348354 0.023507
vt 0.507462 0.008878
vt 0.507364 0.007266
vt 0.507801 0.007266
vt 0.507891 0.008756
vt 0.507462 0.005653
vt 0.507891 0.005776
vt 0.031452 0.006097
vt 0.030113 0.006097
vt 0.029974 0.005653
vt 0.031212 0.005654
vt 0.028283 0.006097
vt 0.028283 0.005653
s 1
usemtl Swoop
f 5096/9513/3986 5097/9514/3986 5109/9515/3986 5108/9516/3986
f 5097/9517/3987 5098/9518/3987 5110/9519/3987 5109/9520/3987
f 5098/9518/3988 5099/9521/3988 5111/9522/3988 5110/9519/3988
f 5099/9523/3989 5100/9524/3989 5112/9525/3989 5111/9526/3989
f 5100/9524/3990 5101/9527/3990 5113/9528/3990 5112/9525/3990
f 5101/9527/3991 5102/9529/3991 5114/9530/3991 5113/9528/3991
f 5102/9529/3992 5103/9531/3992 5115/9532/3992 5114/9530/3992
f 5103/9533/3993 5104/9534/3993 5116/9535/3993 5115/9536/3993
f 5104/9534/3994 5105/9537/3994 5117/9538/3994 5116/9535/3994
f 5105/9539/3995 5106/9540/3995 5118/9541/3995 5117/9542/3995
f 5106/9540/3996 5107/9543/3996 5119/9544/3996 5118/9541/3996
f 5107/9543/3997 5096/9513/3997 5108/9516/3997 5119/9544/3997
f 5121/9545/3998 5120/9546/3998 5122/9547/3998
f 5123/9548/3998 5121/9545/3998 5122/9547/3998
f 5124/9549/3998 5123/9548/3998 5122/9547/3998
f 5125/9550/3998 5124/9549/3998 5122/9547/3998
f 5126/9551/3998 5125/9550/3998 5122/9547/3998
f 5127/9552/3998 5126/9551/3998 5122/9547/3998
f 5128/9553/3998 5127/9552/3998 5122/9547/3998
f 5129/9554/3998 5128/9553/3998 5122/9547/3998
f 5130/9555/3998 5129/9554/3998 5122/9547/3998
f 5131/9556/3998 5130/9555/3998 5122/9547/3998
f 5132/9557/3998 5131/9556/3998 5122/9547/3998
f 5120/9546/3998 5132/9557/3998 5122/9547/3998
f 5157/9558/3999 5158/9559/3999 5159/9560/3999
f 5158/9559/3999 5160/9561/3999 5159/9560/3999
f 5160/9561/3999 5161/9562/3999 5159/9560/3999
f 5161/9562/3999 5162/9563/3999 5159/9560/3999
f 5162/9563/3999 5163/9564/3999 5159/9560/3999
f 5163/9564/3999 5164/9565/3999 5159/9560/3999
f 5164/9565/3999 5165/9566/3999 5159/9560/3999
f 5165/9566/3999 5166/9567/3999 5159/9560/3999
f 5166/9567/3999 5167/9568/3999 5159/9560/3999
f 5167/9568/3999 5168/9569/3999 5159/9560/3999
f 5168/9569/3999 5169/9570/3999 5159/9560/3999
f 5169/9570/3999 5157/9558/3999 5159/9560/3999
f 5097/9514/4000 5096/9513/4000 5120/9571/4000 5121/9572/4000
f 5098/9518/4001 5097/9517/4001 5121/9573/4001 5123/9574/4001
f 5099/9521/4002 5098/9518/4002 5123/9574/4002 5124/9575/4002
f 5100/9524/4003 5099/9523/4003 5124/9576/4003 5125/9577/4003
f 5101/9527/4004 5100/9524/4004 5125/9577/4004 5126/9578/4004
f 5102/9529/4005 5101/9527/4005 5126/9578/4005 5127/9579/4005
f 5103/9531/4006 5102/9529/4006 5127/9579/4006 5128/9580/4006
f 5104/9534/4007 5103/9533/4007 5128/9581/4007 5129/9582/4007
f 5105/9537/4008 5104/9534/4008 5129/9582/4008 5130/9583/4008
f 5106/9540/4009 5105/9539/4009 5130/9584/4009 5131/9585/4009
f 5107/9543/4010 5106/9540/4010 5131/9585/4010 5132/9586/4010
f 5096/9513/4011 5107/9543/4011 5132/9586/4011 5120/9571/4011
f 5108/9587/4012 5109/9520/4012 5134/9588/4012 5133/9589/4012
f 5109/9520/4013 5110/9519/4013 5135/9590/4013 5134/9588/4013
f 5110/9519/4014 5111/9522/4014 5136/9591/4014 5135/9590/4014
f 5111/9522/4015 5112/9592/4015 5137/9593/4015 5136/9591/4015
f 5112/9525/4016 5113/9528/4016 5138/9594/4016 5137/9595/4016
f 5113/9528/4017 5114/9530/4017 5139/9596/4017 5138/9594/4017
f 5114/9597/4018 5115/9598/4018 5140/9599/4018 5139/9600/4018
f 5115/9598/4019 5116/9601/4019 5141/9602/4019 5140/9599/4019
f 5116/9601/4020 5117/9603/4020 5142/9604/4020 5141/9602/4020
f 5117/9603/4021 5118/9605/4021 5143/9606/4021 5142/9604/4021
f 5118/9541/4022 5119/9544/4022 5144/9607/4022 5143/9608/4022
f 5119/9544/4023 5108/9516/4023 5133/9609/4023 5144/9607/4023
f 5133/9610/3999 5134/9611/3999 5146/9612/3999 5145/9613/3999
f 5134/9611/3999 5135/9614/3999 5147/9615/3999 5146/9612/3999
f 5135/9614/3999 5136/9616/3999 5148/9617/3999 5147/9615/3999
f 5136/9616/3999 5137/9618/3999 5149/9619/3999 5148/9617/3999
f 5137/9618/3999 5138/9620/3999 5150/9621/3999 5149/9619/3999
f 5138/9620/3999 5139/9600/3999 5151/9622/3999 5150/9621/3999
f 5139/9600/3999 5140/9599/3999 5152/9623/3999 5151/9622/3999
f 5140/9599/3999 5141/9602/3999 5153/9624/3999 5152/9623/3999
f 5141/9602/3999 5142/9604/3999 5154/9625/3999 5153/9624/3999
f 5142/9604/3999 5143/9606/3999 5155/9626/3999 5154/9625/3999
f 5143/9606/3999 5144/9627/3999 5156/9628/3999 5155/9626/3999
f 5144/9627/3999 5133/9610/3999 5145/9613/3999 5156/9628/3999
f 5145/9629/4024 5146/9630/4024 5158/9631/4024 5157/9632/4024
f 5146/9612/4025 5147/9615/4025 5160/9561/4025 5158/9559/4025
f 5147/9615/4026 5148/9617/4026 5161/9562/4026 5160/9561/4026
f 5148/9633/4027 5149/9634/4027 5162/9635/4027 5161/9636/4027
f 5149/9634/4028 5150/9637/4028 5163/9638/4028 5162/9635/4028
f 5150/9637/4029 5151/9639/4029 5164/9640/4029 5163/9638/4029
f 5151/9639/4030 5152/9641/4030 5165/9642/4030 5164/9640/4030
f 5152/9643/4031 5153/9644/4031 5166/9645/4031 5165/9646/4031
f 5153/9644/4032 5154/9647/4032 5167/9648/4032 5166/9645/4032
f 5154/9649/4033 5155/9650/4033 5168/9651/4033 5167/9652/4033
f 5155/9650/4034 5156/9653/4034 5169/9654/4034 5168/9651/4034
f 5156/9653/4035 5145/9629/4035 5157/9632/4035 5169/9654/4035
o pCylinder9
v 0.000453 0.010591 -0.011822
v 0.000261 0.010777 -0.011866
v 0.000000 0.010845 -0.011881
v -0.000261 0.010777 -0.011866
v -0.000453 0.010591 -0.011822
v -0.000523 0.010336 -0.011763
v -0.000453 0.010081 -0.011704
v -0.000261 0.009895 -0.011661
v 0.000000 0.009826 -0.011645
v 0.000261 0.009895 -0.011661
v 0.000453 0.010081 -0.011704
v 0.000523 0.010336 -0.011763
v 0.000453 0.010627 -0.011665
v 0.000261 0.010814 -0.011708
v 0.000000 0.010882 -0.011724
v -0.000261 0.010814 -0.011708
v -0.000453 0.010627 -0.011665
v -0.000523 0.010372 -0.011605
v -0.000453 0.010118 -0.011546
v -0.000261 0.009931 -0.011503
v 0.000000 0.009863 -0.011487
v 0.000261 0.009931 -0.011503
v 0.000453 0.010118 -0.011546
v 0.000523 0.010372 -0.011605
v 0.000333 0.009981 -0.013586
v 0.000261 0.010013 -0.013594
v 0.000000 0.009938 -0.013576
v 0.000000 0.010025 -0.013596
v -0.000261 0.010013 -0.013594
v -0.000333 0.009981 -0.013586
v -0.000359 0.009938 -0.013576
v -0.000333 0.009894 -0.013566
v -0.000261 0.009862 -0.013558
v 0.000000 0.009850 -0.013556
v 0.000261 0.009862 -0.013558
v 0.000333 0.009894 -0.013566
v 0.000359 0.009938 -0.013576
v 0.000413 0.010614 -0.011621
v 0.000238 0.010783 -0.011660
v 0.000000 0.010846 -0.011675
v -0.000238 0.010783 -0.011660
v -0.000413 0.010614 -0.011621
v -0.000477 0.010381 -0.011567
v -0.000413 0.010149 -0.011513
v -0.000238 0.009979 -0.011473
v 0.000000 0.009917 -0.011459
v 0.000238 0.009979 -0.011473
v 0.000413 0.010149 -0.011513
v 0.000477 0.010381 -0.011567
v 0.000364 0.010586 -0.011614
v 0.000210 0.010736 -0.011649
v 0.000000 0.010791 -0.011662
v -0.000210 0.010736 -0.011649
v -0.000364 0.010586 -0.011614
v -0.000421 0.010381 -0.011567
v -0.000364 0.010177 -0.011519
v -0.000210 0.010027 -0.011484
v 0.000000 0.009972 -0.011472
v 0.000210 0.010027 -0.011484
v 0.000364 0.010177 -0.011519
v 0.000421 0.010381 -0.011567
v 0.000337 0.010559 -0.011660
v 0.000194 0.010698 -0.011693
v 0.000000 0.010370 -0.011616
v 0.000000 0.010748 -0.011704
v -0.000194 0.010698 -0.011693
v -0.000337 0.010559 -0.011660
v -0.000389 0.010370 -0.011616
v -0.000337 0.010181 -0.011572
v -0.000194 0.010042 -0.011540
v 0.000000 0.009991 -0.011528
v 0.000194 0.010042 -0.011540
v 0.000337 0.010181 -0.011572
v 0.000389 0.010370 -0.011616
vn 0.7071 0.6888 -0.1600
vn 0.2588 0.9409 -0.2186
vn -0.2588 0.9409 -0.2186
vn -0.7071 0.6888 -0.1600
vn -0.9659 0.2521 -0.0586
vn -0.9659 -0.2521 0.0586
vn -0.7071 -0.6888 0.1600
vn -0.2588 -0.9409 0.2186
vn 0.2588 -0.9409 0.2186
vn 0.7071 -0.6888 0.1600
vn 0.9659 -0.2521 0.0586
vn 0.9659 0.2521 -0.0586
vn -0.0000 -0.2263 -0.9741
vn -0.0000 0.2263 0.9741
vn 0.6433 0.7047 -0.2991
vn 0.1520 0.8979 -0.4130
vn -0.1520 0.8979 -0.4130
vn -0.6433 0.7047 -0.2991
vn -0.9505 0.2712 -0.1518
vn -0.9499 -0.3118 -0.0237
vn -0.6417 -0.7666 0.0244
vn -0.1512 -0.9885 0.0024
vn 0.1512 -0.9885 0.0024
vn 0.6417 -0.7666 0.0244
vn 0.9499 -0.3118 -0.0237
vn 0.9505 0.2712 -0.1518
vn 0.4693 0.6264 0.6225
vn 0.1718 0.7937 0.5836
vn -0.1718 0.7937 0.5836
vn -0.4693 0.6264 0.6225
vn -0.6410 0.3366 0.6898
vn -0.6410 0.0020 0.7675
vn -0.4693 -0.2878 0.8348
vn -0.1718 -0.4551 0.8737
vn 0.1718 -0.4551 0.8737
vn 0.4693 -0.2878 0.8348
vn 0.6410 0.0020 0.7675
vn 0.6410 0.3366 0.6898
vn -0.6053 -0.4727 0.6405
vn -0.2216 -0.6885 0.6906
vn 0.2216 -0.6885 0.6906
vn 0.6053 -0.4727 0.6404
vn 0.8269 -0.0989 0.5536
vn 0.8269 0.3328 0.4534
vn 0.6053 0.7066 0.3665
vn 0.2216 0.9224 0.3164
vn -0.2216 0.9224 0.3164
vn -0.6053 0.7066 0.3665
vn -0.8269 0.3328 0.4534
vn -0.8269 -0.0989 0.5536
vt 0.511261 0.035423
vt 0.513347 0.035423
vt 0.513347 0.037186
vt 0.511261 0.037187
vt 0.592483 0.008169
vt 0.589798 0.008331
vt 0.589798 0.006712
vt 0.592483 0.006550
vt 0.587113 0.008169
vt 0.587113 0.006550
vt 0.438141 0.015530
vt 0.438142 0.013443
vt 0.439905 0.013444
vt 0.439905 0.015530
vt 0.438142 0.010594
vt 0.439906 0.010594
vt 0.438142 0.007744
vt 0.439906 0.007744
vt 0.438142 0.005658
vt 0.439906 0.005658
vt 0.709599 0.278816
vt 0.712154 0.278971
vt 0.712154 0.280511
vt 0.709599 0.280356
vt 0.714708 0.278816
vt 0.714708 0.280356
vt 0.503475 0.035423
vt 0.505562 0.035423
vt 0.505562 0.037187
vt 0.503475 0.037187
vt 0.508411 0.035423
vt 0.508411 0.037187
vt 0.565702 0.006643
vt 0.565984 0.005929
vt 0.566558 0.009169
vt 0.565701 0.009207
vt 0.565930 0.011762
vt 0.566275 0.012448
vt 0.566714 0.012685
vt 0.567131 0.012409
vt 0.567414 0.011695
vt 0.567414 0.009131
vt 0.567186 0.006577
vt 0.566841 0.005890
vt 0.566401 0.005653
vt 0.351481 0.014281
vt 0.349805 0.013270
vt 0.352448 0.010600
vt 0.348837 0.011543
vt 0.348837 0.009563
vt 0.349804 0.007862
vt 0.351480 0.006894
vt 0.353415 0.006919
vt 0.355090 0.007931
vt 0.356058 0.009658
vt 0.356058 0.011637
vt 0.355091 0.013339
vt 0.353415 0.014307
vt 0.509143 0.015196
vt 0.509501 0.015196
vt 0.592483 0.025914
vt 0.589798 0.025942
vt 0.587113 0.025914
vt 0.417915 0.011683
vt 0.417915 0.011325
vt 0.417915 0.010835
vt 0.417915 0.010346
vt 0.417915 0.009987
vt 0.709599 0.260274
vt 0.712154 0.260301
vt 0.714708 0.260274
vt 0.507805 0.015196
vt 0.508164 0.015196
vt 0.508653 0.015196
vt 0.594449 0.006105
vt 0.592245 0.006059
vt 0.594036 0.005653
vt 0.589798 0.006207
vt 0.587351 0.006059
vt 0.585147 0.006105
vt 0.585559 0.005653
vt 0.440339 0.010594
vt 0.440339 0.013191
vt 0.440339 0.007997
vt 0.353725 0.005653
vt 0.355980 0.007014
vt 0.355578 0.007355
vt 0.353523 0.006115
vt 0.357281 0.009338
vt 0.356765 0.009473
vt 0.357282 0.012002
vt 0.356765 0.011900
vt 0.355980 0.014291
vt 0.355579 0.013987
vt 0.508411 0.037620
vt 0.505814 0.037620
vt 0.511009 0.037620
vt 0.351152 0.015143
vt 0.349097 0.013902
vt 0.349478 0.013517
vt 0.351291 0.014612
vt 0.347911 0.011785
vt 0.348431 0.011649
vt 0.347910 0.009358
vt 0.348431 0.009507
vt 0.349096 0.007271
vt 0.349478 0.007666
vt 0.351151 0.006084
vt 0.351291 0.006618
vt 0.353384 0.006646
vt 0.355197 0.007740
vt 0.356244 0.009609
vt 0.356244 0.011751
vt 0.355198 0.013592
vt 0.353525 0.015174
vt 0.353385 0.014639
vt 0.007427 0.006236
vt 0.005668 0.006236
vt 0.005983 0.005653
vt 0.007609 0.005653
vt 0.592926 0.021869
vt 0.592925 0.020110
vt 0.593508 0.019927
vt 0.593508 0.021553
vt 0.592925 0.017707
vt 0.593508 0.017707
vt 0.592925 0.015304
vt 0.593508 0.015486
vt 0.592925 0.013545
vt 0.593508 0.013860
vt 0.359706 0.009887
vt 0.359578 0.007770
vt 0.360151 0.007770
vt 0.360269 0.009727
vt 0.359706 0.005653
vt 0.360269 0.005814
vt 0.013991 0.006236
vt 0.012232 0.006236
vt 0.012050 0.005654
vt 0.013676 0.005654
vt 0.009830 0.006236
vt 0.009830 0.005654
s 1
usemtl Swoop
f 5170/9655/4036 5171/9656/4036 5183/9657/4036 5182/9658/4036
f 5171/9659/4037 5172/9660/4037 5184/9661/4037 5183/9662/4037
f 5172/9660/4038 5173/9663/4038 5185/9664/4038 5184/9661/4038
f 5173/9665/4039 5174/9666/4039 5186/9667/4039 5185/9668/4039
f 5174/9666/4040 5175/9669/4040 5187/9670/4040 5186/9667/4040
f 5175/9669/4041 5176/9671/4041 5188/9672/4041 5187/9670/4041
f 5176/9671/4042 5177/9673/4042 5189/9674/4042 5188/9672/4042
f 5177/9675/4043 5178/9676/4043 5190/9677/4043 5189/9678/4043
f 5178/9676/4044 5179/9679/4044 5191/9680/4044 5190/9677/4044
f 5179/9681/4045 5180/9682/4045 5192/9683/4045 5191/9684/4045
f 5180/9682/4046 5181/9685/4046 5193/9686/4046 5192/9683/4046
f 5181/9685/4047 5170/9655/4047 5182/9658/4047 5193/9686/4047
f 5195/9687/4048 5194/9688/4048 5196/9689/4048
f 5197/9690/4048 5195/9687/4048 5196/9689/4048
f 5198/9691/4048 5197/9690/4048 5196/9689/4048
f 5199/9692/4048 5198/9691/4048 5196/9689/4048
f 5200/9693/4048 5199/9692/4048 5196/9689/4048
f 5201/9694/4048 5200/9693/4048 5196/9689/4048
f 5202/9695/4048 5201/9694/4048 5196/9689/4048
f 5203/9696/4048 5202/9695/4048 5196/9689/4048
f 5204/9697/4048 5203/9696/4048 5196/9689/4048
f 5205/9698/4048 5204/9697/4048 5196/9689/4048
f 5206/9699/4048 5205/9698/4048 5196/9689/4048
f 5194/9688/4048 5206/9699/4048 5196/9689/4048
f 5231/9700/4049 5232/9701/4049 5233/9702/4049
f 5232/9701/4049 5234/9703/4049 5233/9702/4049
f 5234/9703/4049 5235/9704/4049 5233/9702/4049
f 5235/9704/4049 5236/9705/4049 5233/9702/4049
f 5236/9705/4049 5237/9706/4049 5233/9702/4049
f 5237/9706/4049 5238/9707/4049 5233/9702/4049
f 5238/9707/4049 5239/9708/4049 5233/9702/4049
f 5239/9708/4049 5240/9709/4049 5233/9702/4049
f 5240/9709/4049 5241/9710/4049 5233/9702/4049
f 5241/9710/4049 5242/9711/4049 5233/9702/4049
f 5242/9711/4049 5243/9712/4049 5233/9702/4049
f 5243/9712/4049 5231/9700/4049 5233/9702/4049
f 5171/9656/4050 5170/9655/4050 5194/9713/4050 5195/9714/4050
f 5172/9660/4051 5171/9659/4051 5195/9715/4051 5197/9716/4051
f 5173/9663/4052 5172/9660/4052 5197/9716/4052 5198/9717/4052
f 5174/9666/4053 5173/9665/4053 5198/9718/4053 5199/9719/4053
f 5175/9669/4054 5174/9666/4054 5199/9719/4054 5200/9720/4054
f 5176/9671/4055 5175/9669/4055 5200/9720/4055 5201/9721/4055
f 5177/9673/4056 5176/9671/4056 5201/9721/4056 5202/9722/4056
f 5178/9676/4057 5177/9675/4057 5202/9723/4057 5203/9724/4057
f 5179/9679/4058 5178/9676/4058 5203/9724/4058 5204/9725/4058
f 5180/9682/4059 5179/9681/4059 5204/9726/4059 5205/9727/4059
f 5181/9685/4060 5180/9682/4060 5205/9727/4060 5206/9728/4060
f 5170/9655/4061 5181/9685/4061 5206/9728/4061 5194/9713/4061
f 5182/9729/4062 5183/9662/4062 5208/9730/4062 5207/9731/4062
f 5183/9662/4063 5184/9661/4063 5209/9732/4063 5208/9730/4063
f 5184/9661/4064 5185/9664/4064 5210/9733/4064 5209/9732/4064
f 5185/9664/4065 5186/9734/4065 5211/9735/4065 5210/9733/4065
f 5186/9667/4066 5187/9670/4066 5212/9736/4066 5211/9737/4066
f 5187/9670/4067 5188/9672/4067 5213/9738/4067 5212/9736/4067
f 5188/9739/4068 5189/9740/4068 5214/9741/4068 5213/9742/4068
f 5189/9740/4069 5190/9743/4069 5215/9744/4069 5214/9741/4069
f 5190/9743/4070 5191/9745/4070 5216/9746/4070 5215/9744/4070
f 5191/9745/4071 5192/9747/4071 5217/9748/4071 5216/9746/4071
f 5192/9683/4072 5193/9686/4072 5218/9749/4072 5217/9750/4072
f 5193/9686/4073 5182/9658/4073 5207/9751/4073 5218/9749/4073
f 5207/9752/4049 5208/9753/4049 5220/9754/4049 5219/9755/4049
f 5208/9753/4049 5209/9756/4049 5221/9757/4049 5220/9754/4049
f 5209/9756/4049 5210/9758/4049 5222/9759/4049 5221/9757/4049
f 5210/9758/4049 5211/9760/4049 5223/9761/4049 5222/9759/4049
f 5211/9760/4049 5212/9762/4049 5224/9763/4049 5223/9761/4049
f 5212/9762/4049 5213/9742/4049 5225/9764/4049 5224/9763/4049
f 5213/9742/4049 5214/9741/4049 5226/9765/4049 5225/9764/4049
f 5214/9741/4049 5215/9744/4049 5227/9766/4049 5226/9765/4049
f 5215/9744/4049 5216/9746/4049 5228/9767/4049 5227/9766/4049
f 5216/9746/4049 5217/9748/4049 5229/9768/4049 5228/9767/4049
f 5217/9748/4049 5218/9769/4049 5230/9770/4049 5229/9768/4049
f 5218/9769/4049 5207/9752/4049 5219/9755/4049 5230/9770/4049
f 5219/9771/4074 5220/9772/4074 5232/9773/4074 5231/9774/4074
f 5220/9754/4075 5221/9757/4075 5234/9703/4075 5232/9701/4075
f 5221/9757/4076 5222/9759/4076 5235/9704/4076 5234/9703/4076
f 5222/9775/4077 5223/9776/4077 5236/9777/4077 5235/9778/4077
f 5223/9776/4078 5224/9779/4078 5237/9780/4078 5236/9777/4078
f 5224/9779/4079 5225/9781/4079 5238/9782/4079 5237/9780/4079
f 5225/9781/4080 5226/9783/4080 5239/9784/4080 5238/9782/4080
f 5226/9785/4081 5227/9786/4081 5240/9787/4081 5239/9788/4081
f 5227/9786/4082 5228/9789/4082 5241/9790/4082 5240/9787/4082
f 5228/9791/4083 5229/9792/4083 5242/9793/4083 5241/9794/4083
f 5229/9792/4084 5230/9795/4084 5243/9796/4084 5242/9793/4084
f 5230/9795/4085 5219/9771/4085 5231/9774/4085 5243/9796/4085
o pCube5
v -0.000983 0.006007 -0.002935
v 0.000983 0.006007 -0.002935
v -0.000983 0.006722 -0.002935
v 0.000983 0.006722 -0.002935
v -0.000983 0.006722 -0.006219
v 0.000983 0.006722 -0.006219
v -0.000983 0.006007 -0.006219
v 0.000983 0.006007 -0.006219
v 0.001215 0.005827 -0.006029
v 0.001215 0.005827 -0.002935
v 0.001215 0.006902 -0.006029
v 0.001215 0.006902 -0.002935
v -0.001215 0.005827 -0.006029
v -0.001215 0.005827 -0.002935
v -0.001215 0.006902 -0.002935
v -0.001215 0.006902 -0.006029
v 0.001564 0.005827 -0.005587
v 0.001564 0.005827 -0.002935
v 0.001564 0.006902 -0.005587
v 0.001564 0.006902 -0.002935
v -0.001564 0.005827 -0.005587
v -0.001564 0.005827 -0.002935
v -0.001564 0.006902 -0.002935
v -0.001564 0.006902 -0.005587
v 0.001916 0.006098 -0.005304
v 0.001916 0.006098 -0.002935
v 0.001916 0.006631 -0.005304
v 0.001916 0.006631 -0.002935
v -0.001916 0.006098 -0.005304
v -0.001916 0.006098 -0.002935
v -0.001916 0.006631 -0.002935
v -0.001916 0.006631 -0.005304
v -0.000983 0.006429 -0.002181
v 0.000983 0.006429 -0.002181
v 0.000983 0.006992 -0.002620
v -0.000983 0.006992 -0.002620
v 0.001215 0.006287 -0.002070
v 0.001215 0.007134 -0.002731
v -0.001215 0.007134 -0.002731
v -0.001215 0.006287 -0.002070
v 0.001564 0.006287 -0.002070
v 0.001564 0.007134 -0.002731
v -0.001564 0.007134 -0.002731
v -0.001564 0.006287 -0.002070
v 0.001916 0.006501 -0.002237
v 0.001916 0.006921 -0.002564
v -0.001916 0.006921 -0.002564
v -0.001916 0.006501 -0.002237
v -0.000983 0.007219 -0.001725
v 0.000983 0.007219 -0.001725
v 0.000983 0.007399 -0.002416
v -0.000983 0.007399 -0.002416
v 0.001215 0.007173 -0.001551
v 0.001215 0.007445 -0.002591
v -0.001215 0.007445 -0.002591
v -0.001215 0.007173 -0.001551
v 0.001564 0.007173 -0.001551
v 0.001564 0.007445 -0.002591
v -0.001564 0.007445 -0.002591
v -0.001564 0.007173 -0.001551
v 0.001916 0.007242 -0.001813
v 0.001916 0.007376 -0.002328
v -0.001916 0.007376 -0.002328
v -0.001916 0.007242 -0.001813
v -0.000983 0.009853 -0.001237
v 0.000983 0.009853 -0.001237
v 0.000983 0.010034 -0.001928
v -0.000983 0.010034 -0.001928
v 0.001215 0.009807 -0.001062
v 0.001215 0.010079 -0.002102
v -0.001215 0.010079 -0.002102
v -0.001215 0.009807 -0.001062
v 0.001564 0.009807 -0.001062
v 0.001564 0.010079 -0.002102
v -0.001564 0.010079 -0.002102
v -0.001564 0.009807 -0.001062
v 0.001916 0.009876 -0.001325
v 0.001916 0.010011 -0.001840
v -0.001916 0.010011 -0.001840
v -0.001916 0.009876 -0.001325
v -0.000833 0.010848 -0.000977
v 0.000833 0.010848 -0.000977
v 0.000833 0.011028 -0.001668
v -0.000833 0.011028 -0.001668
v 0.000998 0.010802 -0.000802
v 0.000998 0.011074 -0.001842
v -0.000998 0.011074 -0.001842
v -0.000998 0.010802 -0.000802
v 0.001245 0.010802 -0.000802
v 0.001245 0.011074 -0.001842
v -0.001245 0.011074 -0.001842
v -0.001245 0.010802 -0.000802
v 0.001495 0.010871 -0.001065
v 0.001495 0.011005 -0.001580
v -0.001495 0.011005 -0.001580
v -0.001495 0.010871 -0.001065
v -0.000574 0.012076 -0.001173
v 0.000574 0.012076 -0.001173
v 0.000574 0.012106 -0.001703
v -0.000574 0.012106 -0.001703
v 0.000654 0.011942 -0.000903
v 0.000654 0.012031 -0.001769
v -0.000654 0.012031 -0.001769
v -0.000654 0.011942 -0.000903
v 0.000773 0.011840 -0.000817
v 0.000773 0.011967 -0.001730
v -0.000773 0.011967 -0.001730
v -0.000773 0.011840 -0.000817
v 0.000894 0.011779 -0.000987
v 0.000894 0.011862 -0.001460
v -0.000894 0.011862 -0.001460
v -0.000894 0.011779 -0.000987
vn -0.0000 0.9985 0.0552
vn -0.0000 1.0000 -0.0000
vn -0.0000 -0.0000 -1.0000
vn -0.0000 -1.0000 -0.0000
vn -0.0000 -0.9946 0.1039
vn 1.0000 -0.0000 -0.0000
vn -1.0000 -0.0000 -0.0000
vn -0.6153 -0.7820 0.0991
vn -0.6129 -0.7902 -0.0000
vn -0.6153 -0.7849 0.0733
vn 0.6332 -0.0000 -0.7740
vn 0.7534 -0.0000 -0.6576
vn -0.6129 0.7902 -0.0000
vn 0.7665 0.6400 0.0542
vn 0.5623 0.8212 0.0969
vn 0.6266 0.7747 0.0852
vn 0.6129 -0.7902 -0.0000
vn 0.6153 -0.7820 0.0991
vn 0.6153 -0.7849 0.0733
vn -0.7665 0.6400 0.0542
vn -0.6265 0.7747 0.0852
vn -0.5623 0.8212 0.0969
vn 0.6129 0.7902 -0.0000
vn -0.6332 -0.0000 -0.7740
vn -0.7534 -0.0000 -0.6576
vn -0.0000 -0.9925 0.1222
vn 0.7438 -0.0000 -0.6684
vn 0.5292 0.8411 0.1118
vn 0.5297 0.8415 0.1064
vn -0.5297 0.8415 0.1064
vn -0.5292 0.8411 0.1118
vn -0.7438 -0.0000 -0.6684
vn 0.6134 -0.7849 0.0877
vn 0.6109 -0.7917 -0.0000
vn 0.6132 -0.7812 0.1171
vn 0.6271 -0.0000 -0.7789
vn 0.6109 0.7917 -0.0000
vn 0.7750 0.6196 0.1243
vn 0.7660 0.6306 0.1247
vn -0.6109 -0.7917 -0.0000
vn -0.6134 -0.7849 0.0877
vn -0.6132 -0.7812 0.1171
vn -0.7660 0.6306 0.1247
vn -0.7750 0.6196 0.1243
vn -0.6109 0.7917 -0.0000
vn -0.6271 -0.0000 -0.7789
vn -0.0000 -0.8729 0.4879
vn -0.0470 0.7551 -0.6539
vn 0.0470 0.7551 -0.6539
vn 0.0613 0.6056 -0.7934
vn -0.0613 0.6056 -0.7934
vn -0.6032 -0.5748 0.5529
vn -0.6034 -0.5617 0.5661
vn -0.3175 0.6544 -0.6863
vn -0.3060 0.5206 -0.7971
vn 0.3175 0.6544 -0.6863
vn 0.3060 0.5206 -0.7971
vn 0.6034 -0.5617 0.5661
vn 0.6032 -0.5748 0.5529
vn -0.0000 -0.8831 0.4693
vn 0.3855 0.6563 -0.6486
vn 0.3779 0.5172 -0.7679
vn -0.3855 0.6563 -0.6486
vn -0.3779 0.5172 -0.7679
vn 0.6010 -0.5604 0.5699
vn 0.6008 -0.5740 0.5565
vn 0.5568 0.6151 -0.5582
vn 0.5784 0.4958 -0.6478
vn -0.5568 0.6151 -0.5582
vn -0.5784 0.4958 -0.6477
vn -0.6008 -0.5740 0.5565
vn -0.6010 -0.5604 0.5699
vn -0.0000 -0.4997 0.8662
vn -0.0000 -0.2658 0.9640
vn -0.0000 0.2220 -0.9751
vn -0.6118 -0.2099 0.7627
vn -0.6109 -0.2179 0.7612
vn -0.6105 0.1694 -0.7736
vn -0.6104 0.1715 -0.7733
vn 0.6104 0.1715 -0.7733
vn 0.6105 0.1694 -0.7737
vn 0.6115 -0.2178 0.7607
vn 0.6111 -0.2100 0.7632
vn -0.0000 -0.5054 0.8629
vn -0.0000 -0.2752 0.9614
vn -0.0000 0.2088 -0.9780
vn 0.6094 -0.2162 0.7628
vn 0.6091 -0.2086 0.7652
vn 0.6084 0.1745 -0.7742
vn 0.6086 0.1721 -0.7746
vn -0.6086 0.1721 -0.7746
vn -0.6084 0.1745 -0.7742
vn -0.6097 -0.2085 0.7647
vn -0.6088 -0.2163 0.7632
vn -0.0000 -0.1996 0.9799
vn -0.0000 0.1996 -0.9799
vn -0.6270 -0.1817 0.7575
vn -0.6298 -0.1889 0.7535
vn -0.6274 0.1245 -0.7687
vn -0.6260 0.1263 -0.7695
vn 0.6260 0.1263 -0.7695
vn 0.6274 0.1245 -0.7687
vn 0.6298 -0.1889 0.7535
vn 0.6270 -0.1817 0.7575
vn -0.0000 -0.1972 0.9804
vn -0.0000 -0.2015 0.9795
vn -0.0000 0.2015 -0.9795
vn -0.0000 0.1972 -0.9804
vn 0.6215 -0.1014 0.7768
vn 0.6242 -0.0906 0.7760
vn 0.9931 0.1131 0.0295
vn 0.9940 0.1059 0.0277
vn 0.6283 0.2258 -0.7444
vn 0.6239 0.2044 -0.7543
vn -0.6239 0.2044 -0.7543
vn -0.6283 0.2258 -0.7444
vn -0.9940 0.1059 0.0277
vn -0.9931 0.1131 0.0295
vn -0.6242 -0.0906 0.7760
vn -0.6215 -0.1014 0.7768
vn -0.0000 -0.0790 0.9969
vn -0.0000 0.1437 -0.9896
vn -0.7689 -0.2547 0.5865
vn -0.8102 -0.2314 0.5386
vn -0.6858 -0.0341 -0.7270
vn -0.6841 -0.0223 -0.7290
vn 0.6841 -0.0223 -0.7290
vn 0.6858 -0.0341 -0.7270
vn 0.8102 -0.2314 0.5386
vn 0.7687 -0.2547 0.5867
vn -0.0645 -0.1969 0.9783
vn -0.1086 -0.1577 0.9815
vn 0.0555 0.2123 -0.9756
vn 0.0305 0.2307 -0.9725
vn -0.0305 0.2307 -0.9725
vn -0.0555 0.2123 -0.9756
vn 0.1086 -0.1577 0.9815
vn 0.0645 -0.1969 0.9783
vn 0.6784 0.1539 0.7184
vn 0.6865 0.1966 0.7001
vn 0.8817 0.4591 0.1088
vn 0.8854 0.4521 0.1078
vn 0.7224 0.4730 -0.5044
vn 0.6956 0.4483 -0.5614
vn -0.6956 0.4483 -0.5614
vn -0.7224 0.4730 -0.5044
vn -0.8854 0.4521 0.1078
vn -0.8817 0.4591 0.1088
vn -0.6865 0.1966 0.7001
vn -0.6784 0.1539 0.7184
vn -0.0000 0.1577 0.9875
vn -0.0000 -0.0326 -0.9995
vn -0.8907 -0.1742 0.4198
vn -0.6990 -0.1943 -0.6882
vn 0.6990 -0.1943 -0.6882
vn 0.8907 -0.1742 0.4198
vn -0.2374 -0.0377 0.9707
vn 0.1305 0.1557 -0.9791
vn -0.1305 0.1557 -0.9791
vn 0.2374 -0.0377 0.9707
vn 0.7033 0.3681 0.6081
vn 0.7711 0.5213 -0.3656
vn -0.7711 0.5213 -0.3656
vn -0.7033 0.3681 0.6081
vt 0.779603 0.134448
vt 0.779603 0.123343
vt 0.784733 0.123343
vt 0.784733 0.134448
vt 0.054263 0.908673
vt 0.073911 0.908673
vt 0.073911 0.941499
vt 0.054263 0.941499
vt 0.036781 0.251396
vt 0.036781 0.232392
vt 0.043689 0.232392
vt 0.043689 0.251396
vt 0.717377 0.107237
vt 0.736638 0.107237
vt 0.736638 0.139416
vt 0.717377 0.139416
vt 0.109349 0.831177
vt 0.126390 0.851508
vt 0.121820 0.855338
vt 0.104779 0.835007
vt 0.025789 0.376039
vt 0.046120 0.393080
vt 0.042289 0.397650
vt 0.021958 0.380610
vt 0.409582 0.181017
vt 0.379023 0.155623
vt 0.382188 0.155415
vt 0.410977 0.179339
vt 0.133753 0.858706
vt 0.127621 0.863846
vt 0.124705 0.863511
vt 0.133933 0.855776
vt 0.076235 0.908673
vt 0.076235 0.939597
vt 0.048915 0.863819
vt 0.045352 0.859058
vt 0.044559 0.855774
vt 0.050028 0.863851
vt 0.280924 0.848224
vt 0.255529 0.817665
vt 0.257207 0.816271
vt 0.281131 0.845060
vt 0.018239 0.457077
vt 0.013477 0.453515
vt 0.013446 0.452402
vt 0.021523 0.457870
vt 0.051939 0.939597
vt 0.051939 0.908673
vt 0.013451 0.374809
vt 0.018591 0.368676
vt 0.021520 0.368497
vt 0.013786 0.377724
vt 0.946835 0.040441
vt 0.946835 0.008418
vt 0.950450 0.012990
vt 0.950450 0.040441
vt 0.121528 0.859720
vt 0.130755 0.851986
vt 0.079726 0.908673
vt 0.079726 0.935182
vt 0.044819 0.854300
vt 0.050296 0.863058
vt 0.954340 0.008419
vt 0.954340 0.040442
vt 0.950724 0.040442
vt 0.950724 0.012991
vt 0.014239 0.452133
vt 0.022996 0.457611
vt 0.048448 0.935182
vt 0.048448 0.908673
vt 0.025311 0.371674
vt 0.017577 0.380902
vt 0.111678 0.829225
vt 0.102450 0.836959
vt 0.046568 0.855319
vt 0.049259 0.859980
vt 0.048072 0.390751
vt 0.017316 0.453170
vt 0.021978 0.455861
vt 0.040338 0.399979
vt 0.736638 0.146813
vt 0.717377 0.146813
vt 0.054263 0.905520
vt 0.073911 0.905520
vt 0.415476 0.190316
vt 0.413345 0.190782
vt 0.076235 0.906629
vt 0.051939 0.906629
vt 0.245764 0.813903
vt 0.246229 0.811771
vt 0.950450 0.049404
vt 0.946835 0.049404
vt 0.079726 0.906629
vt 0.048448 0.906629
vt 0.954340 0.049405
vt 0.950724 0.049405
vt 0.100865 0.828075
vt 0.101501 0.825103
vt 0.099618 0.833906
vt 0.098982 0.836877
vt 0.043391 0.402812
vt 0.040419 0.403447
vt 0.049222 0.401564
vt 0.052193 0.400929
vt 0.060115 0.480345
vt 0.079496 0.480345
vt 0.079496 0.488132
vt 0.060115 0.488132
vt 0.828409 0.932818
vt 0.808755 0.932818
vt 0.808755 0.928748
vt 0.828409 0.928748
vt 0.413453 0.202579
vt 0.411477 0.201654
vt 0.830734 0.931396
vt 0.830734 0.928293
vt 0.806430 0.931396
vt 0.806430 0.928293
vt 0.234892 0.815771
vt 0.233967 0.813795
vt 0.950450 0.054778
vt 0.946835 0.054778
vt 0.834226 0.931396
vt 0.834226 0.928293
vt 0.802938 0.931396
vt 0.802938 0.928293
vt 0.954340 0.054778
vt 0.950724 0.054778
vt 0.091459 0.829770
vt 0.090160 0.827024
vt 0.094011 0.835160
vt 0.095310 0.837907
vt 0.042136 0.408419
vt 0.039390 0.407119
vt 0.047527 0.410970
vt 0.050273 0.412270
vt 0.079496 0.514110
vt 0.060115 0.514110
vt 0.808755 0.902402
vt 0.828409 0.902402
vt 0.397625 0.230876
vt 0.395649 0.229951
vt 0.830734 0.901947
vt 0.806430 0.901947
vt 0.206595 0.831598
vt 0.205670 0.829623
vt 0.418384 0.005653
vt 0.418785 0.009057
vt 0.393103 0.012085
vt 0.392702 0.008681
vt 0.834226 0.901947
vt 0.802938 0.901947
vt 0.879859 0.175749
vt 0.883263 0.176150
vt 0.880235 0.201831
vt 0.876831 0.201430
vt 0.065331 0.844530
vt 0.064031 0.841783
vt 0.067882 0.849920
vt 0.069182 0.852667
vt 0.027377 0.434547
vt 0.024630 0.433247
vt 0.032767 0.437098
vt 0.035513 0.438398
vt 0.078018 0.523920
vt 0.061593 0.523920
vt 0.810254 0.892453
vt 0.826910 0.892453
vt 0.392350 0.242145
vt 0.390374 0.241220
vt 0.828560 0.891997
vt 0.808604 0.891997
vt 0.195326 0.836874
vt 0.194401 0.834898
vt 0.383039 0.010121
vt 0.382754 0.007705
vt 0.831038 0.891997
vt 0.806126 0.891997
vt 0.881211 0.211779
vt 0.878796 0.211495
vt 0.054922 0.849456
vt 0.053622 0.846710
vt 0.057473 0.854847
vt 0.058773 0.857593
vt 0.022450 0.444957
vt 0.019704 0.443657
vt 0.027840 0.447508
vt 0.030587 0.448807
vt 0.075464 0.536035
vt 0.064147 0.536035
vt 0.812844 0.881680
vt 0.824320 0.881680
vt 0.382598 0.251978
vt 0.379046 0.251136
vt 0.825118 0.882424
vt 0.812046 0.882424
vt 0.185409 0.848201
vt 0.184567 0.844650
vt 0.372380 0.006711
vt 0.371245 0.005660
vt 0.826317 0.883062
vt 0.810847 0.883062
vt 0.883256 0.223288
vt 0.882205 0.222154
s 1
usemtl Swoop
f 5340/9797/4086 5341/9798/4086 5342/9799/4086 5343/9800/4086
f 5246/9801/4087 5247/9802/4087 5249/9803/4087 5248/9804/4087
f 5248/9805/4088 5249/9806/4088 5251/9807/4088 5250/9808/4088
f 5250/9809/4089 5251/9810/4089 5245/9811/4090 5244/9812/4090
f 5269/9813/4091 5268/9814/4091 5270/9815/4091 5271/9816/4091
f 5272/9817/4092 5273/9818/4092 5274/9819/4092 5275/9820/4092
f 5245/9821/4093 5251/9822/4094 5252/9823/4094 5253/9824/4095
f 5251/9825/4096 5249/9826/4096 5254/9827/4097 5252/9828/4097
f 5249/9803/4098 5247/9802/4098 5255/9829/4098 5254/9830/4098
f 5342/9831/4099 5341/9832/4099 5344/9833/4100 5345/9834/4101
f 5250/9835/4102 5244/9836/4103 5257/9837/4104 5256/9838/4102
f 5340/9839/4105 5343/9840/4105 5346/9841/4106 5347/9842/4107
f 5246/9801/4108 5248/9804/4108 5259/9843/4108 5258/9844/4108
f 5248/9845/4109 5250/9846/4109 5256/9847/4110 5259/9848/4110
f 5253/9849/4111 5252/9850/4089 5260/9851/4089 5261/9852/4111
f 5252/9828/4097 5254/9827/4097 5262/9853/4112 5260/9854/4112
f 5254/9830/4087 5255/9829/4087 5263/9855/4087 5262/9856/4087
f 5345/9834/4101 5344/9833/4100 5348/9857/4113 5349/9858/4114
f 5256/9859/4089 5257/9860/4111 5265/9861/4111 5264/9862/4089
f 5347/9842/4107 5346/9841/4106 5350/9863/4115 5351/9864/4116
f 5258/9844/4087 5259/9843/4087 5267/9865/4087 5266/9866/4087
f 5259/9848/4110 5256/9847/4110 5264/9867/4117 5267/9868/4117
f 5261/9869/4118 5260/9854/4119 5268/9814/4119 5269/9813/4120
f 5260/9854/4112 5262/9853/4112 5270/9815/4121 5268/9814/4121
f 5262/9853/4122 5263/9870/4122 5271/9816/4122 5270/9815/4122
f 5349/9858/4114 5348/9857/4113 5352/9871/4123 5353/9872/4124
f 5264/9867/4125 5265/9873/4126 5273/9818/4127 5272/9817/4125
f 5351/9864/4116 5350/9863/4115 5354/9874/4128 5355/9875/4129
f 5266/9876/4130 5267/9868/4130 5275/9820/4130 5274/9819/4130
f 5267/9868/4117 5264/9867/4117 5272/9817/4131 5275/9820/4131
f 5244/9812/4090 5245/9811/4090 5277/9877/4132 5276/9878/4132
f 5247/9802/4133 5246/9801/4134 5279/9879/4135 5278/9880/4136
f 5245/9821/4093 5253/9824/4095 5280/9881/4137 5277/9882/4138
f 5255/9829/4139 5247/9802/4133 5278/9880/4136 5281/9883/4140
f 5246/9801/4134 5258/9844/4141 5282/9884/4142 5279/9879/4135
f 5257/9837/4104 5244/9836/4103 5276/9885/4143 5283/9886/4144
f 5253/9849/4111 5261/9852/4111 5284/9887/4145 5280/9888/4145
f 5263/9855/4146 5255/9829/4139 5281/9883/4140 5285/9889/4147
f 5258/9844/4141 5266/9866/4148 5286/9890/4149 5282/9884/4142
f 5265/9861/4111 5257/9860/4111 5283/9891/4145 5287/9892/4145
f 5261/9869/4118 5269/9813/4120 5288/9893/4150 5284/9894/4151
f 5269/9813/4091 5271/9816/4091 5289/9895/4091 5288/9893/4091
f 5271/9816/4152 5263/9870/4146 5285/9896/4147 5289/9895/4153
f 5266/9876/4148 5274/9819/4154 5290/9897/4155 5286/9898/4149
f 5274/9819/4092 5273/9818/4092 5291/9899/4092 5290/9897/4092
f 5273/9818/4127 5265/9873/4126 5287/9900/4156 5291/9899/4157
f 5276/9901/4158 5277/9902/4158 5293/9903/4159 5292/9904/4159
f 5278/9905/4136 5279/9906/4135 5295/9907/4160 5294/9908/4160
f 5277/9882/4138 5280/9881/4137 5296/9909/4161 5293/9910/4162
f 5281/9911/4140 5278/9905/4136 5294/9908/4163 5297/9912/4164
f 5279/9906/4135 5282/9913/4142 5298/9914/4165 5295/9907/4166
f 5283/9886/4144 5276/9885/4143 5292/9915/4167 5299/9916/4168
f 5280/9888/4169 5284/9887/4169 5300/9917/4170 5296/9918/4170
f 5285/9919/4147 5281/9911/4140 5297/9912/4171 5301/9920/4171
f 5282/9913/4142 5286/9921/4149 5302/9922/4171 5298/9914/4171
f 5287/9892/4169 5283/9891/4169 5299/9923/4170 5303/9924/4170
f 5284/9894/4151 5288/9893/4150 5304/9925/4172 5300/9926/4173
f 5288/9893/4091 5289/9895/4091 5305/9927/4091 5304/9925/4091
f 5289/9895/4153 5285/9896/4147 5301/9928/4174 5305/9927/4175
f 5286/9898/4149 5290/9897/4155 5306/9929/4176 5302/9930/4177
f 5290/9897/4092 5291/9899/4092 5307/9931/4092 5306/9929/4092
f 5291/9899/4157 5287/9900/4156 5303/9932/4178 5307/9931/4179
f 5292/9904/4159 5293/9903/4159 5309/9933/4180 5308/9934/4180
f 5294/9908/4160 5295/9907/4160 5311/9935/4181 5310/9936/4181
f 5293/9910/4162 5296/9909/4161 5312/9937/4182 5309/9938/4183
f 5297/9912/4164 5294/9908/4163 5310/9936/4184 5313/9939/4185
f 5295/9907/4166 5298/9914/4165 5314/9940/4186 5311/9935/4187
f 5299/9916/4168 5292/9915/4167 5308/9941/4188 5315/9942/4189
f 5296/9943/4170 5300/9944/4170 5316/9945/4190 5312/9946/4191
f 5301/9920/4171 5297/9912/4171 5313/9939/4192 5317/9947/4193
f 5298/9914/4171 5302/9922/4171 5318/9948/4193 5314/9940/4192
f 5303/9949/4170 5299/9950/4170 5315/9951/4191 5319/9952/4190
f 5300/9926/4173 5304/9925/4172 5320/9953/4194 5316/9954/4195
f 5304/9925/4091 5305/9927/4091 5321/9955/4196 5320/9953/4197
f 5305/9927/4175 5301/9928/4174 5317/9956/4198 5321/9955/4199
f 5302/9930/4177 5306/9929/4176 5322/9957/4200 5318/9958/4201
f 5306/9929/4092 5307/9931/4092 5323/9959/4202 5322/9957/4203
f 5307/9931/4179 5303/9932/4178 5319/9960/4204 5323/9959/4205
f 5308/9934/4180 5309/9933/4180 5325/9961/4206 5324/9962/4206
f 5310/9936/4181 5311/9935/4181 5327/9963/4207 5326/9964/4207
f 5309/9938/4183 5312/9937/4182 5328/9965/4208 5325/9966/4209
f 5313/9939/4185 5310/9936/4184 5326/9964/4210 5329/9967/4211
f 5311/9935/4187 5314/9940/4186 5330/9968/4212 5327/9963/4213
f 5315/9942/4189 5308/9941/4188 5324/9969/4214 5331/9970/4215
f 5312/9946/4191 5316/9945/4190 5332/9971/4216 5328/9972/4217
f 5317/9947/4193 5313/9939/4192 5329/9967/4218 5333/9973/4219
f 5314/9940/4192 5318/9948/4193 5334/9974/4220 5330/9968/4221
f 5319/9952/4190 5315/9951/4191 5331/9975/4222 5335/9976/4223
f 5316/9954/4195 5320/9953/4194 5336/9977/4224 5332/9978/4225
f 5320/9953/4197 5321/9955/4196 5337/9979/4226 5336/9977/4227
f 5321/9955/4199 5317/9956/4198 5333/9980/4228 5337/9979/4229
f 5318/9958/4201 5322/9957/4200 5338/9981/4230 5334/9982/4231
f 5322/9957/4203 5323/9959/4202 5339/9983/4232 5338/9981/4233
f 5323/9959/4205 5319/9960/4204 5335/9984/4234 5339/9983/4235
f 5324/9962/4206 5325/9961/4206 5341/9985/4236 5340/9986/4236
f 5326/9964/4207 5327/9963/4207 5343/9987/4237 5342/9988/4237
f 5325/9966/4209 5328/9965/4208 5344/9989/4238 5341/9990/4238
f 5329/9967/4211 5326/9964/4210 5342/9988/4239 5345/9991/4239
f 5327/9963/4213 5330/9968/4212 5346/9992/4240 5343/9987/4240
f 5331/9970/4215 5324/9969/4214 5340/9993/4241 5347/9994/4241
f 5328/9972/4217 5332/9971/4216 5348/9995/4242 5344/9996/4242
f 5333/9973/4219 5329/9967/4218 5345/9991/4243 5349/9997/4243
f 5330/9968/4221 5334/9974/4220 5350/9998/4244 5346/9992/4244
f 5335/9976/4223 5331/9975/4222 5347/9999/4245 5351/10000/4245
f 5332/9978/4225 5336/9977/4224 5352/9871/4246 5348/9857/4246
f 5336/9977/4227 5337/9979/4226 5353/9872/4124 5352/9871/4123
f 5337/9979/4229 5333/9980/4228 5349/9858/4247 5353/9872/4247
f 5334/9982/4231 5338/9981/4230 5354/9874/4248 5350/9863/4248
f 5338/9981/4233 5339/9983/4232 5355/9875/4129 5354/9874/4128
f 5339/9983/4235 5335/9984/4234 5351/9864/4249 5355/9875/4249
o pCylinder8
v 0.002310 0.008087 -0.011027
v 0.002310 0.008208 -0.011148
v 0.002310 0.008372 -0.011192
v 0.002310 0.008537 -0.011148
v 0.002310 0.008657 -0.011027
v 0.002310 0.008701 -0.010863
v 0.002310 0.008657 -0.010698
v 0.002310 0.008537 -0.010578
v 0.002310 0.008372 -0.010534
v 0.002310 0.008208 -0.010578
v 0.002310 0.008087 -0.010698
v 0.002310 0.008043 -0.010863
v 0.001930 0.008087 -0.011027
v 0.001930 0.008208 -0.011148
v 0.001930 0.008372 -0.011192
v 0.001930 0.008537 -0.011148
v 0.001930 0.008657 -0.011027
v 0.001930 0.008701 -0.010863
v 0.001930 0.008657 -0.010698
v 0.001930 0.008537 -0.010578
v 0.001930 0.008372 -0.010534
v 0.001930 0.008208 -0.010578
v 0.001930 0.008087 -0.010698
v 0.001930 0.008043 -0.010863
v 0.001930 0.008372 -0.010863
v 0.002310 0.009164 -0.009660
v 0.002310 0.009043 -0.009660
v 0.001930 0.009043 -0.009660
v 0.001930 0.009164 -0.009660
v 0.002310 0.008879 -0.009660
v 0.001930 0.008879 -0.009660
v 0.002310 0.008714 -0.009660
v 0.001930 0.008714 -0.009660
v 0.002310 0.009164 -0.009301
v 0.002310 0.009043 -0.009301
v 0.001930 0.009043 -0.009301
v 0.001930 0.009164 -0.009301
v 0.002310 0.008910 -0.009342
v 0.001930 0.008910 -0.009342
v 0.002310 0.008761 -0.009539
v 0.001930 0.008761 -0.009539
v 0.002069 0.010090 -0.009660
v 0.001929 0.010090 -0.009660
v 0.002069 0.010090 -0.009301
v 0.001929 0.010090 -0.009301
v 0.002069 0.010269 -0.009801
v 0.001929 0.010269 -0.009801
v 0.002069 0.010269 -0.009161
v 0.001929 0.010269 -0.009161
v 0.002069 0.010436 -0.009801
v 0.001929 0.010436 -0.009801
v 0.002069 0.010436 -0.009161
v 0.001929 0.010436 -0.009161
v 0.002069 0.010644 -0.009640
v 0.001929 0.010644 -0.009640
v 0.002069 0.010644 -0.009322
v 0.001929 0.010644 -0.009322
v 0.001929 0.010175 -0.009605
v 0.001929 0.010175 -0.009356
v 0.001929 0.010299 -0.009703
v 0.001929 0.010299 -0.009258
v 0.001929 0.010415 -0.009703
v 0.001929 0.010415 -0.009258
v 0.001929 0.010559 -0.009591
v 0.001929 0.010559 -0.009370
v 0.001826 0.010175 -0.009605
v 0.001826 0.010175 -0.009356
v 0.001826 0.010299 -0.009703
v 0.001826 0.010299 -0.009258
v 0.001826 0.010415 -0.009703
v 0.001826 0.010415 -0.009258
v 0.001826 0.010559 -0.009591
v 0.001826 0.010559 -0.009370
v 0.001725 0.010096 -0.009656
v 0.001725 0.010096 -0.009305
v 0.001725 0.010271 -0.009794
v 0.001725 0.010271 -0.009168
v 0.001725 0.010435 -0.009794
v 0.001725 0.010435 -0.009168
v 0.001725 0.010638 -0.009636
v 0.001725 0.010638 -0.009325
v 0.000440 0.010096 -0.009656
v 0.000440 0.010096 -0.009305
v 0.000440 0.010271 -0.009794
v 0.000440 0.010271 -0.009168
v 0.000440 0.010435 -0.009794
v 0.000440 0.010435 -0.009168
v 0.000440 0.010638 -0.009636
v 0.000440 0.010638 -0.009325
v 0.000392 0.010046 -0.009689
v 0.000392 0.010046 -0.009273
v 0.000392 0.010253 -0.009852
v 0.000392 0.010253 -0.009109
v 0.000392 0.010447 -0.009852
v 0.000392 0.010447 -0.009109
v 0.000392 0.010688 -0.009666
v 0.000392 0.010688 -0.009296
v 0.000307 0.010046 -0.009689
v 0.000307 0.010046 -0.009273
v 0.000307 0.010253 -0.009852
v 0.000307 0.010253 -0.009109
v 0.000307 0.010447 -0.009852
v 0.000307 0.010447 -0.009109
v 0.000307 0.010688 -0.009666
v 0.000307 0.010688 -0.009296
v 0.000245 0.010092 -0.009659
v 0.000245 0.010092 -0.009302
v 0.000245 0.010269 -0.009799
v 0.000245 0.010269 -0.009162
v 0.000245 0.010436 -0.009799
v 0.000245 0.010436 -0.009162
v 0.000245 0.010642 -0.009639
v 0.000245 0.010642 -0.009322
vn -0.0000 -0.7071 -0.7071
vn -0.0000 -0.2588 -0.9659
vn -0.0000 0.2588 -0.9659
vn -0.0000 0.7071 -0.7071
vn -0.0000 0.9659 -0.2588
vn -0.0000 0.9659 0.2588
vn -0.0000 -0.0000 1.0000
vn -0.0000 -0.1576 0.9875
vn -0.0000 -0.2902 0.9570
vn -0.0000 -0.7973 0.6036
vn -0.0000 -0.8524 0.5230
vn -0.0000 -0.8559 0.5171
vn -0.0000 -0.7071 0.7071
vn -0.0000 -0.9659 0.2588
vn -0.0000 -0.9659 -0.2588
vn -1.0000 -0.0000 -0.0000
vn 1.0000 -0.0000 -0.0000
vn 0.9842 0.1768 -0.0000
vn -1.0000 -0.0005 -0.0000
vn -0.0000 0.8987 -0.4386
vn -0.0000 -0.8560 0.5170
vn -0.0000 -0.8828 0.4697
vn 0.9745 0.2242 -0.0000
vn -1.0000 -0.0012 -0.0000
vn -0.0000 1.0000 -0.0000
vn -0.0000 -0.0000 -1.0000
vn 0.9828 0.1848 -0.0000
vn -1.0000 -0.0010 -0.0000
vn -0.0000 -0.6186 -0.7857
vn -0.0000 -0.6186 0.7857
vn -0.0000 0.6128 -0.7902
vn -0.0000 0.6128 0.7902
vn -0.0000 -1.0000 -0.0000
vn 0.4197 -0.9077 -0.0000
vn 0.4498 -0.5525 -0.7018
vn 0.4522 -0.5517 -0.7008
vn 0.4522 -0.5518 0.7008
vn 0.4498 -0.5525 0.7017
vn 0.4571 -0.0000 -0.8894
vn 0.4519 -0.0000 -0.8921
vn 0.4519 -0.0000 0.8921
vn 0.4572 -0.0000 0.8894
vn 0.4364 0.5514 -0.7110
vn 0.4331 0.5524 -0.7123
vn 0.4169 0.9090 -0.0000
vn 0.4331 0.5524 0.7123
vn 0.4364 0.5514 0.7110
vn 0.0377 -0.9993 -0.0000
vn 0.0478 -0.6179 -0.7848
vn 0.0468 -0.6179 -0.7849
vn 0.0468 -0.6179 0.7848
vn 0.0478 -0.6179 0.7848
vn 0.0497 -0.0000 -0.9988
vn 0.0516 -0.0000 -0.9987
vn 0.0516 -0.0000 0.9987
vn 0.0497 -0.0000 0.9988
vn 0.0428 0.6123 -0.7895
vn 0.0441 0.6122 -0.7894
vn 0.0388 0.9992 -0.0000
vn 0.0441 0.6122 0.7895
vn 0.0428 0.6122 0.7895
vn 0.7246 -0.6892 -0.0000
vn 0.7645 -0.3988 -0.5065
vn 0.7645 -0.3988 0.5065
vn 0.7724 -0.0000 -0.6352
vn 0.7724 -0.0000 0.6352
vn 0.7466 0.4077 -0.5257
vn 0.7246 0.6892 -0.0000
vn 0.7466 0.4077 0.5257
vn -0.2454 -0.9694 -0.0000
vn -0.2945 -0.5912 -0.7509
vn -0.2910 -0.5918 -0.7517
vn -0.2909 -0.5918 0.7517
vn -0.2945 -0.5912 0.7509
vn -0.3036 -0.0000 -0.9528
vn -0.3105 -0.0000 -0.9506
vn -0.3105 -0.0000 0.9506
vn -0.3036 -0.0000 0.9528
vn -0.2711 0.5899 -0.7606
vn -0.2759 0.5890 -0.7595
vn -0.2501 0.9682 -0.0000
vn -0.2759 0.5890 0.7595
vn -0.2711 0.5899 0.7606
vn -0.5910 -0.8067 -0.0000
vn -0.6370 -0.4768 -0.6057
vn -0.6370 -0.4769 0.6057
vn -0.6465 -0.0000 -0.7629
vn -0.6465 -0.0000 0.7629
vn -0.6161 0.4827 -0.6225
vn -0.5910 0.8067 -0.0000
vn -0.6161 0.4827 0.6225
vt 0.729124 0.283505
vt 0.725155 0.283505
vt 0.725155 0.282247
vt 0.729124 0.282247
vt 0.320035 0.005653
vt 0.320035 0.009392
vt 0.318416 0.009392
vt 0.318416 0.005653
vt 0.316797 0.009392
vt 0.316797 0.005653
vt 0.126230 0.119041
vt 0.122341 0.119041
vt 0.122341 0.117808
vt 0.126230 0.117808
vt 0.122341 0.116124
vt 0.126230 0.116124
vt 0.122341 0.114440
vt 0.126230 0.114440
vt 0.133840 0.110046
vt 0.130122 0.110050
vt 0.130121 0.108872
vt 0.133839 0.108868
vt 0.130120 0.107563
vt 0.133837 0.107559
vt 0.729124 0.301105
vt 0.725155 0.301105
vt 0.725155 0.299048
vt 0.729124 0.299048
vt 0.729124 0.288199
vt 0.725155 0.288199
vt 0.725155 0.286941
vt 0.729124 0.286941
vt 0.725155 0.285223
vt 0.729124 0.285223
vt 0.814180 0.128126
vt 0.813884 0.131294
vt 0.812556 0.128402
vt 0.811288 0.129454
vt 0.810716 0.130998
vt 0.810993 0.132622
vt 0.812044 0.133890
vt 0.813589 0.134462
vt 0.815212 0.134185
vt 0.816480 0.133134
vt 0.817052 0.131590
vt 0.816776 0.129966
vt 0.815724 0.128698
vt 0.060032 0.232396
vt 0.051098 0.225609
vt 0.052143 0.225083
vt 0.060550 0.230825
vt 0.819617 0.143312
vt 0.818944 0.144262
vt 0.122341 0.103819
vt 0.126230 0.103819
vt 0.053570 0.224363
vt 0.061784 0.229723
vt 0.820538 0.142014
vt 0.054997 0.223643
vt 0.063404 0.229385
vt 0.729124 0.297781
vt 0.725155 0.297781
vt 0.821458 0.140716
vt 0.049528 0.222497
vt 0.050573 0.221970
vt 0.822448 0.145319
vt 0.821775 0.146269
vt 0.596814 0.012963
vt 0.596814 0.009427
vt 0.598372 0.009427
vt 0.598372 0.012963
vt 0.051911 0.221737
vt 0.822876 0.144037
vt 0.054065 0.222793
vt 0.822157 0.141759
vt 0.775714 0.103077
vt 0.775716 0.094016
vt 0.777089 0.094018
vt 0.779432 0.103083
vt 0.043064 0.229661
vt 0.041495 0.226548
vt 0.131494 0.119110
vt 0.130121 0.119112
vt 0.816595 0.153576
vt 0.813765 0.151569
vt 0.775719 0.092268
vt 0.777092 0.092270
vt 0.042130 0.231663
vt 0.039329 0.226110
vt 0.131496 0.120859
vt 0.130123 0.120860
vt 0.803416 0.030294
vt 0.805271 0.028834
vt 0.805271 0.035478
vt 0.803416 0.034018
vt 0.775721 0.090629
vt 0.777094 0.090631
vt 0.040677 0.232396
vt 0.037876 0.226842
vt 0.131498 0.122497
vt 0.130125 0.122498
vt 0.807008 0.028834
vt 0.807008 0.035478
vt 0.596814 0.014748
vt 0.598372 0.014748
vt 0.038174 0.231908
vt 0.036781 0.229145
vt 0.598372 0.007641
vt 0.596814 0.007641
vt 0.809161 0.030503
vt 0.809161 0.033808
vt 0.815690 0.153936
vt 0.813724 0.152543
vt 0.812259 0.152975
vt 0.811655 0.152192
vt 0.816706 0.155773
vt 0.815767 0.155462
vt 0.811609 0.153893
vt 0.810719 0.153513
vt 0.815770 0.157093
vt 0.815116 0.156379
vt 0.811684 0.155654
vt 0.810828 0.156049
vt 0.813429 0.156891
vt 0.813340 0.157830
vt 0.364993 0.054329
vt 0.364993 0.055452
vt 0.362273 0.055452
vt 0.362273 0.054329
vt 0.361206 0.055452
vt 0.361206 0.054329
vt 0.366060 0.054329
vt 0.366060 0.055452
vt 0.682540 0.101951
vt 0.682540 0.103022
vt 0.681329 0.103022
vt 0.681329 0.101951
vt 0.674554 0.044459
vt 0.674554 0.045531
vt 0.673343 0.045531
vt 0.673343 0.044459
vt 0.222274 0.217884
vt 0.222274 0.219027
vt 0.221033 0.219027
vt 0.221033 0.217884
vt 0.218577 0.219027
vt 0.218577 0.217884
vt 0.217336 0.219027
vt 0.217336 0.217884
vt 0.365548 0.056551
vt 0.361718 0.056551
vt 0.683833 0.103022
vt 0.684649 0.104070
vt 0.682829 0.104070
vt 0.673054 0.046579
vt 0.671234 0.046579
vt 0.672050 0.045531
vt 0.681125 0.104070
vt 0.674758 0.046579
vt 0.679012 0.104070
vt 0.679829 0.103022
vt 0.221534 0.220144
vt 0.218076 0.220144
vt 0.676054 0.045531
vt 0.676870 0.046579
vt 0.365548 0.070582
vt 0.361718 0.070582
vt 0.360216 0.070582
vt 0.360216 0.056551
vt 0.367050 0.056551
vt 0.367050 0.070582
vt 0.682829 0.117456
vt 0.681125 0.117456
vt 0.674758 0.059964
vt 0.673054 0.059964
vt 0.223280 0.220144
vt 0.223280 0.234416
vt 0.221534 0.234416
vt 0.218076 0.234416
vt 0.216330 0.234416
vt 0.216330 0.220144
vt 0.365906 0.071107
vt 0.361360 0.071107
vt 0.684649 0.117456
vt 0.685175 0.117957
vt 0.683016 0.117957
vt 0.672867 0.060465
vt 0.670708 0.060465
vt 0.671234 0.059964
vt 0.680993 0.117957
vt 0.674890 0.060465
vt 0.678486 0.117957
vt 0.679012 0.117456
vt 0.221857 0.234950
vt 0.217753 0.234950
vt 0.676870 0.059964
vt 0.677397 0.060465
vt 0.365906 0.072029
vt 0.361360 0.072029
vt 0.359578 0.072029
vt 0.359578 0.071107
vt 0.367688 0.071107
vt 0.367688 0.072029
vt 0.683016 0.118836
vt 0.680993 0.118836
vt 0.674890 0.061344
vt 0.672867 0.061344
vt 0.223930 0.234950
vt 0.223930 0.235888
vt 0.221857 0.235888
vt 0.217753 0.235888
vt 0.215680 0.235888
vt 0.215680 0.234950
vt 0.802938 0.029984
vt 0.802938 0.034328
vt 0.805101 0.036031
vt 0.805101 0.028280
vt 0.807128 0.036031
vt 0.807128 0.028280
vt 0.809640 0.034084
vt 0.809640 0.030228
s 1
usemtl Swoop
f 5356/10001/4250 5368/10002/4250 5369/10003/4250 5357/10004/4250
f 5357/10005/4251 5369/10006/4251 5370/10007/4251 5358/10008/4251
f 5358/10008/4252 5370/10007/4252 5371/10009/4252 5359/10010/4252
f 5359/10011/4253 5371/10012/4253 5372/10013/4253 5360/10014/4253
f 5360/10014/4254 5372/10013/4254 5373/10015/4254 5361/10016/4254
f 5361/10016/4255 5373/10015/4255 5374/10017/4255 5362/10018/4255
f 5389/10019/4256 5392/10020/4256 5391/10021/4257 5390/10022/4257
f 5390/10022/4257 5391/10021/4257 5394/10023/4258 5393/10024/4258
f 5393/10025/4259 5394/10026/4259 5396/10027/4260 5395/10028/4260
f 5365/10029/4261 5377/10030/4261 5378/10031/4262 5366/10032/4262
f 5366/10032/4263 5378/10031/4263 5379/10033/4263 5367/10034/4263
f 5367/10034/4264 5379/10033/4264 5368/10002/4264 5356/10001/4264
f 5368/10035/4265 5380/10036/4265 5369/10037/4265
f 5369/10037/4265 5380/10036/4265 5370/10038/4265
f 5370/10038/4265 5380/10036/4265 5371/10039/4265
f 5371/10039/4265 5380/10036/4265 5372/10040/4265
f 5372/10040/4265 5380/10036/4265 5373/10041/4265
f 5373/10041/4265 5380/10036/4265 5374/10042/4265
f 5374/10042/4265 5380/10036/4265 5375/10043/4265
f 5375/10043/4265 5380/10036/4265 5376/10044/4265
f 5376/10044/4265 5380/10036/4265 5377/10045/4265
f 5377/10045/4265 5380/10036/4265 5378/10046/4265
f 5378/10046/4265 5380/10036/4265 5379/10047/4265
f 5379/10047/4265 5380/10036/4265 5368/10035/4265
f 5362/10048/4266 5381/10049/4267 5382/10050/4266 5363/10051/4266
f 5375/10043/4265 5383/10052/4265 5384/10053/4268 5374/10042/4265
f 5374/10017/4269 5384/10054/4269 5381/10055/4269 5362/10018/4269
f 5363/10051/4266 5382/10050/4266 5385/10056/4266 5364/10057/4266
f 5376/10044/4265 5386/10058/4265 5383/10052/4265 5375/10043/4265
f 5364/10057/4266 5385/10056/4266 5387/10059/4266 5365/10060/4266
f 5365/10029/4270 5387/10061/4271 5388/10062/4271 5377/10030/4270
f 5377/10045/4265 5388/10063/4265 5386/10058/4265 5376/10044/4265
f 5381/10049/4267 5389/10064/4272 5390/10065/4266 5382/10050/4266
f 5383/10052/4265 5391/10066/4265 5392/10067/4273 5384/10053/4268
f 5410/10068/4274 5412/10069/4274 5411/10070/4274 5409/10071/4274
f 5382/10050/4266 5390/10065/4266 5393/10072/4266 5385/10056/4266
f 5386/10058/4265 5394/10073/4265 5391/10066/4265 5383/10052/4265
f 5385/10056/4266 5393/10072/4266 5395/10074/4266 5387/10059/4266
f 5387/10061/4271 5395/10028/4260 5396/10027/4260 5388/10062/4271
f 5388/10063/4265 5396/10075/4265 5394/10073/4265 5386/10058/4265
f 5384/10076/4275 5398/10077/4275 5397/10078/4275 5381/10079/4275
f 5381/10049/4267 5397/10080/4276 5399/10081/4276 5389/10064/4272
f 5389/10019/4256 5399/10082/4256 5400/10083/4256 5392/10020/4256
f 5392/10067/4273 5400/10084/4273 5398/10085/4277 5384/10053/4268
f 5398/10077/4278 5402/10086/4278 5401/10087/4278 5397/10078/4278
f 5397/10080/4276 5401/10088/4266 5403/10089/4266 5399/10081/4276
f 5399/10082/4279 5403/10090/4279 5404/10091/4279 5400/10083/4279
f 5462/10092/4265 5464/10093/4265 5463/10094/4265 5461/10095/4265
f 5402/10086/4275 5406/10096/4275 5405/10097/4275 5401/10087/4275
f 5401/10088/4266 5405/10098/4266 5407/10099/4266 5403/10089/4266
f 5403/10090/4256 5407/10100/4256 5408/10101/4256 5404/10091/4256
f 5464/10093/4265 5466/10102/4265 5465/10103/4265 5463/10094/4265
f 5406/10104/4280 5410/10068/4280 5409/10071/4280 5405/10105/4280
f 5405/10098/4266 5409/10106/4266 5411/10107/4266 5407/10099/4266
f 5407/10108/4281 5411/10070/4281 5412/10069/4281 5408/10109/4281
f 5466/10102/4265 5468/10110/4265 5467/10111/4265 5465/10103/4265
f 5400/10084/4273 5414/10112/4265 5413/10113/4265 5398/10085/4277
f 5398/10085/4277 5413/10113/4265 5415/10114/4265 5402/10115/4265
f 5404/10116/4265 5416/10117/4265 5414/10112/4265 5400/10084/4273
f 5402/10115/4265 5415/10114/4265 5417/10118/4265 5406/10119/4265
f 5408/10120/4265 5418/10121/4265 5416/10117/4265 5404/10116/4265
f 5406/10119/4265 5417/10118/4265 5419/10122/4265 5410/10123/4265
f 5410/10123/4265 5419/10122/4265 5420/10124/4265 5412/10125/4265
f 5412/10125/4265 5420/10124/4265 5418/10121/4265 5408/10120/4265
f 5414/10126/4282 5422/10127/4283 5421/10128/4283 5413/10129/4282
f 5413/10129/4278 5421/10128/4284 5423/10130/4285 5415/10131/4278
f 5416/10132/4279 5424/10133/4286 5422/10127/4287 5414/10126/4279
f 5415/10134/4275 5423/10135/4288 5425/10136/4289 5417/10137/4275
f 5418/10138/4256 5426/10139/4290 5424/10140/4291 5416/10141/4256
f 5417/10142/4280 5425/10143/4292 5427/10144/4293 5419/10145/4280
f 5419/10145/4274 5427/10144/4294 5428/10146/4294 5420/10147/4274
f 5420/10147/4281 5428/10146/4295 5426/10148/4296 5418/10149/4281
f 5422/10127/4283 5430/10150/4297 5429/10151/4297 5421/10128/4283
f 5421/10152/4284 5429/10153/4298 5431/10154/4299 5423/10135/4285
f 5424/10140/4286 5432/10155/4300 5430/10156/4301 5422/10157/4287
f 5423/10135/4288 5431/10154/4302 5433/10158/4303 5425/10136/4289
f 5426/10139/4290 5434/10159/4304 5432/10155/4305 5424/10140/4291
f 5425/10136/4292 5433/10158/4306 5435/10160/4307 5427/10161/4293
f 5427/10144/4294 5435/10162/4308 5436/10163/4308 5428/10146/4294
f 5428/10164/4295 5436/10165/4309 5434/10159/4310 5426/10139/4296
f 5430/10150/4297 5438/10166/4282 5437/10167/4282 5429/10151/4297
f 5429/10151/4298 5437/10167/4278 5439/10168/4278 5431/10169/4299
f 5432/10170/4300 5440/10171/4279 5438/10166/4279 5430/10150/4301
f 5431/10154/4302 5439/10172/4275 5441/10173/4275 5433/10158/4303
f 5434/10159/4304 5442/10174/4256 5440/10175/4256 5432/10155/4305
f 5433/10176/4306 5441/10177/4280 5443/10178/4280 5435/10162/4307
f 5435/10162/4308 5443/10178/4274 5444/10179/4274 5436/10163/4308
f 5436/10163/4309 5444/10179/4281 5442/10180/4281 5434/10181/4310
f 5438/10166/4311 5446/10182/4311 5445/10183/4311 5437/10167/4311
f 5437/10184/4312 5445/10185/4312 5447/10186/4312 5439/10172/4312
f 5440/10175/4313 5448/10187/4313 5446/10188/4313 5438/10189/4313
f 5439/10172/4314 5447/10186/4314 5449/10190/4314 5441/10173/4314
f 5442/10174/4315 5450/10191/4315 5448/10187/4315 5440/10175/4315
f 5441/10173/4316 5449/10190/4316 5451/10192/4316 5443/10193/4316
f 5443/10178/4317 5451/10194/4317 5452/10195/4317 5444/10179/4317
f 5444/10196/4318 5452/10197/4318 5450/10191/4318 5442/10174/4318
f 5446/10182/4282 5454/10198/4319 5453/10199/4319 5445/10183/4282
f 5445/10183/4278 5453/10199/4320 5455/10200/4321 5447/10201/4278
f 5448/10202/4279 5456/10203/4322 5454/10198/4323 5446/10182/4279
f 5447/10186/4275 5455/10204/4324 5457/10205/4325 5449/10190/4275
f 5450/10191/4256 5458/10206/4326 5456/10207/4327 5448/10187/4256
f 5449/10208/4280 5457/10209/4328 5459/10210/4329 5451/10194/4280
f 5451/10194/4274 5459/10210/4330 5460/10211/4330 5452/10195/4274
f 5452/10195/4281 5460/10211/4331 5458/10212/4332 5450/10213/4281
f 5454/10214/4319 5462/10092/4333 5461/10095/4333 5453/10215/4319
f 5453/10215/4320 5461/10095/4334 5463/10094/4334 5455/10216/4321
f 5456/10217/4322 5464/10093/4335 5462/10092/4335 5454/10214/4323
f 5455/10216/4324 5463/10094/4336 5465/10103/4336 5457/10218/4325
f 5458/10219/4326 5466/10102/4337 5464/10093/4337 5456/10217/4327
f 5457/10218/4328 5465/10103/4338 5467/10111/4338 5459/10220/4329
f 5459/10220/4330 5467/10111/4339 5468/10110/4339 5460/10221/4330
f 5460/10221/4331 5468/10110/4340 5466/10102/4340 5458/10219/4332
o pCylinder7
v -0.002309 0.008087 -0.011027
v -0.002309 0.008208 -0.011148
v -0.002309 0.008372 -0.011192
v -0.002309 0.008537 -0.011148
v -0.002309 0.008657 -0.011027
v -0.002309 0.008701 -0.010863
v -0.002309 0.008657 -0.010698
v -0.002309 0.008537 -0.010578
v -0.002309 0.008372 -0.010534
v -0.002309 0.008208 -0.010578
v -0.002309 0.008087 -0.010698
v -0.002309 0.008043 -0.010863
v -0.001928 0.008087 -0.011027
v -0.001928 0.008208 -0.011148
v -0.001928 0.008372 -0.011192
v -0.001928 0.008537 -0.011148
v -0.001928 0.008657 -0.011027
v -0.001928 0.008701 -0.010863
v -0.001928 0.008657 -0.010698
v -0.001928 0.008537 -0.010578
v -0.001928 0.008372 -0.010534
v -0.001928 0.008208 -0.010578
v -0.001928 0.008087 -0.010698
v -0.001928 0.008043 -0.010863
v -0.001928 0.008372 -0.010863
v -0.002309 0.009164 -0.009660
v -0.002309 0.009043 -0.009660
v -0.001928 0.009043 -0.009660
v -0.001928 0.009164 -0.009660
v -0.002309 0.008879 -0.009660
v -0.001928 0.008879 -0.009660
v -0.002309 0.008714 -0.009660
v -0.001928 0.008714 -0.009660
v -0.002309 0.009164 -0.009301
v -0.002309 0.009043 -0.009301
v -0.001928 0.009043 -0.009301
v -0.001928 0.009164 -0.009301
v -0.002309 0.008910 -0.009342
v -0.001928 0.008910 -0.009342
v -0.002309 0.008761 -0.009539
v -0.001928 0.008761 -0.009539
v -0.002067 0.010090 -0.009660
v -0.001926 0.010090 -0.009660
v -0.002067 0.010090 -0.009301
v -0.001926 0.010090 -0.009301
v -0.002067 0.010269 -0.009801
v -0.001926 0.010269 -0.009801
v -0.002067 0.010269 -0.009161
v -0.001926 0.010269 -0.009161
v -0.002067 0.010436 -0.009801
v -0.001926 0.010436 -0.009801
v -0.002067 0.010436 -0.009161
v -0.001926 0.010436 -0.009161
v -0.002067 0.010644 -0.009640
v -0.001926 0.010644 -0.009640
v -0.002067 0.010644 -0.009322
v -0.001926 0.010644 -0.009322
v -0.001926 0.010175 -0.009605
v -0.001926 0.010175 -0.009356
v -0.001926 0.010299 -0.009703
v -0.001926 0.010299 -0.009258
v -0.001926 0.010415 -0.009703
v -0.001926 0.010415 -0.009258
v -0.001926 0.010559 -0.009591
v -0.001926 0.010559 -0.009370
v -0.001823 0.010175 -0.009605
v -0.001823 0.010175 -0.009356
v -0.001823 0.010299 -0.009703
v -0.001823 0.010299 -0.009258
v -0.001823 0.010415 -0.009703
v -0.001823 0.010415 -0.009258
v -0.001823 0.010559 -0.009591
v -0.001823 0.010559 -0.009370
v -0.001722 0.010096 -0.009656
v -0.001722 0.010096 -0.009305
v -0.001722 0.010271 -0.009794
v -0.001722 0.010271 -0.009168
v -0.001722 0.010435 -0.009794
v -0.001722 0.010435 -0.009168
v -0.001722 0.010638 -0.009636
v -0.001722 0.010638 -0.009325
v -0.000433 0.010096 -0.009656
v -0.000433 0.010096 -0.009305
v -0.000433 0.010271 -0.009794
v -0.000433 0.010271 -0.009168
v -0.000433 0.010435 -0.009794
v -0.000433 0.010435 -0.009168
v -0.000433 0.010638 -0.009636
v -0.000433 0.010638 -0.009325
v -0.000385 0.010046 -0.009689
v -0.000385 0.010046 -0.009273
v -0.000385 0.010253 -0.009852
v -0.000385 0.010253 -0.009109
v -0.000385 0.010447 -0.009852
v -0.000385 0.010447 -0.009109
v -0.000385 0.010688 -0.009666
v -0.000385 0.010688 -0.009296
v -0.000300 0.010046 -0.009689
v -0.000300 0.010046 -0.009273
v -0.000300 0.010253 -0.009852
v -0.000300 0.010253 -0.009109
v -0.000300 0.010447 -0.009852
v -0.000300 0.010447 -0.009109
v -0.000300 0.010688 -0.009666
v -0.000300 0.010688 -0.009296
v -0.000237 0.010092 -0.009659
v -0.000237 0.010092 -0.009302
v -0.000237 0.010269 -0.009799
v -0.000237 0.010269 -0.009162
v -0.000237 0.010436 -0.009799
v -0.000237 0.010436 -0.009162
v -0.000237 0.010642 -0.009639
v -0.000237 0.010642 -0.009322
vn -0.0000 -0.7071 -0.7071
vn -0.0000 -0.2588 -0.9659
vn -0.0000 0.2588 -0.9659
vn -0.0000 0.7071 -0.7071
vn -0.0000 0.9659 -0.2588
vn -0.0000 0.9659 0.2588
vn -0.0000 -0.0000 1.0000
vn -0.0000 -0.1576 0.9875
vn -0.0000 -0.2902 0.9570
vn -0.0000 -0.7973 0.6036
vn -0.0000 -0.8524 0.5230
vn -0.0000 -0.8559 0.5171
vn -0.0000 -0.7071 0.7071
vn -0.0000 -0.9659 0.2588
vn -0.0000 -0.9659 -0.2588
vn 1.0000 -0.0000 -0.0000
vn -1.0000 -0.0000 -0.0000
vn -0.9841 0.1773 -0.0000
vn 1.0000 -0.0008 -0.0000
vn -0.0000 0.8987 -0.4386
vn -0.0000 -0.8828 0.4697
vn -0.9744 0.2249 -0.0000
vn 1.0000 -0.0012 -0.0000
vn -0.0000 1.0000 -0.0000
vn -0.0000 -0.0000 -1.0000
vn -0.9827 0.1853 -0.0000
vn 1.0000 -0.0010 -0.0000
vn -0.0000 -0.6186 -0.7857
vn -0.0000 -0.6186 0.7857
vn -0.0000 0.6128 -0.7902
vn -0.0000 0.6128 0.7902
vn -0.0000 -1.0000 -0.0000
vn -0.4186 -0.9082 -0.0000
vn -0.4511 -0.5521 -0.7012
vn -0.4486 -0.5529 -0.7022
vn -0.4486 -0.5529 0.7022
vn -0.4511 -0.5521 0.7012
vn -0.4508 -0.0000 -0.8926
vn -0.4560 -0.0000 -0.8900
vn -0.4560 -0.0000 0.8900
vn -0.4508 -0.0000 0.8926
vn -0.4320 0.5527 -0.7127
vn -0.4352 0.5517 -0.7115
vn -0.4157 0.9095 -0.0000
vn -0.4352 0.5517 0.7115
vn -0.4320 0.5527 0.7127
vn -0.0376 -0.9993 -0.0000
vn -0.0467 -0.6179 -0.7849
vn -0.0476 -0.6179 -0.7848
vn -0.0476 -0.6179 0.7848
vn -0.0467 -0.6179 0.7849
vn -0.0515 -0.0000 -0.9987
vn -0.0495 -0.0000 -0.9988
vn -0.0495 -0.0000 0.9988
vn -0.0515 -0.0000 0.9987
vn -0.0440 0.6122 -0.7895
vn -0.0427 0.6122 -0.7895
vn -0.0388 0.9992 -0.0000
vn -0.0427 0.6123 0.7895
vn -0.0440 0.6122 0.7895
vn -0.7235 -0.6903 -0.0000
vn -0.7635 -0.3995 -0.5074
vn -0.7635 -0.3995 0.5074
vn -0.7714 -0.0000 -0.6363
vn -0.7714 -0.0000 0.6363
vn -0.7456 0.4084 -0.5266
vn -0.7235 0.6903 -0.0000
vn -0.7456 0.4084 0.5266
vn 0.2448 -0.9696 -0.0000
vn 0.2902 -0.5920 -0.7519
vn 0.2937 -0.5913 -0.7511
vn 0.2937 -0.5913 0.7511
vn 0.2902 -0.5920 0.7519
vn 0.3097 -0.0000 -0.9508
vn 0.3028 -0.0000 -0.9531
vn 0.3028 -0.0000 0.9531
vn 0.3097 -0.0000 0.9508
vn 0.2752 0.5892 -0.7597
vn 0.2704 0.5900 -0.7608
vn 0.2495 0.9684 -0.0000
vn 0.2704 0.5900 0.7608
vn 0.2752 0.5892 0.7597
vn 0.5898 -0.8075 -0.0000
vn 0.6359 -0.4774 -0.6064
vn 0.6358 -0.4775 0.6064
vn 0.6453 -0.0000 -0.7639
vn 0.6453 -0.0000 0.7639
vn 0.6149 0.4833 -0.6232
vn 0.5898 0.8075 -0.0000
vn 0.6149 0.4833 0.6232
vt 0.686264 0.303602
vt 0.686264 0.302344
vt 0.690245 0.302344
vt 0.690245 0.303602
vt 0.308368 0.009404
vt 0.306749 0.009404
vt 0.306749 0.005653
vt 0.308368 0.005653
vt 0.305130 0.009404
vt 0.305130 0.005653
vt 0.118452 0.115630
vt 0.118452 0.114398
vt 0.122353 0.114398
vt 0.122353 0.115630
vt 0.118452 0.112714
vt 0.122353 0.112714
vt 0.118452 0.111030
vt 0.122353 0.111030
vt 0.153454 0.106670
vt 0.153456 0.105491
vt 0.157185 0.105495
vt 0.157184 0.106674
vt 0.153457 0.104182
vt 0.157187 0.104187
vt 0.686264 0.321202
vt 0.686264 0.319145
vt 0.690245 0.319145
vt 0.690245 0.321202
vt 0.686264 0.308296
vt 0.686264 0.307038
vt 0.690245 0.307038
vt 0.690245 0.308296
vt 0.686264 0.305320
vt 0.690245 0.305320
vt 0.202605 0.229635
vt 0.202328 0.231259
vt 0.199436 0.229931
vt 0.201277 0.232527
vt 0.199732 0.233099
vt 0.198108 0.232822
vt 0.196840 0.231771
vt 0.196268 0.230226
vt 0.196545 0.228603
vt 0.197596 0.227335
vt 0.199141 0.226762
vt 0.200764 0.227039
vt 0.202032 0.228090
vt 0.126231 0.084618
vt 0.127802 0.084100
vt 0.133545 0.092507
vt 0.133018 0.093552
vt 0.186468 0.224871
vt 0.187418 0.224197
vt 0.118452 0.100408
vt 0.122353 0.100408
vt 0.128904 0.082866
vt 0.134264 0.091080
vt 0.188716 0.223277
vt 0.129242 0.081245
vt 0.134984 0.089653
vt 0.690245 0.317878
vt 0.686264 0.317878
vt 0.190014 0.222357
vt 0.136657 0.094077
vt 0.136130 0.095122
vt 0.184461 0.222040
vt 0.185411 0.221367
vt 0.594488 0.011767
vt 0.592925 0.011767
vt 0.592925 0.008232
vt 0.594488 0.008232
vt 0.136891 0.092739
vt 0.186694 0.220938
vt 0.135835 0.090584
vt 0.188971 0.221658
vt 0.133849 0.082094
vt 0.130120 0.082100
vt 0.132469 0.073035
vt 0.133847 0.073033
vt 0.132079 0.103155
vt 0.128966 0.101586
vt 0.157185 0.115735
vt 0.155808 0.115734
vt 0.179161 0.230050
vt 0.177155 0.227219
vt 0.132467 0.071286
vt 0.133844 0.071284
vt 0.132518 0.105321
vt 0.126964 0.102520
vt 0.157183 0.117484
vt 0.155806 0.117482
vt 0.500065 0.011393
vt 0.500065 0.007668
vt 0.501920 0.006207
vt 0.501920 0.012853
vt 0.132464 0.069648
vt 0.133841 0.069646
vt 0.131785 0.106774
vt 0.126231 0.103973
vt 0.157181 0.119122
vt 0.155804 0.119120
vt 0.503658 0.006207
vt 0.503658 0.012853
vt 0.594488 0.013553
vt 0.592925 0.013553
vt 0.129482 0.107869
vt 0.126719 0.106476
vt 0.592925 0.006446
vt 0.594488 0.006446
vt 0.505812 0.007877
vt 0.505812 0.011183
vt 0.178188 0.230091
vt 0.176794 0.228125
vt 0.178538 0.232160
vt 0.177755 0.231556
vt 0.174958 0.227109
vt 0.175268 0.228048
vt 0.177218 0.233096
vt 0.176838 0.232206
vt 0.173637 0.228045
vt 0.174351 0.228698
vt 0.174681 0.232987
vt 0.175076 0.232130
vt 0.172900 0.230475
vt 0.173839 0.230386
vt 0.291100 0.084356
vt 0.288379 0.084356
vt 0.288379 0.083229
vt 0.291100 0.083229
vt 0.287313 0.084356
vt 0.287313 0.083229
vt 0.292166 0.084356
vt 0.292166 0.083229
vt 0.009721 0.310121
vt 0.008510 0.310121
vt 0.008510 0.309047
vt 0.009721 0.309047
vt 0.744557 0.139007
vt 0.743347 0.139007
vt 0.743347 0.137932
vt 0.744557 0.137932
vt 0.603407 0.057073
vt 0.602167 0.057073
vt 0.602167 0.055928
vt 0.603407 0.055928
vt 0.599711 0.057073
vt 0.599711 0.055928
vt 0.598470 0.057073
vt 0.598470 0.055928
vt 0.287825 0.082127
vt 0.291654 0.082127
vt 0.011013 0.309047
vt 0.010010 0.307995
vt 0.011829 0.307995
vt 0.742054 0.137932
vt 0.741238 0.136881
vt 0.743057 0.136881
vt 0.008306 0.307995
vt 0.744761 0.136881
vt 0.007010 0.309047
vt 0.006194 0.307995
vt 0.599210 0.054806
vt 0.602667 0.054806
vt 0.746057 0.137932
vt 0.746873 0.136881
vt 0.287825 0.068053
vt 0.291654 0.068053
vt 0.286323 0.082127
vt 0.286323 0.068053
vt 0.293156 0.082127
vt 0.293156 0.068053
vt 0.008306 0.294572
vt 0.010010 0.294572
vt 0.743057 0.123458
vt 0.744761 0.123458
vt 0.604414 0.054806
vt 0.602667 0.040491
vt 0.604414 0.040491
vt 0.599210 0.040491
vt 0.597464 0.054806
vt 0.597464 0.040491
vt 0.287467 0.067526
vt 0.292012 0.067526
vt 0.011829 0.294572
vt 0.010196 0.294070
vt 0.012356 0.294070
vt 0.741238 0.123458
vt 0.740712 0.122956
vt 0.742871 0.122956
vt 0.008174 0.294070
vt 0.744893 0.122956
vt 0.006194 0.294572
vt 0.005668 0.294070
vt 0.598887 0.039955
vt 0.602990 0.039955
vt 0.746873 0.123458
vt 0.747400 0.122956
vt 0.287467 0.066601
vt 0.292012 0.066601
vt 0.285684 0.067526
vt 0.285684 0.066601
vt 0.293794 0.067526
vt 0.293794 0.066601
vt 0.008174 0.293187
vt 0.010196 0.293187
vt 0.742871 0.122074
vt 0.744893 0.122074
vt 0.605063 0.039955
vt 0.602990 0.039014
vt 0.605063 0.039014
vt 0.598887 0.039014
vt 0.596814 0.039955
vt 0.596814 0.039014
vt 0.499586 0.011703
vt 0.499586 0.007357
vt 0.501751 0.005653
vt 0.501751 0.013407
vt 0.503778 0.005653
vt 0.503778 0.013407
vt 0.506291 0.007602
vt 0.506291 0.011459
s 1
usemtl Swoop
f 5469/10222/4341 5470/10223/4341 5482/10224/4341 5481/10225/4341
f 5470/10226/4342 5471/10227/4342 5483/10228/4342 5482/10229/4342
f 5471/10227/4343 5472/10230/4343 5484/10231/4343 5483/10228/4343
f 5472/10232/4344 5473/10233/4344 5485/10234/4344 5484/10235/4344
f 5473/10233/4345 5474/10236/4345 5486/10237/4345 5485/10234/4345
f 5474/10236/4346 5475/10238/4346 5487/10239/4346 5486/10237/4346
f 5502/10240/4347 5503/10241/4348 5504/10242/4348 5505/10243/4347
f 5503/10241/4348 5506/10244/4349 5507/10245/4349 5504/10242/4348
f 5506/10246/4350 5508/10247/4351 5509/10248/4351 5507/10249/4350
f 5478/10250/4352 5479/10251/4353 5491/10252/4353 5490/10253/4352
f 5479/10251/4354 5480/10254/4354 5492/10255/4354 5491/10252/4354
f 5480/10254/4355 5469/10222/4355 5481/10225/4355 5492/10255/4355
f 5481/10256/4356 5482/10257/4356 5493/10258/4356
f 5482/10257/4356 5483/10259/4356 5493/10258/4356
f 5483/10259/4356 5484/10260/4356 5493/10258/4356
f 5484/10260/4356 5485/10261/4356 5493/10258/4356
f 5485/10261/4356 5486/10262/4356 5493/10258/4356
f 5486/10262/4356 5487/10263/4356 5493/10258/4356
f 5487/10263/4356 5488/10264/4356 5493/10258/4356
f 5488/10264/4356 5489/10265/4356 5493/10258/4356
f 5489/10265/4356 5490/10266/4356 5493/10258/4356
f 5490/10266/4356 5491/10267/4356 5493/10258/4356
f 5491/10267/4356 5492/10268/4356 5493/10258/4356
f 5492/10268/4356 5481/10256/4356 5493/10258/4356
f 5475/10269/4357 5476/10270/4357 5495/10271/4357 5494/10272/4358
f 5488/10264/4356 5487/10263/4356 5497/10273/4359 5496/10274/4356
f 5487/10239/4360 5475/10238/4360 5494/10275/4360 5497/10276/4360
f 5476/10270/4357 5477/10277/4357 5498/10278/4357 5495/10271/4357
f 5489/10265/4356 5488/10264/4356 5496/10274/4356 5499/10279/4356
f 5477/10277/4357 5478/10280/4357 5500/10281/4357 5498/10278/4357
f 5478/10250/4352 5490/10253/4352 5501/10282/4361 5500/10283/4361
f 5490/10266/4356 5489/10265/4356 5499/10279/4356 5501/10284/4356
f 5494/10272/4358 5495/10271/4357 5503/10285/4357 5502/10286/4362
f 5496/10274/4356 5497/10273/4359 5505/10287/4363 5504/10288/4356
f 5523/10289/4364 5522/10290/4364 5524/10291/4364 5525/10292/4364
f 5495/10271/4357 5498/10278/4357 5506/10293/4357 5503/10285/4357
f 5499/10279/4356 5496/10274/4356 5504/10288/4356 5507/10294/4356
f 5498/10278/4357 5500/10281/4357 5508/10295/4357 5506/10293/4357
f 5500/10283/4361 5501/10282/4361 5509/10248/4351 5508/10247/4351
f 5501/10284/4356 5499/10279/4356 5507/10294/4356 5509/10296/4356
f 5497/10297/4365 5494/10298/4365 5510/10299/4365 5511/10300/4365
f 5494/10272/4358 5502/10286/4362 5512/10301/4366 5510/10302/4366
f 5502/10240/4347 5505/10243/4347 5513/10303/4347 5512/10304/4347
f 5505/10287/4363 5497/10273/4359 5511/10305/4367 5513/10306/4363
f 5511/10300/4368 5510/10299/4368 5514/10307/4368 5515/10308/4368
f 5510/10302/4366 5512/10301/4366 5516/10309/4357 5514/10310/4357
f 5512/10304/4369 5513/10303/4369 5517/10311/4369 5516/10312/4369
f 5575/10313/4356 5574/10314/4356 5576/10315/4356 5577/10316/4356
f 5515/10308/4365 5514/10307/4365 5518/10317/4365 5519/10318/4365
f 5514/10310/4357 5516/10309/4357 5520/10319/4357 5518/10320/4357
f 5516/10312/4347 5517/10311/4347 5521/10321/4347 5520/10322/4347
f 5577/10316/4356 5576/10315/4356 5578/10323/4356 5579/10324/4356
f 5519/10325/4370 5518/10326/4370 5522/10290/4370 5523/10289/4370
f 5518/10320/4357 5520/10319/4357 5524/10327/4357 5522/10328/4357
f 5520/10329/4371 5521/10330/4371 5525/10292/4371 5524/10291/4371
f 5579/10324/4356 5578/10323/4356 5580/10331/4356 5581/10332/4356
f 5513/10306/4363 5511/10305/4367 5526/10333/4356 5527/10334/4356
f 5511/10305/4367 5515/10335/4356 5528/10336/4356 5526/10333/4356
f 5517/10337/4356 5513/10306/4363 5527/10334/4356 5529/10338/4356
f 5515/10335/4356 5519/10339/4356 5530/10340/4356 5528/10336/4356
f 5521/10341/4356 5517/10337/4356 5529/10338/4356 5531/10342/4356
f 5519/10339/4356 5523/10343/4356 5532/10344/4356 5530/10340/4356
f 5523/10343/4356 5525/10345/4356 5533/10346/4356 5532/10344/4356
f 5525/10345/4356 5521/10341/4356 5531/10342/4356 5533/10346/4356
f 5527/10347/4372 5526/10348/4372 5534/10349/4373 5535/10350/4373
f 5526/10348/4368 5528/10351/4368 5536/10352/4374 5534/10349/4375
f 5529/10353/4369 5527/10347/4369 5535/10350/4376 5537/10354/4377
f 5528/10355/4365 5530/10356/4365 5538/10357/4378 5536/10358/4379
f 5531/10359/4347 5529/10360/4347 5537/10361/4380 5539/10362/4381
f 5530/10363/4370 5532/10364/4370 5540/10365/4382 5538/10366/4383
f 5532/10364/4364 5533/10367/4364 5541/10368/4384 5540/10365/4384
f 5533/10367/4371 5531/10369/4371 5539/10370/4385 5541/10368/4386
f 5535/10350/4373 5534/10349/4373 5542/10371/4387 5543/10372/4387
f 5534/10373/4375 5536/10358/4374 5544/10374/4388 5542/10375/4389
f 5537/10361/4377 5535/10376/4376 5543/10377/4390 5545/10378/4391
f 5536/10358/4379 5538/10357/4378 5546/10379/4392 5544/10374/4393
f 5539/10362/4381 5537/10361/4380 5545/10378/4394 5547/10380/4395
f 5538/10357/4383 5540/10381/4382 5548/10382/4396 5546/10379/4397
f 5540/10365/4384 5541/10368/4384 5549/10383/4398 5548/10384/4398
f 5541/10385/4386 5539/10362/4385 5547/10380/4399 5549/10386/4400
f 5543/10372/4387 5542/10371/4387 5550/10387/4372 5551/10388/4372
f 5542/10371/4389 5544/10389/4388 5552/10390/4368 5550/10387/4368
f 5545/10391/4391 5543/10372/4390 5551/10388/4369 5553/10392/4369
f 5544/10374/4393 5546/10379/4392 5554/10393/4365 5552/10394/4365
f 5547/10380/4395 5545/10378/4394 5553/10395/4347 5555/10396/4347
f 5546/10397/4397 5548/10384/4396 5556/10398/4370 5554/10399/4370
f 5548/10384/4398 5549/10383/4398 5557/10400/4364 5556/10398/4364
f 5549/10383/4400 5547/10401/4399 5555/10402/4371 5557/10400/4371
f 5551/10388/4401 5550/10387/4401 5558/10403/4401 5559/10404/4401
f 5550/10405/4402 5552/10394/4402 5560/10406/4402 5558/10407/4402
f 5553/10395/4403 5551/10408/4403 5559/10409/4403 5561/10410/4403
f 5552/10394/4404 5554/10393/4404 5562/10411/4404 5560/10406/4404
f 5555/10396/4405 5553/10395/4405 5561/10410/4405 5563/10412/4405
f 5554/10393/4406 5556/10413/4406 5564/10414/4406 5562/10411/4406
f 5556/10398/4407 5557/10400/4407 5565/10415/4407 5564/10416/4407
f 5557/10417/4408 5555/10396/4408 5563/10412/4408 5565/10418/4408
f 5559/10404/4372 5558/10403/4372 5566/10419/4409 5567/10420/4409
f 5558/10403/4368 5560/10421/4368 5568/10422/4410 5566/10419/4411
f 5561/10423/4369 5559/10404/4369 5567/10420/4412 5569/10424/4413
f 5560/10406/4365 5562/10411/4365 5570/10425/4414 5568/10426/4415
f 5563/10412/4347 5561/10410/4347 5569/10427/4416 5571/10428/4417
f 5562/10429/4370 5564/10416/4370 5572/10430/4418 5570/10431/4419
f 5564/10416/4364 5565/10415/4364 5573/10432/4420 5572/10430/4420
f 5565/10415/4371 5563/10433/4371 5571/10434/4421 5573/10432/4422
f 5567/10435/4409 5566/10436/4409 5574/10314/4423 5575/10313/4423
f 5566/10436/4411 5568/10437/4410 5576/10315/4424 5574/10314/4424
f 5569/10438/4413 5567/10435/4412 5575/10313/4425 5577/10316/4425
f 5568/10437/4415 5570/10439/4414 5578/10323/4426 5576/10315/4426
f 5571/10440/4417 5569/10438/4416 5577/10316/4427 5579/10324/4427
f 5570/10439/4419 5572/10441/4418 5580/10331/4428 5578/10323/4428
f 5572/10441/4420 5573/10442/4420 5581/10332/4429 5580/10331/4429
f 5573/10442/4422 5571/10440/4421 5579/10324/4430 5581/10332/4430
o pCube19
v 0.015515 0.002172 -0.009361
v 0.013743 0.001149 -0.009361
v 0.015486 0.002373 -0.009190
v 0.013583 0.001274 -0.009190
v 0.015128 0.002994 -0.013391
v 0.013224 0.001895 -0.013391
v 0.015181 0.002749 -0.013271
v 0.013409 0.001726 -0.013271
v 0.015427 0.002084 -0.009172
v 0.013863 0.001181 -0.009172
v 0.013711 0.001308 -0.008987
v 0.015392 0.002279 -0.008987
v 0.015241 0.001957 -0.009074
v 0.014065 0.001278 -0.009074
v 0.013929 0.001413 -0.008881
v 0.015193 0.002143 -0.008881
v 0.009183 0.009047 -0.009361
v 0.010955 0.010070 -0.009361
v 0.009211 0.008845 -0.009190
v 0.011115 0.009945 -0.009190
v 0.009570 0.008225 -0.013391
v 0.011474 0.009324 -0.013391
v 0.009516 0.008469 -0.013271
v 0.011288 0.009492 -0.013271
v 0.009270 0.009135 -0.009172
v 0.010835 0.010038 -0.009172
v 0.010987 0.009910 -0.008987
v 0.009305 0.008940 -0.008987
v 0.009456 0.009261 -0.009074
v 0.010632 0.009940 -0.009074
v 0.010769 0.009805 -0.008881
v 0.009505 0.009076 -0.008881
v 0.008911 0.002443 -0.009361
v 0.007888 0.004215 -0.009361
v 0.009113 0.002472 -0.009190
v 0.008014 0.004376 -0.009190
v 0.009733 0.002830 -0.013391
v 0.008634 0.004734 -0.013391
v 0.009489 0.002777 -0.013271
v 0.008466 0.004549 -0.013271
v 0.008824 0.002531 -0.009172
v 0.007920 0.004096 -0.009172
v 0.008048 0.004247 -0.008987
v 0.009019 0.002566 -0.008987
v 0.008697 0.002717 -0.009074
v 0.008018 0.003893 -0.009074
v 0.008153 0.004029 -0.008881
v 0.008882 0.002766 -0.008881
v 0.015786 0.008775 -0.009361
v 0.016810 0.007003 -0.009361
v 0.015585 0.008747 -0.009190
v 0.016684 0.006843 -0.009190
v 0.014964 0.008389 -0.013391
v 0.016064 0.006485 -0.013391
v 0.015209 0.008442 -0.013271
v 0.016232 0.006670 -0.013271
v 0.015874 0.008688 -0.009172
v 0.016778 0.007123 -0.009172
v 0.016650 0.006972 -0.008987
v 0.015679 0.008653 -0.008987
v 0.016001 0.008502 -0.009074
v 0.016680 0.007326 -0.009074
v 0.016545 0.007190 -0.008881
v 0.015815 0.008453 -0.008881
v 0.016810 0.004215 -0.009361
v 0.015786 0.002443 -0.009361
v 0.016684 0.004376 -0.009190
v 0.015585 0.002472 -0.009190
v 0.016064 0.004734 -0.013391
v 0.014964 0.002830 -0.013391
v 0.016232 0.004549 -0.013271
v 0.015209 0.002777 -0.013271
v 0.016778 0.004096 -0.009172
v 0.015874 0.002531 -0.009172
v 0.015679 0.002566 -0.008987
v 0.016650 0.004247 -0.008987
v 0.016680 0.003893 -0.009074
v 0.016001 0.002717 -0.009074
v 0.015815 0.002766 -0.008881
v 0.016545 0.004029 -0.008881
v 0.007888 0.007003 -0.009361
v 0.008911 0.008775 -0.009361
v 0.008014 0.006843 -0.009190
v 0.009113 0.008747 -0.009190
v 0.008634 0.006485 -0.013391
v 0.009733 0.008389 -0.013391
v 0.008466 0.006670 -0.013271
v 0.009489 0.008442 -0.013271
v 0.007920 0.007123 -0.009172
v 0.008824 0.008688 -0.009172
v 0.009019 0.008653 -0.008987
v 0.008048 0.006972 -0.008987
v 0.008018 0.007326 -0.009074
v 0.008697 0.008502 -0.009074
v 0.008882 0.008453 -0.008881
v 0.008153 0.007190 -0.008881
v 0.010955 0.001149 -0.009361
v 0.009183 0.002172 -0.009361
v 0.011115 0.001274 -0.009190
v 0.009211 0.002373 -0.009190
v 0.011474 0.001895 -0.013391
v 0.009570 0.002994 -0.013391
v 0.011288 0.001726 -0.013271
v 0.009516 0.002749 -0.013271
v 0.010835 0.001181 -0.009172
v 0.009270 0.002084 -0.009172
v 0.009305 0.002279 -0.008987
v 0.010987 0.001308 -0.008987
v 0.010632 0.001278 -0.009074
v 0.009456 0.001957 -0.009074
v 0.009505 0.002143 -0.008881
v 0.010769 0.001413 -0.008881
v 0.013743 0.010070 -0.009361
v 0.015515 0.009047 -0.009361
v 0.013583 0.009945 -0.009190
v 0.015486 0.008845 -0.009190
v 0.013224 0.009324 -0.013391
v 0.015128 0.008225 -0.013391
v 0.013409 0.009492 -0.013271
v 0.015181 0.008469 -0.013271
v 0.013863 0.010038 -0.009172
v 0.015427 0.009135 -0.009172
v 0.015392 0.008940 -0.008987
v 0.013711 0.009910 -0.008987
v 0.014065 0.009940 -0.009074
v 0.015241 0.009261 -0.009074
v 0.015193 0.009076 -0.008881
v 0.013929 0.009805 -0.008881
v 0.007789 0.004586 -0.009361
v 0.007789 0.006632 -0.009361
v 0.007978 0.004510 -0.009190
v 0.007978 0.006709 -0.009190
v 0.008694 0.004510 -0.013391
v 0.008694 0.006709 -0.013391
v 0.008456 0.004586 -0.013271
v 0.008456 0.006632 -0.013271
v 0.007757 0.004706 -0.009172
v 0.007757 0.006513 -0.009172
v 0.007943 0.006580 -0.008987
v 0.007943 0.004639 -0.008987
v 0.007740 0.004930 -0.009074
v 0.007740 0.006288 -0.009074
v 0.007925 0.006339 -0.008881
v 0.007925 0.004880 -0.008881
v 0.016909 0.006632 -0.009361
v 0.016909 0.004586 -0.009361
v 0.016720 0.006709 -0.009190
v 0.016720 0.004510 -0.009190
v 0.016004 0.006709 -0.013391
v 0.016004 0.004510 -0.013391
v 0.016242 0.006632 -0.013271
v 0.016242 0.004586 -0.013271
v 0.016941 0.006513 -0.009172
v 0.016941 0.004706 -0.009172
v 0.016755 0.004639 -0.008987
v 0.016755 0.006580 -0.008987
v 0.016958 0.006288 -0.009074
v 0.016958 0.004930 -0.009074
v 0.016773 0.004880 -0.008881
v 0.016773 0.006339 -0.008881
v 0.013372 0.001049 -0.009361
v 0.011326 0.001049 -0.009361
v 0.013448 0.001238 -0.009190
v 0.011250 0.001238 -0.009190
v 0.013448 0.001955 -0.013391
v 0.011250 0.001955 -0.013391
v 0.013372 0.001716 -0.013271
v 0.011326 0.001716 -0.013271
v 0.013252 0.001017 -0.009172
v 0.011446 0.001017 -0.009172
v 0.011378 0.001203 -0.008987
v 0.013320 0.001203 -0.008987
v 0.013028 0.001000 -0.009074
v 0.011670 0.001000 -0.009074
v 0.011619 0.001185 -0.008881
v 0.013078 0.001185 -0.008881
v 0.011326 0.010169 -0.009361
v 0.013372 0.010169 -0.009361
v 0.011250 0.009981 -0.009190
v 0.013448 0.009981 -0.009190
v 0.011250 0.009264 -0.013391
v 0.013448 0.009264 -0.013391
v 0.011326 0.009502 -0.013271
v 0.013372 0.009502 -0.013271
v 0.011446 0.010202 -0.009172
v 0.013252 0.010202 -0.009172
v 0.013320 0.010015 -0.008987
v 0.011378 0.010015 -0.008987
v 0.011670 0.010218 -0.009074
v 0.013028 0.010218 -0.009074
v 0.013078 0.010033 -0.008881
v 0.011619 0.010033 -0.008881
v -0.015515 0.002172 -0.009361
v -0.013743 0.001149 -0.009361
v -0.015486 0.002373 -0.009190
v -0.013583 0.001274 -0.009190
v -0.015128 0.002994 -0.013391
v -0.013224 0.001895 -0.013391
v -0.015181 0.002749 -0.013271
v -0.013409 0.001726 -0.013271
v -0.015427 0.002084 -0.009172
v -0.013863 0.001181 -0.009172
v -0.013711 0.001308 -0.008987
v -0.015392 0.002279 -0.008987
v -0.015241 0.001957 -0.009074
v -0.014065 0.001278 -0.009074
v -0.013929 0.001413 -0.008881
v -0.015193 0.002143 -0.008881
v -0.009183 0.009047 -0.009361
v -0.010955 0.010070 -0.009361
v -0.009211 0.008845 -0.009190
v -0.011115 0.009945 -0.009190
v -0.009570 0.008225 -0.013391
v -0.011474 0.009324 -0.013391
v -0.009516 0.008469 -0.013271
v -0.011288 0.009492 -0.013271
v -0.009270 0.009135 -0.009172
v -0.010835 0.010038 -0.009172
v -0.010987 0.009910 -0.008987
v -0.009305 0.008940 -0.008987
v -0.009456 0.009261 -0.009074
v -0.010632 0.009940 -0.009074
v -0.010769 0.009805 -0.008881
v -0.009505 0.009076 -0.008881
v -0.008911 0.002443 -0.009361
v -0.007888 0.004215 -0.009361
v -0.009113 0.002472 -0.009190
v -0.008014 0.004376 -0.009190
v -0.009733 0.002830 -0.013391
v -0.008634 0.004734 -0.013391
v -0.009489 0.002777 -0.013271
v -0.008466 0.004549 -0.013271
v -0.008824 0.002531 -0.009172
v -0.007920 0.004096 -0.009172
v -0.008048 0.004247 -0.008987
v -0.009019 0.002566 -0.008987
v -0.008697 0.002717 -0.009074
v -0.008018 0.003893 -0.009074
v -0.008153 0.004029 -0.008881
v -0.008882 0.002766 -0.008881
v -0.015786 0.008775 -0.009361
v -0.016810 0.007003 -0.009361
v -0.015585 0.008747 -0.009190
v -0.016684 0.006843 -0.009190
v -0.014964 0.008389 -0.013391
v -0.016064 0.006485 -0.013391
v -0.015209 0.008442 -0.013271
v -0.016232 0.006670 -0.013271
v -0.015874 0.008688 -0.009172
v -0.016778 0.007123 -0.009172
v -0.016650 0.006972 -0.008987
v -0.015679 0.008653 -0.008987
v -0.016001 0.008502 -0.009074
v -0.016680 0.007326 -0.009074
v -0.016545 0.007190 -0.008881
v -0.015815 0.008453 -0.008881
v -0.016810 0.004215 -0.009361
v -0.015786 0.002443 -0.009361
v -0.016684 0.004376 -0.009190
v -0.015585 0.002472 -0.009190
v -0.016064 0.004734 -0.013391
v -0.014964 0.002830 -0.013391
v -0.016232 0.004549 -0.013271
v -0.015209 0.002777 -0.013271
v -0.016778 0.004096 -0.009172
v -0.015874 0.002531 -0.009172
v -0.015679 0.002566 -0.008987
v -0.016650 0.004247 -0.008987
v -0.016680 0.003893 -0.009074
v -0.016001 0.002717 -0.009074
v -0.015815 0.002766 -0.008881
v -0.016545 0.004029 -0.008881
v -0.007888 0.007003 -0.009361
v -0.008911 0.008775 -0.009361
v -0.008014 0.006843 -0.009190
v -0.009113 0.008747 -0.009190
v -0.008634 0.006485 -0.013391
v -0.009733 0.008389 -0.013391
v -0.008466 0.006670 -0.013271
v -0.009489 0.008442 -0.013271
v -0.007920 0.007123 -0.009172
v -0.008824 0.008688 -0.009172
v -0.009019 0.008653 -0.008987
v -0.008048 0.006972 -0.008987
v -0.008018 0.007326 -0.009074
v -0.008697 0.008502 -0.009074
v -0.008882 0.008453 -0.008881
v -0.008153 0.007190 -0.008881
v -0.010955 0.001149 -0.009361
v -0.009183 0.002172 -0.009361
v -0.011115 0.001274 -0.009190
v -0.009211 0.002373 -0.009190
v -0.011474 0.001895 -0.013391
v -0.009570 0.002994 -0.013391
v -0.011288 0.001726 -0.013271
v -0.009516 0.002749 -0.013271
v -0.010835 0.001181 -0.009172
v -0.009270 0.002084 -0.009172
v -0.009305 0.002279 -0.008987
v -0.010987 0.001308 -0.008987
v -0.010632 0.001278 -0.009074
v -0.009456 0.001957 -0.009074
v -0.009505 0.002143 -0.008881
v -0.010769 0.001413 -0.008881
v -0.013743 0.010070 -0.009361
v -0.015515 0.009047 -0.009361
v -0.013583 0.009945 -0.009190
v -0.015486 0.008845 -0.009190
v -0.013224 0.009324 -0.013391
v -0.015128 0.008225 -0.013391
v -0.013409 0.009492 -0.013271
v -0.015181 0.008469 -0.013271
v -0.013863 0.010038 -0.009172
v -0.015427 0.009135 -0.009172
v -0.015392 0.008940 -0.008987
v -0.013711 0.009910 -0.008987
v -0.014065 0.009940 -0.009074
v -0.015241 0.009261 -0.009074
v -0.015193 0.009076 -0.008881
v -0.013929 0.009805 -0.008881
v -0.007789 0.004586 -0.009361
v -0.007789 0.006632 -0.009361
v -0.007978 0.004510 -0.009190
v -0.007978 0.006709 -0.009190
v -0.008694 0.004510 -0.013391
v -0.008694 0.006709 -0.013391
v -0.008456 0.004586 -0.013271
v -0.008456 0.006632 -0.013271
v -0.007757 0.004706 -0.009172
v -0.007757 0.006513 -0.009172
v -0.007943 0.006580 -0.008987
v -0.007943 0.004639 -0.008987
v -0.007740 0.004930 -0.009074
v -0.007740 0.006288 -0.009074
v -0.007925 0.006339 -0.008881
v -0.007925 0.004880 -0.008881
v -0.016909 0.006632 -0.009361
v -0.016909 0.004586 -0.009361
v -0.016720 0.006709 -0.009190
v -0.016720 0.004510 -0.009190
v -0.016004 0.006709 -0.013391
v -0.016004 0.004510 -0.013391
v -0.016242 0.006632 -0.013271
v -0.016242 0.004586 -0.013271
v -0.016941 0.006513 -0.009172
v -0.016941 0.004706 -0.009172
v -0.016755 0.004639 -0.008987
v -0.016755 0.006580 -0.008987
v -0.016958 0.006288 -0.009074
v -0.016958 0.004930 -0.009074
v -0.016773 0.004880 -0.008881
v -0.016773 0.006339 -0.008881
v -0.013372 0.001049 -0.009361
v -0.011326 0.001049 -0.009361
v -0.013448 0.001238 -0.009190
v -0.011250 0.001238 -0.009190
v -0.013448 0.001955 -0.013391
v -0.011250 0.001955 -0.013391
v -0.013372 0.001716 -0.013271
v -0.011326 0.001716 -0.013271
v -0.013252 0.001017 -0.009172
v -0.011446 0.001017 -0.009172
v -0.011378 0.001203 -0.008987
v -0.013320 0.001203 -0.008987
v -0.013028 0.001000 -0.009074
v -0.011670 0.001000 -0.009074
v -0.011619 0.001185 -0.008881
v -0.013078 0.001185 -0.008881
v -0.011326 0.010169 -0.009361
v -0.013372 0.010169 -0.009361
v -0.011250 0.009981 -0.009190
v -0.013448 0.009981 -0.009190
v -0.011250 0.009264 -0.013391
v -0.013448 0.009264 -0.013391
v -0.011326 0.009502 -0.013271
v -0.013372 0.009502 -0.013271
v -0.011446 0.010202 -0.009172
v -0.013252 0.010202 -0.009172
v -0.013320 0.010015 -0.008987
v -0.011378 0.010015 -0.008987
v -0.011670 0.010218 -0.009074
v -0.013028 0.010218 -0.009074
v -0.013078 0.010033 -0.008881
v -0.011619 0.010033 -0.008881
vn 0.4040 -0.6050 0.6861
vn 0.4101 -0.6022 0.6850
vn 0.3165 -0.6562 0.6850
vn 0.3220 -0.6524 0.6861
vn 0.2250 -0.3896 -0.8931
vn 0.4929 -0.8537 -0.1682
vn -0.6515 -0.7565 -0.0562
vn 0.9810 0.1859 -0.0562
vn -0.3168 -0.8817 0.3495
vn -0.4929 0.8537 0.1682
vn 0.9220 -0.1665 0.3495
vn 0.0829 -0.7871 0.6113
vn 0.6402 -0.4654 0.6113
vn -0.4040 0.6050 0.6861
vn -0.4101 0.6022 0.6850
vn -0.3165 0.6562 0.6850
vn -0.3220 0.6524 0.6861
vn -0.2250 0.3896 -0.8931
vn -0.4929 0.8537 -0.1682
vn 0.6515 0.7566 -0.0562
vn -0.9810 -0.1859 -0.0562
vn 0.3169 0.8817 0.3495
vn 0.4929 -0.8537 0.1682
vn -0.9220 0.1665 0.3495
vn -0.0829 0.7871 0.6113
vn -0.6402 0.4654 0.6113
vn -0.6050 -0.4040 0.6861
vn -0.6022 -0.4101 0.6850
vn -0.6562 -0.3166 0.6850
vn -0.6524 -0.3220 0.6861
vn -0.3896 -0.2250 -0.8931
vn -0.8537 -0.4929 -0.1682
vn -0.7566 0.6515 -0.0562
vn 0.1860 -0.9809 -0.0562
vn -0.8817 0.3168 0.3495
vn 0.8537 0.4929 0.1682
vn -0.1665 -0.9220 0.3495
vn -0.7871 -0.0829 0.6113
vn -0.4654 -0.6402 0.6113
vn 0.6050 0.4040 0.6861
vn 0.6023 0.4100 0.6850
vn 0.6562 0.3165 0.6850
vn 0.6524 0.3220 0.6861
vn 0.3896 0.2250 -0.8931
vn 0.8537 0.4929 -0.1682
vn 0.7566 -0.6515 -0.0562
vn -0.1860 0.9809 -0.0562
vn 0.8817 -0.3168 0.3495
vn -0.8537 -0.4929 0.1682
vn 0.1665 0.9220 0.3495
vn 0.7871 0.0829 0.6113
vn 0.4654 0.6402 0.6113
vn 0.6524 -0.3220 0.6861
vn 0.6562 -0.3165 0.6850
vn 0.6022 -0.4101 0.6850
vn 0.6050 -0.4040 0.6861
vn 0.3896 -0.2250 -0.8931
vn 0.8537 -0.4929 -0.1682
vn -0.1860 -0.9809 -0.0562
vn 0.7565 0.6515 -0.0562
vn 0.1665 -0.9220 0.3495
vn -0.8537 0.4929 0.1682
vn 0.8817 0.3169 0.3495
vn 0.4654 -0.6402 0.6113
vn 0.7871 -0.0829 0.6113
vn -0.6524 0.3220 0.6861
vn -0.6562 0.3165 0.6850
vn -0.6022 0.4101 0.6850
vn -0.6050 0.4040 0.6861
vn -0.3896 0.2250 -0.8931
vn -0.8537 0.4929 -0.1682
vn 0.1860 0.9809 -0.0562
vn -0.7566 -0.6515 -0.0562
vn -0.1665 0.9220 0.3495
vn 0.8537 -0.4929 0.1682
vn -0.8817 -0.3168 0.3495
vn -0.4654 0.6402 0.6113
vn -0.7871 0.0829 0.6113
vn -0.3220 -0.6524 0.6861
vn -0.3165 -0.6562 0.6850
vn -0.4101 -0.6022 0.6850
vn -0.4040 -0.6050 0.6861
vn -0.2250 -0.3896 -0.8931
vn -0.4929 -0.8537 -0.1682
vn -0.9809 0.1860 -0.0562
vn 0.6515 -0.7566 -0.0562
vn -0.9220 -0.1665 0.3495
vn 0.4929 0.8537 0.1682
vn 0.3169 -0.8817 0.3495
vn -0.6402 -0.4654 0.6113
vn -0.0829 -0.7871 0.6113
vn 0.3220 0.6524 0.6861
vn 0.3165 0.6562 0.6850
vn 0.4101 0.6022 0.6850
vn 0.4040 0.6050 0.6861
vn 0.2250 0.3896 -0.8931
vn 0.4929 0.8537 -0.1682
vn 0.9810 -0.1859 -0.0562
vn -0.6515 0.7566 -0.0562
vn 0.9220 0.1665 0.3495
vn -0.4929 -0.8537 0.1682
vn -0.3169 0.8817 0.3495
vn 0.6402 0.4654 0.6113
vn 0.0829 0.7871 0.6113
vn -0.7260 -0.0474 0.6861
vn -0.7266 -0.0540 0.6850
vn -0.7266 0.0540 0.6850
vn -0.7260 0.0474 0.6861
vn -0.4499 -0.0000 -0.8931
vn -0.9858 -0.0000 -0.1682
vn -0.3294 0.9425 -0.0562
vn -0.3294 -0.9425 -0.0562
vn -0.6052 0.7153 0.3495
vn 0.9858 -0.0000 0.1682
vn -0.6052 -0.7153 0.3495
vn -0.7231 0.3217 0.6113
vn -0.7231 -0.3217 0.6113
vn 0.7260 0.0474 0.6861
vn 0.7266 0.0540 0.6850
vn 0.7266 -0.0540 0.6850
vn 0.7260 -0.0474 0.6861
vn 0.4499 -0.0000 -0.8931
vn 0.9858 -0.0000 -0.1682
vn 0.3294 -0.9425 -0.0562
vn 0.3294 0.9425 -0.0562
vn 0.6052 -0.7153 0.3495
vn -0.9858 -0.0000 0.1682
vn 0.6052 0.7153 0.3495
vn 0.7231 -0.3217 0.6113
vn 0.7231 0.3217 0.6113
vn 0.0474 -0.7260 0.6861
vn 0.0540 -0.7266 0.6850
vn -0.0540 -0.7266 0.6850
vn -0.0474 -0.7260 0.6861
vn -0.0000 -0.4499 -0.8931
vn -0.0000 -0.9858 -0.1682
vn -0.9425 -0.3294 -0.0562
vn 0.9425 -0.3294 -0.0562
vn -0.7153 -0.6052 0.3495
vn -0.0000 0.9858 0.1682
vn 0.7153 -0.6052 0.3495
vn -0.3217 -0.7231 0.6113
vn 0.3217 -0.7231 0.6113
vn -0.0474 0.7260 0.6861
vn -0.0540 0.7266 0.6850
vn 0.0540 0.7266 0.6850
vn 0.0474 0.7260 0.6861
vn -0.0000 0.4499 -0.8931
vn -0.0000 0.9858 -0.1682
vn 0.9425 0.3294 -0.0562
vn -0.9425 0.3294 -0.0562
vn 0.7153 0.6052 0.3495
vn -0.0000 -0.9858 0.1682
vn -0.7153 0.6052 0.3495
vn 0.3217 0.7231 0.6113
vn -0.3217 0.7231 0.6113
vn -0.4100 -0.6022 0.6850
vn 0.6515 -0.7565 -0.0562
vn -0.9810 0.1859 -0.0562
vn 0.3168 -0.8817 0.3495
vn 0.9810 -0.1860 -0.0562
vn 0.6562 -0.3166 0.6850
vn 0.7566 0.6515 -0.0562
vn 0.8817 0.3168 0.3495
vn -0.6562 0.3166 0.6850
vn -0.6562 -0.3165 0.6850
vn -0.8817 0.3169 0.3495
vn 0.9809 0.1860 -0.0562
vn -0.6515 -0.7566 -0.0562
vn -0.3169 -0.8817 0.3495
vn 0.6515 0.7565 -0.0562
vt 0.338064 0.402623
vt 0.337377 0.404607
vt 0.324062 0.403470
vt 0.325671 0.401565
vt 0.857385 0.146998
vt 0.859825 0.147777
vt 0.859828 0.168714
vt 0.857388 0.169494
vt 0.341207 0.358339
vt 0.341205 0.399840
vt 0.322530 0.398247
vt 0.322532 0.356745
vt 0.320687 0.399904
vt 0.320689 0.355312
vt 0.208901 0.234612
vt 0.210517 0.236769
vt 0.168546 0.238436
vt 0.169838 0.236163
vt 0.340113 0.401754
vt 0.323623 0.400347
vt 0.321860 0.402161
vt 0.304473 0.053611
vt 0.302346 0.052264
vt 0.302346 0.034669
vt 0.304473 0.033685
vt 0.166398 0.237892
vt 0.167840 0.235657
vt 0.301241 0.049984
vt 0.301241 0.036761
vt 0.165122 0.236761
vt 0.166652 0.234605
vt 0.121595 0.907452
vt 0.122282 0.905468
vt 0.135597 0.906605
vt 0.133988 0.908509
vt 0.906497 0.167122
vt 0.904058 0.166343
vt 0.904055 0.145406
vt 0.906494 0.144626
vt 0.118452 0.951737
vt 0.118454 0.910235
vt 0.137129 0.911828
vt 0.137127 0.953330
vt 0.138972 0.910171
vt 0.138970 0.954763
vt 0.691769 0.236472
vt 0.690153 0.234315
vt 0.732124 0.232647
vt 0.730832 0.234920
vt 0.119546 0.908321
vt 0.136037 0.909728
vt 0.137799 0.907914
vt 0.834051 0.005653
vt 0.836177 0.007000
vt 0.836177 0.024595
vt 0.834051 0.025579
vt 0.734272 0.233192
vt 0.732831 0.235427
vt 0.837282 0.009281
vt 0.837282 0.022503
vt 0.735548 0.234322
vt 0.734019 0.236479
vt 0.662183 0.324942
vt 0.662870 0.322959
vt 0.676185 0.324095
vt 0.674576 0.326000
vt 0.855939 0.276569
vt 0.853499 0.275790
vt 0.853496 0.254853
vt 0.855936 0.254073
vt 0.659040 0.369227
vt 0.659042 0.327725
vt 0.677717 0.329319
vt 0.677715 0.370821
vt 0.679560 0.327661
vt 0.679558 0.372253
vt 0.201123 0.239967
vt 0.202739 0.242124
vt 0.160768 0.243791
vt 0.162060 0.241518
vt 0.660134 0.325811
vt 0.676624 0.327218
vt 0.678387 0.325404
vt 0.833393 0.068363
vt 0.831267 0.067016
vt 0.831267 0.049421
vt 0.833393 0.048437
vt 0.158620 0.243246
vt 0.160061 0.241012
vt 0.830162 0.064735
vt 0.830162 0.051513
vt 0.157343 0.242116
vt 0.158873 0.239959
vt 0.575300 0.630315
vt 0.574613 0.632298
vt 0.561298 0.631162
vt 0.562908 0.629257
vt 0.849607 0.254076
vt 0.852047 0.254855
vt 0.852050 0.275792
vt 0.849610 0.276572
vt 0.578443 0.586030
vt 0.578441 0.627532
vt 0.559767 0.625939
vt 0.559769 0.584437
vt 0.557923 0.627596
vt 0.557925 0.583004
vt 0.108401 0.214724
vt 0.106785 0.212567
vt 0.148756 0.210900
vt 0.147463 0.213172
vt 0.577349 0.629446
vt 0.560859 0.628039
vt 0.559097 0.629853
vt 0.787381 0.020992
vt 0.789507 0.022339
vt 0.789507 0.039934
vt 0.787381 0.040919
vt 0.150904 0.211444
vt 0.149462 0.213679
vt 0.790613 0.024620
vt 0.790613 0.037843
vt 0.152180 0.212575
vt 0.150650 0.214731
vt 0.308998 0.319500
vt 0.310608 0.321405
vt 0.297293 0.322541
vt 0.296606 0.320557
vt 0.409297 0.187636
vt 0.408518 0.190075
vt 0.387581 0.190072
vt 0.386802 0.187633
vt 0.312137 0.274679
vt 0.312139 0.316181
vt 0.293465 0.317775
vt 0.293463 0.276273
vt 0.906328 0.332800
vt 0.904055 0.334093
vt 0.905722 0.292122
vt 0.907879 0.293738
vt 0.313981 0.273247
vt 0.313983 0.317839
vt 0.311047 0.318281
vt 0.294557 0.319689
vt 0.906834 0.334799
vt 0.904599 0.336241
vt 0.546256 0.028851
vt 0.548382 0.029835
vt 0.548382 0.047431
vt 0.546256 0.048777
vt 0.312809 0.320095
vt 0.907886 0.335987
vt 0.905730 0.337517
vt 0.549487 0.031927
vt 0.549487 0.045150
vt 0.559019 0.538369
vt 0.557409 0.536465
vt 0.570724 0.535328
vt 0.571411 0.537312
vt 0.386802 0.192513
vt 0.387581 0.190073
vt 0.408518 0.190076
vt 0.409297 0.192515
vt 0.555879 0.583190
vt 0.555878 0.541688
vt 0.574552 0.540095
vt 0.574554 0.581596
vt 0.734492 0.188437
vt 0.736765 0.187145
vt 0.735098 0.229116
vt 0.732941 0.227500
vt 0.554036 0.584623
vt 0.554034 0.540031
vt 0.556970 0.539588
vt 0.573460 0.538181
vt 0.733986 0.186439
vt 0.736221 0.184997
vt 0.460038 0.058350
vt 0.457911 0.057366
vt 0.457911 0.039771
vt 0.460038 0.038424
vt 0.555207 0.537774
vt 0.732934 0.185250
vt 0.735090 0.183721
vt 0.456806 0.055274
vt 0.456806 0.042052
vt 0.659019 0.944777
vt 0.660629 0.946682
vt 0.647314 0.947818
vt 0.646627 0.945835
vt 0.767096 0.015852
vt 0.766317 0.018291
vt 0.745380 0.018289
vt 0.744601 0.015849
vt 0.662158 0.899956
vt 0.662160 0.941458
vt 0.643486 0.943052
vt 0.643484 0.901550
vt 0.777273 0.361906
vt 0.779545 0.360613
vt 0.777878 0.402584
vt 0.775721 0.400968
vt 0.664002 0.898524
vt 0.664004 0.943116
vt 0.661068 0.943559
vt 0.644578 0.944966
vt 0.776766 0.359907
vt 0.779001 0.358466
vt 0.817837 0.177351
vt 0.815711 0.176367
vt 0.815711 0.158772
vt 0.817837 0.157425
vt 0.662830 0.945373
vt 0.775714 0.358719
vt 0.777871 0.357189
vt 0.814605 0.174276
vt 0.814605 0.161053
vt 0.146772 0.906544
vt 0.145162 0.904639
vt 0.158477 0.903503
vt 0.159164 0.905486
vt 0.872942 0.140789
vt 0.873722 0.138349
vt 0.894658 0.138352
vt 0.895438 0.140792
vt 0.143632 0.951364
vt 0.143631 0.909863
vt 0.162305 0.908269
vt 0.162307 0.949771
vt 0.902438 0.334782
vt 0.900166 0.336074
vt 0.901833 0.294103
vt 0.903990 0.295719
vt 0.141789 0.952797
vt 0.141787 0.908205
vt 0.144723 0.907762
vt 0.161213 0.906355
vt 0.902945 0.336781
vt 0.900710 0.338222
vt 0.270128 0.063143
vt 0.272254 0.064127
vt 0.272254 0.081722
vt 0.270128 0.083069
vt 0.142960 0.905948
vt 0.903997 0.337969
vt 0.901841 0.339499
vt 0.273360 0.066219
vt 0.273360 0.079442
vt 0.954859 0.335097
vt 0.954362 0.333205
vt 0.968714 0.333205
vt 0.968217 0.335097
vt 0.319237 0.297050
vt 0.316797 0.296270
vt 0.316797 0.275334
vt 0.319237 0.274554
vt 0.951474 0.376385
vt 0.951474 0.337924
vt 0.971603 0.337924
vt 0.971603 0.376385
vt 0.935174 0.344471
vt 0.937314 0.343109
vt 0.937307 0.385554
vt 0.935168 0.383975
vt 0.205987 0.249324
vt 0.207566 0.251463
vt 0.165122 0.251470
vt 0.166484 0.249330
vt 0.952651 0.336064
vt 0.970425 0.336064
vt 0.971087 0.334244
vt 0.972352 0.336242
vt 0.833169 0.027065
vt 0.831190 0.025813
vt 0.831190 0.006906
vt 0.833169 0.005653
vt 0.950724 0.336242
vt 0.951989 0.334244
vt 0.830162 0.023463
vt 0.830162 0.009255
vt 0.968217 0.331312
vt 0.968714 0.333205
vt 0.954362 0.333205
vt 0.954859 0.331312
vt 0.810716 0.208404
vt 0.813156 0.209184
vt 0.813156 0.230120
vt 0.810716 0.230900
vt 0.971603 0.290024
vt 0.971603 0.328485
vt 0.951474 0.328485
vt 0.951474 0.290024
vt 0.921751 0.558706
vt 0.919611 0.560068
vt 0.919618 0.517624
vt 0.921757 0.519203
vt 0.151144 0.362488
vt 0.149565 0.360349
vt 0.192010 0.360342
vt 0.190648 0.362482
vt 0.970425 0.330345
vt 0.952651 0.330345
vt 0.951989 0.332165
vt 0.950724 0.330167
vt 0.534588 0.060514
vt 0.536567 0.061766
vt 0.536567 0.080673
vt 0.534588 0.081926
vt 0.972352 0.330167
vt 0.971087 0.332165
vt 0.537596 0.064115
vt 0.537596 0.078324
vt 0.959648 0.589978
vt 0.960145 0.591866
vt 0.945828 0.591866
vt 0.946324 0.589978
vt 0.970170 0.259819
vt 0.972610 0.260598
vt 0.972610 0.281535
vt 0.970170 0.282315
vt 0.963026 0.548791
vt 0.963026 0.587158
vt 0.942946 0.587158
vt 0.942946 0.548791
vt 0.935174 0.161536
vt 0.937329 0.160164
vt 0.937323 0.202919
vt 0.935168 0.201329
vt 0.115015 0.356302
vt 0.116606 0.358457
vt 0.073851 0.358463
vt 0.075223 0.356308
vt 0.961852 0.589014
vt 0.944121 0.589014
vt 0.935174 0.159612
vt 0.937330 0.158096
vt 0.903173 0.127972
vt 0.901194 0.126719
vt 0.901194 0.107812
vt 0.903173 0.106560
vt 0.071783 0.358463
vt 0.073298 0.356308
vt 0.943460 0.590830
vt 0.900166 0.124370
vt 0.900166 0.110161
vt 0.962512 0.590830
vt 0.957991 0.507603
vt 0.957495 0.505716
vt 0.971812 0.505716
vt 0.971316 0.507603
vt 0.875381 0.276570
vt 0.872942 0.275790
vt 0.872942 0.254853
vt 0.875381 0.254073
vt 0.954613 0.548791
vt 0.954613 0.510424
vt 0.974693 0.510424
vt 0.974693 0.548791
vt 0.925656 0.211543
vt 0.923501 0.212916
vt 0.923507 0.170160
vt 0.925662 0.171751
vt 0.108375 0.216887
vt 0.106785 0.214732
vt 0.149540 0.214726
vt 0.148167 0.216881
vt 0.955788 0.508568
vt 0.973519 0.508568
vt 0.925656 0.213468
vt 0.923500 0.214983
vt 0.480141 0.050617
vt 0.482119 0.051869
vt 0.482119 0.070776
vt 0.480141 0.072029
vt 0.151608 0.214725
vt 0.150092 0.216881
vt 0.974179 0.506752
vt 0.483148 0.054218
vt 0.483148 0.068427
vt 0.955128 0.506752
vt 0.331608 0.948062
vt 0.344000 0.947004
vt 0.345610 0.948909
vt 0.332295 0.950045
vt 0.386802 0.156736
vt 0.409297 0.156739
vt 0.408518 0.159179
vt 0.387581 0.159176
vt 0.328465 0.903777
vt 0.347140 0.902183
vt 0.347141 0.943685
vt 0.328467 0.945279
vt 0.348983 0.900751
vt 0.348985 0.945343
vt 0.752386 0.461786
vt 0.753938 0.422723
vt 0.756211 0.421431
vt 0.754544 0.463402
vt 0.346049 0.945785
vt 0.329559 0.947193
vt 0.347811 0.947600
vt 0.810059 0.148415
vt 0.810059 0.168341
vt 0.807932 0.167357
vt 0.807932 0.149762
vt 0.753431 0.420724
vt 0.755666 0.419283
vt 0.806827 0.165265
vt 0.806827 0.152043
vt 0.752379 0.419536
vt 0.754536 0.418006
vt 0.318618 0.502457
vt 0.306226 0.503515
vt 0.304616 0.501610
vt 0.317931 0.500474
vt 0.743762 0.174794
vt 0.721266 0.174791
vt 0.722046 0.172352
vt 0.742983 0.172354
vt 0.321761 0.546742
vt 0.303086 0.548336
vt 0.303085 0.506834
vt 0.321759 0.505240
vt 0.301243 0.549768
vt 0.301241 0.505176
vt 0.740647 0.184678
vt 0.739095 0.223741
vt 0.736823 0.225033
vt 0.738490 0.183062
vt 0.304177 0.504733
vt 0.320667 0.503326
vt 0.302415 0.502919
vt 0.452917 0.112339
vt 0.452917 0.092413
vt 0.455043 0.093397
vt 0.455043 0.110992
vt 0.739602 0.225740
vt 0.737367 0.227181
vt 0.456148 0.095489
vt 0.456148 0.108712
vt 0.740654 0.226928
vt 0.738497 0.228457
vt 0.331608 0.344362
vt 0.344000 0.343305
vt 0.345610 0.345209
vt 0.332295 0.346346
vt 0.386802 0.192513
vt 0.409297 0.192516
vt 0.408518 0.194955
vt 0.387581 0.194953
vt 0.328465 0.300077
vt 0.347139 0.298484
vt 0.347141 0.339986
vt 0.328467 0.341579
vt 0.348983 0.297051
vt 0.348985 0.341643
vt 0.880655 0.305298
vt 0.879104 0.344361
vt 0.876831 0.345653
vt 0.878498 0.303682
vt 0.346049 0.342086
vt 0.329559 0.343493
vt 0.347811 0.343900
vt 0.487919 0.133148
vt 0.487919 0.113222
vt 0.490045 0.114206
vt 0.490045 0.131801
vt 0.879610 0.346360
vt 0.877375 0.347801
vt 0.491151 0.116298
vt 0.491151 0.129521
vt 0.880662 0.347548
vt 0.878506 0.349077
vt 0.660861 0.853919
vt 0.648468 0.854977
vt 0.646859 0.853072
vt 0.660174 0.851936
vt 0.409297 0.197396
vt 0.386802 0.197393
vt 0.387581 0.194953
vt 0.408518 0.194956
vt 0.664004 0.898203
vt 0.645329 0.899797
vt 0.645327 0.858296
vt 0.664002 0.856702
vt 0.643486 0.901230
vt 0.643484 0.856638
vt 0.729052 0.227500
vt 0.730603 0.188437
vt 0.732876 0.187145
vt 0.731209 0.229116
vt 0.646420 0.856195
vt 0.662910 0.854788
vt 0.644657 0.854381
vt 0.288916 0.173056
vt 0.288916 0.192981
vt 0.286790 0.191997
vt 0.286790 0.174402
vt 0.730096 0.186439
vt 0.732332 0.184997
vt 0.285684 0.189906
vt 0.285684 0.176683
vt 0.729044 0.185251
vt 0.731201 0.183721
vt 0.425672 0.687365
vt 0.413279 0.686308
vt 0.413967 0.684324
vt 0.427282 0.685460
vt 0.875381 0.192632
vt 0.875384 0.215128
vt 0.872944 0.214349
vt 0.872942 0.193412
vt 0.428811 0.732186
vt 0.410136 0.730592
vt 0.410138 0.689090
vt 0.428813 0.690684
vt 0.722094 0.010306
vt 0.761156 0.008754
vt 0.762772 0.010911
vt 0.720801 0.012578
vt 0.430657 0.689026
vt 0.430655 0.733618
vt 0.411231 0.687176
vt 0.427721 0.688584
vt 0.718654 0.012034
vt 0.720095 0.009799
vt 0.483372 0.005653
vt 0.483372 0.025579
vt 0.481246 0.024232
vt 0.481246 0.006637
vt 0.429483 0.686770
vt 0.717377 0.010904
vt 0.718907 0.008747
vt 0.480141 0.021952
vt 0.480141 0.008729
vt 0.516238 0.932486
vt 0.528631 0.933544
vt 0.527944 0.935527
vt 0.514629 0.934391
vt 0.888501 0.192665
vt 0.888498 0.170169
vt 0.890938 0.170949
vt 0.890941 0.191885
vt 0.513099 0.887666
vt 0.531774 0.889259
vt 0.531772 0.930761
vt 0.513097 0.929168
vt 0.147463 0.255321
vt 0.108401 0.256873
vt 0.106785 0.254716
vt 0.148756 0.253049
vt 0.511254 0.930825
vt 0.511256 0.886233
vt 0.530680 0.932675
vt 0.514189 0.931268
vt 0.150904 0.253593
vt 0.149462 0.255828
vt 0.526810 0.079691
vt 0.526810 0.059765
vt 0.528936 0.061112
vt 0.528936 0.078707
vt 0.512427 0.933082
vt 0.152180 0.254723
vt 0.150650 0.256880
vt 0.530042 0.063393
vt 0.530042 0.076615
vt 0.539573 0.947071
vt 0.551965 0.948128
vt 0.551278 0.950112
vt 0.537963 0.948976
vt 0.853499 0.171543
vt 0.853496 0.149047
vt 0.855936 0.149826
vt 0.855939 0.170763
vt 0.536434 0.902250
vt 0.555108 0.903844
vt 0.555107 0.945346
vt 0.536432 0.943752
vt 0.165949 0.238989
vt 0.205012 0.237437
vt 0.206628 0.239595
vt 0.164657 0.241262
vt 0.534588 0.945410
vt 0.534590 0.900818
vt 0.554014 0.947260
vt 0.537524 0.945852
vt 0.162509 0.240717
vt 0.163950 0.238482
vt 0.810059 0.128523
vt 0.810059 0.148449
vt 0.807932 0.147102
vt 0.807932 0.129507
vt 0.535762 0.947666
vt 0.161233 0.239587
vt 0.162762 0.237430
vt 0.806827 0.144821
vt 0.806827 0.131599
vt 0.697910 0.906897
vt 0.685518 0.905839
vt 0.686205 0.903856
vt 0.699520 0.904992
vt 0.887049 0.170167
vt 0.887052 0.192662
vt 0.884612 0.191883
vt 0.884609 0.170946
vt 0.701050 0.951718
vt 0.682375 0.950124
vt 0.682377 0.908622
vt 0.701051 0.910216
vt 0.734721 0.232272
vt 0.695658 0.233824
vt 0.694042 0.231666
vt 0.736013 0.229999
vt 0.702895 0.908558
vt 0.702893 0.953150
vt 0.683469 0.906708
vt 0.699959 0.908115
vt 0.738161 0.230544
vt 0.736720 0.232779
vt 0.480141 0.091936
vt 0.480141 0.072009
vt 0.482267 0.073356
vt 0.482267 0.090951
vt 0.701722 0.906301
vt 0.739438 0.231674
vt 0.737908 0.233831
vt 0.483372 0.075637
vt 0.483372 0.088860
vt 0.845964 0.566063
vt 0.859321 0.566063
vt 0.859819 0.567955
vt 0.845467 0.567955
vt 0.810716 0.180320
vt 0.810716 0.157824
vt 0.813156 0.158604
vt 0.813156 0.179541
vt 0.842578 0.524775
vt 0.862707 0.524775
vt 0.862707 0.563235
vt 0.842578 0.563235
vt 0.198426 0.360341
vt 0.158923 0.360347
vt 0.157343 0.358207
vt 0.199788 0.358201
vt 0.929536 0.484230
vt 0.929530 0.523733
vt 0.927390 0.525095
vt 0.927396 0.482651
vt 0.861530 0.565096
vt 0.843756 0.565096
vt 0.863457 0.564917
vt 0.862192 0.566916
vt 0.530699 0.081563
vt 0.530699 0.060151
vt 0.532678 0.061404
vt 0.532678 0.080311
vt 0.841829 0.564917
vt 0.843094 0.566916
vt 0.533707 0.063753
vt 0.533707 0.077962
vt 0.968217 0.378277
vt 0.954859 0.378277
vt 0.954362 0.376385
vt 0.968714 0.376385
vt 0.292013 0.265479
vt 0.292013 0.287975
vt 0.289574 0.287196
vt 0.289574 0.266259
vt 0.971603 0.419565
vt 0.951474 0.419565
vt 0.951474 0.381105
vt 0.971603 0.381105
vt 0.162595 0.356066
vt 0.202098 0.356060
vt 0.203677 0.358199
vt 0.161233 0.358206
vt 0.923500 0.523520
vt 0.923506 0.484017
vt 0.925646 0.482655
vt 0.925640 0.525099
vt 0.952651 0.379244
vt 0.970425 0.379244
vt 0.950724 0.379423
vt 0.951989 0.377424
vt 0.483148 0.029224
vt 0.483148 0.050636
vt 0.481169 0.049383
vt 0.481169 0.030476
vt 0.972352 0.379423
vt 0.971087 0.377424
vt 0.480141 0.047034
vt 0.480141 0.032825
vt 0.957991 0.460752
vt 0.971316 0.460752
vt 0.971812 0.462640
vt 0.957495 0.462640
vt 0.958503 0.090420
vt 0.958503 0.067924
vt 0.960942 0.068704
vt 0.960942 0.089641
vt 0.954613 0.419565
vt 0.974693 0.419565
vt 0.974693 0.457932
vt 0.954613 0.457932
vt 0.079112 0.358463
vt 0.118904 0.358457
vt 0.120495 0.360612
vt 0.077740 0.360619
vt 0.931279 0.201715
vt 0.931285 0.161923
vt 0.933440 0.160550
vt 0.933434 0.203305
vt 0.973519 0.459788
vt 0.955788 0.459788
vt 0.075672 0.360619
vt 0.077187 0.358463
vt 0.833169 0.027046
vt 0.833169 0.048458
vt 0.831190 0.047206
vt 0.831190 0.028299
vt 0.931285 0.159998
vt 0.933441 0.158483
vt 0.974179 0.461604
vt 0.830162 0.044857
vt 0.830162 0.030648
vt 0.955128 0.461604
vt 0.971316 0.464528
vt 0.957991 0.464528
vt 0.879271 0.254073
vt 0.879271 0.276569
vt 0.876831 0.275790
vt 0.876831 0.254853
vt 0.974694 0.505716
vt 0.954613 0.505716
vt 0.954613 0.467349
vt 0.974694 0.467349
vt 0.117055 0.356301
vt 0.077263 0.356307
vt 0.075672 0.354151
vt 0.118427 0.354145
vt 0.945108 0.224277
vt 0.945102 0.264070
vt 0.942946 0.265442
vt 0.942953 0.222687
vt 0.955788 0.465493
vt 0.973519 0.465493
vt 0.120495 0.354145
vt 0.118979 0.356300
vt 0.472362 0.168621
vt 0.472362 0.147209
vt 0.474341 0.148461
vt 0.474341 0.167368
vt 0.945102 0.265994
vt 0.942946 0.267510
vt 0.955128 0.463677
vt 0.475370 0.150810
vt 0.475370 0.165019
vt 0.974179 0.463677
s 1
usemtl Swoop
f 5594/10443/4431 5597/10444/4432 5596/10445/4433 5595/10446/4434
f 5586/10447/4435 5588/10448/4435 5589/10449/4435 5587/10450/4435
f 5588/10451/4436 5582/10452/4436 5583/10453/4436 5589/10454/4436
f 5583/10453/4437 5585/10455/4437 5587/10456/4437 5589/10454/4437
f 5588/10457/4438 5586/10458/4438 5584/10459/4438 5582/10460/4438
f 5582/10452/4436 5590/10461/4436 5591/10462/4436 5583/10453/4436
f 5583/10453/4439 5591/10462/4439 5592/10463/4439 5585/10455/4439
f 5585/10464/4440 5592/10465/4440 5593/10466/4440 5584/10467/4440
f 5584/10459/4441 5593/10468/4441 5590/10469/4441 5582/10460/4441
f 5590/10461/4436 5594/10443/4436 5595/10446/4436 5591/10462/4436
f 5591/10462/4442 5595/10446/4434 5596/10445/4433 5592/10463/4442
f 5592/10465/4440 5596/10470/4440 5597/10471/4440 5593/10466/4440
f 5593/10468/4443 5597/10472/4432 5594/10473/4431 5590/10469/4443
f 5610/10474/4444 5613/10475/4445 5612/10476/4446 5611/10477/4447
f 5602/10478/4448 5604/10479/4448 5605/10480/4448 5603/10481/4448
f 5604/10482/4449 5598/10483/4449 5599/10484/4449 5605/10485/4449
f 5599/10484/4450 5601/10486/4450 5603/10487/4450 5605/10485/4450
f 5604/10488/4451 5602/10489/4451 5600/10490/4451 5598/10491/4451
f 5598/10483/4449 5606/10492/4449 5607/10493/4449 5599/10484/4449
f 5599/10484/4452 5607/10493/4452 5608/10494/4452 5601/10486/4452
f 5601/10495/4453 5608/10496/4453 5609/10497/4453 5600/10498/4453
f 5600/10490/4454 5609/10499/4454 5606/10500/4454 5598/10491/4454
f 5606/10492/4449 5610/10474/4449 5611/10477/4449 5607/10493/4449
f 5607/10493/4455 5611/10477/4447 5612/10476/4446 5608/10494/4455
f 5608/10496/4453 5612/10501/4453 5613/10502/4453 5609/10497/4453
f 5609/10499/4456 5613/10503/4445 5610/10504/4444 5606/10500/4456
f 5626/10505/4457 5629/10506/4458 5628/10507/4459 5627/10508/4460
f 5618/10509/4461 5620/10510/4461 5621/10511/4461 5619/10512/4461
f 5620/10513/4462 5614/10514/4462 5615/10515/4462 5621/10516/4462
f 5615/10515/4463 5617/10517/4463 5619/10518/4463 5621/10516/4463
f 5620/10519/4464 5618/10520/4464 5616/10521/4464 5614/10522/4464
f 5614/10514/4462 5622/10523/4462 5623/10524/4462 5615/10515/4462
f 5615/10515/4465 5623/10524/4465 5624/10525/4465 5617/10517/4465
f 5617/10526/4466 5624/10527/4466 5625/10528/4466 5616/10529/4466
f 5616/10521/4467 5625/10530/4467 5622/10531/4467 5614/10522/4467
f 5622/10523/4462 5626/10505/4462 5627/10508/4462 5623/10524/4462
f 5623/10524/4468 5627/10508/4460 5628/10507/4459 5624/10525/4468
f 5624/10527/4466 5628/10532/4466 5629/10533/4466 5625/10528/4466
f 5625/10530/4469 5629/10534/4458 5626/10535/4457 5622/10531/4469
f 5642/10536/4470 5645/10537/4471 5644/10538/4472 5643/10539/4473
f 5634/10540/4474 5636/10541/4474 5637/10542/4474 5635/10543/4474
f 5636/10544/4475 5630/10545/4475 5631/10546/4475 5637/10547/4475
f 5631/10546/4476 5633/10548/4476 5635/10549/4476 5637/10547/4476
f 5636/10550/4477 5634/10551/4477 5632/10552/4477 5630/10553/4477
f 5630/10545/4475 5638/10554/4475 5639/10555/4475 5631/10546/4475
f 5631/10546/4478 5639/10555/4478 5640/10556/4478 5633/10548/4478
f 5633/10557/4479 5640/10558/4479 5641/10559/4479 5632/10560/4479
f 5632/10552/4480 5641/10561/4480 5638/10562/4480 5630/10553/4480
f 5638/10554/4475 5642/10536/4475 5643/10539/4475 5639/10555/4475
f 5639/10555/4481 5643/10539/4473 5644/10538/4472 5640/10556/4481
f 5640/10558/4479 5644/10563/4479 5645/10564/4479 5641/10559/4479
f 5641/10561/4482 5645/10565/4471 5642/10566/4470 5638/10562/4482
f 5658/10567/4483 5661/10568/4484 5660/10569/4485 5659/10570/4486
f 5650/10571/4487 5652/10572/4487 5653/10573/4487 5651/10574/4487
f 5652/10575/4488 5646/10576/4488 5647/10577/4488 5653/10578/4488
f 5647/10579/4489 5649/10580/4489 5651/10581/4489 5653/10582/4489
f 5652/10575/4490 5650/10583/4490 5648/10584/4490 5646/10576/4490
f 5646/10576/4488 5654/10585/4488 5655/10586/4488 5647/10577/4488
f 5647/10579/4491 5655/10587/4491 5656/10588/4491 5649/10580/4491
f 5649/10589/4492 5656/10590/4492 5657/10591/4492 5648/10592/4492
f 5648/10584/4493 5657/10593/4493 5654/10585/4493 5646/10576/4493
f 5654/10585/4488 5658/10567/4488 5659/10570/4488 5655/10586/4488
f 5655/10587/4494 5659/10594/4486 5660/10595/4485 5656/10588/4494
f 5656/10590/4492 5660/10596/4492 5661/10597/4492 5657/10591/4492
f 5657/10593/4495 5661/10568/4484 5658/10567/4483 5654/10585/4495
f 5674/10598/4496 5677/10599/4497 5676/10600/4498 5675/10601/4499
f 5666/10602/4500 5668/10603/4500 5669/10604/4500 5667/10605/4500
f 5668/10606/4501 5662/10607/4501 5663/10608/4501 5669/10609/4501
f 5663/10610/4502 5665/10611/4502 5667/10612/4502 5669/10613/4502
f 5668/10606/4503 5666/10614/4503 5664/10615/4503 5662/10607/4503
f 5662/10607/4501 5670/10616/4501 5671/10617/4501 5663/10608/4501
f 5663/10610/4504 5671/10618/4504 5672/10619/4504 5665/10611/4504
f 5665/10620/4505 5672/10621/4505 5673/10622/4505 5664/10623/4505
f 5664/10615/4506 5673/10624/4506 5670/10616/4506 5662/10607/4506
f 5670/10616/4501 5674/10598/4501 5675/10601/4501 5671/10617/4501
f 5671/10618/4507 5675/10625/4499 5676/10626/4498 5672/10619/4507
f 5672/10621/4505 5676/10627/4505 5677/10628/4505 5673/10622/4505
f 5673/10624/4508 5677/10599/4497 5674/10598/4496 5670/10616/4508
f 5690/10629/4509 5693/10630/4510 5692/10631/4511 5691/10632/4512
f 5682/10633/4513 5684/10634/4513 5685/10635/4513 5683/10636/4513
f 5684/10637/4514 5678/10638/4514 5679/10639/4514 5685/10640/4514
f 5679/10641/4515 5681/10642/4515 5683/10643/4515 5685/10644/4515
f 5684/10637/4516 5682/10645/4516 5680/10646/4516 5678/10638/4516
f 5678/10638/4514 5686/10647/4514 5687/10648/4514 5679/10639/4514
f 5679/10641/4517 5687/10649/4517 5688/10650/4517 5681/10642/4517
f 5681/10651/4518 5688/10652/4518 5689/10653/4518 5680/10654/4518
f 5680/10646/4519 5689/10655/4519 5686/10647/4519 5678/10638/4519
f 5686/10647/4514 5690/10629/4514 5691/10632/4514 5687/10648/4514
f 5687/10649/4520 5691/10656/4512 5692/10657/4511 5688/10650/4520
f 5688/10652/4518 5692/10658/4518 5693/10659/4518 5689/10653/4518
f 5689/10655/4521 5693/10630/4510 5690/10629/4509 5686/10647/4521
f 5706/10660/4522 5709/10661/4523 5708/10662/4524 5707/10663/4525
f 5698/10664/4526 5700/10665/4526 5701/10666/4526 5699/10667/4526
f 5700/10668/4527 5694/10669/4527 5695/10670/4527 5701/10671/4527
f 5695/10672/4528 5697/10673/4528 5699/10674/4528 5701/10675/4528
f 5700/10668/4529 5698/10676/4529 5696/10677/4529 5694/10669/4529
f 5694/10669/4527 5702/10678/4527 5703/10679/4527 5695/10670/4527
f 5695/10672/4530 5703/10680/4530 5704/10681/4530 5697/10673/4530
f 5697/10682/4531 5704/10683/4531 5705/10684/4531 5696/10685/4531
f 5696/10677/4532 5705/10686/4532 5702/10678/4532 5694/10669/4532
f 5702/10678/4527 5706/10660/4527 5707/10663/4527 5703/10679/4527
f 5703/10680/4533 5707/10687/4525 5708/10688/4524 5704/10681/4533
f 5704/10683/4531 5708/10689/4531 5709/10690/4531 5705/10684/4531
f 5705/10686/4534 5709/10661/4523 5706/10660/4522 5702/10678/4534
f 5722/10691/4535 5725/10692/4536 5724/10693/4537 5723/10694/4538
f 5714/10695/4539 5716/10696/4539 5717/10697/4539 5715/10698/4539
f 5716/10699/4540 5710/10700/4540 5711/10701/4540 5717/10702/4540
f 5711/10703/4541 5713/10704/4541 5715/10705/4541 5717/10706/4541
f 5716/10707/4542 5714/10708/4542 5712/10709/4542 5710/10710/4542
f 5710/10700/4540 5718/10711/4540 5719/10712/4540 5711/10701/4540
f 5711/10701/4543 5719/10712/4543 5720/10713/4543 5713/10714/4543
f 5713/10715/4544 5720/10716/4544 5721/10717/4544 5712/10718/4544
f 5712/10719/4545 5721/10720/4545 5718/10711/4545 5710/10700/4545
f 5718/10711/4540 5722/10691/4540 5723/10694/4540 5719/10712/4540
f 5719/10712/4546 5723/10694/4538 5724/10693/4537 5720/10713/4546
f 5720/10716/4544 5724/10721/4544 5725/10722/4544 5721/10717/4544
f 5721/10720/4547 5725/10692/4536 5722/10691/4535 5718/10711/4547
f 5738/10723/4548 5741/10724/4549 5740/10725/4550 5739/10726/4551
f 5730/10727/4552 5732/10728/4552 5733/10729/4552 5731/10730/4552
f 5732/10731/4553 5726/10732/4553 5727/10733/4553 5733/10734/4553
f 5727/10735/4554 5729/10736/4554 5731/10737/4554 5733/10738/4554
f 5732/10739/4555 5730/10740/4555 5728/10741/4555 5726/10742/4555
f 5726/10732/4553 5734/10743/4553 5735/10744/4553 5727/10733/4553
f 5727/10733/4556 5735/10744/4556 5736/10745/4556 5729/10746/4556
f 5729/10747/4557 5736/10748/4557 5737/10749/4557 5728/10750/4557
f 5728/10751/4558 5737/10752/4558 5734/10743/4558 5726/10732/4558
f 5734/10743/4553 5738/10723/4553 5739/10726/4553 5735/10744/4553
f 5735/10744/4559 5739/10726/4551 5740/10725/4550 5736/10745/4559
f 5736/10748/4557 5740/10753/4557 5741/10754/4557 5737/10749/4557
f 5737/10752/4560 5741/10724/4549 5738/10723/4548 5734/10743/4560
f 5754/10755/4561 5757/10756/4562 5756/10757/4563 5755/10758/4564
f 5746/10759/4565 5748/10760/4565 5749/10761/4565 5747/10762/4565
f 5748/10763/4566 5742/10764/4566 5743/10765/4566 5749/10766/4566
f 5743/10767/4567 5745/10768/4567 5747/10769/4567 5749/10770/4567
f 5748/10771/4568 5746/10772/4568 5744/10773/4568 5742/10774/4568
f 5742/10764/4566 5750/10775/4566 5751/10776/4566 5743/10765/4566
f 5743/10767/4569 5751/10777/4569 5752/10778/4569 5745/10768/4569
f 5745/10779/4570 5752/10780/4570 5753/10781/4570 5744/10782/4570
f 5744/10773/4571 5753/10783/4571 5750/10784/4571 5742/10774/4571
f 5750/10775/4566 5754/10755/4566 5755/10758/4566 5751/10776/4566
f 5751/10776/4572 5755/10758/4564 5756/10757/4563 5752/10785/4572
f 5752/10780/4570 5756/10786/4570 5757/10787/4570 5753/10781/4570
f 5753/10788/4573 5757/10756/4562 5754/10755/4561 5750/10775/4573
f 5770/10789/4574 5773/10790/4575 5772/10791/4576 5771/10792/4577
f 5762/10793/4578 5764/10794/4578 5765/10795/4578 5763/10796/4578
f 5764/10797/4579 5758/10798/4579 5759/10799/4579 5765/10800/4579
f 5759/10801/4580 5761/10802/4580 5763/10803/4580 5765/10804/4580
f 5764/10805/4581 5762/10806/4581 5760/10807/4581 5758/10808/4581
f 5758/10798/4579 5766/10809/4579 5767/10810/4579 5759/10799/4579
f 5759/10801/4582 5767/10811/4582 5768/10812/4582 5761/10802/4582
f 5761/10813/4583 5768/10814/4583 5769/10815/4583 5760/10816/4583
f 5760/10807/4584 5769/10817/4584 5766/10818/4584 5758/10808/4584
f 5766/10809/4579 5770/10789/4579 5771/10792/4579 5767/10810/4579
f 5767/10810/4585 5771/10792/4577 5772/10791/4576 5768/10819/4585
f 5768/10814/4583 5772/10820/4583 5773/10821/4583 5769/10815/4583
f 5769/10822/4586 5773/10790/4575 5770/10789/4574 5766/10809/4586
f 5786/10823/4512 5787/10824/4509 5788/10825/4510 5789/10826/4587
f 5778/10827/4513 5779/10828/4513 5781/10829/4513 5780/10830/4513
f 5780/10831/4514 5781/10832/4514 5775/10833/4514 5774/10834/4514
f 5775/10833/4588 5781/10832/4588 5779/10835/4588 5777/10836/4588
f 5780/10837/4589 5774/10838/4589 5776/10839/4589 5778/10840/4589
f 5774/10834/4514 5775/10833/4514 5783/10841/4514 5782/10842/4514
f 5775/10833/4590 5777/10836/4590 5784/10843/4590 5783/10841/4590
f 5777/10844/4518 5776/10845/4518 5785/10846/4518 5784/10847/4518
f 5776/10839/4517 5774/10838/4517 5782/10848/4517 5785/10849/4517
f 5782/10842/4514 5783/10841/4514 5787/10824/4514 5786/10823/4514
f 5783/10841/4521 5784/10843/4521 5788/10825/4510 5787/10824/4509
f 5784/10847/4518 5785/10846/4518 5789/10850/4518 5788/10851/4518
f 5785/10849/4520 5782/10848/4520 5786/10852/4512 5789/10853/4587
f 5802/10854/4525 5803/10855/4522 5804/10856/4523 5805/10857/4524
f 5794/10858/4526 5795/10859/4526 5797/10860/4526 5796/10861/4526
f 5796/10862/4527 5797/10863/4527 5791/10864/4527 5790/10865/4527
f 5791/10864/4529 5797/10863/4529 5795/10866/4529 5793/10867/4529
f 5796/10868/4591 5790/10869/4591 5792/10870/4591 5794/10871/4591
f 5790/10865/4527 5791/10864/4527 5799/10872/4527 5798/10873/4527
f 5791/10864/4532 5793/10867/4532 5800/10874/4532 5799/10872/4532
f 5793/10875/4531 5792/10876/4531 5801/10877/4531 5800/10878/4531
f 5792/10870/4530 5790/10869/4530 5798/10879/4530 5801/10880/4530
f 5798/10873/4527 5799/10872/4527 5803/10855/4527 5802/10854/4527
f 5799/10872/4534 5800/10874/4534 5804/10856/4523 5803/10855/4522
f 5800/10878/4531 5801/10877/4531 5805/10881/4531 5804/10882/4531
f 5801/10880/4533 5798/10879/4533 5802/10883/4525 5805/10884/4524
f 5818/10885/4486 5819/10886/4483 5820/10887/4592 5821/10888/4485
f 5810/10889/4487 5811/10890/4487 5813/10891/4487 5812/10892/4487
f 5812/10893/4488 5813/10894/4488 5807/10895/4488 5806/10896/4488
f 5807/10895/4593 5813/10894/4593 5811/10897/4593 5809/10898/4593
f 5812/10899/4489 5806/10900/4489 5808/10901/4489 5810/10902/4489
f 5806/10896/4488 5807/10895/4488 5815/10903/4488 5814/10904/4488
f 5807/10895/4594 5809/10898/4594 5816/10905/4594 5815/10903/4594
f 5809/10906/4492 5808/10907/4492 5817/10908/4492 5816/10909/4492
f 5808/10901/4491 5806/10900/4491 5814/10910/4491 5817/10911/4491
f 5814/10904/4488 5815/10903/4488 5819/10886/4488 5818/10885/4488
f 5815/10903/4495 5816/10905/4495 5820/10887/4592 5819/10886/4483
f 5816/10909/4492 5817/10908/4492 5821/10912/4492 5820/10913/4492
f 5817/10911/4494 5814/10910/4494 5818/10914/4486 5821/10915/4485
f 5834/10916/4499 5835/10917/4496 5836/10918/4595 5837/10919/4498
f 5826/10920/4500 5827/10921/4500 5829/10922/4500 5828/10923/4500
f 5828/10924/4501 5829/10925/4501 5823/10926/4501 5822/10927/4501
f 5823/10926/4503 5829/10925/4503 5827/10928/4503 5825/10929/4503
f 5828/10930/4502 5822/10931/4502 5824/10932/4502 5826/10933/4502
f 5822/10927/4501 5823/10926/4501 5831/10934/4501 5830/10935/4501
f 5823/10926/4506 5825/10929/4506 5832/10936/4506 5831/10934/4506
f 5825/10937/4505 5824/10938/4505 5833/10939/4505 5832/10940/4505
f 5824/10932/4504 5822/10931/4504 5830/10941/4504 5833/10942/4504
f 5830/10935/4501 5831/10934/4501 5835/10917/4501 5834/10916/4501
f 5831/10934/4508 5832/10936/4508 5836/10918/4595 5835/10917/4496
f 5832/10940/4505 5833/10939/4505 5837/10943/4505 5836/10944/4505
f 5833/10942/4507 5830/10941/4507 5834/10945/4499 5837/10946/4498
f 5850/10947/4460 5851/10948/4457 5852/10949/4458 5853/10950/4596
f 5842/10951/4461 5843/10952/4461 5845/10953/4461 5844/10954/4461
f 5844/10955/4462 5845/10956/4462 5839/10957/4462 5838/10958/4462
f 5839/10959/4464 5845/10960/4464 5843/10961/4464 5841/10962/4464
f 5844/10955/4463 5838/10958/4463 5840/10963/4463 5842/10964/4463
f 5838/10958/4462 5839/10957/4462 5847/10965/4462 5846/10966/4462
f 5839/10959/4467 5841/10962/4467 5848/10967/4467 5847/10968/4467
f 5841/10969/4466 5840/10970/4466 5849/10971/4466 5848/10972/4466
f 5840/10963/4597 5838/10958/4597 5846/10966/4597 5849/10973/4597
f 5846/10966/4462 5847/10965/4462 5851/10948/4462 5850/10947/4462
f 5847/10968/4469 5848/10967/4469 5852/10974/4458 5851/10975/4457
f 5848/10972/4466 5849/10971/4466 5853/10976/4466 5852/10977/4466
f 5849/10973/4468 5846/10966/4468 5850/10947/4460 5853/10950/4596
f 5866/10978/4473 5867/10979/4470 5868/10980/4471 5869/10981/4472
f 5858/10982/4474 5859/10983/4474 5861/10984/4474 5860/10985/4474
f 5860/10986/4475 5861/10987/4475 5855/10988/4475 5854/10989/4475
f 5855/10990/4477 5861/10991/4477 5859/10992/4477 5857/10993/4477
f 5860/10986/4476 5854/10989/4476 5856/10994/4476 5858/10995/4476
f 5854/10989/4475 5855/10988/4475 5863/10996/4475 5862/10997/4475
f 5855/10990/4480 5857/10993/4480 5864/10998/4480 5863/10999/4480
f 5857/11000/4479 5856/11001/4479 5865/11002/4479 5864/11003/4479
f 5856/10994/4478 5854/10989/4478 5862/10997/4478 5865/11004/4478
f 5862/10997/4475 5863/10996/4475 5867/10979/4475 5866/10978/4475
f 5863/10999/4482 5864/10998/4482 5868/11005/4471 5867/11006/4470
f 5864/11003/4479 5865/11002/4479 5869/11007/4479 5868/11008/4479
f 5865/11004/4481 5862/10997/4481 5866/10978/4473 5869/10981/4472
f 5882/11009/4434 5883/11010/4431 5884/11011/4432 5885/11012/4433
f 5874/11013/4435 5875/11014/4435 5877/11015/4435 5876/11016/4435
f 5876/11017/4436 5877/11018/4436 5871/11019/4436 5870/11020/4436
f 5871/11021/4598 5877/11022/4598 5875/11023/4598 5873/11024/4598
f 5876/11017/4599 5870/11020/4599 5872/11025/4599 5874/11026/4599
f 5870/11020/4436 5871/11019/4436 5879/11027/4436 5878/11028/4436
f 5871/11021/4441 5873/11024/4441 5880/11029/4441 5879/11030/4441
f 5873/11031/4440 5872/11032/4440 5881/11033/4440 5880/11034/4440
f 5872/11025/4600 5870/11020/4600 5878/11028/4600 5881/11035/4600
f 5878/11028/4436 5879/11027/4436 5883/11010/4436 5882/11009/4436
f 5879/11030/4443 5880/11029/4443 5884/11036/4432 5883/11037/4431
f 5880/11034/4440 5881/11033/4440 5885/11038/4440 5884/11039/4440
f 5881/11035/4442 5878/11028/4442 5882/11009/4434 5885/11012/4433
f 5898/11040/4447 5899/11041/4444 5900/11042/4445 5901/11043/4446
f 5890/11044/4448 5891/11045/4448 5893/11046/4448 5892/11047/4448
f 5892/11048/4449 5893/11049/4449 5887/11050/4449 5886/11051/4449
f 5887/11052/4451 5893/11053/4451 5891/11054/4451 5889/11055/4451
f 5892/11048/4601 5886/11051/4601 5888/11056/4601 5890/11057/4601
f 5886/11051/4449 5887/11050/4449 5895/11058/4449 5894/11059/4449
f 5887/11052/4454 5889/11055/4454 5896/11060/4454 5895/11061/4454
f 5889/11062/4453 5888/11063/4453 5897/11064/4453 5896/11065/4453
f 5888/11056/4452 5886/11051/4452 5894/11059/4452 5897/11066/4452
f 5894/11059/4449 5895/11058/4449 5899/11041/4449 5898/11040/4449
f 5895/11061/4456 5896/11060/4456 5900/11067/4445 5899/11068/4444
f 5896/11065/4453 5897/11064/4453 5901/11069/4453 5900/11070/4453
f 5897/11066/4455 5894/11059/4455 5898/11040/4447 5901/11043/4446
f 5914/11071/4551 5915/11072/4548 5916/11073/4549 5917/11074/4550
f 5906/11075/4552 5907/11076/4552 5909/11077/4552 5908/11078/4552
f 5908/11079/4553 5909/11080/4553 5903/11081/4553 5902/11082/4553
f 5903/11083/4555 5909/11084/4555 5907/11085/4555 5905/11086/4555
f 5908/11087/4554 5902/11088/4554 5904/11089/4554 5906/11090/4554
f 5902/11082/4553 5903/11081/4553 5911/11091/4553 5910/11092/4553
f 5903/11081/4558 5905/11093/4558 5912/11094/4558 5911/11091/4558
f 5905/11095/4557 5904/11096/4557 5913/11097/4557 5912/11098/4557
f 5904/11099/4556 5902/11082/4556 5910/11092/4556 5913/11100/4556
f 5910/11092/4553 5911/11091/4553 5915/11072/4553 5914/11071/4553
f 5911/11091/4560 5912/11094/4560 5916/11073/4549 5915/11072/4548
f 5912/11098/4557 5913/11097/4557 5917/11101/4557 5916/11102/4557
f 5913/11100/4559 5910/11092/4559 5914/11071/4551 5917/11074/4550
f 5930/11103/4538 5931/11104/4535 5932/11105/4536 5933/11106/4537
f 5922/11107/4539 5923/11108/4539 5925/11109/4539 5924/11110/4539
f 5924/11111/4540 5925/11112/4540 5919/11113/4540 5918/11114/4540
f 5919/11115/4542 5925/11116/4542 5923/11117/4542 5921/11118/4542
f 5924/11119/4541 5918/11120/4541 5920/11121/4541 5922/11122/4541
f 5918/11114/4540 5919/11113/4540 5927/11123/4540 5926/11124/4540
f 5919/11113/4545 5921/11125/4545 5928/11126/4545 5927/11123/4545
f 5921/11127/4544 5920/11128/4544 5929/11129/4544 5928/11130/4544
f 5920/11131/4543 5918/11114/4543 5926/11124/4543 5929/11132/4543
f 5926/11124/4540 5927/11123/4540 5931/11104/4540 5930/11103/4540
f 5927/11123/4547 5928/11126/4547 5932/11105/4536 5931/11104/4535
f 5928/11130/4544 5929/11129/4544 5933/11133/4544 5932/11134/4544
f 5929/11132/4546 5926/11124/4546 5930/11103/4538 5933/11106/4537
f 5946/11135/4564 5947/11136/4561 5948/11137/4562 5949/11138/4563
f 5938/11139/4565 5939/11140/4565 5941/11141/4565 5940/11142/4565
f 5940/11143/4566 5941/11144/4566 5935/11145/4566 5934/11146/4566
f 5935/11147/4568 5941/11148/4568 5939/11149/4568 5937/11150/4568
f 5940/11151/4567 5934/11152/4567 5936/11153/4567 5938/11154/4567
f 5934/11146/4566 5935/11145/4566 5943/11155/4566 5942/11156/4566
f 5935/11147/4571 5937/11150/4571 5944/11157/4571 5943/11158/4571
f 5937/11159/4570 5936/11160/4570 5945/11161/4570 5944/11162/4570
f 5936/11153/4569 5934/11152/4569 5942/11163/4569 5945/11164/4569
f 5942/11156/4566 5943/11155/4566 5947/11136/4566 5946/11135/4566
f 5943/11155/4573 5944/11165/4573 5948/11137/4562 5947/11136/4561
f 5944/11162/4570 5945/11161/4570 5949/11166/4570 5948/11167/4570
f 5945/11168/4572 5942/11156/4572 5946/11135/4564 5949/11138/4563
f 5962/11169/4577 5963/11170/4574 5964/11138/4575 5965/11137/4576
f 5954/11171/4578 5955/11172/4578 5957/11173/4578 5956/11174/4578
f 5956/11175/4579 5957/11176/4579 5951/11177/4579 5950/11178/4579
f 5951/11179/4581 5957/11180/4581 5955/11181/4581 5953/11182/4581
f 5956/11183/4580 5950/11184/4580 5952/11185/4580 5954/11186/4580
f 5950/11178/4579 5951/11177/4579 5959/11187/4579 5958/11188/4579
f 5951/11179/4584 5953/11182/4584 5960/11189/4584 5959/11190/4584
f 5953/11191/4583 5952/11192/4583 5961/11193/4583 5960/11194/4583
f 5952/11185/4582 5950/11184/4582 5958/11195/4582 5961/11196/4582
f 5958/11188/4579 5959/11187/4579 5963/11170/4579 5962/11169/4579
f 5959/11187/4586 5960/11197/4586 5964/11138/4575 5963/11170/4574
f 5960/11194/4583 5961/11193/4583 5965/11198/4583 5964/11199/4583
f 5961/11200/4585 5958/11188/4585 5962/11169/4577 5965/11137/4576
